2025-04-30 00:13:16,292 - __main__ - INFO - === Starting Ethnicity Interaction Analysis ===
2025-04-30 00:13:16,292 - __main__ - INFO - Arguments: Namespace(interpretation_dir='./interpretations/interpretations', output_dir='./ethnicity_visualizations', data_dir='./data', spatial_dir='./spatial_data', spatial_analysis=True, ethnicity_names=None, da_coordinates_path='./spatial_data/toronto_da.csv', shapefile_path='./spatial_data/da_boundary.shp', colormap=None, threshold=0.05, time_steps=5, scaler='standard', batch_size=32, all=True, network=False, flow=False, spatial=False, temporal=False, metrics=False)
2025-04-30 00:13:17,256 - __main__ - INFO - Imported EthnicityInteractionAnalyzer from ethnicity_interaction_visualization_fix
2025-04-30 00:13:17,259 - __main__ - INFO - Found 10 interpretation files
2025-04-30 00:13:17,291 - __main__ - INFO - Loaded interpretation data from ./interpretations/interpretations\interpretation_batch_0.json
2025-04-30 00:13:17,311 - __main__ - INFO - Loaded interpretation data from ./interpretations/interpretations\interpretation_batch_14.json
2025-04-30 00:13:17,330 - __main__ - INFO - Loaded interpretation data from ./interpretations/interpretations\interpretation_batch_21.json
2025-04-30 00:13:17,351 - __main__ - INFO - Loaded interpretation data from ./interpretations/interpretations\interpretation_batch_28.json
2025-04-30 00:13:17,380 - __main__ - INFO - Loaded interpretation data from ./interpretations/interpretations\interpretation_batch_35.json
2025-04-30 00:13:17,402 - __main__ - INFO - Loaded interpretation data from ./interpretations/interpretations\interpretation_batch_42.json
2025-04-30 00:13:17,448 - __main__ - INFO - Loaded interpretation data from ./interpretations/interpretations\interpretation_batch_49.json
2025-04-30 00:13:17,473 - __main__ - INFO - Loaded interpretation data from ./interpretations/interpretations\interpretation_batch_56.json
2025-04-30 00:13:17,496 - __main__ - INFO - Loaded interpretation data from ./interpretations/interpretations\interpretation_batch_63.json
2025-04-30 00:13:17,522 - __main__ - INFO - Loaded interpretation data from ./interpretations/interpretations\interpretation_batch_7.json
2025-04-30 00:13:17,551 - __main__ - INFO - Loaded DA coordinates from ./spatial_data/toronto_da.csv with 3742 rows
2025-04-30 00:13:17,673 - __main__ - INFO - Created coordinate mapping for 3742 DAUIDs
2025-04-30 00:13:17,674 - __main__ - INFO - Found 5 ethnicities in model architecture
2025-04-30 00:13:17,674 - __main__ - INFO - Loading data from ./data
2025-04-30 00:13:17,681 - __main__ - INFO - Loaded DA coordinates from ./spatial_data/toronto_da.csv
2025-04-30 00:13:17,806 - csrn.data_loader.spatial_data_loader - INFO - Loaded walking matrix with shape (3742, 3742)
2025-04-30 00:13:17,934 - csrn.data_loader.spatial_data_loader - INFO - Loaded transit matrix with shape (3742, 3742)
2025-04-30 00:13:18,059 - csrn.data_loader.spatial_data_loader - INFO - Loaded proximity matrix with shape (3742, 3742)
2025-04-30 00:13:18,066 - csrn.data_loader.spatial_data_loader - INFO - Loaded DA info with 3742 entries
2025-04-30 00:13:18,066 - csrn.data_loader.spatial_data_loader - INFO - Loading multi-ethnic data files...
2025-04-30 00:13:18,141 - csrn.data_loader.spatial_data_loader - INFO - Loaded train_features: 2236 rows
2025-04-30 00:13:18,150 - csrn.data_loader.spatial_data_loader - INFO - Loaded train_pop_2016: 2236 rows
2025-04-30 00:13:18,151 - csrn.data_loader.spatial_data_loader - INFO -   - Contains 5 ethnicities: ['China', 'India', 'Philippines', 'Portugal', 'Sri Lanka']
2025-04-30 00:13:18,158 - csrn.data_loader.spatial_data_loader - INFO - Loaded train_pop_2021: 2236 rows
2025-04-30 00:13:18,159 - csrn.data_loader.spatial_data_loader - INFO -   - Contains 5 ethnicities: ['China', 'India', 'Philippines', 'Portugal', 'Sri Lanka']
2025-04-30 00:13:18,190 - csrn.data_loader.spatial_data_loader - INFO - Loaded val_features: 745 rows
2025-04-30 00:13:18,206 - csrn.data_loader.spatial_data_loader - INFO - Loaded val_pop_2016: 745 rows
2025-04-30 00:13:18,206 - csrn.data_loader.spatial_data_loader - INFO -   - Contains 5 ethnicities: ['China', 'India', 'Philippines', 'Portugal', 'Sri Lanka']
2025-04-30 00:13:18,216 - csrn.data_loader.spatial_data_loader - INFO - Loaded val_pop_2021: 745 rows
2025-04-30 00:13:18,216 - csrn.data_loader.spatial_data_loader - INFO -   - Contains 5 ethnicities: ['China', 'India', 'Philippines', 'Portugal', 'Sri Lanka']
2025-04-30 00:13:18,255 - csrn.data_loader.spatial_data_loader - INFO - Loaded test_features: 746 rows
2025-04-30 00:13:18,263 - csrn.data_loader.spatial_data_loader - INFO - Loaded test_pop_2016: 746 rows
2025-04-30 00:13:18,263 - csrn.data_loader.spatial_data_loader - INFO -   - Contains 5 ethnicities: ['China', 'India', 'Philippines', 'Portugal', 'Sri Lanka']
2025-04-30 00:13:18,276 - csrn.data_loader.spatial_data_loader - INFO - Loaded test_pop_2021: 746 rows
2025-04-30 00:13:18,276 - csrn.data_loader.spatial_data_loader - INFO -   - Contains 5 ethnicities: ['China', 'India', 'Philippines', 'Portugal', 'Sri Lanka']
2025-04-30 00:13:18,276 - csrn.data_loader.spatial_data_loader - INFO - Creating multi-ethnic spatially-aware DataLoaders...
2025-04-30 00:13:18,276 - csrn.data_loader.spatial_data_loader - INFO - Preprocessing features...
2025-04-30 00:13:18,312 - csrn.data_loader.spatial_data_loader - INFO - Feature preprocessing complete.
2025-04-30 00:13:18,320 - csrn.data_loader.spatial_data_loader - INFO - Loaded data with 5 ethnicities: ['China', 'India', 'Philippines', 'Portugal', 'Sri Lanka']
2025-04-30 00:13:18,997 - csrn.data_loader.spatial_data_loader - INFO - Loaded coordinates for 2236 DAs
2025-04-30 00:13:18,998 - csrn.data_loader.spatial_data_loader - INFO - Loaded data with 5 ethnicities: ['China', 'India', 'Philippines', 'Portugal', 'Sri Lanka']
2025-04-30 00:13:19,164 - csrn.data_loader.spatial_data_loader - INFO - Loaded coordinates for 745 DAs
2025-04-30 00:13:19,165 - csrn.data_loader.spatial_data_loader - INFO - Loaded data with 5 ethnicities: ['China', 'India', 'Philippines', 'Portugal', 'Sri Lanka']
2025-04-30 00:13:19,339 - csrn.data_loader.spatial_data_loader - INFO - Loaded coordinates for 746 DAs
2025-04-30 00:13:19,340 - csrn.data_loader.spatial_data_loader - INFO - Created DataLoaders: Train size=2236, Val size=745, Test size=746
2025-04-30 00:13:19,340 - csrn.data_loader.spatial_data_loader - INFO - Number of ethnicities: 5
2025-04-30 00:13:19,341 - __main__ - INFO - Loaded data with 5 ethnicities: ['China', 'India', 'Philippines', 'Portugal', 'Sri Lanka']
2025-04-30 00:13:19,342 - __main__ - INFO - Processed interaction weights with shape (32, 5, 5)
2025-04-30 00:13:19,343 - __main__ - INFO - Processed interaction data from 10 interpretations
2025-04-30 00:13:19,343 - __main__ - INFO - Found data for 320 DAUIDs
2025-04-30 00:13:19,375 - __main__ - INFO - Using ethnicity names: ['China', 'India', 'Philippines', 'Portugal', 'Sri Lanka']
2025-04-30 00:13:19,376 - __main__ - INFO - Extracting interaction data
2025-04-30 00:13:19,376 - ethnicity_interaction_visualization - INFO - Keys in interpretation_data: ['interaction_weights', 'interaction_effect', 'ethnicity_interactions_by_dauid', 'interaction_effect_by_dauid', 'dauid_list']
2025-04-30 00:13:19,377 - ethnicity_interaction_visualization - INFO - interaction_weights type: <class 'numpy.ndarray'>
2025-04-30 00:13:19,377 - ethnicity_interaction_visualization - INFO - interaction_weights shape: (32, 5, 5)
2025-04-30 00:13:19,379 - ethnicity_interaction_visualization - INFO - Transformed interaction data for DAUID 35204243: {'China_to_China': 0.5, 'China_to_India': 7.43629580420884e-18, 'China_to_Philippines': 0.0, 'China_to_Portugal': 0.9991108775138855, 'China_to_Sri Lanka': 2.1142453405673985e-25, 'India_to_China': 0.9999661445617676, 'India_to_India': 0.5, 'India_to_Philippines': 0.0, 'India_to_Portugal': 0.0, 'India_to_Sri Lanka': 1.676611866595849e-19, 'Philippines_to_China': 0.990655243396759, 'Philippines_to_India': 1.0, 'Philippines_to_Philippines': 0.5, 'Philippines_to_Portugal': 2.3795393528918135e-19, 'Philippines_to_Sri Lanka': 6.668846420676149e-20, 'Portugal_to_China': 0.0, 'Portugal_to_India': 0.0, 'Portugal_to_Philippines': 0.0, 'Portugal_to_Portugal': 0.5, 'Portugal_to_Sri Lanka': 1.3607850615062454e-26, 'Sri Lanka_to_China': 0.0, 'Sri Lanka_to_India': 6.034757260437527e-36, 'Sri Lanka_to_Philippines': 0.0, 'Sri Lanka_to_Portugal': 1.2073980542481877e-05, 'Sri Lanka_to_Sri Lanka': 0.5}
2025-04-30 00:13:19,380 - ethnicity_interaction_visualization - INFO - Interaction matrix shape: (32, 5, 5)
2025-04-30 00:13:19,380 - ethnicity_interaction_visualization - INFO - Averaging interactions across batch dimension. Result shape: (5, 5)
2025-04-30 00:13:19,381 - ethnicity_interaction_visualization - INFO - Calculated net influence: [-1.19287326  0.52683892 -0.35793671  1.17338785 -0.14941681]
2025-04-30 00:13:19,384 - ethnicity_interaction_visualization - INFO - Calculating spatial flow data
2025-04-30 00:13:19,384 - ethnicity_interaction_visualization - INFO - Number of DAUIDs with interaction data: 320
2025-04-30 00:13:19,384 - ethnicity_interaction_visualization - INFO - Number of DAUIDs with coordinates: 3742
2025-04-30 00:13:19,385 - ethnicity_interaction_visualization - INFO - Number of DAUIDs with both interaction data and coordinates: 320
2025-04-30 00:13:19,385 - ethnicity_interaction_visualization - INFO - Example interactions for DAUID 35203958: {'China_to_China': 0.5, 'China_to_India': 0.9999959468841553, 'China_to_Philippines': 5.555031634685292e-07, 'China_to_Portugal': 0.9999954700469971, 'China_to_Sri Lanka': 1.074249780685932e-06, 'India_to_China': 2.2154425863285532e-11, 'India_to_India': 0.5, 'India_to_Philippines': 1.1797228992305175e-11, 'India_to_Portugal': 2.1781012323612847e-12, 'India_to_Sri Lanka': 1.4029750972088806e-10, 'Philippines_to_China': 1.0152990254086447e-10, 'Philippines_to_India': 0.017577756196260452, 'Philippines_to_Philippines': 0.5, 'Philippines_to_Portugal': 0.9999929666519165, 'Philippines_to_Sri Lanka': 6.604874980276065e-11, 'Portugal_to_China': 2.7246294109772862e-08, 'Portugal_to_India': 1.2428336138015084e-11, 'Portugal_to_Philippines': 7.651193589287841e-13, 'Portugal_to_Portugal': 0.5, 'Portugal_to_Sri Lanka': 0.9999876022338867, 'Sri Lanka_to_China': 4.82092881240459e-13, 'Sri Lanka_to_India': 8.409841833340037e-14, 'Sri Lanka_to_Philippines': 3.7760725102309323e-10, 'Sri Lanka_to_Portugal': 1.0, 'Sri Lanka_to_Sri Lanka': 0.5}
2025-04-30 00:13:19,386 - ethnicity_interaction_visualization - INFO - Looking for keys like: ['China_to_China', 'China_to_India', 'China_to_Philippines', 'China_to_Portugal', 'China_to_Sri Lanka']
2025-04-30 00:13:19,386 - ethnicity_interaction_visualization - INFO - Found key China_to_China with value 0.5, threshold is 0.05
2025-04-30 00:13:19,386 - ethnicity_interaction_visualization - INFO - Significant interaction found: China_to_China = 0.5
2025-04-30 00:13:19,386 - ethnicity_interaction_visualization - INFO - Found key China_to_India with value 0.9999959468841553, threshold is 0.05
2025-04-30 00:13:19,386 - ethnicity_interaction_visualization - INFO - Significant interaction found: China_to_India = 0.9999959468841553
2025-04-30 00:13:19,386 - ethnicity_interaction_visualization - INFO - Found key China_to_Philippines with value 5.555031634685292e-07, threshold is 0.05
2025-04-30 00:13:19,388 - ethnicity_interaction_visualization - INFO - Found key China_to_Portugal with value 0.9999954700469971, threshold is 0.05
2025-04-30 00:13:19,388 - ethnicity_interaction_visualization - INFO - Significant interaction found: China_to_Portugal = 0.9999954700469971
2025-04-30 00:13:19,388 - ethnicity_interaction_visualization - INFO - Found key China_to_Sri Lanka with value 1.074249780685932e-06, threshold is 0.05
2025-04-30 00:13:19,388 - ethnicity_interaction_visualization - INFO - Added significant interactions for China at DAUID 35203958
2025-04-30 00:13:19,388 - ethnicity_interaction_visualization - INFO - Added significant interactions for India at DAUID 35203958
2025-04-30 00:13:19,389 - ethnicity_interaction_visualization - INFO - Added significant interactions for Philippines at DAUID 35203958
2025-04-30 00:13:19,389 - ethnicity_interaction_visualization - INFO - Added significant interactions for Portugal at DAUID 35203958
2025-04-30 00:13:19,389 - ethnicity_interaction_visualization - INFO - Added significant interactions for Sri Lanka at DAUID 35203958
2025-04-30 00:13:19,389 - ethnicity_interaction_visualization - INFO - Added significant interactions for China at DAUID 35200036
2025-04-30 00:13:19,389 - ethnicity_interaction_visualization - INFO - Added significant interactions for India at DAUID 35200036
2025-04-30 00:13:19,390 - ethnicity_interaction_visualization - INFO - Added significant interactions for Philippines at DAUID 35200036
2025-04-30 00:13:19,390 - ethnicity_interaction_visualization - INFO - Added significant interactions for Portugal at DAUID 35200036
2025-04-30 00:13:19,390 - ethnicity_interaction_visualization - INFO - Added significant interactions for Sri Lanka at DAUID 35200036
2025-04-30 00:13:19,390 - ethnicity_interaction_visualization - INFO - Added significant interactions for China at DAUID 35202511
2025-04-30 00:13:19,390 - ethnicity_interaction_visualization - INFO - Added significant interactions for India at DAUID 35202511
2025-04-30 00:13:19,391 - ethnicity_interaction_visualization - INFO - Added significant interactions for Philippines at DAUID 35202511
2025-04-30 00:13:19,391 - ethnicity_interaction_visualization - INFO - Added significant interactions for Portugal at DAUID 35202511
2025-04-30 00:13:19,391 - ethnicity_interaction_visualization - INFO - Added significant interactions for Sri Lanka at DAUID 35202511
2025-04-30 00:13:19,391 - ethnicity_interaction_visualization - INFO - Added significant interactions for China at DAUID 35200092
2025-04-30 00:13:19,392 - ethnicity_interaction_visualization - INFO - Added significant interactions for India at DAUID 35200092
2025-04-30 00:13:19,392 - ethnicity_interaction_visualization - INFO - Added significant interactions for Philippines at DAUID 35200092
2025-04-30 00:13:19,392 - ethnicity_interaction_visualization - INFO - Added significant interactions for Portugal at DAUID 35200092
2025-04-30 00:13:19,392 - ethnicity_interaction_visualization - INFO - Added significant interactions for Sri Lanka at DAUID 35200092
2025-04-30 00:13:19,393 - ethnicity_interaction_visualization - INFO - Added significant interactions for China at DAUID 35201015
2025-04-30 00:13:19,393 - ethnicity_interaction_visualization - INFO - Added significant interactions for India at DAUID 35201015
2025-04-30 00:13:19,393 - ethnicity_interaction_visualization - INFO - Added significant interactions for Philippines at DAUID 35201015
2025-04-30 00:13:19,393 - ethnicity_interaction_visualization - INFO - Added significant interactions for Portugal at DAUID 35201015
2025-04-30 00:13:19,393 - ethnicity_interaction_visualization - INFO - Added significant interactions for Sri Lanka at DAUID 35201015
2025-04-30 00:13:19,394 - ethnicity_interaction_visualization - INFO - Added significant interactions for China at DAUID 35203574
2025-04-30 00:13:19,394 - ethnicity_interaction_visualization - INFO - Added significant interactions for India at DAUID 35203574
2025-04-30 00:13:19,394 - ethnicity_interaction_visualization - INFO - Added significant interactions for Philippines at DAUID 35203574
2025-04-30 00:13:19,394 - ethnicity_interaction_visualization - INFO - Added significant interactions for Portugal at DAUID 35203574
2025-04-30 00:13:19,394 - ethnicity_interaction_visualization - INFO - Added significant interactions for Sri Lanka at DAUID 35203574
2025-04-30 00:13:19,394 - ethnicity_interaction_visualization - INFO - Added significant interactions for China at DAUID 35200269
2025-04-30 00:13:19,395 - ethnicity_interaction_visualization - INFO - Added significant interactions for India at DAUID 35200269
2025-04-30 00:13:19,395 - ethnicity_interaction_visualization - INFO - Added significant interactions for Philippines at DAUID 35200269
2025-04-30 00:13:19,395 - ethnicity_interaction_visualization - INFO - Added significant interactions for Portugal at DAUID 35200269
2025-04-30 00:13:19,395 - ethnicity_interaction_visualization - INFO - Added significant interactions for Sri Lanka at DAUID 35200269
2025-04-30 00:13:19,395 - ethnicity_interaction_visualization - INFO - Added significant interactions for China at DAUID 35202750
2025-04-30 00:13:19,395 - ethnicity_interaction_visualization - INFO - Added significant interactions for India at DAUID 35202750
2025-04-30 00:13:19,396 - ethnicity_interaction_visualization - INFO - Added significant interactions for Philippines at DAUID 35202750
2025-04-30 00:13:19,396 - ethnicity_interaction_visualization - INFO - Added significant interactions for Portugal at DAUID 35202750
2025-04-30 00:13:19,396 - ethnicity_interaction_visualization - INFO - Added significant interactions for Sri Lanka at DAUID 35202750
2025-04-30 00:13:19,396 - ethnicity_interaction_visualization - INFO - Added significant interactions for China at DAUID 35202928
2025-04-30 00:13:19,396 - ethnicity_interaction_visualization - INFO - Added significant interactions for India at DAUID 35202928
2025-04-30 00:13:19,396 - ethnicity_interaction_visualization - INFO - Added significant interactions for Philippines at DAUID 35202928
2025-04-30 00:13:19,397 - ethnicity_interaction_visualization - INFO - Added significant interactions for Portugal at DAUID 35202928
2025-04-30 00:13:19,397 - ethnicity_interaction_visualization - INFO - Added significant interactions for Sri Lanka at DAUID 35202928
2025-04-30 00:13:19,397 - ethnicity_interaction_visualization - INFO - Added significant interactions for China at DAUID 35204661
2025-04-30 00:13:19,397 - ethnicity_interaction_visualization - INFO - Added significant interactions for India at DAUID 35204661
2025-04-30 00:13:19,397 - ethnicity_interaction_visualization - INFO - Added significant interactions for Philippines at DAUID 35204661
2025-04-30 00:13:19,397 - ethnicity_interaction_visualization - INFO - Added significant interactions for Portugal at DAUID 35204661
2025-04-30 00:13:19,398 - ethnicity_interaction_visualization - INFO - Added significant interactions for Sri Lanka at DAUID 35204661
2025-04-30 00:13:19,398 - ethnicity_interaction_visualization - INFO - Added significant interactions for China at DAUID 35202947
2025-04-30 00:13:19,398 - ethnicity_interaction_visualization - INFO - Added significant interactions for India at DAUID 35202947
2025-04-30 00:13:19,398 - ethnicity_interaction_visualization - INFO - Added significant interactions for Philippines at DAUID 35202947
2025-04-30 00:13:19,398 - ethnicity_interaction_visualization - INFO - Added significant interactions for Portugal at DAUID 35202947
2025-04-30 00:13:19,398 - ethnicity_interaction_visualization - INFO - Added significant interactions for Sri Lanka at DAUID 35202947
2025-04-30 00:13:19,398 - ethnicity_interaction_visualization - INFO - Added significant interactions for China at DAUID 35203276
2025-04-30 00:13:19,398 - ethnicity_interaction_visualization - INFO - Added significant interactions for India at DAUID 35203276
2025-04-30 00:13:19,398 - ethnicity_interaction_visualization - INFO - Added significant interactions for Philippines at DAUID 35203276
2025-04-30 00:13:19,398 - ethnicity_interaction_visualization - INFO - Added significant interactions for Portugal at DAUID 35203276
2025-04-30 00:13:19,398 - ethnicity_interaction_visualization - INFO - Added significant interactions for Sri Lanka at DAUID 35203276
2025-04-30 00:13:19,398 - ethnicity_interaction_visualization - INFO - Added significant interactions for China at DAUID 35204513
2025-04-30 00:13:19,398 - ethnicity_interaction_visualization - INFO - Added significant interactions for India at DAUID 35204513
2025-04-30 00:13:19,400 - ethnicity_interaction_visualization - INFO - Added significant interactions for Philippines at DAUID 35204513
2025-04-30 00:13:19,400 - ethnicity_interaction_visualization - INFO - Added significant interactions for Portugal at DAUID 35204513
2025-04-30 00:13:19,400 - ethnicity_interaction_visualization - INFO - Added significant interactions for Sri Lanka at DAUID 35204513
2025-04-30 00:13:19,400 - ethnicity_interaction_visualization - INFO - Added significant interactions for China at DAUID 35201839
2025-04-30 00:13:19,401 - ethnicity_interaction_visualization - INFO - Added significant interactions for India at DAUID 35201839
2025-04-30 00:13:19,401 - ethnicity_interaction_visualization - INFO - Added significant interactions for Philippines at DAUID 35201839
2025-04-30 00:13:19,401 - ethnicity_interaction_visualization - INFO - Added significant interactions for Portugal at DAUID 35201839
2025-04-30 00:13:19,401 - ethnicity_interaction_visualization - INFO - Added significant interactions for Sri Lanka at DAUID 35201839
2025-04-30 00:13:19,401 - ethnicity_interaction_visualization - INFO - Added significant interactions for China at DAUID 35203668
2025-04-30 00:13:19,401 - ethnicity_interaction_visualization - INFO - Added significant interactions for India at DAUID 35203668
2025-04-30 00:13:19,402 - ethnicity_interaction_visualization - INFO - Added significant interactions for Philippines at DAUID 35203668
2025-04-30 00:13:19,402 - ethnicity_interaction_visualization - INFO - Added significant interactions for Portugal at DAUID 35203668
2025-04-30 00:13:19,402 - ethnicity_interaction_visualization - INFO - Added significant interactions for Sri Lanka at DAUID 35203668
2025-04-30 00:13:19,402 - ethnicity_interaction_visualization - INFO - Added significant interactions for China at DAUID 35200455
2025-04-30 00:13:19,402 - ethnicity_interaction_visualization - INFO - Added significant interactions for India at DAUID 35200455
2025-04-30 00:13:19,403 - ethnicity_interaction_visualization - INFO - Added significant interactions for Philippines at DAUID 35200455
2025-04-30 00:13:19,403 - ethnicity_interaction_visualization - INFO - Added significant interactions for Portugal at DAUID 35200455
2025-04-30 00:13:19,403 - ethnicity_interaction_visualization - INFO - Added significant interactions for Sri Lanka at DAUID 35200455
2025-04-30 00:13:19,403 - ethnicity_interaction_visualization - INFO - Added significant interactions for China at DAUID 35200047
2025-04-30 00:13:19,403 - ethnicity_interaction_visualization - INFO - Added significant interactions for India at DAUID 35200047
2025-04-30 00:13:19,403 - ethnicity_interaction_visualization - INFO - Added significant interactions for Philippines at DAUID 35200047
2025-04-30 00:13:19,404 - ethnicity_interaction_visualization - INFO - Added significant interactions for Portugal at DAUID 35200047
2025-04-30 00:13:19,404 - ethnicity_interaction_visualization - INFO - Added significant interactions for Sri Lanka at DAUID 35200047
2025-04-30 00:13:19,404 - ethnicity_interaction_visualization - INFO - Added significant interactions for China at DAUID 35202704
2025-04-30 00:13:19,404 - ethnicity_interaction_visualization - INFO - Added significant interactions for India at DAUID 35202704
2025-04-30 00:13:19,404 - ethnicity_interaction_visualization - INFO - Added significant interactions for Philippines at DAUID 35202704
2025-04-30 00:13:19,404 - ethnicity_interaction_visualization - INFO - Added significant interactions for Portugal at DAUID 35202704
2025-04-30 00:13:19,405 - ethnicity_interaction_visualization - INFO - Added significant interactions for Sri Lanka at DAUID 35202704
2025-04-30 00:13:19,405 - ethnicity_interaction_visualization - INFO - Added significant interactions for China at DAUID 35200138
2025-04-30 00:13:19,405 - ethnicity_interaction_visualization - INFO - Added significant interactions for India at DAUID 35200138
2025-04-30 00:13:19,405 - ethnicity_interaction_visualization - INFO - Added significant interactions for Philippines at DAUID 35200138
2025-04-30 00:13:19,405 - ethnicity_interaction_visualization - INFO - Added significant interactions for Portugal at DAUID 35200138
2025-04-30 00:13:19,406 - ethnicity_interaction_visualization - INFO - Added significant interactions for Sri Lanka at DAUID 35200138
2025-04-30 00:13:19,406 - ethnicity_interaction_visualization - INFO - Added significant interactions for China at DAUID 35202765
2025-04-30 00:13:19,406 - ethnicity_interaction_visualization - INFO - Added significant interactions for India at DAUID 35202765
2025-04-30 00:13:19,406 - ethnicity_interaction_visualization - INFO - Added significant interactions for Philippines at DAUID 35202765
2025-04-30 00:13:19,406 - ethnicity_interaction_visualization - INFO - Added significant interactions for Portugal at DAUID 35202765
2025-04-30 00:13:19,406 - ethnicity_interaction_visualization - INFO - Added significant interactions for Sri Lanka at DAUID 35202765
2025-04-30 00:13:19,407 - ethnicity_interaction_visualization - INFO - Added significant interactions for China at DAUID 35204127
2025-04-30 00:13:19,407 - ethnicity_interaction_visualization - INFO - Added significant interactions for India at DAUID 35204127
2025-04-30 00:13:19,407 - ethnicity_interaction_visualization - INFO - Added significant interactions for Philippines at DAUID 35204127
2025-04-30 00:13:19,407 - ethnicity_interaction_visualization - INFO - Added significant interactions for Portugal at DAUID 35204127
2025-04-30 00:13:19,408 - ethnicity_interaction_visualization - INFO - Added significant interactions for Sri Lanka at DAUID 35204127
2025-04-30 00:13:19,408 - ethnicity_interaction_visualization - INFO - Added significant interactions for China at DAUID 35203889
2025-04-30 00:13:19,408 - ethnicity_interaction_visualization - INFO - Added significant interactions for India at DAUID 35203889
2025-04-30 00:13:19,408 - ethnicity_interaction_visualization - INFO - Added significant interactions for Philippines at DAUID 35203889
2025-04-30 00:13:19,408 - ethnicity_interaction_visualization - INFO - Added significant interactions for Portugal at DAUID 35203889
2025-04-30 00:13:19,408 - ethnicity_interaction_visualization - INFO - Added significant interactions for Sri Lanka at DAUID 35203889
2025-04-30 00:13:19,408 - ethnicity_interaction_visualization - INFO - Added significant interactions for China at DAUID 35204321
2025-04-30 00:13:19,409 - ethnicity_interaction_visualization - INFO - Added significant interactions for India at DAUID 35204321
2025-04-30 00:13:19,409 - ethnicity_interaction_visualization - INFO - Added significant interactions for Philippines at DAUID 35204321
2025-04-30 00:13:19,409 - ethnicity_interaction_visualization - INFO - Added significant interactions for Portugal at DAUID 35204321
2025-04-30 00:13:19,409 - ethnicity_interaction_visualization - INFO - Added significant interactions for Sri Lanka at DAUID 35204321
2025-04-30 00:13:19,409 - ethnicity_interaction_visualization - INFO - Added significant interactions for China at DAUID 35203745
2025-04-30 00:13:19,410 - ethnicity_interaction_visualization - INFO - Added significant interactions for India at DAUID 35203745
2025-04-30 00:13:19,410 - ethnicity_interaction_visualization - INFO - Added significant interactions for Philippines at DAUID 35203745
2025-04-30 00:13:19,410 - ethnicity_interaction_visualization - INFO - Added significant interactions for Portugal at DAUID 35203745
2025-04-30 00:13:19,410 - ethnicity_interaction_visualization - INFO - Added significant interactions for Sri Lanka at DAUID 35203745
2025-04-30 00:13:19,410 - ethnicity_interaction_visualization - INFO - Added significant interactions for China at DAUID 35203893
2025-04-30 00:13:19,411 - ethnicity_interaction_visualization - INFO - Added significant interactions for India at DAUID 35203893
2025-04-30 00:13:19,411 - ethnicity_interaction_visualization - INFO - Added significant interactions for Philippines at DAUID 35203893
2025-04-30 00:13:19,411 - ethnicity_interaction_visualization - INFO - Added significant interactions for Portugal at DAUID 35203893
2025-04-30 00:13:19,411 - ethnicity_interaction_visualization - INFO - Added significant interactions for Sri Lanka at DAUID 35203893
2025-04-30 00:13:19,411 - ethnicity_interaction_visualization - INFO - Added significant interactions for China at DAUID 35201408
2025-04-30 00:13:19,412 - ethnicity_interaction_visualization - INFO - Added significant interactions for India at DAUID 35201408
2025-04-30 00:13:19,412 - ethnicity_interaction_visualization - INFO - Added significant interactions for Philippines at DAUID 35201408
2025-04-30 00:13:19,412 - ethnicity_interaction_visualization - INFO - Added significant interactions for Portugal at DAUID 35201408
2025-04-30 00:13:19,412 - ethnicity_interaction_visualization - INFO - Added significant interactions for Sri Lanka at DAUID 35201408
2025-04-30 00:13:19,412 - ethnicity_interaction_visualization - INFO - Added significant interactions for China at DAUID 35200482
2025-04-30 00:13:19,412 - ethnicity_interaction_visualization - INFO - Added significant interactions for India at DAUID 35200482
2025-04-30 00:13:19,412 - ethnicity_interaction_visualization - INFO - Added significant interactions for Philippines at DAUID 35200482
2025-04-30 00:13:19,413 - ethnicity_interaction_visualization - INFO - Added significant interactions for Portugal at DAUID 35200482
2025-04-30 00:13:19,413 - ethnicity_interaction_visualization - INFO - Added significant interactions for Sri Lanka at DAUID 35200482
2025-04-30 00:13:19,413 - ethnicity_interaction_visualization - INFO - Added significant interactions for China at DAUID 35203334
2025-04-30 00:13:19,413 - ethnicity_interaction_visualization - INFO - Added significant interactions for India at DAUID 35203334
2025-04-30 00:13:19,413 - ethnicity_interaction_visualization - INFO - Added significant interactions for Philippines at DAUID 35203334
2025-04-30 00:13:19,414 - ethnicity_interaction_visualization - INFO - Added significant interactions for Portugal at DAUID 35203334
2025-04-30 00:13:19,414 - ethnicity_interaction_visualization - INFO - Added significant interactions for Sri Lanka at DAUID 35203334
2025-04-30 00:13:19,414 - ethnicity_interaction_visualization - INFO - Added significant interactions for China at DAUID 35202982
2025-04-30 00:13:19,414 - ethnicity_interaction_visualization - INFO - Added significant interactions for India at DAUID 35202982
2025-04-30 00:13:19,414 - ethnicity_interaction_visualization - INFO - Added significant interactions for Philippines at DAUID 35202982
2025-04-30 00:13:19,414 - ethnicity_interaction_visualization - INFO - Added significant interactions for Portugal at DAUID 35202982
2025-04-30 00:13:19,415 - ethnicity_interaction_visualization - INFO - Added significant interactions for Sri Lanka at DAUID 35202982
2025-04-30 00:13:19,415 - ethnicity_interaction_visualization - INFO - Added significant interactions for China at DAUID 35204181
2025-04-30 00:13:19,415 - ethnicity_interaction_visualization - INFO - Added significant interactions for India at DAUID 35204181
2025-04-30 00:13:19,415 - ethnicity_interaction_visualization - INFO - Added significant interactions for Philippines at DAUID 35204181
2025-04-30 00:13:19,415 - ethnicity_interaction_visualization - INFO - Added significant interactions for Portugal at DAUID 35204181
2025-04-30 00:13:19,415 - ethnicity_interaction_visualization - INFO - Added significant interactions for Sri Lanka at DAUID 35204181
2025-04-30 00:13:19,416 - ethnicity_interaction_visualization - INFO - Added significant interactions for China at DAUID 35204565
2025-04-30 00:13:19,416 - ethnicity_interaction_visualization - INFO - Added significant interactions for India at DAUID 35204565
2025-04-30 00:13:19,416 - ethnicity_interaction_visualization - INFO - Added significant interactions for Philippines at DAUID 35204565
2025-04-30 00:13:19,416 - ethnicity_interaction_visualization - INFO - Added significant interactions for Portugal at DAUID 35204565
2025-04-30 00:13:19,416 - ethnicity_interaction_visualization - INFO - Added significant interactions for Sri Lanka at DAUID 35204565
2025-04-30 00:13:19,416 - ethnicity_interaction_visualization - INFO - Added significant interactions for China at DAUID 35203803
2025-04-30 00:13:19,416 - ethnicity_interaction_visualization - INFO - Added significant interactions for India at DAUID 35203803
2025-04-30 00:13:19,416 - ethnicity_interaction_visualization - INFO - Added significant interactions for Philippines at DAUID 35203803
2025-04-30 00:13:19,418 - ethnicity_interaction_visualization - INFO - Added significant interactions for Portugal at DAUID 35203803
2025-04-30 00:13:19,418 - ethnicity_interaction_visualization - INFO - Added significant interactions for Sri Lanka at DAUID 35203803
2025-04-30 00:13:19,418 - ethnicity_interaction_visualization - INFO - Added significant interactions for China at DAUID 35204518
2025-04-30 00:13:19,418 - ethnicity_interaction_visualization - INFO - Added significant interactions for India at DAUID 35204518
2025-04-30 00:13:19,418 - ethnicity_interaction_visualization - INFO - Added significant interactions for Philippines at DAUID 35204518
2025-04-30 00:13:19,418 - ethnicity_interaction_visualization - INFO - Added significant interactions for Portugal at DAUID 35204518
2025-04-30 00:13:19,418 - ethnicity_interaction_visualization - INFO - Added significant interactions for Sri Lanka at DAUID 35204518
2025-04-30 00:13:19,419 - ethnicity_interaction_visualization - INFO - Added significant interactions for China at DAUID 35201908
2025-04-30 00:13:19,419 - ethnicity_interaction_visualization - INFO - Added significant interactions for India at DAUID 35201908
2025-04-30 00:13:19,419 - ethnicity_interaction_visualization - INFO - Added significant interactions for Philippines at DAUID 35201908
2025-04-30 00:13:19,419 - ethnicity_interaction_visualization - INFO - Added significant interactions for Portugal at DAUID 35201908
2025-04-30 00:13:19,419 - ethnicity_interaction_visualization - INFO - Added significant interactions for Sri Lanka at DAUID 35201908
2025-04-30 00:13:19,420 - ethnicity_interaction_visualization - INFO - Added significant interactions for China at DAUID 35202618
2025-04-30 00:13:19,420 - ethnicity_interaction_visualization - INFO - Added significant interactions for India at DAUID 35202618
2025-04-30 00:13:19,420 - ethnicity_interaction_visualization - INFO - Added significant interactions for Philippines at DAUID 35202618
2025-04-30 00:13:19,420 - ethnicity_interaction_visualization - INFO - Added significant interactions for Portugal at DAUID 35202618
2025-04-30 00:13:19,420 - ethnicity_interaction_visualization - INFO - Added significant interactions for Sri Lanka at DAUID 35202618
2025-04-30 00:13:19,420 - ethnicity_interaction_visualization - INFO - Added significant interactions for China at DAUID 35204423
2025-04-30 00:13:19,420 - ethnicity_interaction_visualization - INFO - Added significant interactions for India at DAUID 35204423
2025-04-30 00:13:19,421 - ethnicity_interaction_visualization - INFO - Added significant interactions for Philippines at DAUID 35204423
2025-04-30 00:13:19,421 - ethnicity_interaction_visualization - INFO - Added significant interactions for Portugal at DAUID 35204423
2025-04-30 00:13:19,421 - ethnicity_interaction_visualization - INFO - Added significant interactions for Sri Lanka at DAUID 35204423
2025-04-30 00:13:19,421 - ethnicity_interaction_visualization - INFO - Added significant interactions for China at DAUID 35200520
2025-04-30 00:13:19,421 - ethnicity_interaction_visualization - INFO - Added significant interactions for India at DAUID 35200520
2025-04-30 00:13:19,421 - ethnicity_interaction_visualization - INFO - Added significant interactions for Philippines at DAUID 35200520
2025-04-30 00:13:19,422 - ethnicity_interaction_visualization - INFO - Added significant interactions for Portugal at DAUID 35200520
2025-04-30 00:13:19,422 - ethnicity_interaction_visualization - INFO - Added significant interactions for Sri Lanka at DAUID 35200520
2025-04-30 00:13:19,422 - ethnicity_interaction_visualization - INFO - Added significant interactions for China at DAUID 35202147
2025-04-30 00:13:19,422 - ethnicity_interaction_visualization - INFO - Added significant interactions for India at DAUID 35202147
2025-04-30 00:13:19,422 - ethnicity_interaction_visualization - INFO - Added significant interactions for Philippines at DAUID 35202147
2025-04-30 00:13:19,423 - ethnicity_interaction_visualization - INFO - Added significant interactions for Portugal at DAUID 35202147
2025-04-30 00:13:19,423 - ethnicity_interaction_visualization - INFO - Added significant interactions for Sri Lanka at DAUID 35202147
2025-04-30 00:13:19,423 - ethnicity_interaction_visualization - INFO - Added significant interactions for China at DAUID 35204020
2025-04-30 00:13:19,423 - ethnicity_interaction_visualization - INFO - Added significant interactions for India at DAUID 35204020
2025-04-30 00:13:19,423 - ethnicity_interaction_visualization - INFO - Added significant interactions for Philippines at DAUID 35204020
2025-04-30 00:13:19,423 - ethnicity_interaction_visualization - INFO - Added significant interactions for Portugal at DAUID 35204020
2025-04-30 00:13:19,424 - ethnicity_interaction_visualization - INFO - Added significant interactions for Sri Lanka at DAUID 35204020
2025-04-30 00:13:19,424 - ethnicity_interaction_visualization - INFO - Added significant interactions for China at DAUID 35202646
2025-04-30 00:13:19,424 - ethnicity_interaction_visualization - INFO - Added significant interactions for India at DAUID 35202646
2025-04-30 00:13:19,424 - ethnicity_interaction_visualization - INFO - Added significant interactions for Philippines at DAUID 35202646
2025-04-30 00:13:19,424 - ethnicity_interaction_visualization - INFO - Added significant interactions for Portugal at DAUID 35202646
2025-04-30 00:13:19,424 - ethnicity_interaction_visualization - INFO - Added significant interactions for Sri Lanka at DAUID 35202646
2025-04-30 00:13:19,425 - ethnicity_interaction_visualization - INFO - Added significant interactions for China at DAUID 35204039
2025-04-30 00:13:19,425 - ethnicity_interaction_visualization - INFO - Added significant interactions for India at DAUID 35204039
2025-04-30 00:13:19,425 - ethnicity_interaction_visualization - INFO - Added significant interactions for Philippines at DAUID 35204039
2025-04-30 00:13:19,425 - ethnicity_interaction_visualization - INFO - Added significant interactions for Portugal at DAUID 35204039
2025-04-30 00:13:19,425 - ethnicity_interaction_visualization - INFO - Added significant interactions for Sri Lanka at DAUID 35204039
2025-04-30 00:13:19,426 - ethnicity_interaction_visualization - INFO - Added significant interactions for China at DAUID 35204394
2025-04-30 00:13:19,426 - ethnicity_interaction_visualization - INFO - Added significant interactions for India at DAUID 35204394
2025-04-30 00:13:19,426 - ethnicity_interaction_visualization - INFO - Added significant interactions for Philippines at DAUID 35204394
2025-04-30 00:13:19,426 - ethnicity_interaction_visualization - INFO - Added significant interactions for Portugal at DAUID 35204394
2025-04-30 00:13:19,426 - ethnicity_interaction_visualization - INFO - Added significant interactions for Sri Lanka at DAUID 35204394
2025-04-30 00:13:19,426 - ethnicity_interaction_visualization - INFO - Added significant interactions for China at DAUID 35200066
2025-04-30 00:13:19,427 - ethnicity_interaction_visualization - INFO - Added significant interactions for India at DAUID 35200066
2025-04-30 00:13:19,427 - ethnicity_interaction_visualization - INFO - Added significant interactions for Philippines at DAUID 35200066
2025-04-30 00:13:19,427 - ethnicity_interaction_visualization - INFO - Added significant interactions for Portugal at DAUID 35200066
2025-04-30 00:13:19,427 - ethnicity_interaction_visualization - INFO - Added significant interactions for Sri Lanka at DAUID 35200066
2025-04-30 00:13:19,427 - ethnicity_interaction_visualization - INFO - Added significant interactions for China at DAUID 35204498
2025-04-30 00:13:19,427 - ethnicity_interaction_visualization - INFO - Added significant interactions for India at DAUID 35204498
2025-04-30 00:13:19,428 - ethnicity_interaction_visualization - INFO - Added significant interactions for Philippines at DAUID 35204498
2025-04-30 00:13:19,428 - ethnicity_interaction_visualization - INFO - Added significant interactions for Portugal at DAUID 35204498
2025-04-30 00:13:19,428 - ethnicity_interaction_visualization - INFO - Added significant interactions for Sri Lanka at DAUID 35204498
2025-04-30 00:13:19,428 - ethnicity_interaction_visualization - INFO - Added significant interactions for China at DAUID 35201597
2025-04-30 00:13:19,428 - ethnicity_interaction_visualization - INFO - Added significant interactions for India at DAUID 35201597
2025-04-30 00:13:19,428 - ethnicity_interaction_visualization - INFO - Added significant interactions for Philippines at DAUID 35201597
2025-04-30 00:13:19,428 - ethnicity_interaction_visualization - INFO - Added significant interactions for Portugal at DAUID 35201597
2025-04-30 00:13:19,428 - ethnicity_interaction_visualization - INFO - Added significant interactions for Sri Lanka at DAUID 35201597
2025-04-30 00:13:19,428 - ethnicity_interaction_visualization - INFO - Added significant interactions for China at DAUID 35202456
2025-04-30 00:13:19,429 - ethnicity_interaction_visualization - INFO - Added significant interactions for India at DAUID 35202456
2025-04-30 00:13:19,429 - ethnicity_interaction_visualization - INFO - Added significant interactions for Philippines at DAUID 35202456
2025-04-30 00:13:19,429 - ethnicity_interaction_visualization - INFO - Added significant interactions for Portugal at DAUID 35202456
2025-04-30 00:13:19,429 - ethnicity_interaction_visualization - INFO - Added significant interactions for Sri Lanka at DAUID 35202456
2025-04-30 00:13:19,429 - ethnicity_interaction_visualization - INFO - Added significant interactions for China at DAUID 35203285
2025-04-30 00:13:19,429 - ethnicity_interaction_visualization - INFO - Added significant interactions for India at DAUID 35203285
2025-04-30 00:13:19,430 - ethnicity_interaction_visualization - INFO - Added significant interactions for Philippines at DAUID 35203285
2025-04-30 00:13:19,430 - ethnicity_interaction_visualization - INFO - Added significant interactions for Portugal at DAUID 35203285
2025-04-30 00:13:19,430 - ethnicity_interaction_visualization - INFO - Added significant interactions for Sri Lanka at DAUID 35203285
2025-04-30 00:13:19,430 - ethnicity_interaction_visualization - INFO - Added significant interactions for China at DAUID 35204848
2025-04-30 00:13:19,430 - ethnicity_interaction_visualization - INFO - Added significant interactions for India at DAUID 35204848
2025-04-30 00:13:19,430 - ethnicity_interaction_visualization - INFO - Added significant interactions for Philippines at DAUID 35204848
2025-04-30 00:13:19,431 - ethnicity_interaction_visualization - INFO - Added significant interactions for Portugal at DAUID 35204848
2025-04-30 00:13:19,431 - ethnicity_interaction_visualization - INFO - Added significant interactions for Sri Lanka at DAUID 35204848
2025-04-30 00:13:19,431 - ethnicity_interaction_visualization - INFO - Added significant interactions for China at DAUID 35202018
2025-04-30 00:13:19,431 - ethnicity_interaction_visualization - INFO - Added significant interactions for India at DAUID 35202018
2025-04-30 00:13:19,431 - ethnicity_interaction_visualization - INFO - Added significant interactions for Philippines at DAUID 35202018
2025-04-30 00:13:19,431 - ethnicity_interaction_visualization - INFO - Added significant interactions for Portugal at DAUID 35202018
2025-04-30 00:13:19,431 - ethnicity_interaction_visualization - INFO - Added significant interactions for Sri Lanka at DAUID 35202018
2025-04-30 00:13:19,431 - ethnicity_interaction_visualization - INFO - Added significant interactions for China at DAUID 35204378
2025-04-30 00:13:19,431 - ethnicity_interaction_visualization - INFO - Added significant interactions for India at DAUID 35204378
2025-04-30 00:13:19,433 - ethnicity_interaction_visualization - INFO - Added significant interactions for Philippines at DAUID 35204378
2025-04-30 00:13:19,433 - ethnicity_interaction_visualization - INFO - Added significant interactions for Portugal at DAUID 35204378
2025-04-30 00:13:19,433 - ethnicity_interaction_visualization - INFO - Added significant interactions for Sri Lanka at DAUID 35204378
2025-04-30 00:13:19,433 - ethnicity_interaction_visualization - INFO - Added significant interactions for China at DAUID 35202166
2025-04-30 00:13:19,433 - ethnicity_interaction_visualization - INFO - Added significant interactions for India at DAUID 35202166
2025-04-30 00:13:19,434 - ethnicity_interaction_visualization - INFO - Added significant interactions for Philippines at DAUID 35202166
2025-04-30 00:13:19,434 - ethnicity_interaction_visualization - INFO - Added significant interactions for Portugal at DAUID 35202166
2025-04-30 00:13:19,434 - ethnicity_interaction_visualization - INFO - Added significant interactions for Sri Lanka at DAUID 35202166
2025-04-30 00:13:19,434 - ethnicity_interaction_visualization - INFO - Added significant interactions for China at DAUID 35203043
2025-04-30 00:13:19,434 - ethnicity_interaction_visualization - INFO - Added significant interactions for India at DAUID 35203043
2025-04-30 00:13:19,434 - ethnicity_interaction_visualization - INFO - Added significant interactions for Philippines at DAUID 35203043
2025-04-30 00:13:19,435 - ethnicity_interaction_visualization - INFO - Added significant interactions for Portugal at DAUID 35203043
2025-04-30 00:13:19,435 - ethnicity_interaction_visualization - INFO - Added significant interactions for Sri Lanka at DAUID 35203043
2025-04-30 00:13:19,435 - ethnicity_interaction_visualization - INFO - Added significant interactions for China at DAUID 35204397
2025-04-30 00:13:19,435 - ethnicity_interaction_visualization - INFO - Added significant interactions for India at DAUID 35204397
2025-04-30 00:13:19,435 - ethnicity_interaction_visualization - INFO - Added significant interactions for Philippines at DAUID 35204397
2025-04-30 00:13:19,435 - ethnicity_interaction_visualization - INFO - Added significant interactions for Portugal at DAUID 35204397
2025-04-30 00:13:19,435 - ethnicity_interaction_visualization - INFO - Added significant interactions for Sri Lanka at DAUID 35204397
2025-04-30 00:13:19,436 - ethnicity_interaction_visualization - INFO - Added significant interactions for China at DAUID 35204554
2025-04-30 00:13:19,436 - ethnicity_interaction_visualization - INFO - Added significant interactions for India at DAUID 35204554
2025-04-30 00:13:19,436 - ethnicity_interaction_visualization - INFO - Added significant interactions for Philippines at DAUID 35204554
2025-04-30 00:13:19,436 - ethnicity_interaction_visualization - INFO - Added significant interactions for Portugal at DAUID 35204554
2025-04-30 00:13:19,436 - ethnicity_interaction_visualization - INFO - Added significant interactions for Sri Lanka at DAUID 35204554
2025-04-30 00:13:19,436 - ethnicity_interaction_visualization - INFO - Added significant interactions for China at DAUID 35202356
2025-04-30 00:13:19,437 - ethnicity_interaction_visualization - INFO - Added significant interactions for India at DAUID 35202356
2025-04-30 00:13:19,437 - ethnicity_interaction_visualization - INFO - Added significant interactions for Philippines at DAUID 35202356
2025-04-30 00:13:19,437 - ethnicity_interaction_visualization - INFO - Added significant interactions for Portugal at DAUID 35202356
2025-04-30 00:13:19,437 - ethnicity_interaction_visualization - INFO - Added significant interactions for Sri Lanka at DAUID 35202356
2025-04-30 00:13:19,437 - ethnicity_interaction_visualization - INFO - Added significant interactions for China at DAUID 35201249
2025-04-30 00:13:19,438 - ethnicity_interaction_visualization - INFO - Added significant interactions for India at DAUID 35201249
2025-04-30 00:13:19,438 - ethnicity_interaction_visualization - INFO - Added significant interactions for Philippines at DAUID 35201249
2025-04-30 00:13:19,438 - ethnicity_interaction_visualization - INFO - Added significant interactions for Portugal at DAUID 35201249
2025-04-30 00:13:19,438 - ethnicity_interaction_visualization - INFO - Added significant interactions for Sri Lanka at DAUID 35201249
2025-04-30 00:13:19,438 - ethnicity_interaction_visualization - INFO - Added significant interactions for China at DAUID 35201279
2025-04-30 00:13:19,438 - ethnicity_interaction_visualization - INFO - Added significant interactions for India at DAUID 35201279
2025-04-30 00:13:19,438 - ethnicity_interaction_visualization - INFO - Added significant interactions for Philippines at DAUID 35201279
2025-04-30 00:13:19,439 - ethnicity_interaction_visualization - INFO - Added significant interactions for Portugal at DAUID 35201279
2025-04-30 00:13:19,439 - ethnicity_interaction_visualization - INFO - Added significant interactions for Sri Lanka at DAUID 35201279
2025-04-30 00:13:19,439 - ethnicity_interaction_visualization - INFO - Added significant interactions for China at DAUID 35201805
2025-04-30 00:13:19,439 - ethnicity_interaction_visualization - INFO - Added significant interactions for India at DAUID 35201805
2025-04-30 00:13:19,439 - ethnicity_interaction_visualization - INFO - Added significant interactions for Philippines at DAUID 35201805
2025-04-30 00:13:19,439 - ethnicity_interaction_visualization - INFO - Added significant interactions for Portugal at DAUID 35201805
2025-04-30 00:13:19,440 - ethnicity_interaction_visualization - INFO - Added significant interactions for Sri Lanka at DAUID 35201805
2025-04-30 00:13:19,440 - ethnicity_interaction_visualization - INFO - Added significant interactions for China at DAUID 35201544
2025-04-30 00:13:19,440 - ethnicity_interaction_visualization - INFO - Added significant interactions for India at DAUID 35201544
2025-04-30 00:13:19,440 - ethnicity_interaction_visualization - INFO - Added significant interactions for Philippines at DAUID 35201544
2025-04-30 00:13:19,440 - ethnicity_interaction_visualization - INFO - Added significant interactions for Portugal at DAUID 35201544
2025-04-30 00:13:19,440 - ethnicity_interaction_visualization - INFO - Added significant interactions for Sri Lanka at DAUID 35201544
2025-04-30 00:13:19,441 - ethnicity_interaction_visualization - INFO - Added significant interactions for China at DAUID 35200516
2025-04-30 00:13:19,441 - ethnicity_interaction_visualization - INFO - Added significant interactions for India at DAUID 35200516
2025-04-30 00:13:19,441 - ethnicity_interaction_visualization - INFO - Added significant interactions for Philippines at DAUID 35200516
2025-04-30 00:13:19,441 - ethnicity_interaction_visualization - INFO - Added significant interactions for Portugal at DAUID 35200516
2025-04-30 00:13:19,441 - ethnicity_interaction_visualization - INFO - Added significant interactions for Sri Lanka at DAUID 35200516
2025-04-30 00:13:19,441 - ethnicity_interaction_visualization - INFO - Added significant interactions for China at DAUID 35205001
2025-04-30 00:13:19,442 - ethnicity_interaction_visualization - INFO - Added significant interactions for India at DAUID 35205001
2025-04-30 00:13:19,442 - ethnicity_interaction_visualization - INFO - Added significant interactions for Philippines at DAUID 35205001
2025-04-30 00:13:19,442 - ethnicity_interaction_visualization - INFO - Added significant interactions for Portugal at DAUID 35205001
2025-04-30 00:13:19,442 - ethnicity_interaction_visualization - INFO - Added significant interactions for Sri Lanka at DAUID 35205001
2025-04-30 00:13:19,442 - ethnicity_interaction_visualization - INFO - Added significant interactions for China at DAUID 35204470
2025-04-30 00:13:19,442 - ethnicity_interaction_visualization - INFO - Added significant interactions for India at DAUID 35204470
2025-04-30 00:13:19,442 - ethnicity_interaction_visualization - INFO - Added significant interactions for Philippines at DAUID 35204470
2025-04-30 00:13:19,443 - ethnicity_interaction_visualization - INFO - Added significant interactions for Portugal at DAUID 35204470
2025-04-30 00:13:19,443 - ethnicity_interaction_visualization - INFO - Added significant interactions for Sri Lanka at DAUID 35204470
2025-04-30 00:13:19,443 - ethnicity_interaction_visualization - INFO - Added significant interactions for China at DAUID 35205029
2025-04-30 00:13:19,443 - ethnicity_interaction_visualization - INFO - Added significant interactions for India at DAUID 35205029
2025-04-30 00:13:19,443 - ethnicity_interaction_visualization - INFO - Added significant interactions for Philippines at DAUID 35205029
2025-04-30 00:13:19,443 - ethnicity_interaction_visualization - INFO - Added significant interactions for Portugal at DAUID 35205029
2025-04-30 00:13:19,444 - ethnicity_interaction_visualization - INFO - Added significant interactions for Sri Lanka at DAUID 35205029
2025-04-30 00:13:19,444 - ethnicity_interaction_visualization - INFO - Added significant interactions for China at DAUID 35204333
2025-04-30 00:13:19,444 - ethnicity_interaction_visualization - INFO - Added significant interactions for India at DAUID 35204333
2025-04-30 00:13:19,444 - ethnicity_interaction_visualization - INFO - Added significant interactions for Philippines at DAUID 35204333
2025-04-30 00:13:19,444 - ethnicity_interaction_visualization - INFO - Added significant interactions for Portugal at DAUID 35204333
2025-04-30 00:13:19,444 - ethnicity_interaction_visualization - INFO - Added significant interactions for Sri Lanka at DAUID 35204333
2025-04-30 00:13:19,445 - ethnicity_interaction_visualization - INFO - Added significant interactions for China at DAUID 35201331
2025-04-30 00:13:19,445 - ethnicity_interaction_visualization - INFO - Added significant interactions for India at DAUID 35201331
2025-04-30 00:13:19,445 - ethnicity_interaction_visualization - INFO - Added significant interactions for Philippines at DAUID 35201331
2025-04-30 00:13:19,445 - ethnicity_interaction_visualization - INFO - Added significant interactions for Portugal at DAUID 35201331
2025-04-30 00:13:19,445 - ethnicity_interaction_visualization - INFO - Added significant interactions for Sri Lanka at DAUID 35201331
2025-04-30 00:13:19,446 - ethnicity_interaction_visualization - INFO - Added significant interactions for China at DAUID 35204312
2025-04-30 00:13:19,446 - ethnicity_interaction_visualization - INFO - Added significant interactions for India at DAUID 35204312
2025-04-30 00:13:19,446 - ethnicity_interaction_visualization - INFO - Added significant interactions for Philippines at DAUID 35204312
2025-04-30 00:13:19,446 - ethnicity_interaction_visualization - INFO - Added significant interactions for Portugal at DAUID 35204312
2025-04-30 00:13:19,446 - ethnicity_interaction_visualization - INFO - Added significant interactions for Sri Lanka at DAUID 35204312
2025-04-30 00:13:19,446 - ethnicity_interaction_visualization - INFO - Added significant interactions for China at DAUID 35203218
2025-04-30 00:13:19,447 - ethnicity_interaction_visualization - INFO - Added significant interactions for India at DAUID 35203218
2025-04-30 00:13:19,447 - ethnicity_interaction_visualization - INFO - Added significant interactions for Philippines at DAUID 35203218
2025-04-30 00:13:19,447 - ethnicity_interaction_visualization - INFO - Added significant interactions for Portugal at DAUID 35203218
2025-04-30 00:13:19,447 - ethnicity_interaction_visualization - INFO - Added significant interactions for Sri Lanka at DAUID 35203218
2025-04-30 00:13:19,447 - ethnicity_interaction_visualization - INFO - Added significant interactions for China at DAUID 35204908
2025-04-30 00:13:19,447 - ethnicity_interaction_visualization - INFO - Added significant interactions for India at DAUID 35204908
2025-04-30 00:13:19,448 - ethnicity_interaction_visualization - INFO - Added significant interactions for Philippines at DAUID 35204908
2025-04-30 00:13:19,448 - ethnicity_interaction_visualization - INFO - Added significant interactions for Portugal at DAUID 35204908
2025-04-30 00:13:19,448 - ethnicity_interaction_visualization - INFO - Added significant interactions for Sri Lanka at DAUID 35204908
2025-04-30 00:13:19,448 - ethnicity_interaction_visualization - INFO - Added significant interactions for China at DAUID 35200691
2025-04-30 00:13:19,448 - ethnicity_interaction_visualization - INFO - Added significant interactions for India at DAUID 35200691
2025-04-30 00:13:19,448 - ethnicity_interaction_visualization - INFO - Added significant interactions for Philippines at DAUID 35200691
2025-04-30 00:13:19,448 - ethnicity_interaction_visualization - INFO - Added significant interactions for Portugal at DAUID 35200691
2025-04-30 00:13:19,448 - ethnicity_interaction_visualization - INFO - Added significant interactions for Sri Lanka at DAUID 35200691
2025-04-30 00:13:19,449 - ethnicity_interaction_visualization - INFO - Added significant interactions for China at DAUID 35202227
2025-04-30 00:13:19,449 - ethnicity_interaction_visualization - INFO - Added significant interactions for India at DAUID 35202227
2025-04-30 00:13:19,449 - ethnicity_interaction_visualization - INFO - Added significant interactions for Philippines at DAUID 35202227
2025-04-30 00:13:19,449 - ethnicity_interaction_visualization - INFO - Added significant interactions for Portugal at DAUID 35202227
2025-04-30 00:13:19,449 - ethnicity_interaction_visualization - INFO - Added significant interactions for Sri Lanka at DAUID 35202227
2025-04-30 00:13:19,450 - ethnicity_interaction_visualization - INFO - Added significant interactions for China at DAUID 35202899
2025-04-30 00:13:19,450 - ethnicity_interaction_visualization - INFO - Added significant interactions for India at DAUID 35202899
2025-04-30 00:13:19,450 - ethnicity_interaction_visualization - INFO - Added significant interactions for Philippines at DAUID 35202899
2025-04-30 00:13:19,450 - ethnicity_interaction_visualization - INFO - Added significant interactions for Portugal at DAUID 35202899
2025-04-30 00:13:19,450 - ethnicity_interaction_visualization - INFO - Added significant interactions for Sri Lanka at DAUID 35202899
2025-04-30 00:13:19,450 - ethnicity_interaction_visualization - INFO - Added significant interactions for China at DAUID 35204825
2025-04-30 00:13:19,451 - ethnicity_interaction_visualization - INFO - Added significant interactions for India at DAUID 35204825
2025-04-30 00:13:19,451 - ethnicity_interaction_visualization - INFO - Added significant interactions for Philippines at DAUID 35204825
2025-04-30 00:13:19,451 - ethnicity_interaction_visualization - INFO - Added significant interactions for Portugal at DAUID 35204825
2025-04-30 00:13:19,451 - ethnicity_interaction_visualization - INFO - Added significant interactions for Sri Lanka at DAUID 35204825
2025-04-30 00:13:19,451 - ethnicity_interaction_visualization - INFO - Added significant interactions for China at DAUID 35205024
2025-04-30 00:13:19,452 - ethnicity_interaction_visualization - INFO - Added significant interactions for India at DAUID 35205024
2025-04-30 00:13:19,452 - ethnicity_interaction_visualization - INFO - Added significant interactions for Philippines at DAUID 35205024
2025-04-30 00:13:19,452 - ethnicity_interaction_visualization - INFO - Added significant interactions for Portugal at DAUID 35205024
2025-04-30 00:13:19,452 - ethnicity_interaction_visualization - INFO - Added significant interactions for Sri Lanka at DAUID 35205024
2025-04-30 00:13:19,452 - ethnicity_interaction_visualization - INFO - Added significant interactions for China at DAUID 35204483
2025-04-30 00:13:19,452 - ethnicity_interaction_visualization - INFO - Added significant interactions for India at DAUID 35204483
2025-04-30 00:13:19,453 - ethnicity_interaction_visualization - INFO - Added significant interactions for Philippines at DAUID 35204483
2025-04-30 00:13:19,453 - ethnicity_interaction_visualization - INFO - Added significant interactions for Portugal at DAUID 35204483
2025-04-30 00:13:19,453 - ethnicity_interaction_visualization - INFO - Added significant interactions for Sri Lanka at DAUID 35204483
2025-04-30 00:13:19,453 - ethnicity_interaction_visualization - INFO - Added significant interactions for China at DAUID 35204678
2025-04-30 00:13:19,454 - ethnicity_interaction_visualization - INFO - Added significant interactions for India at DAUID 35204678
2025-04-30 00:13:19,454 - ethnicity_interaction_visualization - INFO - Added significant interactions for Philippines at DAUID 35204678
2025-04-30 00:13:19,454 - ethnicity_interaction_visualization - INFO - Added significant interactions for Portugal at DAUID 35204678
2025-04-30 00:13:19,454 - ethnicity_interaction_visualization - INFO - Added significant interactions for Sri Lanka at DAUID 35204678
2025-04-30 00:13:19,454 - ethnicity_interaction_visualization - INFO - Added significant interactions for China at DAUID 35203418
2025-04-30 00:13:19,454 - ethnicity_interaction_visualization - INFO - Added significant interactions for India at DAUID 35203418
2025-04-30 00:13:19,455 - ethnicity_interaction_visualization - INFO - Added significant interactions for Philippines at DAUID 35203418
2025-04-30 00:13:19,455 - ethnicity_interaction_visualization - INFO - Added significant interactions for Portugal at DAUID 35203418
2025-04-30 00:13:19,455 - ethnicity_interaction_visualization - INFO - Added significant interactions for Sri Lanka at DAUID 35203418
2025-04-30 00:13:19,455 - ethnicity_interaction_visualization - INFO - Added significant interactions for China at DAUID 35201193
2025-04-30 00:13:19,455 - ethnicity_interaction_visualization - INFO - Added significant interactions for India at DAUID 35201193
2025-04-30 00:13:19,455 - ethnicity_interaction_visualization - INFO - Added significant interactions for Philippines at DAUID 35201193
2025-04-30 00:13:19,455 - ethnicity_interaction_visualization - INFO - Added significant interactions for Portugal at DAUID 35201193
2025-04-30 00:13:19,456 - ethnicity_interaction_visualization - INFO - Added significant interactions for Sri Lanka at DAUID 35201193
2025-04-30 00:13:19,456 - ethnicity_interaction_visualization - INFO - Added significant interactions for China at DAUID 35202447
2025-04-30 00:13:19,456 - ethnicity_interaction_visualization - INFO - Added significant interactions for India at DAUID 35202447
2025-04-30 00:13:19,456 - ethnicity_interaction_visualization - INFO - Added significant interactions for Philippines at DAUID 35202447
2025-04-30 00:13:19,456 - ethnicity_interaction_visualization - INFO - Added significant interactions for Portugal at DAUID 35202447
2025-04-30 00:13:19,456 - ethnicity_interaction_visualization - INFO - Added significant interactions for Sri Lanka at DAUID 35202447
2025-04-30 00:13:19,456 - ethnicity_interaction_visualization - INFO - Added significant interactions for China at DAUID 35202149
2025-04-30 00:13:19,456 - ethnicity_interaction_visualization - INFO - Added significant interactions for India at DAUID 35202149
2025-04-30 00:13:19,456 - ethnicity_interaction_visualization - INFO - Added significant interactions for Philippines at DAUID 35202149
2025-04-30 00:13:19,458 - ethnicity_interaction_visualization - INFO - Added significant interactions for Portugal at DAUID 35202149
2025-04-30 00:13:19,458 - ethnicity_interaction_visualization - INFO - Added significant interactions for Sri Lanka at DAUID 35202149
2025-04-30 00:13:19,458 - ethnicity_interaction_visualization - INFO - Added significant interactions for China at DAUID 35200883
2025-04-30 00:13:19,458 - ethnicity_interaction_visualization - INFO - Added significant interactions for India at DAUID 35200883
2025-04-30 00:13:19,458 - ethnicity_interaction_visualization - INFO - Added significant interactions for Philippines at DAUID 35200883
2025-04-30 00:13:19,458 - ethnicity_interaction_visualization - INFO - Added significant interactions for Portugal at DAUID 35200883
2025-04-30 00:13:19,459 - ethnicity_interaction_visualization - INFO - Added significant interactions for Sri Lanka at DAUID 35200883
2025-04-30 00:13:19,459 - ethnicity_interaction_visualization - INFO - Added significant interactions for China at DAUID 35200118
2025-04-30 00:13:19,459 - ethnicity_interaction_visualization - INFO - Added significant interactions for India at DAUID 35200118
2025-04-30 00:13:19,459 - ethnicity_interaction_visualization - INFO - Added significant interactions for Philippines at DAUID 35200118
2025-04-30 00:13:19,459 - ethnicity_interaction_visualization - INFO - Added significant interactions for Portugal at DAUID 35200118
2025-04-30 00:13:19,459 - ethnicity_interaction_visualization - INFO - Added significant interactions for Sri Lanka at DAUID 35200118
2025-04-30 00:13:19,460 - ethnicity_interaction_visualization - INFO - Added significant interactions for China at DAUID 35203032
2025-04-30 00:13:19,460 - ethnicity_interaction_visualization - INFO - Added significant interactions for India at DAUID 35203032
2025-04-30 00:13:19,460 - ethnicity_interaction_visualization - INFO - Added significant interactions for Philippines at DAUID 35203032
2025-04-30 00:13:19,460 - ethnicity_interaction_visualization - INFO - Added significant interactions for Portugal at DAUID 35203032
2025-04-30 00:13:19,460 - ethnicity_interaction_visualization - INFO - Added significant interactions for Sri Lanka at DAUID 35203032
2025-04-30 00:13:19,460 - ethnicity_interaction_visualization - INFO - Added significant interactions for China at DAUID 35202119
2025-04-30 00:13:19,460 - ethnicity_interaction_visualization - INFO - Added significant interactions for India at DAUID 35202119
2025-04-30 00:13:19,461 - ethnicity_interaction_visualization - INFO - Added significant interactions for Philippines at DAUID 35202119
2025-04-30 00:13:19,461 - ethnicity_interaction_visualization - INFO - Added significant interactions for Portugal at DAUID 35202119
2025-04-30 00:13:19,461 - ethnicity_interaction_visualization - INFO - Added significant interactions for Sri Lanka at DAUID 35202119
2025-04-30 00:13:19,461 - ethnicity_interaction_visualization - INFO - Added significant interactions for China at DAUID 35202217
2025-04-30 00:13:19,461 - ethnicity_interaction_visualization - INFO - Added significant interactions for India at DAUID 35202217
2025-04-30 00:13:19,461 - ethnicity_interaction_visualization - INFO - Added significant interactions for Philippines at DAUID 35202217
2025-04-30 00:13:19,462 - ethnicity_interaction_visualization - INFO - Added significant interactions for Portugal at DAUID 35202217
2025-04-30 00:13:19,462 - ethnicity_interaction_visualization - INFO - Added significant interactions for Sri Lanka at DAUID 35202217
2025-04-30 00:13:19,462 - ethnicity_interaction_visualization - INFO - Added significant interactions for China at DAUID 35203576
2025-04-30 00:13:19,462 - ethnicity_interaction_visualization - INFO - Added significant interactions for India at DAUID 35203576
2025-04-30 00:13:19,462 - ethnicity_interaction_visualization - INFO - Added significant interactions for Philippines at DAUID 35203576
2025-04-30 00:13:19,462 - ethnicity_interaction_visualization - INFO - Added significant interactions for Portugal at DAUID 35203576
2025-04-30 00:13:19,463 - ethnicity_interaction_visualization - INFO - Added significant interactions for Sri Lanka at DAUID 35203576
2025-04-30 00:13:19,463 - ethnicity_interaction_visualization - INFO - Added significant interactions for China at DAUID 35203448
2025-04-30 00:13:19,463 - ethnicity_interaction_visualization - INFO - Added significant interactions for India at DAUID 35203448
2025-04-30 00:13:19,463 - ethnicity_interaction_visualization - INFO - Added significant interactions for Philippines at DAUID 35203448
2025-04-30 00:13:19,463 - ethnicity_interaction_visualization - INFO - Added significant interactions for Portugal at DAUID 35203448
2025-04-30 00:13:19,463 - ethnicity_interaction_visualization - INFO - Added significant interactions for Sri Lanka at DAUID 35203448
2025-04-30 00:13:19,463 - ethnicity_interaction_visualization - INFO - Added significant interactions for China at DAUID 35202156
2025-04-30 00:13:19,464 - ethnicity_interaction_visualization - INFO - Added significant interactions for India at DAUID 35202156
2025-04-30 00:13:19,464 - ethnicity_interaction_visualization - INFO - Added significant interactions for Philippines at DAUID 35202156
2025-04-30 00:13:19,464 - ethnicity_interaction_visualization - INFO - Added significant interactions for Portugal at DAUID 35202156
2025-04-30 00:13:19,464 - ethnicity_interaction_visualization - INFO - Added significant interactions for Sri Lanka at DAUID 35202156
2025-04-30 00:13:19,464 - ethnicity_interaction_visualization - INFO - Added significant interactions for China at DAUID 35201278
2025-04-30 00:13:19,464 - ethnicity_interaction_visualization - INFO - Added significant interactions for India at DAUID 35201278
2025-04-30 00:13:19,465 - ethnicity_interaction_visualization - INFO - Added significant interactions for Philippines at DAUID 35201278
2025-04-30 00:13:19,465 - ethnicity_interaction_visualization - INFO - Added significant interactions for Portugal at DAUID 35201278
2025-04-30 00:13:19,465 - ethnicity_interaction_visualization - INFO - Added significant interactions for Sri Lanka at DAUID 35201278
2025-04-30 00:13:19,465 - ethnicity_interaction_visualization - INFO - Added significant interactions for China at DAUID 35204538
2025-04-30 00:13:19,465 - ethnicity_interaction_visualization - INFO - Added significant interactions for India at DAUID 35204538
2025-04-30 00:13:19,466 - ethnicity_interaction_visualization - INFO - Added significant interactions for Philippines at DAUID 35204538
2025-04-30 00:13:19,466 - ethnicity_interaction_visualization - INFO - Added significant interactions for Portugal at DAUID 35204538
2025-04-30 00:13:19,466 - ethnicity_interaction_visualization - INFO - Added significant interactions for Sri Lanka at DAUID 35204538
2025-04-30 00:13:19,466 - ethnicity_interaction_visualization - INFO - Added significant interactions for China at DAUID 35200923
2025-04-30 00:13:19,466 - ethnicity_interaction_visualization - INFO - Added significant interactions for India at DAUID 35200923
2025-04-30 00:13:19,466 - ethnicity_interaction_visualization - INFO - Added significant interactions for Philippines at DAUID 35200923
2025-04-30 00:13:19,467 - ethnicity_interaction_visualization - INFO - Added significant interactions for Portugal at DAUID 35200923
2025-04-30 00:13:19,467 - ethnicity_interaction_visualization - INFO - Added significant interactions for Sri Lanka at DAUID 35200923
2025-04-30 00:13:19,467 - ethnicity_interaction_visualization - INFO - Added significant interactions for China at DAUID 35204571
2025-04-30 00:13:19,467 - ethnicity_interaction_visualization - INFO - Added significant interactions for India at DAUID 35204571
2025-04-30 00:13:19,467 - ethnicity_interaction_visualization - INFO - Added significant interactions for Philippines at DAUID 35204571
2025-04-30 00:13:19,467 - ethnicity_interaction_visualization - INFO - Added significant interactions for Portugal at DAUID 35204571
2025-04-30 00:13:19,467 - ethnicity_interaction_visualization - INFO - Added significant interactions for Sri Lanka at DAUID 35204571
2025-04-30 00:13:19,468 - ethnicity_interaction_visualization - INFO - Added significant interactions for China at DAUID 35203849
2025-04-30 00:13:19,468 - ethnicity_interaction_visualization - INFO - Added significant interactions for India at DAUID 35203849
2025-04-30 00:13:19,468 - ethnicity_interaction_visualization - INFO - Added significant interactions for Philippines at DAUID 35203849
2025-04-30 00:13:19,468 - ethnicity_interaction_visualization - INFO - Added significant interactions for Portugal at DAUID 35203849
2025-04-30 00:13:19,468 - ethnicity_interaction_visualization - INFO - Added significant interactions for Sri Lanka at DAUID 35203849
2025-04-30 00:13:19,468 - ethnicity_interaction_visualization - INFO - Added significant interactions for China at DAUID 35201827
2025-04-30 00:13:19,468 - ethnicity_interaction_visualization - INFO - Added significant interactions for India at DAUID 35201827
2025-04-30 00:13:19,469 - ethnicity_interaction_visualization - INFO - Added significant interactions for Philippines at DAUID 35201827
2025-04-30 00:13:19,469 - ethnicity_interaction_visualization - INFO - Added significant interactions for Portugal at DAUID 35201827
2025-04-30 00:13:19,469 - ethnicity_interaction_visualization - INFO - Added significant interactions for Sri Lanka at DAUID 35201827
2025-04-30 00:13:19,469 - ethnicity_interaction_visualization - INFO - Added significant interactions for China at DAUID 35202481
2025-04-30 00:13:19,469 - ethnicity_interaction_visualization - INFO - Added significant interactions for India at DAUID 35202481
2025-04-30 00:13:19,469 - ethnicity_interaction_visualization - INFO - Added significant interactions for Philippines at DAUID 35202481
2025-04-30 00:13:19,469 - ethnicity_interaction_visualization - INFO - Added significant interactions for Portugal at DAUID 35202481
2025-04-30 00:13:19,469 - ethnicity_interaction_visualization - INFO - Added significant interactions for Sri Lanka at DAUID 35202481
2025-04-30 00:13:19,469 - ethnicity_interaction_visualization - INFO - Added significant interactions for China at DAUID 35200255
2025-04-30 00:13:19,470 - ethnicity_interaction_visualization - INFO - Added significant interactions for India at DAUID 35200255
2025-04-30 00:13:19,470 - ethnicity_interaction_visualization - INFO - Added significant interactions for Philippines at DAUID 35200255
2025-04-30 00:13:19,470 - ethnicity_interaction_visualization - INFO - Added significant interactions for Portugal at DAUID 35200255
2025-04-30 00:13:19,470 - ethnicity_interaction_visualization - INFO - Added significant interactions for Sri Lanka at DAUID 35200255
2025-04-30 00:13:19,470 - ethnicity_interaction_visualization - INFO - Added significant interactions for China at DAUID 35201294
2025-04-30 00:13:19,470 - ethnicity_interaction_visualization - INFO - Added significant interactions for India at DAUID 35201294
2025-04-30 00:13:19,471 - ethnicity_interaction_visualization - INFO - Added significant interactions for Philippines at DAUID 35201294
2025-04-30 00:13:19,471 - ethnicity_interaction_visualization - INFO - Added significant interactions for Portugal at DAUID 35201294
2025-04-30 00:13:19,471 - ethnicity_interaction_visualization - INFO - Added significant interactions for Sri Lanka at DAUID 35201294
2025-04-30 00:13:19,471 - ethnicity_interaction_visualization - INFO - Added significant interactions for China at DAUID 35203881
2025-04-30 00:13:19,471 - ethnicity_interaction_visualization - INFO - Added significant interactions for India at DAUID 35203881
2025-04-30 00:13:19,471 - ethnicity_interaction_visualization - INFO - Added significant interactions for Philippines at DAUID 35203881
2025-04-30 00:13:19,471 - ethnicity_interaction_visualization - INFO - Added significant interactions for Portugal at DAUID 35203881
2025-04-30 00:13:19,472 - ethnicity_interaction_visualization - INFO - Added significant interactions for Sri Lanka at DAUID 35203881
2025-04-30 00:13:19,472 - ethnicity_interaction_visualization - INFO - Added significant interactions for China at DAUID 35200911
2025-04-30 00:13:19,472 - ethnicity_interaction_visualization - INFO - Added significant interactions for India at DAUID 35200911
2025-04-30 00:13:19,472 - ethnicity_interaction_visualization - INFO - Added significant interactions for Philippines at DAUID 35200911
2025-04-30 00:13:19,472 - ethnicity_interaction_visualization - INFO - Added significant interactions for Portugal at DAUID 35200911
2025-04-30 00:13:19,472 - ethnicity_interaction_visualization - INFO - Added significant interactions for Sri Lanka at DAUID 35200911
2025-04-30 00:13:19,473 - ethnicity_interaction_visualization - INFO - Added significant interactions for China at DAUID 35202409
2025-04-30 00:13:19,473 - ethnicity_interaction_visualization - INFO - Added significant interactions for India at DAUID 35202409
2025-04-30 00:13:19,473 - ethnicity_interaction_visualization - INFO - Added significant interactions for Philippines at DAUID 35202409
2025-04-30 00:13:19,473 - ethnicity_interaction_visualization - INFO - Added significant interactions for Portugal at DAUID 35202409
2025-04-30 00:13:19,473 - ethnicity_interaction_visualization - INFO - Added significant interactions for Sri Lanka at DAUID 35202409
2025-04-30 00:13:19,474 - ethnicity_interaction_visualization - INFO - Added significant interactions for China at DAUID 35201674
2025-04-30 00:13:19,474 - ethnicity_interaction_visualization - INFO - Added significant interactions for India at DAUID 35201674
2025-04-30 00:13:19,474 - ethnicity_interaction_visualization - INFO - Added significant interactions for Philippines at DAUID 35201674
2025-04-30 00:13:19,474 - ethnicity_interaction_visualization - INFO - Added significant interactions for Portugal at DAUID 35201674
2025-04-30 00:13:19,474 - ethnicity_interaction_visualization - INFO - Added significant interactions for Sri Lanka at DAUID 35201674
2025-04-30 00:13:19,475 - ethnicity_interaction_visualization - INFO - Added significant interactions for China at DAUID 35203330
2025-04-30 00:13:19,475 - ethnicity_interaction_visualization - INFO - Added significant interactions for India at DAUID 35203330
2025-04-30 00:13:19,475 - ethnicity_interaction_visualization - INFO - Added significant interactions for Philippines at DAUID 35203330
2025-04-30 00:13:19,475 - ethnicity_interaction_visualization - INFO - Added significant interactions for Portugal at DAUID 35203330
2025-04-30 00:13:19,475 - ethnicity_interaction_visualization - INFO - Added significant interactions for Sri Lanka at DAUID 35203330
2025-04-30 00:13:19,476 - ethnicity_interaction_visualization - INFO - Added significant interactions for China at DAUID 35200897
2025-04-30 00:13:19,476 - ethnicity_interaction_visualization - INFO - Added significant interactions for India at DAUID 35200897
2025-04-30 00:13:19,476 - ethnicity_interaction_visualization - INFO - Added significant interactions for Philippines at DAUID 35200897
2025-04-30 00:13:19,476 - ethnicity_interaction_visualization - INFO - Added significant interactions for Portugal at DAUID 35200897
2025-04-30 00:13:19,476 - ethnicity_interaction_visualization - INFO - Added significant interactions for Sri Lanka at DAUID 35200897
2025-04-30 00:13:19,476 - ethnicity_interaction_visualization - INFO - Added significant interactions for China at DAUID 35202130
2025-04-30 00:13:19,476 - ethnicity_interaction_visualization - INFO - Added significant interactions for India at DAUID 35202130
2025-04-30 00:13:19,476 - ethnicity_interaction_visualization - INFO - Added significant interactions for Philippines at DAUID 35202130
2025-04-30 00:13:19,476 - ethnicity_interaction_visualization - INFO - Added significant interactions for Portugal at DAUID 35202130
2025-04-30 00:13:19,478 - ethnicity_interaction_visualization - INFO - Added significant interactions for Sri Lanka at DAUID 35202130
2025-04-30 00:13:19,478 - ethnicity_interaction_visualization - INFO - Added significant interactions for China at DAUID 35200373
2025-04-30 00:13:19,478 - ethnicity_interaction_visualization - INFO - Added significant interactions for India at DAUID 35200373
2025-04-30 00:13:19,478 - ethnicity_interaction_visualization - INFO - Added significant interactions for Philippines at DAUID 35200373
2025-04-30 00:13:19,478 - ethnicity_interaction_visualization - INFO - Added significant interactions for Portugal at DAUID 35200373
2025-04-30 00:13:19,478 - ethnicity_interaction_visualization - INFO - Added significant interactions for Sri Lanka at DAUID 35200373
2025-04-30 00:13:19,479 - ethnicity_interaction_visualization - INFO - Added significant interactions for China at DAUID 35202392
2025-04-30 00:13:19,479 - ethnicity_interaction_visualization - INFO - Added significant interactions for India at DAUID 35202392
2025-04-30 00:13:19,479 - ethnicity_interaction_visualization - INFO - Added significant interactions for Philippines at DAUID 35202392
2025-04-30 00:13:19,479 - ethnicity_interaction_visualization - INFO - Added significant interactions for Portugal at DAUID 35202392
2025-04-30 00:13:19,479 - ethnicity_interaction_visualization - INFO - Added significant interactions for Sri Lanka at DAUID 35202392
2025-04-30 00:13:19,479 - ethnicity_interaction_visualization - INFO - Added significant interactions for China at DAUID 35201826
2025-04-30 00:13:19,480 - ethnicity_interaction_visualization - INFO - Added significant interactions for India at DAUID 35201826
2025-04-30 00:13:19,480 - ethnicity_interaction_visualization - INFO - Added significant interactions for Philippines at DAUID 35201826
2025-04-30 00:13:19,480 - ethnicity_interaction_visualization - INFO - Added significant interactions for Portugal at DAUID 35201826
2025-04-30 00:13:19,480 - ethnicity_interaction_visualization - INFO - Added significant interactions for Sri Lanka at DAUID 35201826
2025-04-30 00:13:19,480 - ethnicity_interaction_visualization - INFO - Added significant interactions for China at DAUID 35203579
2025-04-30 00:13:19,480 - ethnicity_interaction_visualization - INFO - Added significant interactions for India at DAUID 35203579
2025-04-30 00:13:19,481 - ethnicity_interaction_visualization - INFO - Added significant interactions for Philippines at DAUID 35203579
2025-04-30 00:13:19,481 - ethnicity_interaction_visualization - INFO - Added significant interactions for Portugal at DAUID 35203579
2025-04-30 00:13:19,481 - ethnicity_interaction_visualization - INFO - Added significant interactions for Sri Lanka at DAUID 35203579
2025-04-30 00:13:19,481 - ethnicity_interaction_visualization - INFO - Added significant interactions for China at DAUID 35202644
2025-04-30 00:13:19,481 - ethnicity_interaction_visualization - INFO - Added significant interactions for India at DAUID 35202644
2025-04-30 00:13:19,481 - ethnicity_interaction_visualization - INFO - Added significant interactions for Philippines at DAUID 35202644
2025-04-30 00:13:19,482 - ethnicity_interaction_visualization - INFO - Added significant interactions for Portugal at DAUID 35202644
2025-04-30 00:13:19,482 - ethnicity_interaction_visualization - INFO - Added significant interactions for Sri Lanka at DAUID 35202644
2025-04-30 00:13:19,482 - ethnicity_interaction_visualization - INFO - Added significant interactions for China at DAUID 35200563
2025-04-30 00:13:19,482 - ethnicity_interaction_visualization - INFO - Added significant interactions for India at DAUID 35200563
2025-04-30 00:13:19,482 - ethnicity_interaction_visualization - INFO - Added significant interactions for Philippines at DAUID 35200563
2025-04-30 00:13:19,482 - ethnicity_interaction_visualization - INFO - Added significant interactions for Portugal at DAUID 35200563
2025-04-30 00:13:19,483 - ethnicity_interaction_visualization - INFO - Added significant interactions for Sri Lanka at DAUID 35200563
2025-04-30 00:13:19,483 - ethnicity_interaction_visualization - INFO - Added significant interactions for China at DAUID 35203108
2025-04-30 00:13:19,483 - ethnicity_interaction_visualization - INFO - Added significant interactions for India at DAUID 35203108
2025-04-30 00:13:19,483 - ethnicity_interaction_visualization - INFO - Added significant interactions for Philippines at DAUID 35203108
2025-04-30 00:13:19,483 - ethnicity_interaction_visualization - INFO - Added significant interactions for Portugal at DAUID 35203108
2025-04-30 00:13:19,483 - ethnicity_interaction_visualization - INFO - Added significant interactions for Sri Lanka at DAUID 35203108
2025-04-30 00:13:19,484 - ethnicity_interaction_visualization - INFO - Added significant interactions for China at DAUID 35203976
2025-04-30 00:13:19,484 - ethnicity_interaction_visualization - INFO - Added significant interactions for India at DAUID 35203976
2025-04-30 00:13:19,484 - ethnicity_interaction_visualization - INFO - Added significant interactions for Philippines at DAUID 35203976
2025-04-30 00:13:19,484 - ethnicity_interaction_visualization - INFO - Added significant interactions for Portugal at DAUID 35203976
2025-04-30 00:13:19,484 - ethnicity_interaction_visualization - INFO - Added significant interactions for Sri Lanka at DAUID 35203976
2025-04-30 00:13:19,485 - ethnicity_interaction_visualization - INFO - Added significant interactions for China at DAUID 35202325
2025-04-30 00:13:19,485 - ethnicity_interaction_visualization - INFO - Added significant interactions for India at DAUID 35202325
2025-04-30 00:13:19,485 - ethnicity_interaction_visualization - INFO - Added significant interactions for Philippines at DAUID 35202325
2025-04-30 00:13:19,485 - ethnicity_interaction_visualization - INFO - Added significant interactions for Portugal at DAUID 35202325
2025-04-30 00:13:19,485 - ethnicity_interaction_visualization - INFO - Added significant interactions for Sri Lanka at DAUID 35202325
2025-04-30 00:13:19,485 - ethnicity_interaction_visualization - INFO - Added significant interactions for China at DAUID 35200480
2025-04-30 00:13:19,486 - ethnicity_interaction_visualization - INFO - Added significant interactions for India at DAUID 35200480
2025-04-30 00:13:19,486 - ethnicity_interaction_visualization - INFO - Added significant interactions for Philippines at DAUID 35200480
2025-04-30 00:13:19,486 - ethnicity_interaction_visualization - INFO - Added significant interactions for Portugal at DAUID 35200480
2025-04-30 00:13:19,486 - ethnicity_interaction_visualization - INFO - Added significant interactions for Sri Lanka at DAUID 35200480
2025-04-30 00:13:19,486 - ethnicity_interaction_visualization - INFO - Added significant interactions for China at DAUID 35204287
2025-04-30 00:13:19,487 - ethnicity_interaction_visualization - INFO - Added significant interactions for India at DAUID 35204287
2025-04-30 00:13:19,487 - ethnicity_interaction_visualization - INFO - Added significant interactions for Philippines at DAUID 35204287
2025-04-30 00:13:19,487 - ethnicity_interaction_visualization - INFO - Added significant interactions for Portugal at DAUID 35204287
2025-04-30 00:13:19,487 - ethnicity_interaction_visualization - INFO - Added significant interactions for Sri Lanka at DAUID 35204287
2025-04-30 00:13:19,487 - ethnicity_interaction_visualization - INFO - Added significant interactions for China at DAUID 35204664
2025-04-30 00:13:19,487 - ethnicity_interaction_visualization - INFO - Added significant interactions for India at DAUID 35204664
2025-04-30 00:13:19,488 - ethnicity_interaction_visualization - INFO - Added significant interactions for Philippines at DAUID 35204664
2025-04-30 00:13:19,488 - ethnicity_interaction_visualization - INFO - Added significant interactions for Portugal at DAUID 35204664
2025-04-30 00:13:19,488 - ethnicity_interaction_visualization - INFO - Added significant interactions for Sri Lanka at DAUID 35204664
2025-04-30 00:13:19,488 - ethnicity_interaction_visualization - INFO - Added significant interactions for China at DAUID 35200070
2025-04-30 00:13:19,488 - ethnicity_interaction_visualization - INFO - Added significant interactions for India at DAUID 35200070
2025-04-30 00:13:19,488 - ethnicity_interaction_visualization - INFO - Added significant interactions for Philippines at DAUID 35200070
2025-04-30 00:13:19,488 - ethnicity_interaction_visualization - INFO - Added significant interactions for Portugal at DAUID 35200070
2025-04-30 00:13:19,488 - ethnicity_interaction_visualization - INFO - Added significant interactions for Sri Lanka at DAUID 35200070
2025-04-30 00:13:19,489 - ethnicity_interaction_visualization - INFO - Added significant interactions for China at DAUID 35203873
2025-04-30 00:13:19,489 - ethnicity_interaction_visualization - INFO - Added significant interactions for India at DAUID 35203873
2025-04-30 00:13:19,489 - ethnicity_interaction_visualization - INFO - Added significant interactions for Philippines at DAUID 35203873
2025-04-30 00:13:19,489 - ethnicity_interaction_visualization - INFO - Added significant interactions for Portugal at DAUID 35203873
2025-04-30 00:13:19,489 - ethnicity_interaction_visualization - INFO - Added significant interactions for Sri Lanka at DAUID 35203873
2025-04-30 00:13:19,489 - ethnicity_interaction_visualization - INFO - Added significant interactions for China at DAUID 35204922
2025-04-30 00:13:19,489 - ethnicity_interaction_visualization - INFO - Added significant interactions for India at DAUID 35204922
2025-04-30 00:13:19,490 - ethnicity_interaction_visualization - INFO - Added significant interactions for Philippines at DAUID 35204922
2025-04-30 00:13:19,490 - ethnicity_interaction_visualization - INFO - Added significant interactions for Portugal at DAUID 35204922
2025-04-30 00:13:19,490 - ethnicity_interaction_visualization - INFO - Added significant interactions for Sri Lanka at DAUID 35204922
2025-04-30 00:13:19,490 - ethnicity_interaction_visualization - INFO - Added significant interactions for China at DAUID 35201019
2025-04-30 00:13:19,490 - ethnicity_interaction_visualization - INFO - Added significant interactions for India at DAUID 35201019
2025-04-30 00:13:19,491 - ethnicity_interaction_visualization - INFO - Added significant interactions for Philippines at DAUID 35201019
2025-04-30 00:13:19,491 - ethnicity_interaction_visualization - INFO - Added significant interactions for Portugal at DAUID 35201019
2025-04-30 00:13:19,491 - ethnicity_interaction_visualization - INFO - Added significant interactions for Sri Lanka at DAUID 35201019
2025-04-30 00:13:19,491 - ethnicity_interaction_visualization - INFO - Added significant interactions for China at DAUID 35202237
2025-04-30 00:13:19,491 - ethnicity_interaction_visualization - INFO - Added significant interactions for India at DAUID 35202237
2025-04-30 00:13:19,491 - ethnicity_interaction_visualization - INFO - Added significant interactions for Philippines at DAUID 35202237
2025-04-30 00:13:19,492 - ethnicity_interaction_visualization - INFO - Added significant interactions for Portugal at DAUID 35202237
2025-04-30 00:13:19,492 - ethnicity_interaction_visualization - INFO - Added significant interactions for Sri Lanka at DAUID 35202237
2025-04-30 00:13:19,492 - ethnicity_interaction_visualization - INFO - Added significant interactions for China at DAUID 35200366
2025-04-30 00:13:19,492 - ethnicity_interaction_visualization - INFO - Added significant interactions for India at DAUID 35200366
2025-04-30 00:13:19,492 - ethnicity_interaction_visualization - INFO - Added significant interactions for Philippines at DAUID 35200366
2025-04-30 00:13:19,492 - ethnicity_interaction_visualization - INFO - Added significant interactions for Portugal at DAUID 35200366
2025-04-30 00:13:19,493 - ethnicity_interaction_visualization - INFO - Added significant interactions for Sri Lanka at DAUID 35200366
2025-04-30 00:13:19,493 - ethnicity_interaction_visualization - INFO - Added significant interactions for China at DAUID 35203683
2025-04-30 00:13:19,493 - ethnicity_interaction_visualization - INFO - Added significant interactions for India at DAUID 35203683
2025-04-30 00:13:19,493 - ethnicity_interaction_visualization - INFO - Added significant interactions for Philippines at DAUID 35203683
2025-04-30 00:13:19,493 - ethnicity_interaction_visualization - INFO - Added significant interactions for Portugal at DAUID 35203683
2025-04-30 00:13:19,493 - ethnicity_interaction_visualization - INFO - Added significant interactions for Sri Lanka at DAUID 35203683
2025-04-30 00:13:19,494 - ethnicity_interaction_visualization - INFO - Added significant interactions for China at DAUID 35200707
2025-04-30 00:13:19,494 - ethnicity_interaction_visualization - INFO - Added significant interactions for India at DAUID 35200707
2025-04-30 00:13:19,494 - ethnicity_interaction_visualization - INFO - Added significant interactions for Philippines at DAUID 35200707
2025-04-30 00:13:19,494 - ethnicity_interaction_visualization - INFO - Added significant interactions for Portugal at DAUID 35200707
2025-04-30 00:13:19,494 - ethnicity_interaction_visualization - INFO - Added significant interactions for Sri Lanka at DAUID 35200707
2025-04-30 00:13:19,495 - ethnicity_interaction_visualization - INFO - Added significant interactions for China at DAUID 35202571
2025-04-30 00:13:19,495 - ethnicity_interaction_visualization - INFO - Added significant interactions for India at DAUID 35202571
2025-04-30 00:13:19,495 - ethnicity_interaction_visualization - INFO - Added significant interactions for Philippines at DAUID 35202571
2025-04-30 00:13:19,495 - ethnicity_interaction_visualization - INFO - Added significant interactions for Portugal at DAUID 35202571
2025-04-30 00:13:19,495 - ethnicity_interaction_visualization - INFO - Added significant interactions for Sri Lanka at DAUID 35202571
2025-04-30 00:13:19,495 - ethnicity_interaction_visualization - INFO - Added significant interactions for China at DAUID 35203540
2025-04-30 00:13:19,496 - ethnicity_interaction_visualization - INFO - Added significant interactions for India at DAUID 35203540
2025-04-30 00:13:19,496 - ethnicity_interaction_visualization - INFO - Added significant interactions for Philippines at DAUID 35203540
2025-04-30 00:13:19,496 - ethnicity_interaction_visualization - INFO - Added significant interactions for Portugal at DAUID 35203540
2025-04-30 00:13:19,496 - ethnicity_interaction_visualization - INFO - Added significant interactions for Sri Lanka at DAUID 35203540
2025-04-30 00:13:19,496 - ethnicity_interaction_visualization - INFO - Added significant interactions for China at DAUID 35201573
2025-04-30 00:13:19,496 - ethnicity_interaction_visualization - INFO - Added significant interactions for India at DAUID 35201573
2025-04-30 00:13:19,496 - ethnicity_interaction_visualization - INFO - Added significant interactions for Philippines at DAUID 35201573
2025-04-30 00:13:19,496 - ethnicity_interaction_visualization - INFO - Added significant interactions for Portugal at DAUID 35201573
2025-04-30 00:13:19,496 - ethnicity_interaction_visualization - INFO - Added significant interactions for Sri Lanka at DAUID 35201573
2025-04-30 00:13:19,498 - ethnicity_interaction_visualization - INFO - Added significant interactions for China at DAUID 35202486
2025-04-30 00:13:19,498 - ethnicity_interaction_visualization - INFO - Added significant interactions for India at DAUID 35202486
2025-04-30 00:13:19,498 - ethnicity_interaction_visualization - INFO - Added significant interactions for Philippines at DAUID 35202486
2025-04-30 00:13:19,498 - ethnicity_interaction_visualization - INFO - Added significant interactions for Portugal at DAUID 35202486
2025-04-30 00:13:19,498 - ethnicity_interaction_visualization - INFO - Added significant interactions for Sri Lanka at DAUID 35202486
2025-04-30 00:13:19,498 - ethnicity_interaction_visualization - INFO - Added significant interactions for China at DAUID 35204863
2025-04-30 00:13:19,499 - ethnicity_interaction_visualization - INFO - Added significant interactions for India at DAUID 35204863
2025-04-30 00:13:19,499 - ethnicity_interaction_visualization - INFO - Added significant interactions for Philippines at DAUID 35204863
2025-04-30 00:13:19,499 - ethnicity_interaction_visualization - INFO - Added significant interactions for Portugal at DAUID 35204863
2025-04-30 00:13:19,499 - ethnicity_interaction_visualization - INFO - Added significant interactions for Sri Lanka at DAUID 35204863
2025-04-30 00:13:19,499 - ethnicity_interaction_visualization - INFO - Added significant interactions for China at DAUID 35202305
2025-04-30 00:13:19,500 - ethnicity_interaction_visualization - INFO - Added significant interactions for India at DAUID 35202305
2025-04-30 00:13:19,500 - ethnicity_interaction_visualization - INFO - Added significant interactions for Philippines at DAUID 35202305
2025-04-30 00:13:19,500 - ethnicity_interaction_visualization - INFO - Added significant interactions for Portugal at DAUID 35202305
2025-04-30 00:13:19,500 - ethnicity_interaction_visualization - INFO - Added significant interactions for Sri Lanka at DAUID 35202305
2025-04-30 00:13:19,501 - ethnicity_interaction_visualization - INFO - Added significant interactions for China at DAUID 35204935
2025-04-30 00:13:19,501 - ethnicity_interaction_visualization - INFO - Added significant interactions for India at DAUID 35204935
2025-04-30 00:13:19,501 - ethnicity_interaction_visualization - INFO - Added significant interactions for Philippines at DAUID 35204935
2025-04-30 00:13:19,501 - ethnicity_interaction_visualization - INFO - Added significant interactions for Portugal at DAUID 35204935
2025-04-30 00:13:19,501 - ethnicity_interaction_visualization - INFO - Added significant interactions for Sri Lanka at DAUID 35204935
2025-04-30 00:13:19,501 - ethnicity_interaction_visualization - INFO - Added significant interactions for China at DAUID 35201617
2025-04-30 00:13:19,502 - ethnicity_interaction_visualization - INFO - Added significant interactions for India at DAUID 35201617
2025-04-30 00:13:19,502 - ethnicity_interaction_visualization - INFO - Added significant interactions for Philippines at DAUID 35201617
2025-04-30 00:13:19,502 - ethnicity_interaction_visualization - INFO - Added significant interactions for Portugal at DAUID 35201617
2025-04-30 00:13:19,502 - ethnicity_interaction_visualization - INFO - Added significant interactions for Sri Lanka at DAUID 35201617
2025-04-30 00:13:19,502 - ethnicity_interaction_visualization - INFO - Added significant interactions for China at DAUID 35200606
2025-04-30 00:13:19,502 - ethnicity_interaction_visualization - INFO - Added significant interactions for India at DAUID 35200606
2025-04-30 00:13:19,503 - ethnicity_interaction_visualization - INFO - Added significant interactions for Philippines at DAUID 35200606
2025-04-30 00:13:19,503 - ethnicity_interaction_visualization - INFO - Added significant interactions for Portugal at DAUID 35200606
2025-04-30 00:13:19,503 - ethnicity_interaction_visualization - INFO - Added significant interactions for Sri Lanka at DAUID 35200606
2025-04-30 00:13:19,503 - ethnicity_interaction_visualization - INFO - Added significant interactions for China at DAUID 35202954
2025-04-30 00:13:19,503 - ethnicity_interaction_visualization - INFO - Added significant interactions for India at DAUID 35202954
2025-04-30 00:13:19,504 - ethnicity_interaction_visualization - INFO - Added significant interactions for Philippines at DAUID 35202954
2025-04-30 00:13:19,504 - ethnicity_interaction_visualization - INFO - Added significant interactions for Portugal at DAUID 35202954
2025-04-30 00:13:19,504 - ethnicity_interaction_visualization - INFO - Added significant interactions for Sri Lanka at DAUID 35202954
2025-04-30 00:13:19,504 - ethnicity_interaction_visualization - INFO - Added significant interactions for China at DAUID 35202125
2025-04-30 00:13:19,504 - ethnicity_interaction_visualization - INFO - Added significant interactions for India at DAUID 35202125
2025-04-30 00:13:19,504 - ethnicity_interaction_visualization - INFO - Added significant interactions for Philippines at DAUID 35202125
2025-04-30 00:13:19,505 - ethnicity_interaction_visualization - INFO - Added significant interactions for Portugal at DAUID 35202125
2025-04-30 00:13:19,505 - ethnicity_interaction_visualization - INFO - Added significant interactions for Sri Lanka at DAUID 35202125
2025-04-30 00:13:19,505 - ethnicity_interaction_visualization - INFO - Added significant interactions for China at DAUID 35204870
2025-04-30 00:13:19,505 - ethnicity_interaction_visualization - INFO - Added significant interactions for India at DAUID 35204870
2025-04-30 00:13:19,505 - ethnicity_interaction_visualization - INFO - Added significant interactions for Philippines at DAUID 35204870
2025-04-30 00:13:19,505 - ethnicity_interaction_visualization - INFO - Added significant interactions for Portugal at DAUID 35204870
2025-04-30 00:13:19,506 - ethnicity_interaction_visualization - INFO - Added significant interactions for Sri Lanka at DAUID 35204870
2025-04-30 00:13:19,506 - ethnicity_interaction_visualization - INFO - Added significant interactions for China at DAUID 35200379
2025-04-30 00:13:19,506 - ethnicity_interaction_visualization - INFO - Added significant interactions for India at DAUID 35200379
2025-04-30 00:13:19,506 - ethnicity_interaction_visualization - INFO - Added significant interactions for Philippines at DAUID 35200379
2025-04-30 00:13:19,506 - ethnicity_interaction_visualization - INFO - Added significant interactions for Portugal at DAUID 35200379
2025-04-30 00:13:19,506 - ethnicity_interaction_visualization - INFO - Added significant interactions for Sri Lanka at DAUID 35200379
2025-04-30 00:13:19,507 - ethnicity_interaction_visualization - INFO - Added significant interactions for China at DAUID 35201761
2025-04-30 00:13:19,507 - ethnicity_interaction_visualization - INFO - Added significant interactions for India at DAUID 35201761
2025-04-30 00:13:19,507 - ethnicity_interaction_visualization - INFO - Added significant interactions for Philippines at DAUID 35201761
2025-04-30 00:13:19,507 - ethnicity_interaction_visualization - INFO - Added significant interactions for Portugal at DAUID 35201761
2025-04-30 00:13:19,507 - ethnicity_interaction_visualization - INFO - Added significant interactions for Sri Lanka at DAUID 35201761
2025-04-30 00:13:19,507 - ethnicity_interaction_visualization - INFO - Added significant interactions for China at DAUID 35200791
2025-04-30 00:13:19,508 - ethnicity_interaction_visualization - INFO - Added significant interactions for India at DAUID 35200791
2025-04-30 00:13:19,508 - ethnicity_interaction_visualization - INFO - Added significant interactions for Philippines at DAUID 35200791
2025-04-30 00:13:19,508 - ethnicity_interaction_visualization - INFO - Added significant interactions for Portugal at DAUID 35200791
2025-04-30 00:13:19,508 - ethnicity_interaction_visualization - INFO - Added significant interactions for Sri Lanka at DAUID 35200791
2025-04-30 00:13:19,508 - ethnicity_interaction_visualization - INFO - Added significant interactions for China at DAUID 35203315
2025-04-30 00:13:19,508 - ethnicity_interaction_visualization - INFO - Added significant interactions for India at DAUID 35203315
2025-04-30 00:13:19,508 - ethnicity_interaction_visualization - INFO - Added significant interactions for Philippines at DAUID 35203315
2025-04-30 00:13:19,508 - ethnicity_interaction_visualization - INFO - Added significant interactions for Portugal at DAUID 35203315
2025-04-30 00:13:19,508 - ethnicity_interaction_visualization - INFO - Added significant interactions for Sri Lanka at DAUID 35203315
2025-04-30 00:13:19,509 - ethnicity_interaction_visualization - INFO - Added significant interactions for China at DAUID 35203532
2025-04-30 00:13:19,509 - ethnicity_interaction_visualization - INFO - Added significant interactions for India at DAUID 35203532
2025-04-30 00:13:19,509 - ethnicity_interaction_visualization - INFO - Added significant interactions for Philippines at DAUID 35203532
2025-04-30 00:13:19,509 - ethnicity_interaction_visualization - INFO - Added significant interactions for Portugal at DAUID 35203532
2025-04-30 00:13:19,509 - ethnicity_interaction_visualization - INFO - Added significant interactions for Sri Lanka at DAUID 35203532
2025-04-30 00:13:19,509 - ethnicity_interaction_visualization - INFO - Added significant interactions for China at DAUID 35203812
2025-04-30 00:13:19,510 - ethnicity_interaction_visualization - INFO - Added significant interactions for India at DAUID 35203812
2025-04-30 00:13:19,510 - ethnicity_interaction_visualization - INFO - Added significant interactions for Philippines at DAUID 35203812
2025-04-30 00:13:19,510 - ethnicity_interaction_visualization - INFO - Added significant interactions for Portugal at DAUID 35203812
2025-04-30 00:13:19,510 - ethnicity_interaction_visualization - INFO - Added significant interactions for Sri Lanka at DAUID 35203812
2025-04-30 00:13:19,510 - ethnicity_interaction_visualization - INFO - Added significant interactions for China at DAUID 35203000
2025-04-30 00:13:19,510 - ethnicity_interaction_visualization - INFO - Added significant interactions for India at DAUID 35203000
2025-04-30 00:13:19,511 - ethnicity_interaction_visualization - INFO - Added significant interactions for Philippines at DAUID 35203000
2025-04-30 00:13:19,511 - ethnicity_interaction_visualization - INFO - Added significant interactions for Portugal at DAUID 35203000
2025-04-30 00:13:19,511 - ethnicity_interaction_visualization - INFO - Added significant interactions for Sri Lanka at DAUID 35203000
2025-04-30 00:13:19,511 - ethnicity_interaction_visualization - INFO - Added significant interactions for China at DAUID 35202574
2025-04-30 00:13:19,511 - ethnicity_interaction_visualization - INFO - Added significant interactions for India at DAUID 35202574
2025-04-30 00:13:19,511 - ethnicity_interaction_visualization - INFO - Added significant interactions for Philippines at DAUID 35202574
2025-04-30 00:13:19,511 - ethnicity_interaction_visualization - INFO - Added significant interactions for Portugal at DAUID 35202574
2025-04-30 00:13:19,512 - ethnicity_interaction_visualization - INFO - Added significant interactions for Sri Lanka at DAUID 35202574
2025-04-30 00:13:19,512 - ethnicity_interaction_visualization - INFO - Added significant interactions for China at DAUID 35203389
2025-04-30 00:13:19,512 - ethnicity_interaction_visualization - INFO - Added significant interactions for India at DAUID 35203389
2025-04-30 00:13:19,512 - ethnicity_interaction_visualization - INFO - Added significant interactions for Philippines at DAUID 35203389
2025-04-30 00:13:19,512 - ethnicity_interaction_visualization - INFO - Added significant interactions for Portugal at DAUID 35203389
2025-04-30 00:13:19,513 - ethnicity_interaction_visualization - INFO - Added significant interactions for Sri Lanka at DAUID 35203389
2025-04-30 00:13:19,513 - ethnicity_interaction_visualization - INFO - Added significant interactions for China at DAUID 35202891
2025-04-30 00:13:19,513 - ethnicity_interaction_visualization - INFO - Added significant interactions for India at DAUID 35202891
2025-04-30 00:13:19,513 - ethnicity_interaction_visualization - INFO - Added significant interactions for Philippines at DAUID 35202891
2025-04-30 00:13:19,513 - ethnicity_interaction_visualization - INFO - Added significant interactions for Portugal at DAUID 35202891
2025-04-30 00:13:19,513 - ethnicity_interaction_visualization - INFO - Added significant interactions for Sri Lanka at DAUID 35202891
2025-04-30 00:13:19,514 - ethnicity_interaction_visualization - INFO - Added significant interactions for China at DAUID 35200386
2025-04-30 00:13:19,514 - ethnicity_interaction_visualization - INFO - Added significant interactions for India at DAUID 35200386
2025-04-30 00:13:19,514 - ethnicity_interaction_visualization - INFO - Added significant interactions for Philippines at DAUID 35200386
2025-04-30 00:13:19,514 - ethnicity_interaction_visualization - INFO - Added significant interactions for Portugal at DAUID 35200386
2025-04-30 00:13:19,514 - ethnicity_interaction_visualization - INFO - Added significant interactions for Sri Lanka at DAUID 35200386
2025-04-30 00:13:19,515 - ethnicity_interaction_visualization - INFO - Added significant interactions for China at DAUID 35202901
2025-04-30 00:13:19,515 - ethnicity_interaction_visualization - INFO - Added significant interactions for India at DAUID 35202901
2025-04-30 00:13:19,515 - ethnicity_interaction_visualization - INFO - Added significant interactions for Philippines at DAUID 35202901
2025-04-30 00:13:19,515 - ethnicity_interaction_visualization - INFO - Added significant interactions for Portugal at DAUID 35202901
2025-04-30 00:13:19,515 - ethnicity_interaction_visualization - INFO - Added significant interactions for Sri Lanka at DAUID 35202901
2025-04-30 00:13:19,515 - ethnicity_interaction_visualization - INFO - Added significant interactions for China at DAUID 35204361
2025-04-30 00:13:19,515 - ethnicity_interaction_visualization - INFO - Added significant interactions for India at DAUID 35204361
2025-04-30 00:13:19,516 - ethnicity_interaction_visualization - INFO - Added significant interactions for Philippines at DAUID 35204361
2025-04-30 00:13:19,516 - ethnicity_interaction_visualization - INFO - Added significant interactions for Portugal at DAUID 35204361
2025-04-30 00:13:19,516 - ethnicity_interaction_visualization - INFO - Added significant interactions for Sri Lanka at DAUID 35204361
2025-04-30 00:13:19,516 - ethnicity_interaction_visualization - INFO - Added significant interactions for China at DAUID 35202300
2025-04-30 00:13:19,516 - ethnicity_interaction_visualization - INFO - Added significant interactions for India at DAUID 35202300
2025-04-30 00:13:19,516 - ethnicity_interaction_visualization - INFO - Added significant interactions for Philippines at DAUID 35202300
2025-04-30 00:13:19,517 - ethnicity_interaction_visualization - INFO - Added significant interactions for Portugal at DAUID 35202300
2025-04-30 00:13:19,517 - ethnicity_interaction_visualization - INFO - Added significant interactions for Sri Lanka at DAUID 35202300
2025-04-30 00:13:19,517 - ethnicity_interaction_visualization - INFO - Added significant interactions for China at DAUID 35200798
2025-04-30 00:13:19,517 - ethnicity_interaction_visualization - INFO - Added significant interactions for India at DAUID 35200798
2025-04-30 00:13:19,517 - ethnicity_interaction_visualization - INFO - Added significant interactions for Philippines at DAUID 35200798
2025-04-30 00:13:19,517 - ethnicity_interaction_visualization - INFO - Added significant interactions for Portugal at DAUID 35200798
2025-04-30 00:13:19,519 - ethnicity_interaction_visualization - INFO - Added significant interactions for Sri Lanka at DAUID 35200798
2025-04-30 00:13:19,519 - ethnicity_interaction_visualization - INFO - Added significant interactions for China at DAUID 35204927
2025-04-30 00:13:19,519 - ethnicity_interaction_visualization - INFO - Added significant interactions for India at DAUID 35204927
2025-04-30 00:13:19,519 - ethnicity_interaction_visualization - INFO - Added significant interactions for Philippines at DAUID 35204927
2025-04-30 00:13:19,519 - ethnicity_interaction_visualization - INFO - Added significant interactions for Portugal at DAUID 35204927
2025-04-30 00:13:19,519 - ethnicity_interaction_visualization - INFO - Added significant interactions for Sri Lanka at DAUID 35204927
2025-04-30 00:13:19,519 - ethnicity_interaction_visualization - INFO - Added significant interactions for China at DAUID 35202653
2025-04-30 00:13:19,519 - ethnicity_interaction_visualization - INFO - Added significant interactions for India at DAUID 35202653
2025-04-30 00:13:19,519 - ethnicity_interaction_visualization - INFO - Added significant interactions for Philippines at DAUID 35202653
2025-04-30 00:13:19,519 - ethnicity_interaction_visualization - INFO - Added significant interactions for Portugal at DAUID 35202653
2025-04-30 00:13:19,519 - ethnicity_interaction_visualization - INFO - Added significant interactions for Sri Lanka at DAUID 35202653
2025-04-30 00:13:19,519 - ethnicity_interaction_visualization - INFO - Added significant interactions for China at DAUID 35204497
2025-04-30 00:13:19,519 - ethnicity_interaction_visualization - INFO - Added significant interactions for India at DAUID 35204497
2025-04-30 00:13:19,521 - ethnicity_interaction_visualization - INFO - Added significant interactions for Philippines at DAUID 35204497
2025-04-30 00:13:19,521 - ethnicity_interaction_visualization - INFO - Added significant interactions for Portugal at DAUID 35204497
2025-04-30 00:13:19,521 - ethnicity_interaction_visualization - INFO - Added significant interactions for Sri Lanka at DAUID 35204497
2025-04-30 00:13:19,521 - ethnicity_interaction_visualization - INFO - Added significant interactions for China at DAUID 35200906
2025-04-30 00:13:19,522 - ethnicity_interaction_visualization - INFO - Added significant interactions for India at DAUID 35200906
2025-04-30 00:13:19,522 - ethnicity_interaction_visualization - INFO - Added significant interactions for Philippines at DAUID 35200906
2025-04-30 00:13:19,522 - ethnicity_interaction_visualization - INFO - Added significant interactions for Portugal at DAUID 35200906
2025-04-30 00:13:19,522 - ethnicity_interaction_visualization - INFO - Added significant interactions for Sri Lanka at DAUID 35200906
2025-04-30 00:13:19,522 - ethnicity_interaction_visualization - INFO - Added significant interactions for China at DAUID 35204776
2025-04-30 00:13:19,522 - ethnicity_interaction_visualization - INFO - Added significant interactions for India at DAUID 35204776
2025-04-30 00:13:19,522 - ethnicity_interaction_visualization - INFO - Added significant interactions for Philippines at DAUID 35204776
2025-04-30 00:13:19,523 - ethnicity_interaction_visualization - INFO - Added significant interactions for Portugal at DAUID 35204776
2025-04-30 00:13:19,523 - ethnicity_interaction_visualization - INFO - Added significant interactions for Sri Lanka at DAUID 35204776
2025-04-30 00:13:19,523 - ethnicity_interaction_visualization - INFO - Added significant interactions for China at DAUID 35200082
2025-04-30 00:13:19,523 - ethnicity_interaction_visualization - INFO - Added significant interactions for India at DAUID 35200082
2025-04-30 00:13:19,523 - ethnicity_interaction_visualization - INFO - Added significant interactions for Philippines at DAUID 35200082
2025-04-30 00:13:19,523 - ethnicity_interaction_visualization - INFO - Added significant interactions for Portugal at DAUID 35200082
2025-04-30 00:13:19,524 - ethnicity_interaction_visualization - INFO - Added significant interactions for Sri Lanka at DAUID 35200082
2025-04-30 00:13:19,524 - ethnicity_interaction_visualization - INFO - Added significant interactions for China at DAUID 35200725
2025-04-30 00:13:19,524 - ethnicity_interaction_visualization - INFO - Added significant interactions for India at DAUID 35200725
2025-04-30 00:13:19,524 - ethnicity_interaction_visualization - INFO - Added significant interactions for Philippines at DAUID 35200725
2025-04-30 00:13:19,524 - ethnicity_interaction_visualization - INFO - Added significant interactions for Portugal at DAUID 35200725
2025-04-30 00:13:19,524 - ethnicity_interaction_visualization - INFO - Added significant interactions for Sri Lanka at DAUID 35200725
2025-04-30 00:13:19,524 - ethnicity_interaction_visualization - INFO - Added significant interactions for China at DAUID 35202418
2025-04-30 00:13:19,525 - ethnicity_interaction_visualization - INFO - Added significant interactions for India at DAUID 35202418
2025-04-30 00:13:19,525 - ethnicity_interaction_visualization - INFO - Added significant interactions for Philippines at DAUID 35202418
2025-04-30 00:13:19,525 - ethnicity_interaction_visualization - INFO - Added significant interactions for Portugal at DAUID 35202418
2025-04-30 00:13:19,525 - ethnicity_interaction_visualization - INFO - Added significant interactions for Sri Lanka at DAUID 35202418
2025-04-30 00:13:19,525 - ethnicity_interaction_visualization - INFO - Added significant interactions for China at DAUID 35202598
2025-04-30 00:13:19,525 - ethnicity_interaction_visualization - INFO - Added significant interactions for India at DAUID 35202598
2025-04-30 00:13:19,526 - ethnicity_interaction_visualization - INFO - Added significant interactions for Philippines at DAUID 35202598
2025-04-30 00:13:19,526 - ethnicity_interaction_visualization - INFO - Added significant interactions for Portugal at DAUID 35202598
2025-04-30 00:13:19,526 - ethnicity_interaction_visualization - INFO - Added significant interactions for Sri Lanka at DAUID 35202598
2025-04-30 00:13:19,526 - ethnicity_interaction_visualization - INFO - Added significant interactions for China at DAUID 35203657
2025-04-30 00:13:19,526 - ethnicity_interaction_visualization - INFO - Added significant interactions for India at DAUID 35203657
2025-04-30 00:13:19,526 - ethnicity_interaction_visualization - INFO - Added significant interactions for Philippines at DAUID 35203657
2025-04-30 00:13:19,527 - ethnicity_interaction_visualization - INFO - Added significant interactions for Portugal at DAUID 35203657
2025-04-30 00:13:19,527 - ethnicity_interaction_visualization - INFO - Added significant interactions for Sri Lanka at DAUID 35203657
2025-04-30 00:13:19,527 - ethnicity_interaction_visualization - INFO - Added significant interactions for China at DAUID 35202389
2025-04-30 00:13:19,527 - ethnicity_interaction_visualization - INFO - Added significant interactions for India at DAUID 35202389
2025-04-30 00:13:19,527 - ethnicity_interaction_visualization - INFO - Added significant interactions for Philippines at DAUID 35202389
2025-04-30 00:13:19,527 - ethnicity_interaction_visualization - INFO - Added significant interactions for Portugal at DAUID 35202389
2025-04-30 00:13:19,527 - ethnicity_interaction_visualization - INFO - Added significant interactions for Sri Lanka at DAUID 35202389
2025-04-30 00:13:19,528 - ethnicity_interaction_visualization - INFO - Added significant interactions for China at DAUID 35203690
2025-04-30 00:13:19,528 - ethnicity_interaction_visualization - INFO - Added significant interactions for India at DAUID 35203690
2025-04-30 00:13:19,528 - ethnicity_interaction_visualization - INFO - Added significant interactions for Philippines at DAUID 35203690
2025-04-30 00:13:19,528 - ethnicity_interaction_visualization - INFO - Added significant interactions for Portugal at DAUID 35203690
2025-04-30 00:13:19,528 - ethnicity_interaction_visualization - INFO - Added significant interactions for Sri Lanka at DAUID 35203690
2025-04-30 00:13:19,528 - ethnicity_interaction_visualization - INFO - Added significant interactions for China at DAUID 35202478
2025-04-30 00:13:19,528 - ethnicity_interaction_visualization - INFO - Added significant interactions for India at DAUID 35202478
2025-04-30 00:13:19,528 - ethnicity_interaction_visualization - INFO - Added significant interactions for Philippines at DAUID 35202478
2025-04-30 00:13:19,528 - ethnicity_interaction_visualization - INFO - Added significant interactions for Portugal at DAUID 35202478
2025-04-30 00:13:19,529 - ethnicity_interaction_visualization - INFO - Added significant interactions for Sri Lanka at DAUID 35202478
2025-04-30 00:13:19,529 - ethnicity_interaction_visualization - INFO - Added significant interactions for China at DAUID 35203734
2025-04-30 00:13:19,529 - ethnicity_interaction_visualization - INFO - Added significant interactions for India at DAUID 35203734
2025-04-30 00:13:19,529 - ethnicity_interaction_visualization - INFO - Added significant interactions for Philippines at DAUID 35203734
2025-04-30 00:13:19,529 - ethnicity_interaction_visualization - INFO - Added significant interactions for Portugal at DAUID 35203734
2025-04-30 00:13:19,529 - ethnicity_interaction_visualization - INFO - Added significant interactions for Sri Lanka at DAUID 35203734
2025-04-30 00:13:19,530 - ethnicity_interaction_visualization - INFO - Added significant interactions for China at DAUID 35203348
2025-04-30 00:13:19,530 - ethnicity_interaction_visualization - INFO - Added significant interactions for India at DAUID 35203348
2025-04-30 00:13:19,530 - ethnicity_interaction_visualization - INFO - Added significant interactions for Philippines at DAUID 35203348
2025-04-30 00:13:19,530 - ethnicity_interaction_visualization - INFO - Added significant interactions for Portugal at DAUID 35203348
2025-04-30 00:13:19,530 - ethnicity_interaction_visualization - INFO - Added significant interactions for Sri Lanka at DAUID 35203348
2025-04-30 00:13:19,531 - ethnicity_interaction_visualization - INFO - Added significant interactions for China at DAUID 35201011
2025-04-30 00:13:19,531 - ethnicity_interaction_visualization - INFO - Added significant interactions for India at DAUID 35201011
2025-04-30 00:13:19,531 - ethnicity_interaction_visualization - INFO - Added significant interactions for Philippines at DAUID 35201011
2025-04-30 00:13:19,531 - ethnicity_interaction_visualization - INFO - Added significant interactions for Portugal at DAUID 35201011
2025-04-30 00:13:19,531 - ethnicity_interaction_visualization - INFO - Added significant interactions for Sri Lanka at DAUID 35201011
2025-04-30 00:13:19,531 - ethnicity_interaction_visualization - INFO - Added significant interactions for China at DAUID 35200402
2025-04-30 00:13:19,531 - ethnicity_interaction_visualization - INFO - Added significant interactions for India at DAUID 35200402
2025-04-30 00:13:19,532 - ethnicity_interaction_visualization - INFO - Added significant interactions for Philippines at DAUID 35200402
2025-04-30 00:13:19,532 - ethnicity_interaction_visualization - INFO - Added significant interactions for Portugal at DAUID 35200402
2025-04-30 00:13:19,532 - ethnicity_interaction_visualization - INFO - Added significant interactions for Sri Lanka at DAUID 35200402
2025-04-30 00:13:19,532 - ethnicity_interaction_visualization - INFO - Added significant interactions for China at DAUID 35203637
2025-04-30 00:13:19,532 - ethnicity_interaction_visualization - INFO - Added significant interactions for India at DAUID 35203637
2025-04-30 00:13:19,532 - ethnicity_interaction_visualization - INFO - Added significant interactions for Philippines at DAUID 35203637
2025-04-30 00:13:19,532 - ethnicity_interaction_visualization - INFO - Added significant interactions for Portugal at DAUID 35203637
2025-04-30 00:13:19,533 - ethnicity_interaction_visualization - INFO - Added significant interactions for Sri Lanka at DAUID 35203637
2025-04-30 00:13:19,533 - ethnicity_interaction_visualization - INFO - Added significant interactions for China at DAUID 35202345
2025-04-30 00:13:19,533 - ethnicity_interaction_visualization - INFO - Added significant interactions for India at DAUID 35202345
2025-04-30 00:13:19,533 - ethnicity_interaction_visualization - INFO - Added significant interactions for Philippines at DAUID 35202345
2025-04-30 00:13:19,533 - ethnicity_interaction_visualization - INFO - Added significant interactions for Portugal at DAUID 35202345
2025-04-30 00:13:19,533 - ethnicity_interaction_visualization - INFO - Added significant interactions for Sri Lanka at DAUID 35202345
2025-04-30 00:13:19,534 - ethnicity_interaction_visualization - INFO - Added significant interactions for China at DAUID 35204068
2025-04-30 00:13:19,534 - ethnicity_interaction_visualization - INFO - Added significant interactions for India at DAUID 35204068
2025-04-30 00:13:19,534 - ethnicity_interaction_visualization - INFO - Added significant interactions for Philippines at DAUID 35204068
2025-04-30 00:13:19,534 - ethnicity_interaction_visualization - INFO - Added significant interactions for Portugal at DAUID 35204068
2025-04-30 00:13:19,534 - ethnicity_interaction_visualization - INFO - Added significant interactions for Sri Lanka at DAUID 35204068
2025-04-30 00:13:19,534 - ethnicity_interaction_visualization - INFO - Added significant interactions for China at DAUID 35204930
2025-04-30 00:13:19,534 - ethnicity_interaction_visualization - INFO - Added significant interactions for India at DAUID 35204930
2025-04-30 00:13:19,535 - ethnicity_interaction_visualization - INFO - Added significant interactions for Philippines at DAUID 35204930
2025-04-30 00:13:19,535 - ethnicity_interaction_visualization - INFO - Added significant interactions for Portugal at DAUID 35204930
2025-04-30 00:13:19,535 - ethnicity_interaction_visualization - INFO - Added significant interactions for Sri Lanka at DAUID 35204930
2025-04-30 00:13:19,535 - ethnicity_interaction_visualization - INFO - Added significant interactions for China at DAUID 35204839
2025-04-30 00:13:19,535 - ethnicity_interaction_visualization - INFO - Added significant interactions for India at DAUID 35204839
2025-04-30 00:13:19,535 - ethnicity_interaction_visualization - INFO - Added significant interactions for Philippines at DAUID 35204839
2025-04-30 00:13:19,536 - ethnicity_interaction_visualization - INFO - Added significant interactions for Portugal at DAUID 35204839
2025-04-30 00:13:19,536 - ethnicity_interaction_visualization - INFO - Added significant interactions for Sri Lanka at DAUID 35204839
2025-04-30 00:13:19,536 - ethnicity_interaction_visualization - INFO - Added significant interactions for China at DAUID 35204291
2025-04-30 00:13:19,536 - ethnicity_interaction_visualization - INFO - Added significant interactions for India at DAUID 35204291
2025-04-30 00:13:19,536 - ethnicity_interaction_visualization - INFO - Added significant interactions for Philippines at DAUID 35204291
2025-04-30 00:13:19,536 - ethnicity_interaction_visualization - INFO - Added significant interactions for Portugal at DAUID 35204291
2025-04-30 00:13:19,536 - ethnicity_interaction_visualization - INFO - Added significant interactions for Sri Lanka at DAUID 35204291
2025-04-30 00:13:19,536 - ethnicity_interaction_visualization - INFO - Added significant interactions for China at DAUID 35204327
2025-04-30 00:13:19,536 - ethnicity_interaction_visualization - INFO - Added significant interactions for India at DAUID 35204327
2025-04-30 00:13:19,536 - ethnicity_interaction_visualization - INFO - Added significant interactions for Philippines at DAUID 35204327
2025-04-30 00:13:19,538 - ethnicity_interaction_visualization - INFO - Added significant interactions for Portugal at DAUID 35204327
2025-04-30 00:13:19,538 - ethnicity_interaction_visualization - INFO - Added significant interactions for Sri Lanka at DAUID 35204327
2025-04-30 00:13:19,538 - ethnicity_interaction_visualization - INFO - Added significant interactions for China at DAUID 35202568
2025-04-30 00:13:19,538 - ethnicity_interaction_visualization - INFO - Added significant interactions for India at DAUID 35202568
2025-04-30 00:13:19,538 - ethnicity_interaction_visualization - INFO - Added significant interactions for Philippines at DAUID 35202568
2025-04-30 00:13:19,539 - ethnicity_interaction_visualization - INFO - Added significant interactions for Portugal at DAUID 35202568
2025-04-30 00:13:19,539 - ethnicity_interaction_visualization - INFO - Added significant interactions for Sri Lanka at DAUID 35202568
2025-04-30 00:13:19,539 - ethnicity_interaction_visualization - INFO - Added significant interactions for China at DAUID 35203829
2025-04-30 00:13:19,539 - ethnicity_interaction_visualization - INFO - Added significant interactions for India at DAUID 35203829
2025-04-30 00:13:19,539 - ethnicity_interaction_visualization - INFO - Added significant interactions for Philippines at DAUID 35203829
2025-04-30 00:13:19,539 - ethnicity_interaction_visualization - INFO - Added significant interactions for Portugal at DAUID 35203829
2025-04-30 00:13:19,540 - ethnicity_interaction_visualization - INFO - Added significant interactions for Sri Lanka at DAUID 35203829
2025-04-30 00:13:19,540 - ethnicity_interaction_visualization - INFO - Added significant interactions for China at DAUID 35202413
2025-04-30 00:13:19,540 - ethnicity_interaction_visualization - INFO - Added significant interactions for India at DAUID 35202413
2025-04-30 00:13:19,540 - ethnicity_interaction_visualization - INFO - Added significant interactions for Philippines at DAUID 35202413
2025-04-30 00:13:19,540 - ethnicity_interaction_visualization - INFO - Added significant interactions for Portugal at DAUID 35202413
2025-04-30 00:13:19,540 - ethnicity_interaction_visualization - INFO - Added significant interactions for Sri Lanka at DAUID 35202413
2025-04-30 00:13:19,540 - ethnicity_interaction_visualization - INFO - Added significant interactions for China at DAUID 35201592
2025-04-30 00:13:19,541 - ethnicity_interaction_visualization - INFO - Added significant interactions for India at DAUID 35201592
2025-04-30 00:13:19,541 - ethnicity_interaction_visualization - INFO - Added significant interactions for Philippines at DAUID 35201592
2025-04-30 00:13:19,541 - ethnicity_interaction_visualization - INFO - Added significant interactions for Portugal at DAUID 35201592
2025-04-30 00:13:19,541 - ethnicity_interaction_visualization - INFO - Added significant interactions for Sri Lanka at DAUID 35201592
2025-04-30 00:13:19,541 - ethnicity_interaction_visualization - INFO - Added significant interactions for China at DAUID 35202448
2025-04-30 00:13:19,542 - ethnicity_interaction_visualization - INFO - Added significant interactions for India at DAUID 35202448
2025-04-30 00:13:19,542 - ethnicity_interaction_visualization - INFO - Added significant interactions for Philippines at DAUID 35202448
2025-04-30 00:13:19,542 - ethnicity_interaction_visualization - INFO - Added significant interactions for Portugal at DAUID 35202448
2025-04-30 00:13:19,542 - ethnicity_interaction_visualization - INFO - Added significant interactions for Sri Lanka at DAUID 35202448
2025-04-30 00:13:19,542 - ethnicity_interaction_visualization - INFO - Added significant interactions for China at DAUID 35204918
2025-04-30 00:13:19,542 - ethnicity_interaction_visualization - INFO - Added significant interactions for India at DAUID 35204918
2025-04-30 00:13:19,543 - ethnicity_interaction_visualization - INFO - Added significant interactions for Philippines at DAUID 35204918
2025-04-30 00:13:19,543 - ethnicity_interaction_visualization - INFO - Added significant interactions for Portugal at DAUID 35204918
2025-04-30 00:13:19,543 - ethnicity_interaction_visualization - INFO - Added significant interactions for Sri Lanka at DAUID 35204918
2025-04-30 00:13:19,543 - ethnicity_interaction_visualization - INFO - Added significant interactions for China at DAUID 35200610
2025-04-30 00:13:19,543 - ethnicity_interaction_visualization - INFO - Added significant interactions for India at DAUID 35200610
2025-04-30 00:13:19,543 - ethnicity_interaction_visualization - INFO - Added significant interactions for Philippines at DAUID 35200610
2025-04-30 00:13:19,544 - ethnicity_interaction_visualization - INFO - Added significant interactions for Portugal at DAUID 35200610
2025-04-30 00:13:19,544 - ethnicity_interaction_visualization - INFO - Added significant interactions for Sri Lanka at DAUID 35200610
2025-04-30 00:13:19,544 - ethnicity_interaction_visualization - INFO - Added significant interactions for China at DAUID 35202036
2025-04-30 00:13:19,544 - ethnicity_interaction_visualization - INFO - Added significant interactions for India at DAUID 35202036
2025-04-30 00:13:19,544 - ethnicity_interaction_visualization - INFO - Added significant interactions for Philippines at DAUID 35202036
2025-04-30 00:13:19,544 - ethnicity_interaction_visualization - INFO - Added significant interactions for Portugal at DAUID 35202036
2025-04-30 00:13:19,544 - ethnicity_interaction_visualization - INFO - Added significant interactions for Sri Lanka at DAUID 35202036
2025-04-30 00:13:19,544 - ethnicity_interaction_visualization - INFO - Added significant interactions for China at DAUID 35202372
2025-04-30 00:13:19,545 - ethnicity_interaction_visualization - INFO - Added significant interactions for India at DAUID 35202372
2025-04-30 00:13:19,545 - ethnicity_interaction_visualization - INFO - Added significant interactions for Philippines at DAUID 35202372
2025-04-30 00:13:19,545 - ethnicity_interaction_visualization - INFO - Added significant interactions for Portugal at DAUID 35202372
2025-04-30 00:13:19,545 - ethnicity_interaction_visualization - INFO - Added significant interactions for Sri Lanka at DAUID 35202372
2025-04-30 00:13:19,546 - ethnicity_interaction_visualization - INFO - Added significant interactions for China at DAUID 35204356
2025-04-30 00:13:19,546 - ethnicity_interaction_visualization - INFO - Added significant interactions for India at DAUID 35204356
2025-04-30 00:13:19,546 - ethnicity_interaction_visualization - INFO - Added significant interactions for Philippines at DAUID 35204356
2025-04-30 00:13:19,546 - ethnicity_interaction_visualization - INFO - Added significant interactions for Portugal at DAUID 35204356
2025-04-30 00:13:19,546 - ethnicity_interaction_visualization - INFO - Added significant interactions for Sri Lanka at DAUID 35204356
2025-04-30 00:13:19,546 - ethnicity_interaction_visualization - INFO - Added significant interactions for China at DAUID 35204021
2025-04-30 00:13:19,546 - ethnicity_interaction_visualization - INFO - Added significant interactions for India at DAUID 35204021
2025-04-30 00:13:19,546 - ethnicity_interaction_visualization - INFO - Added significant interactions for Philippines at DAUID 35204021
2025-04-30 00:13:19,547 - ethnicity_interaction_visualization - INFO - Added significant interactions for Portugal at DAUID 35204021
2025-04-30 00:13:19,547 - ethnicity_interaction_visualization - INFO - Added significant interactions for Sri Lanka at DAUID 35204021
2025-04-30 00:13:19,547 - ethnicity_interaction_visualization - INFO - Added significant interactions for China at DAUID 35203458
2025-04-30 00:13:19,547 - ethnicity_interaction_visualization - INFO - Added significant interactions for India at DAUID 35203458
2025-04-30 00:13:19,547 - ethnicity_interaction_visualization - INFO - Added significant interactions for Philippines at DAUID 35203458
2025-04-30 00:13:19,547 - ethnicity_interaction_visualization - INFO - Added significant interactions for Portugal at DAUID 35203458
2025-04-30 00:13:19,548 - ethnicity_interaction_visualization - INFO - Added significant interactions for Sri Lanka at DAUID 35203458
2025-04-30 00:13:19,548 - ethnicity_interaction_visualization - INFO - Added significant interactions for China at DAUID 35204450
2025-04-30 00:13:19,548 - ethnicity_interaction_visualization - INFO - Added significant interactions for India at DAUID 35204450
2025-04-30 00:13:19,548 - ethnicity_interaction_visualization - INFO - Added significant interactions for Philippines at DAUID 35204450
2025-04-30 00:13:19,548 - ethnicity_interaction_visualization - INFO - Added significant interactions for Portugal at DAUID 35204450
2025-04-30 00:13:19,549 - ethnicity_interaction_visualization - INFO - Added significant interactions for Sri Lanka at DAUID 35204450
2025-04-30 00:13:19,549 - ethnicity_interaction_visualization - INFO - Added significant interactions for China at DAUID 35204541
2025-04-30 00:13:19,549 - ethnicity_interaction_visualization - INFO - Added significant interactions for India at DAUID 35204541
2025-04-30 00:13:19,549 - ethnicity_interaction_visualization - INFO - Added significant interactions for Philippines at DAUID 35204541
2025-04-30 00:13:19,549 - ethnicity_interaction_visualization - INFO - Added significant interactions for Portugal at DAUID 35204541
2025-04-30 00:13:19,549 - ethnicity_interaction_visualization - INFO - Added significant interactions for Sri Lanka at DAUID 35204541
2025-04-30 00:13:19,550 - ethnicity_interaction_visualization - INFO - Added significant interactions for China at DAUID 35202988
2025-04-30 00:13:19,550 - ethnicity_interaction_visualization - INFO - Added significant interactions for India at DAUID 35202988
2025-04-30 00:13:19,550 - ethnicity_interaction_visualization - INFO - Added significant interactions for Philippines at DAUID 35202988
2025-04-30 00:13:19,550 - ethnicity_interaction_visualization - INFO - Added significant interactions for Portugal at DAUID 35202988
2025-04-30 00:13:19,550 - ethnicity_interaction_visualization - INFO - Added significant interactions for Sri Lanka at DAUID 35202988
2025-04-30 00:13:19,551 - ethnicity_interaction_visualization - INFO - Added significant interactions for China at DAUID 35202940
2025-04-30 00:13:19,551 - ethnicity_interaction_visualization - INFO - Added significant interactions for India at DAUID 35202940
2025-04-30 00:13:19,551 - ethnicity_interaction_visualization - INFO - Added significant interactions for Philippines at DAUID 35202940
2025-04-30 00:13:19,551 - ethnicity_interaction_visualization - INFO - Added significant interactions for Portugal at DAUID 35202940
2025-04-30 00:13:19,551 - ethnicity_interaction_visualization - INFO - Added significant interactions for Sri Lanka at DAUID 35202940
2025-04-30 00:13:19,552 - ethnicity_interaction_visualization - INFO - Added significant interactions for China at DAUID 35201006
2025-04-30 00:13:19,552 - ethnicity_interaction_visualization - INFO - Added significant interactions for India at DAUID 35201006
2025-04-30 00:13:19,552 - ethnicity_interaction_visualization - INFO - Added significant interactions for Philippines at DAUID 35201006
2025-04-30 00:13:19,552 - ethnicity_interaction_visualization - INFO - Added significant interactions for Portugal at DAUID 35201006
2025-04-30 00:13:19,552 - ethnicity_interaction_visualization - INFO - Added significant interactions for Sri Lanka at DAUID 35201006
2025-04-30 00:13:19,552 - ethnicity_interaction_visualization - INFO - Added significant interactions for China at DAUID 35203342
2025-04-30 00:13:19,552 - ethnicity_interaction_visualization - INFO - Added significant interactions for India at DAUID 35203342
2025-04-30 00:13:19,552 - ethnicity_interaction_visualization - INFO - Added significant interactions for Philippines at DAUID 35203342
2025-04-30 00:13:19,553 - ethnicity_interaction_visualization - INFO - Added significant interactions for Portugal at DAUID 35203342
2025-04-30 00:13:19,553 - ethnicity_interaction_visualization - INFO - Added significant interactions for Sri Lanka at DAUID 35203342
2025-04-30 00:13:19,553 - ethnicity_interaction_visualization - INFO - Added significant interactions for China at DAUID 35204398
2025-04-30 00:13:19,553 - ethnicity_interaction_visualization - INFO - Added significant interactions for India at DAUID 35204398
2025-04-30 00:13:19,553 - ethnicity_interaction_visualization - INFO - Added significant interactions for Philippines at DAUID 35204398
2025-04-30 00:13:19,553 - ethnicity_interaction_visualization - INFO - Added significant interactions for Portugal at DAUID 35204398
2025-04-30 00:13:19,553 - ethnicity_interaction_visualization - INFO - Added significant interactions for Sri Lanka at DAUID 35204398
2025-04-30 00:13:19,554 - ethnicity_interaction_visualization - INFO - Added significant interactions for China at DAUID 35204952
2025-04-30 00:13:19,554 - ethnicity_interaction_visualization - INFO - Added significant interactions for India at DAUID 35204952
2025-04-30 00:13:19,554 - ethnicity_interaction_visualization - INFO - Added significant interactions for Philippines at DAUID 35204952
2025-04-30 00:13:19,554 - ethnicity_interaction_visualization - INFO - Added significant interactions for Portugal at DAUID 35204952
2025-04-30 00:13:19,554 - ethnicity_interaction_visualization - INFO - Added significant interactions for Sri Lanka at DAUID 35204952
2025-04-30 00:13:19,554 - ethnicity_interaction_visualization - INFO - Added significant interactions for China at DAUID 35202614
2025-04-30 00:13:19,554 - ethnicity_interaction_visualization - INFO - Added significant interactions for India at DAUID 35202614
2025-04-30 00:13:19,555 - ethnicity_interaction_visualization - INFO - Added significant interactions for Philippines at DAUID 35202614
2025-04-30 00:13:19,555 - ethnicity_interaction_visualization - INFO - Added significant interactions for Portugal at DAUID 35202614
2025-04-30 00:13:19,555 - ethnicity_interaction_visualization - INFO - Added significant interactions for Sri Lanka at DAUID 35202614
2025-04-30 00:13:19,555 - ethnicity_interaction_visualization - INFO - Added significant interactions for China at DAUID 35204355
2025-04-30 00:13:19,555 - ethnicity_interaction_visualization - INFO - Added significant interactions for India at DAUID 35204355
2025-04-30 00:13:19,555 - ethnicity_interaction_visualization - INFO - Added significant interactions for Philippines at DAUID 35204355
2025-04-30 00:13:19,555 - ethnicity_interaction_visualization - INFO - Added significant interactions for Portugal at DAUID 35204355
2025-04-30 00:13:19,556 - ethnicity_interaction_visualization - INFO - Added significant interactions for Sri Lanka at DAUID 35204355
2025-04-30 00:13:19,556 - ethnicity_interaction_visualization - INFO - Added significant interactions for China at DAUID 35201471
2025-04-30 00:13:19,556 - ethnicity_interaction_visualization - INFO - Added significant interactions for India at DAUID 35201471
2025-04-30 00:13:19,556 - ethnicity_interaction_visualization - INFO - Added significant interactions for Philippines at DAUID 35201471
2025-04-30 00:13:19,556 - ethnicity_interaction_visualization - INFO - Added significant interactions for Portugal at DAUID 35201471
2025-04-30 00:13:19,557 - ethnicity_interaction_visualization - INFO - Added significant interactions for Sri Lanka at DAUID 35201471
2025-04-30 00:13:19,557 - ethnicity_interaction_visualization - INFO - Added significant interactions for China at DAUID 35202675
2025-04-30 00:13:19,557 - ethnicity_interaction_visualization - INFO - Added significant interactions for India at DAUID 35202675
2025-04-30 00:13:19,558 - ethnicity_interaction_visualization - INFO - Added significant interactions for Philippines at DAUID 35202675
2025-04-30 00:13:19,558 - ethnicity_interaction_visualization - INFO - Added significant interactions for Portugal at DAUID 35202675
2025-04-30 00:13:19,558 - ethnicity_interaction_visualization - INFO - Added significant interactions for Sri Lanka at DAUID 35202675
2025-04-30 00:13:19,558 - ethnicity_interaction_visualization - INFO - Added significant interactions for China at DAUID 35200918
2025-04-30 00:13:19,558 - ethnicity_interaction_visualization - INFO - Added significant interactions for India at DAUID 35200918
2025-04-30 00:13:19,558 - ethnicity_interaction_visualization - INFO - Added significant interactions for Philippines at DAUID 35200918
2025-04-30 00:13:19,559 - ethnicity_interaction_visualization - INFO - Added significant interactions for Portugal at DAUID 35200918
2025-04-30 00:13:19,559 - ethnicity_interaction_visualization - INFO - Added significant interactions for Sri Lanka at DAUID 35200918
2025-04-30 00:13:19,559 - ethnicity_interaction_visualization - INFO - Added significant interactions for China at DAUID 35204844
2025-04-30 00:13:19,559 - ethnicity_interaction_visualization - INFO - Added significant interactions for India at DAUID 35204844
2025-04-30 00:13:19,559 - ethnicity_interaction_visualization - INFO - Added significant interactions for Philippines at DAUID 35204844
2025-04-30 00:13:19,559 - ethnicity_interaction_visualization - INFO - Added significant interactions for Portugal at DAUID 35204844
2025-04-30 00:13:19,560 - ethnicity_interaction_visualization - INFO - Added significant interactions for Sri Lanka at DAUID 35204844
2025-04-30 00:13:19,560 - ethnicity_interaction_visualization - INFO - Added significant interactions for China at DAUID 35201587
2025-04-30 00:13:19,560 - ethnicity_interaction_visualization - INFO - Added significant interactions for India at DAUID 35201587
2025-04-30 00:13:19,560 - ethnicity_interaction_visualization - INFO - Added significant interactions for Philippines at DAUID 35201587
2025-04-30 00:13:19,560 - ethnicity_interaction_visualization - INFO - Added significant interactions for Portugal at DAUID 35201587
2025-04-30 00:13:19,560 - ethnicity_interaction_visualization - INFO - Added significant interactions for Sri Lanka at DAUID 35201587
2025-04-30 00:13:19,561 - ethnicity_interaction_visualization - INFO - Added significant interactions for China at DAUID 35200711
2025-04-30 00:13:19,561 - ethnicity_interaction_visualization - INFO - Added significant interactions for India at DAUID 35200711
2025-04-30 00:13:19,561 - ethnicity_interaction_visualization - INFO - Added significant interactions for Philippines at DAUID 35200711
2025-04-30 00:13:19,561 - ethnicity_interaction_visualization - INFO - Added significant interactions for Portugal at DAUID 35200711
2025-04-30 00:13:19,561 - ethnicity_interaction_visualization - INFO - Added significant interactions for Sri Lanka at DAUID 35200711
2025-04-30 00:13:19,561 - ethnicity_interaction_visualization - INFO - Added significant interactions for China at DAUID 35204576
2025-04-30 00:13:19,562 - ethnicity_interaction_visualization - INFO - Added significant interactions for India at DAUID 35204576
2025-04-30 00:13:19,562 - ethnicity_interaction_visualization - INFO - Added significant interactions for Philippines at DAUID 35204576
2025-04-30 00:13:19,562 - ethnicity_interaction_visualization - INFO - Added significant interactions for Portugal at DAUID 35204576
2025-04-30 00:13:19,562 - ethnicity_interaction_visualization - INFO - Added significant interactions for Sri Lanka at DAUID 35204576
2025-04-30 00:13:19,562 - ethnicity_interaction_visualization - INFO - Added significant interactions for China at DAUID 35204808
2025-04-30 00:13:19,562 - ethnicity_interaction_visualization - INFO - Added significant interactions for India at DAUID 35204808
2025-04-30 00:13:19,562 - ethnicity_interaction_visualization - INFO - Added significant interactions for Philippines at DAUID 35204808
2025-04-30 00:13:19,563 - ethnicity_interaction_visualization - INFO - Added significant interactions for Portugal at DAUID 35204808
2025-04-30 00:13:19,563 - ethnicity_interaction_visualization - INFO - Added significant interactions for Sri Lanka at DAUID 35204808
2025-04-30 00:13:19,563 - ethnicity_interaction_visualization - INFO - Added significant interactions for China at DAUID 35204509
2025-04-30 00:13:19,563 - ethnicity_interaction_visualization - INFO - Added significant interactions for India at DAUID 35204509
2025-04-30 00:13:19,563 - ethnicity_interaction_visualization - INFO - Added significant interactions for Philippines at DAUID 35204509
2025-04-30 00:13:19,563 - ethnicity_interaction_visualization - INFO - Added significant interactions for Portugal at DAUID 35204509
2025-04-30 00:13:19,564 - ethnicity_interaction_visualization - INFO - Added significant interactions for Sri Lanka at DAUID 35204509
2025-04-30 00:13:19,564 - ethnicity_interaction_visualization - INFO - Added significant interactions for China at DAUID 35200488
2025-04-30 00:13:19,564 - ethnicity_interaction_visualization - INFO - Added significant interactions for India at DAUID 35200488
2025-04-30 00:13:19,564 - ethnicity_interaction_visualization - INFO - Added significant interactions for Philippines at DAUID 35200488
2025-04-30 00:13:19,564 - ethnicity_interaction_visualization - INFO - Added significant interactions for Portugal at DAUID 35200488
2025-04-30 00:13:19,565 - ethnicity_interaction_visualization - INFO - Added significant interactions for Sri Lanka at DAUID 35200488
2025-04-30 00:13:19,565 - ethnicity_interaction_visualization - INFO - Added significant interactions for China at DAUID 35203170
2025-04-30 00:13:19,565 - ethnicity_interaction_visualization - INFO - Added significant interactions for India at DAUID 35203170
2025-04-30 00:13:19,565 - ethnicity_interaction_visualization - INFO - Added significant interactions for Philippines at DAUID 35203170
2025-04-30 00:13:19,565 - ethnicity_interaction_visualization - INFO - Added significant interactions for Portugal at DAUID 35203170
2025-04-30 00:13:19,565 - ethnicity_interaction_visualization - INFO - Added significant interactions for Sri Lanka at DAUID 35203170
2025-04-30 00:13:19,566 - ethnicity_interaction_visualization - INFO - Added significant interactions for China at DAUID 35204225
2025-04-30 00:13:19,566 - ethnicity_interaction_visualization - INFO - Added significant interactions for India at DAUID 35204225
2025-04-30 00:13:19,566 - ethnicity_interaction_visualization - INFO - Added significant interactions for Philippines at DAUID 35204225
2025-04-30 00:13:19,566 - ethnicity_interaction_visualization - INFO - Added significant interactions for Portugal at DAUID 35204225
2025-04-30 00:13:19,566 - ethnicity_interaction_visualization - INFO - Added significant interactions for Sri Lanka at DAUID 35204225
2025-04-30 00:13:19,566 - ethnicity_interaction_visualization - INFO - Added significant interactions for China at DAUID 35205002
2025-04-30 00:13:19,566 - ethnicity_interaction_visualization - INFO - Added significant interactions for India at DAUID 35205002
2025-04-30 00:13:19,566 - ethnicity_interaction_visualization - INFO - Added significant interactions for Philippines at DAUID 35205002
2025-04-30 00:13:19,566 - ethnicity_interaction_visualization - INFO - Added significant interactions for Portugal at DAUID 35205002
2025-04-30 00:13:19,567 - ethnicity_interaction_visualization - INFO - Added significant interactions for Sri Lanka at DAUID 35205002
2025-04-30 00:13:19,567 - ethnicity_interaction_visualization - INFO - Added significant interactions for China at DAUID 35203406
2025-04-30 00:13:19,567 - ethnicity_interaction_visualization - INFO - Added significant interactions for India at DAUID 35203406
2025-04-30 00:13:19,567 - ethnicity_interaction_visualization - INFO - Added significant interactions for Philippines at DAUID 35203406
2025-04-30 00:13:19,567 - ethnicity_interaction_visualization - INFO - Added significant interactions for Portugal at DAUID 35203406
2025-04-30 00:13:19,567 - ethnicity_interaction_visualization - INFO - Added significant interactions for Sri Lanka at DAUID 35203406
2025-04-30 00:13:19,567 - ethnicity_interaction_visualization - INFO - Added significant interactions for China at DAUID 35203323
2025-04-30 00:13:19,568 - ethnicity_interaction_visualization - INFO - Added significant interactions for India at DAUID 35203323
2025-04-30 00:13:19,568 - ethnicity_interaction_visualization - INFO - Added significant interactions for Philippines at DAUID 35203323
2025-04-30 00:13:19,568 - ethnicity_interaction_visualization - INFO - Added significant interactions for Portugal at DAUID 35203323
2025-04-30 00:13:19,568 - ethnicity_interaction_visualization - INFO - Added significant interactions for Sri Lanka at DAUID 35203323
2025-04-30 00:13:19,568 - ethnicity_interaction_visualization - INFO - Added significant interactions for China at DAUID 35202491
2025-04-30 00:13:19,568 - ethnicity_interaction_visualization - INFO - Added significant interactions for India at DAUID 35202491
2025-04-30 00:13:19,569 - ethnicity_interaction_visualization - INFO - Added significant interactions for Philippines at DAUID 35202491
2025-04-30 00:13:19,569 - ethnicity_interaction_visualization - INFO - Added significant interactions for Portugal at DAUID 35202491
2025-04-30 00:13:19,569 - ethnicity_interaction_visualization - INFO - Added significant interactions for Sri Lanka at DAUID 35202491
2025-04-30 00:13:19,569 - ethnicity_interaction_visualization - INFO - Added significant interactions for China at DAUID 35200963
2025-04-30 00:13:19,569 - ethnicity_interaction_visualization - INFO - Added significant interactions for India at DAUID 35200963
2025-04-30 00:13:19,569 - ethnicity_interaction_visualization - INFO - Added significant interactions for Philippines at DAUID 35200963
2025-04-30 00:13:19,570 - ethnicity_interaction_visualization - INFO - Added significant interactions for Portugal at DAUID 35200963
2025-04-30 00:13:19,570 - ethnicity_interaction_visualization - INFO - Added significant interactions for Sri Lanka at DAUID 35200963
2025-04-30 00:13:19,570 - ethnicity_interaction_visualization - INFO - Added significant interactions for China at DAUID 35205011
2025-04-30 00:13:19,570 - ethnicity_interaction_visualization - INFO - Added significant interactions for India at DAUID 35205011
2025-04-30 00:13:19,570 - ethnicity_interaction_visualization - INFO - Added significant interactions for Philippines at DAUID 35205011
2025-04-30 00:13:19,570 - ethnicity_interaction_visualization - INFO - Added significant interactions for Portugal at DAUID 35205011
2025-04-30 00:13:19,571 - ethnicity_interaction_visualization - INFO - Added significant interactions for Sri Lanka at DAUID 35205011
2025-04-30 00:13:19,571 - ethnicity_interaction_visualization - INFO - Added significant interactions for China at DAUID 35204982
2025-04-30 00:13:19,571 - ethnicity_interaction_visualization - INFO - Added significant interactions for India at DAUID 35204982
2025-04-30 00:13:19,571 - ethnicity_interaction_visualization - INFO - Added significant interactions for Philippines at DAUID 35204982
2025-04-30 00:13:19,571 - ethnicity_interaction_visualization - INFO - Added significant interactions for Portugal at DAUID 35204982
2025-04-30 00:13:19,571 - ethnicity_interaction_visualization - INFO - Added significant interactions for Sri Lanka at DAUID 35204982
2025-04-30 00:13:19,572 - ethnicity_interaction_visualization - INFO - Added significant interactions for China at DAUID 35203387
2025-04-30 00:13:19,572 - ethnicity_interaction_visualization - INFO - Added significant interactions for India at DAUID 35203387
2025-04-30 00:13:19,572 - ethnicity_interaction_visualization - INFO - Added significant interactions for Philippines at DAUID 35203387
2025-04-30 00:13:19,572 - ethnicity_interaction_visualization - INFO - Added significant interactions for Portugal at DAUID 35203387
2025-04-30 00:13:19,572 - ethnicity_interaction_visualization - INFO - Added significant interactions for Sri Lanka at DAUID 35203387
2025-04-30 00:13:19,572 - ethnicity_interaction_visualization - INFO - Added significant interactions for China at DAUID 35204232
2025-04-30 00:13:19,573 - ethnicity_interaction_visualization - INFO - Added significant interactions for India at DAUID 35204232
2025-04-30 00:13:19,573 - ethnicity_interaction_visualization - INFO - Added significant interactions for Philippines at DAUID 35204232
2025-04-30 00:13:19,573 - ethnicity_interaction_visualization - INFO - Added significant interactions for Portugal at DAUID 35204232
2025-04-30 00:13:19,573 - ethnicity_interaction_visualization - INFO - Added significant interactions for Sri Lanka at DAUID 35204232
2025-04-30 00:13:19,573 - ethnicity_interaction_visualization - INFO - Added significant interactions for China at DAUID 35203143
2025-04-30 00:13:19,573 - ethnicity_interaction_visualization - INFO - Added significant interactions for India at DAUID 35203143
2025-04-30 00:13:19,573 - ethnicity_interaction_visualization - INFO - Added significant interactions for Philippines at DAUID 35203143
2025-04-30 00:13:19,574 - ethnicity_interaction_visualization - INFO - Added significant interactions for Portugal at DAUID 35203143
2025-04-30 00:13:19,574 - ethnicity_interaction_visualization - INFO - Added significant interactions for Sri Lanka at DAUID 35203143
2025-04-30 00:13:19,574 - ethnicity_interaction_visualization - INFO - Added significant interactions for China at DAUID 35204810
2025-04-30 00:13:19,574 - ethnicity_interaction_visualization - INFO - Added significant interactions for India at DAUID 35204810
2025-04-30 00:13:19,574 - ethnicity_interaction_visualization - INFO - Added significant interactions for Philippines at DAUID 35204810
2025-04-30 00:13:19,574 - ethnicity_interaction_visualization - INFO - Added significant interactions for Portugal at DAUID 35204810
2025-04-30 00:13:19,575 - ethnicity_interaction_visualization - INFO - Added significant interactions for Sri Lanka at DAUID 35204810
2025-04-30 00:13:19,575 - ethnicity_interaction_visualization - INFO - Added significant interactions for China at DAUID 35203058
2025-04-30 00:13:19,575 - ethnicity_interaction_visualization - INFO - Added significant interactions for India at DAUID 35203058
2025-04-30 00:13:19,575 - ethnicity_interaction_visualization - INFO - Added significant interactions for Philippines at DAUID 35203058
2025-04-30 00:13:19,575 - ethnicity_interaction_visualization - INFO - Added significant interactions for Portugal at DAUID 35203058
2025-04-30 00:13:19,575 - ethnicity_interaction_visualization - INFO - Added significant interactions for Sri Lanka at DAUID 35203058
2025-04-30 00:13:19,575 - ethnicity_interaction_visualization - INFO - Added significant interactions for China at DAUID 35203913
2025-04-30 00:13:19,576 - ethnicity_interaction_visualization - INFO - Added significant interactions for India at DAUID 35203913
2025-04-30 00:13:19,576 - ethnicity_interaction_visualization - INFO - Added significant interactions for Philippines at DAUID 35203913
2025-04-30 00:13:19,576 - ethnicity_interaction_visualization - INFO - Added significant interactions for Portugal at DAUID 35203913
2025-04-30 00:13:19,576 - ethnicity_interaction_visualization - INFO - Added significant interactions for Sri Lanka at DAUID 35203913
2025-04-30 00:13:19,576 - ethnicity_interaction_visualization - INFO - Added significant interactions for China at DAUID 35204690
2025-04-30 00:13:19,576 - ethnicity_interaction_visualization - INFO - Added significant interactions for India at DAUID 35204690
2025-04-30 00:13:19,577 - ethnicity_interaction_visualization - INFO - Added significant interactions for Philippines at DAUID 35204690
2025-04-30 00:13:19,577 - ethnicity_interaction_visualization - INFO - Added significant interactions for Portugal at DAUID 35204690
2025-04-30 00:13:19,577 - ethnicity_interaction_visualization - INFO - Added significant interactions for Sri Lanka at DAUID 35204690
2025-04-30 00:13:19,577 - ethnicity_interaction_visualization - INFO - Added significant interactions for China at DAUID 35203842
2025-04-30 00:13:19,577 - ethnicity_interaction_visualization - INFO - Added significant interactions for India at DAUID 35203842
2025-04-30 00:13:19,577 - ethnicity_interaction_visualization - INFO - Added significant interactions for Philippines at DAUID 35203842
2025-04-30 00:13:19,579 - ethnicity_interaction_visualization - INFO - Added significant interactions for Portugal at DAUID 35203842
2025-04-30 00:13:19,579 - ethnicity_interaction_visualization - INFO - Added significant interactions for Sri Lanka at DAUID 35203842
2025-04-30 00:13:19,579 - ethnicity_interaction_visualization - INFO - Added significant interactions for China at DAUID 35201067
2025-04-30 00:13:19,579 - ethnicity_interaction_visualization - INFO - Added significant interactions for India at DAUID 35201067
2025-04-30 00:13:19,579 - ethnicity_interaction_visualization - INFO - Added significant interactions for Philippines at DAUID 35201067
2025-04-30 00:13:19,579 - ethnicity_interaction_visualization - INFO - Added significant interactions for Portugal at DAUID 35201067
2025-04-30 00:13:19,580 - ethnicity_interaction_visualization - INFO - Added significant interactions for Sri Lanka at DAUID 35201067
2025-04-30 00:13:19,580 - ethnicity_interaction_visualization - INFO - Added significant interactions for China at DAUID 35201405
2025-04-30 00:13:19,580 - ethnicity_interaction_visualization - INFO - Added significant interactions for India at DAUID 35201405
2025-04-30 00:13:19,580 - ethnicity_interaction_visualization - INFO - Added significant interactions for Philippines at DAUID 35201405
2025-04-30 00:13:19,580 - ethnicity_interaction_visualization - INFO - Added significant interactions for Portugal at DAUID 35201405
2025-04-30 00:13:19,580 - ethnicity_interaction_visualization - INFO - Added significant interactions for Sri Lanka at DAUID 35201405
2025-04-30 00:13:19,581 - ethnicity_interaction_visualization - INFO - Added significant interactions for China at DAUID 35201128
2025-04-30 00:13:19,581 - ethnicity_interaction_visualization - INFO - Added significant interactions for India at DAUID 35201128
2025-04-30 00:13:19,581 - ethnicity_interaction_visualization - INFO - Added significant interactions for Philippines at DAUID 35201128
2025-04-30 00:13:19,581 - ethnicity_interaction_visualization - INFO - Added significant interactions for Portugal at DAUID 35201128
2025-04-30 00:13:19,581 - ethnicity_interaction_visualization - INFO - Added significant interactions for Sri Lanka at DAUID 35201128
2025-04-30 00:13:19,581 - ethnicity_interaction_visualization - INFO - Added significant interactions for China at DAUID 35204330
2025-04-30 00:13:19,582 - ethnicity_interaction_visualization - INFO - Added significant interactions for India at DAUID 35204330
2025-04-30 00:13:19,582 - ethnicity_interaction_visualization - INFO - Added significant interactions for Philippines at DAUID 35204330
2025-04-30 00:13:19,582 - ethnicity_interaction_visualization - INFO - Added significant interactions for Portugal at DAUID 35204330
2025-04-30 00:13:19,582 - ethnicity_interaction_visualization - INFO - Added significant interactions for Sri Lanka at DAUID 35204330
2025-04-30 00:13:19,582 - ethnicity_interaction_visualization - INFO - Added significant interactions for China at DAUID 35200705
2025-04-30 00:13:19,582 - ethnicity_interaction_visualization - INFO - Added significant interactions for India at DAUID 35200705
2025-04-30 00:13:19,583 - ethnicity_interaction_visualization - INFO - Added significant interactions for Philippines at DAUID 35200705
2025-04-30 00:13:19,583 - ethnicity_interaction_visualization - INFO - Added significant interactions for Portugal at DAUID 35200705
2025-04-30 00:13:19,583 - ethnicity_interaction_visualization - INFO - Added significant interactions for Sri Lanka at DAUID 35200705
2025-04-30 00:13:19,583 - ethnicity_interaction_visualization - INFO - Added significant interactions for China at DAUID 35203911
2025-04-30 00:13:19,583 - ethnicity_interaction_visualization - INFO - Added significant interactions for India at DAUID 35203911
2025-04-30 00:13:19,583 - ethnicity_interaction_visualization - INFO - Added significant interactions for Philippines at DAUID 35203911
2025-04-30 00:13:19,584 - ethnicity_interaction_visualization - INFO - Added significant interactions for Portugal at DAUID 35203911
2025-04-30 00:13:19,584 - ethnicity_interaction_visualization - INFO - Added significant interactions for Sri Lanka at DAUID 35203911
2025-04-30 00:13:19,584 - ethnicity_interaction_visualization - INFO - Added significant interactions for China at DAUID 35201612
2025-04-30 00:13:19,584 - ethnicity_interaction_visualization - INFO - Added significant interactions for India at DAUID 35201612
2025-04-30 00:13:19,584 - ethnicity_interaction_visualization - INFO - Added significant interactions for Philippines at DAUID 35201612
2025-04-30 00:13:19,584 - ethnicity_interaction_visualization - INFO - Added significant interactions for Portugal at DAUID 35201612
2025-04-30 00:13:19,585 - ethnicity_interaction_visualization - INFO - Added significant interactions for Sri Lanka at DAUID 35201612
2025-04-30 00:13:19,585 - ethnicity_interaction_visualization - INFO - Added significant interactions for China at DAUID 35202299
2025-04-30 00:13:19,585 - ethnicity_interaction_visualization - INFO - Added significant interactions for India at DAUID 35202299
2025-04-30 00:13:19,585 - ethnicity_interaction_visualization - INFO - Added significant interactions for Philippines at DAUID 35202299
2025-04-30 00:13:19,585 - ethnicity_interaction_visualization - INFO - Added significant interactions for Portugal at DAUID 35202299
2025-04-30 00:13:19,585 - ethnicity_interaction_visualization - INFO - Added significant interactions for Sri Lanka at DAUID 35202299
2025-04-30 00:13:19,585 - ethnicity_interaction_visualization - INFO - Added significant interactions for China at DAUID 35200731
2025-04-30 00:13:19,586 - ethnicity_interaction_visualization - INFO - Added significant interactions for India at DAUID 35200731
2025-04-30 00:13:19,586 - ethnicity_interaction_visualization - INFO - Added significant interactions for Philippines at DAUID 35200731
2025-04-30 00:13:19,586 - ethnicity_interaction_visualization - INFO - Added significant interactions for Portugal at DAUID 35200731
2025-04-30 00:13:19,586 - ethnicity_interaction_visualization - INFO - Added significant interactions for Sri Lanka at DAUID 35200731
2025-04-30 00:13:19,586 - ethnicity_interaction_visualization - INFO - Added significant interactions for China at DAUID 35201732
2025-04-30 00:13:19,586 - ethnicity_interaction_visualization - INFO - Added significant interactions for India at DAUID 35201732
2025-04-30 00:13:19,587 - ethnicity_interaction_visualization - INFO - Added significant interactions for Philippines at DAUID 35201732
2025-04-30 00:13:19,587 - ethnicity_interaction_visualization - INFO - Added significant interactions for Portugal at DAUID 35201732
2025-04-30 00:13:19,587 - ethnicity_interaction_visualization - INFO - Added significant interactions for Sri Lanka at DAUID 35201732
2025-04-30 00:13:19,587 - ethnicity_interaction_visualization - INFO - Added significant interactions for China at DAUID 35203604
2025-04-30 00:13:19,587 - ethnicity_interaction_visualization - INFO - Added significant interactions for India at DAUID 35203604
2025-04-30 00:13:19,587 - ethnicity_interaction_visualization - INFO - Added significant interactions for Philippines at DAUID 35203604
2025-04-30 00:13:19,588 - ethnicity_interaction_visualization - INFO - Added significant interactions for Portugal at DAUID 35203604
2025-04-30 00:13:19,588 - ethnicity_interaction_visualization - INFO - Added significant interactions for Sri Lanka at DAUID 35203604
2025-04-30 00:13:19,588 - ethnicity_interaction_visualization - INFO - Added significant interactions for China at DAUID 35201350
2025-04-30 00:13:19,588 - ethnicity_interaction_visualization - INFO - Added significant interactions for India at DAUID 35201350
2025-04-30 00:13:19,588 - ethnicity_interaction_visualization - INFO - Added significant interactions for Philippines at DAUID 35201350
2025-04-30 00:13:19,588 - ethnicity_interaction_visualization - INFO - Added significant interactions for Portugal at DAUID 35201350
2025-04-30 00:13:19,588 - ethnicity_interaction_visualization - INFO - Added significant interactions for Sri Lanka at DAUID 35201350
2025-04-30 00:13:19,588 - ethnicity_interaction_visualization - INFO - Added significant interactions for China at DAUID 35202942
2025-04-30 00:13:19,588 - ethnicity_interaction_visualization - INFO - Added significant interactions for India at DAUID 35202942
2025-04-30 00:13:19,588 - ethnicity_interaction_visualization - INFO - Added significant interactions for Philippines at DAUID 35202942
2025-04-30 00:13:19,589 - ethnicity_interaction_visualization - INFO - Added significant interactions for Portugal at DAUID 35202942
2025-04-30 00:13:19,589 - ethnicity_interaction_visualization - INFO - Added significant interactions for Sri Lanka at DAUID 35202942
2025-04-30 00:13:19,589 - ethnicity_interaction_visualization - INFO - Added significant interactions for China at DAUID 35202155
2025-04-30 00:13:19,589 - ethnicity_interaction_visualization - INFO - Added significant interactions for India at DAUID 35202155
2025-04-30 00:13:19,589 - ethnicity_interaction_visualization - INFO - Added significant interactions for Philippines at DAUID 35202155
2025-04-30 00:13:19,589 - ethnicity_interaction_visualization - INFO - Added significant interactions for Portugal at DAUID 35202155
2025-04-30 00:13:19,590 - ethnicity_interaction_visualization - INFO - Added significant interactions for Sri Lanka at DAUID 35202155
2025-04-30 00:13:19,590 - ethnicity_interaction_visualization - INFO - Added significant interactions for China at DAUID 35200186
2025-04-30 00:13:19,590 - ethnicity_interaction_visualization - INFO - Added significant interactions for India at DAUID 35200186
2025-04-30 00:13:19,590 - ethnicity_interaction_visualization - INFO - Added significant interactions for Philippines at DAUID 35200186
2025-04-30 00:13:19,590 - ethnicity_interaction_visualization - INFO - Added significant interactions for Portugal at DAUID 35200186
2025-04-30 00:13:19,590 - ethnicity_interaction_visualization - INFO - Added significant interactions for Sri Lanka at DAUID 35200186
2025-04-30 00:13:19,591 - ethnicity_interaction_visualization - INFO - Added significant interactions for China at DAUID 35204800
2025-04-30 00:13:19,591 - ethnicity_interaction_visualization - INFO - Added significant interactions for India at DAUID 35204800
2025-04-30 00:13:19,591 - ethnicity_interaction_visualization - INFO - Added significant interactions for Philippines at DAUID 35204800
2025-04-30 00:13:19,591 - ethnicity_interaction_visualization - INFO - Added significant interactions for Portugal at DAUID 35204800
2025-04-30 00:13:19,591 - ethnicity_interaction_visualization - INFO - Added significant interactions for Sri Lanka at DAUID 35204800
2025-04-30 00:13:19,591 - ethnicity_interaction_visualization - INFO - Added significant interactions for China at DAUID 35204284
2025-04-30 00:13:19,592 - ethnicity_interaction_visualization - INFO - Added significant interactions for India at DAUID 35204284
2025-04-30 00:13:19,592 - ethnicity_interaction_visualization - INFO - Added significant interactions for Philippines at DAUID 35204284
2025-04-30 00:13:19,592 - ethnicity_interaction_visualization - INFO - Added significant interactions for Portugal at DAUID 35204284
2025-04-30 00:13:19,592 - ethnicity_interaction_visualization - INFO - Added significant interactions for Sri Lanka at DAUID 35204284
2025-04-30 00:13:19,592 - ethnicity_interaction_visualization - INFO - Added significant interactions for China at DAUID 35200957
2025-04-30 00:13:19,593 - ethnicity_interaction_visualization - INFO - Added significant interactions for India at DAUID 35200957
2025-04-30 00:13:19,593 - ethnicity_interaction_visualization - INFO - Added significant interactions for Philippines at DAUID 35200957
2025-04-30 00:13:19,593 - ethnicity_interaction_visualization - INFO - Added significant interactions for Portugal at DAUID 35200957
2025-04-30 00:13:19,593 - ethnicity_interaction_visualization - INFO - Added significant interactions for Sri Lanka at DAUID 35200957
2025-04-30 00:13:19,593 - ethnicity_interaction_visualization - INFO - Added significant interactions for China at DAUID 35201834
2025-04-30 00:13:19,593 - ethnicity_interaction_visualization - INFO - Added significant interactions for India at DAUID 35201834
2025-04-30 00:13:19,593 - ethnicity_interaction_visualization - INFO - Added significant interactions for Philippines at DAUID 35201834
2025-04-30 00:13:19,593 - ethnicity_interaction_visualization - INFO - Added significant interactions for Portugal at DAUID 35201834
2025-04-30 00:13:19,593 - ethnicity_interaction_visualization - INFO - Added significant interactions for Sri Lanka at DAUID 35201834
2025-04-30 00:13:19,594 - ethnicity_interaction_visualization - INFO - Added significant interactions for China at DAUID 35203301
2025-04-30 00:13:19,594 - ethnicity_interaction_visualization - INFO - Added significant interactions for India at DAUID 35203301
2025-04-30 00:13:19,594 - ethnicity_interaction_visualization - INFO - Added significant interactions for Philippines at DAUID 35203301
2025-04-30 00:13:19,594 - ethnicity_interaction_visualization - INFO - Added significant interactions for Portugal at DAUID 35203301
2025-04-30 00:13:19,594 - ethnicity_interaction_visualization - INFO - Added significant interactions for Sri Lanka at DAUID 35203301
2025-04-30 00:13:19,594 - ethnicity_interaction_visualization - INFO - Added significant interactions for China at DAUID 35202951
2025-04-30 00:13:19,595 - ethnicity_interaction_visualization - INFO - Added significant interactions for India at DAUID 35202951
2025-04-30 00:13:19,595 - ethnicity_interaction_visualization - INFO - Added significant interactions for Philippines at DAUID 35202951
2025-04-30 00:13:19,595 - ethnicity_interaction_visualization - INFO - Added significant interactions for Portugal at DAUID 35202951
2025-04-30 00:13:19,595 - ethnicity_interaction_visualization - INFO - Added significant interactions for Sri Lanka at DAUID 35202951
2025-04-30 00:13:19,595 - ethnicity_interaction_visualization - INFO - Added significant interactions for China at DAUID 35204466
2025-04-30 00:13:19,595 - ethnicity_interaction_visualization - INFO - Added significant interactions for India at DAUID 35204466
2025-04-30 00:13:19,595 - ethnicity_interaction_visualization - INFO - Added significant interactions for Philippines at DAUID 35204466
2025-04-30 00:13:19,597 - ethnicity_interaction_visualization - INFO - Added significant interactions for Portugal at DAUID 35204466
2025-04-30 00:13:19,597 - ethnicity_interaction_visualization - INFO - Added significant interactions for Sri Lanka at DAUID 35204466
2025-04-30 00:13:19,597 - ethnicity_interaction_visualization - INFO - Added significant interactions for China at DAUID 35201150
2025-04-30 00:13:19,597 - ethnicity_interaction_visualization - INFO - Added significant interactions for India at DAUID 35201150
2025-04-30 00:13:19,597 - ethnicity_interaction_visualization - INFO - Added significant interactions for Philippines at DAUID 35201150
2025-04-30 00:13:19,598 - ethnicity_interaction_visualization - INFO - Added significant interactions for Portugal at DAUID 35201150
2025-04-30 00:13:19,598 - ethnicity_interaction_visualization - INFO - Added significant interactions for Sri Lanka at DAUID 35201150
2025-04-30 00:13:19,598 - ethnicity_interaction_visualization - INFO - Added significant interactions for China at DAUID 35202930
2025-04-30 00:13:19,598 - ethnicity_interaction_visualization - INFO - Added significant interactions for India at DAUID 35202930
2025-04-30 00:13:19,598 - ethnicity_interaction_visualization - INFO - Added significant interactions for Philippines at DAUID 35202930
2025-04-30 00:13:19,598 - ethnicity_interaction_visualization - INFO - Added significant interactions for Portugal at DAUID 35202930
2025-04-30 00:13:19,598 - ethnicity_interaction_visualization - INFO - Added significant interactions for Sri Lanka at DAUID 35202930
2025-04-30 00:13:19,598 - ethnicity_interaction_visualization - INFO - Added significant interactions for China at DAUID 35202992
2025-04-30 00:13:19,598 - ethnicity_interaction_visualization - INFO - Added significant interactions for India at DAUID 35202992
2025-04-30 00:13:19,599 - ethnicity_interaction_visualization - INFO - Added significant interactions for Philippines at DAUID 35202992
2025-04-30 00:13:19,599 - ethnicity_interaction_visualization - INFO - Added significant interactions for Portugal at DAUID 35202992
2025-04-30 00:13:19,599 - ethnicity_interaction_visualization - INFO - Added significant interactions for Sri Lanka at DAUID 35202992
2025-04-30 00:13:19,599 - ethnicity_interaction_visualization - INFO - Added significant interactions for China at DAUID 35204169
2025-04-30 00:13:19,599 - ethnicity_interaction_visualization - INFO - Added significant interactions for India at DAUID 35204169
2025-04-30 00:13:19,600 - ethnicity_interaction_visualization - INFO - Added significant interactions for Philippines at DAUID 35204169
2025-04-30 00:13:19,600 - ethnicity_interaction_visualization - INFO - Added significant interactions for Portugal at DAUID 35204169
2025-04-30 00:13:19,600 - ethnicity_interaction_visualization - INFO - Added significant interactions for Sri Lanka at DAUID 35204169
2025-04-30 00:13:19,600 - ethnicity_interaction_visualization - INFO - Added significant interactions for China at DAUID 35202772
2025-04-30 00:13:19,600 - ethnicity_interaction_visualization - INFO - Added significant interactions for India at DAUID 35202772
2025-04-30 00:13:19,600 - ethnicity_interaction_visualization - INFO - Added significant interactions for Philippines at DAUID 35202772
2025-04-30 00:13:19,600 - ethnicity_interaction_visualization - INFO - Added significant interactions for Portugal at DAUID 35202772
2025-04-30 00:13:19,600 - ethnicity_interaction_visualization - INFO - Added significant interactions for Sri Lanka at DAUID 35202772
2025-04-30 00:13:19,601 - ethnicity_interaction_visualization - INFO - Added significant interactions for China at DAUID 35203416
2025-04-30 00:13:19,601 - ethnicity_interaction_visualization - INFO - Added significant interactions for India at DAUID 35203416
2025-04-30 00:13:19,601 - ethnicity_interaction_visualization - INFO - Added significant interactions for Philippines at DAUID 35203416
2025-04-30 00:13:19,601 - ethnicity_interaction_visualization - INFO - Added significant interactions for Portugal at DAUID 35203416
2025-04-30 00:13:19,601 - ethnicity_interaction_visualization - INFO - Added significant interactions for Sri Lanka at DAUID 35203416
2025-04-30 00:13:19,601 - ethnicity_interaction_visualization - INFO - Added significant interactions for China at DAUID 35201588
2025-04-30 00:13:19,602 - ethnicity_interaction_visualization - INFO - Added significant interactions for India at DAUID 35201588
2025-04-30 00:13:19,602 - ethnicity_interaction_visualization - INFO - Added significant interactions for Philippines at DAUID 35201588
2025-04-30 00:13:19,602 - ethnicity_interaction_visualization - INFO - Added significant interactions for Portugal at DAUID 35201588
2025-04-30 00:13:19,602 - ethnicity_interaction_visualization - INFO - Added significant interactions for Sri Lanka at DAUID 35201588
2025-04-30 00:13:19,602 - ethnicity_interaction_visualization - INFO - Added significant interactions for China at DAUID 35204243
2025-04-30 00:13:19,603 - ethnicity_interaction_visualization - INFO - Added significant interactions for India at DAUID 35204243
2025-04-30 00:13:19,603 - ethnicity_interaction_visualization - INFO - Added significant interactions for Philippines at DAUID 35204243
2025-04-30 00:13:19,603 - ethnicity_interaction_visualization - INFO - Added significant interactions for Portugal at DAUID 35204243
2025-04-30 00:13:19,603 - ethnicity_interaction_visualization - INFO - Added significant interactions for Sri Lanka at DAUID 35204243
2025-04-30 00:13:19,603 - ethnicity_interaction_visualization - INFO - Added significant interactions for China at DAUID 35202535
2025-04-30 00:13:19,603 - ethnicity_interaction_visualization - INFO - Added significant interactions for India at DAUID 35202535
2025-04-30 00:13:19,604 - ethnicity_interaction_visualization - INFO - Added significant interactions for Philippines at DAUID 35202535
2025-04-30 00:13:19,604 - ethnicity_interaction_visualization - INFO - Added significant interactions for Portugal at DAUID 35202535
2025-04-30 00:13:19,604 - ethnicity_interaction_visualization - INFO - Added significant interactions for Sri Lanka at DAUID 35202535
2025-04-30 00:13:19,604 - ethnicity_interaction_visualization - INFO - Added significant interactions for China at DAUID 35201939
2025-04-30 00:13:19,604 - ethnicity_interaction_visualization - INFO - Added significant interactions for India at DAUID 35201939
2025-04-30 00:13:19,604 - ethnicity_interaction_visualization - INFO - Added significant interactions for Philippines at DAUID 35201939
2025-04-30 00:13:19,605 - ethnicity_interaction_visualization - INFO - Added significant interactions for Portugal at DAUID 35201939
2025-04-30 00:13:19,605 - ethnicity_interaction_visualization - INFO - Added significant interactions for Sri Lanka at DAUID 35201939
2025-04-30 00:13:19,605 - ethnicity_interaction_visualization - INFO - Added significant interactions for China at DAUID 35201604
2025-04-30 00:13:19,605 - ethnicity_interaction_visualization - INFO - Added significant interactions for India at DAUID 35201604
2025-04-30 00:13:19,605 - ethnicity_interaction_visualization - INFO - Added significant interactions for Philippines at DAUID 35201604
2025-04-30 00:13:19,605 - ethnicity_interaction_visualization - INFO - Added significant interactions for Portugal at DAUID 35201604
2025-04-30 00:13:19,605 - ethnicity_interaction_visualization - INFO - Added significant interactions for Sri Lanka at DAUID 35201604
2025-04-30 00:13:19,606 - ethnicity_interaction_visualization - INFO - Added significant interactions for China at DAUID 35204029
2025-04-30 00:13:19,606 - ethnicity_interaction_visualization - INFO - Added significant interactions for India at DAUID 35204029
2025-04-30 00:13:19,606 - ethnicity_interaction_visualization - INFO - Added significant interactions for Philippines at DAUID 35204029
2025-04-30 00:13:19,606 - ethnicity_interaction_visualization - INFO - Added significant interactions for Portugal at DAUID 35204029
2025-04-30 00:13:19,606 - ethnicity_interaction_visualization - INFO - Added significant interactions for Sri Lanka at DAUID 35204029
2025-04-30 00:13:19,606 - ethnicity_interaction_visualization - INFO - Added significant interactions for China at DAUID 35202811
2025-04-30 00:13:19,606 - ethnicity_interaction_visualization - INFO - Added significant interactions for India at DAUID 35202811
2025-04-30 00:13:19,606 - ethnicity_interaction_visualization - INFO - Added significant interactions for Philippines at DAUID 35202811
2025-04-30 00:13:19,606 - ethnicity_interaction_visualization - INFO - Added significant interactions for Portugal at DAUID 35202811
2025-04-30 00:13:19,608 - ethnicity_interaction_visualization - INFO - Added significant interactions for Sri Lanka at DAUID 35202811
2025-04-30 00:13:19,608 - ethnicity_interaction_visualization - INFO - Added significant interactions for China at DAUID 35204544
2025-04-30 00:13:19,608 - ethnicity_interaction_visualization - INFO - Added significant interactions for India at DAUID 35204544
2025-04-30 00:13:19,608 - ethnicity_interaction_visualization - INFO - Added significant interactions for Philippines at DAUID 35204544
2025-04-30 00:13:19,608 - ethnicity_interaction_visualization - INFO - Added significant interactions for Portugal at DAUID 35204544
2025-04-30 00:13:19,608 - ethnicity_interaction_visualization - INFO - Added significant interactions for Sri Lanka at DAUID 35204544
2025-04-30 00:13:19,609 - ethnicity_interaction_visualization - INFO - Added significant interactions for China at DAUID 35203264
2025-04-30 00:13:19,609 - ethnicity_interaction_visualization - INFO - Added significant interactions for India at DAUID 35203264
2025-04-30 00:13:19,609 - ethnicity_interaction_visualization - INFO - Added significant interactions for Philippines at DAUID 35203264
2025-04-30 00:13:19,609 - ethnicity_interaction_visualization - INFO - Added significant interactions for Portugal at DAUID 35203264
2025-04-30 00:13:19,609 - ethnicity_interaction_visualization - INFO - Added significant interactions for Sri Lanka at DAUID 35203264
2025-04-30 00:13:19,609 - ethnicity_interaction_visualization - INFO - Added significant interactions for China at DAUID 35202974
2025-04-30 00:13:19,610 - ethnicity_interaction_visualization - INFO - Added significant interactions for India at DAUID 35202974
2025-04-30 00:13:19,610 - ethnicity_interaction_visualization - INFO - Added significant interactions for Philippines at DAUID 35202974
2025-04-30 00:13:19,610 - ethnicity_interaction_visualization - INFO - Added significant interactions for Portugal at DAUID 35202974
2025-04-30 00:13:19,610 - ethnicity_interaction_visualization - INFO - Added significant interactions for Sri Lanka at DAUID 35202974
2025-04-30 00:13:19,610 - ethnicity_interaction_visualization - INFO - Added significant interactions for China at DAUID 35204304
2025-04-30 00:13:19,610 - ethnicity_interaction_visualization - INFO - Added significant interactions for India at DAUID 35204304
2025-04-30 00:13:19,610 - ethnicity_interaction_visualization - INFO - Added significant interactions for Philippines at DAUID 35204304
2025-04-30 00:13:19,611 - ethnicity_interaction_visualization - INFO - Added significant interactions for Portugal at DAUID 35204304
2025-04-30 00:13:19,611 - ethnicity_interaction_visualization - INFO - Added significant interactions for Sri Lanka at DAUID 35204304
2025-04-30 00:13:19,611 - ethnicity_interaction_visualization - INFO - Added significant interactions for China at DAUID 35202656
2025-04-30 00:13:19,611 - ethnicity_interaction_visualization - INFO - Added significant interactions for India at DAUID 35202656
2025-04-30 00:13:19,611 - ethnicity_interaction_visualization - INFO - Added significant interactions for Philippines at DAUID 35202656
2025-04-30 00:13:19,612 - ethnicity_interaction_visualization - INFO - Added significant interactions for Portugal at DAUID 35202656
2025-04-30 00:13:19,612 - ethnicity_interaction_visualization - INFO - Added significant interactions for Sri Lanka at DAUID 35202656
2025-04-30 00:13:19,612 - ethnicity_interaction_visualization - INFO - Added significant interactions for China at DAUID 35201209
2025-04-30 00:13:19,612 - ethnicity_interaction_visualization - INFO - Added significant interactions for India at DAUID 35201209
2025-04-30 00:13:19,612 - ethnicity_interaction_visualization - INFO - Added significant interactions for Philippines at DAUID 35201209
2025-04-30 00:13:19,612 - ethnicity_interaction_visualization - INFO - Added significant interactions for Portugal at DAUID 35201209
2025-04-30 00:13:19,613 - ethnicity_interaction_visualization - INFO - Added significant interactions for Sri Lanka at DAUID 35201209
2025-04-30 00:13:19,613 - ethnicity_interaction_visualization - INFO - Added significant interactions for China at DAUID 35204404
2025-04-30 00:13:19,613 - ethnicity_interaction_visualization - INFO - Added significant interactions for India at DAUID 35204404
2025-04-30 00:13:19,613 - ethnicity_interaction_visualization - INFO - Added significant interactions for Philippines at DAUID 35204404
2025-04-30 00:13:19,613 - ethnicity_interaction_visualization - INFO - Added significant interactions for Portugal at DAUID 35204404
2025-04-30 00:13:19,613 - ethnicity_interaction_visualization - INFO - Added significant interactions for Sri Lanka at DAUID 35204404
2025-04-30 00:13:19,614 - ethnicity_interaction_visualization - INFO - Added significant interactions for China at DAUID 35203753
2025-04-30 00:13:19,614 - ethnicity_interaction_visualization - INFO - Added significant interactions for India at DAUID 35203753
2025-04-30 00:13:19,614 - ethnicity_interaction_visualization - INFO - Added significant interactions for Philippines at DAUID 35203753
2025-04-30 00:13:19,614 - ethnicity_interaction_visualization - INFO - Added significant interactions for Portugal at DAUID 35203753
2025-04-30 00:13:19,614 - ethnicity_interaction_visualization - INFO - Added significant interactions for Sri Lanka at DAUID 35203753
2025-04-30 00:13:19,614 - ethnicity_interaction_visualization - INFO - Added significant interactions for China at DAUID 35204730
2025-04-30 00:13:19,614 - ethnicity_interaction_visualization - INFO - Added significant interactions for India at DAUID 35204730
2025-04-30 00:13:19,615 - ethnicity_interaction_visualization - INFO - Added significant interactions for Philippines at DAUID 35204730
2025-04-30 00:13:19,615 - ethnicity_interaction_visualization - INFO - Added significant interactions for Portugal at DAUID 35204730
2025-04-30 00:13:19,615 - ethnicity_interaction_visualization - INFO - Added significant interactions for Sri Lanka at DAUID 35204730
2025-04-30 00:13:19,615 - ethnicity_interaction_visualization - INFO - Added significant interactions for China at DAUID 35200813
2025-04-30 00:13:19,615 - ethnicity_interaction_visualization - INFO - Added significant interactions for India at DAUID 35200813
2025-04-30 00:13:19,615 - ethnicity_interaction_visualization - INFO - Added significant interactions for Philippines at DAUID 35200813
2025-04-30 00:13:19,615 - ethnicity_interaction_visualization - INFO - Added significant interactions for Portugal at DAUID 35200813
2025-04-30 00:13:19,616 - ethnicity_interaction_visualization - INFO - Added significant interactions for Sri Lanka at DAUID 35200813
2025-04-30 00:13:19,616 - ethnicity_interaction_visualization - INFO - Added significant interactions for China at DAUID 35203029
2025-04-30 00:13:19,616 - ethnicity_interaction_visualization - INFO - Added significant interactions for India at DAUID 35203029
2025-04-30 00:13:19,616 - ethnicity_interaction_visualization - INFO - Added significant interactions for Philippines at DAUID 35203029
2025-04-30 00:13:19,616 - ethnicity_interaction_visualization - INFO - Added significant interactions for Portugal at DAUID 35203029
2025-04-30 00:13:19,616 - ethnicity_interaction_visualization - INFO - Added significant interactions for Sri Lanka at DAUID 35203029
2025-04-30 00:13:19,617 - ethnicity_interaction_visualization - INFO - Added significant interactions for China at DAUID 35204205
2025-04-30 00:13:19,617 - ethnicity_interaction_visualization - INFO - Added significant interactions for India at DAUID 35204205
2025-04-30 00:13:19,617 - ethnicity_interaction_visualization - INFO - Added significant interactions for Philippines at DAUID 35204205
2025-04-30 00:13:19,617 - ethnicity_interaction_visualization - INFO - Added significant interactions for Portugal at DAUID 35204205
2025-04-30 00:13:19,617 - ethnicity_interaction_visualization - INFO - Added significant interactions for Sri Lanka at DAUID 35204205
2025-04-30 00:13:19,617 - ethnicity_interaction_visualization - INFO - Added significant interactions for China at DAUID 35201872
2025-04-30 00:13:19,618 - ethnicity_interaction_visualization - INFO - Added significant interactions for India at DAUID 35201872
2025-04-30 00:13:19,618 - ethnicity_interaction_visualization - INFO - Added significant interactions for Philippines at DAUID 35201872
2025-04-30 00:13:19,618 - ethnicity_interaction_visualization - INFO - Added significant interactions for Portugal at DAUID 35201872
2025-04-30 00:13:19,618 - ethnicity_interaction_visualization - INFO - Added significant interactions for Sri Lanka at DAUID 35201872
2025-04-30 00:13:19,618 - ethnicity_interaction_visualization - INFO - Added significant interactions for China at DAUID 35203274
2025-04-30 00:13:19,618 - ethnicity_interaction_visualization - INFO - Added significant interactions for India at DAUID 35203274
2025-04-30 00:13:19,618 - ethnicity_interaction_visualization - INFO - Added significant interactions for Philippines at DAUID 35203274
2025-04-30 00:13:19,618 - ethnicity_interaction_visualization - INFO - Added significant interactions for Portugal at DAUID 35203274
2025-04-30 00:13:19,618 - ethnicity_interaction_visualization - INFO - Added significant interactions for Sri Lanka at DAUID 35203274
2025-04-30 00:13:19,618 - ethnicity_interaction_visualization - INFO - Added significant interactions for China at DAUID 35201332
2025-04-30 00:13:19,619 - ethnicity_interaction_visualization - INFO - Added significant interactions for India at DAUID 35201332
2025-04-30 00:13:19,619 - ethnicity_interaction_visualization - INFO - Added significant interactions for Philippines at DAUID 35201332
2025-04-30 00:13:19,619 - ethnicity_interaction_visualization - INFO - Added significant interactions for Portugal at DAUID 35201332
2025-04-30 00:13:19,619 - ethnicity_interaction_visualization - INFO - Added significant interactions for Sri Lanka at DAUID 35201332
2025-04-30 00:13:19,619 - ethnicity_interaction_visualization - INFO - Added significant interactions for China at DAUID 35204339
2025-04-30 00:13:19,619 - ethnicity_interaction_visualization - INFO - Added significant interactions for India at DAUID 35204339
2025-04-30 00:13:19,620 - ethnicity_interaction_visualization - INFO - Added significant interactions for Philippines at DAUID 35204339
2025-04-30 00:13:19,620 - ethnicity_interaction_visualization - INFO - Added significant interactions for Portugal at DAUID 35204339
2025-04-30 00:13:19,620 - ethnicity_interaction_visualization - INFO - Added significant interactions for Sri Lanka at DAUID 35204339
2025-04-30 00:13:19,620 - ethnicity_interaction_visualization - INFO - Added significant interactions for China at DAUID 35202799
2025-04-30 00:13:19,620 - ethnicity_interaction_visualization - INFO - Added significant interactions for India at DAUID 35202799
2025-04-30 00:13:19,620 - ethnicity_interaction_visualization - INFO - Added significant interactions for Philippines at DAUID 35202799
2025-04-30 00:13:19,620 - ethnicity_interaction_visualization - INFO - Added significant interactions for Portugal at DAUID 35202799
2025-04-30 00:13:19,621 - ethnicity_interaction_visualization - INFO - Added significant interactions for Sri Lanka at DAUID 35202799
2025-04-30 00:13:19,621 - ethnicity_interaction_visualization - INFO - Added significant interactions for China at DAUID 35200822
2025-04-30 00:13:19,621 - ethnicity_interaction_visualization - INFO - Added significant interactions for India at DAUID 35200822
2025-04-30 00:13:19,621 - ethnicity_interaction_visualization - INFO - Added significant interactions for Philippines at DAUID 35200822
2025-04-30 00:13:19,621 - ethnicity_interaction_visualization - INFO - Added significant interactions for Portugal at DAUID 35200822
2025-04-30 00:13:19,621 - ethnicity_interaction_visualization - INFO - Added significant interactions for Sri Lanka at DAUID 35200822
2025-04-30 00:13:19,622 - ethnicity_interaction_visualization - INFO - Added significant interactions for China at DAUID 35200717
2025-04-30 00:13:19,622 - ethnicity_interaction_visualization - INFO - Added significant interactions for India at DAUID 35200717
2025-04-30 00:13:19,622 - ethnicity_interaction_visualization - INFO - Added significant interactions for Philippines at DAUID 35200717
2025-04-30 00:13:19,622 - ethnicity_interaction_visualization - INFO - Added significant interactions for Portugal at DAUID 35200717
2025-04-30 00:13:19,622 - ethnicity_interaction_visualization - INFO - Added significant interactions for Sri Lanka at DAUID 35200717
2025-04-30 00:13:19,622 - ethnicity_interaction_visualization - INFO - Added significant interactions for China at DAUID 35200414
2025-04-30 00:13:19,622 - ethnicity_interaction_visualization - INFO - Added significant interactions for India at DAUID 35200414
2025-04-30 00:13:19,623 - ethnicity_interaction_visualization - INFO - Added significant interactions for Philippines at DAUID 35200414
2025-04-30 00:13:19,623 - ethnicity_interaction_visualization - INFO - Added significant interactions for Portugal at DAUID 35200414
2025-04-30 00:13:19,623 - ethnicity_interaction_visualization - INFO - Added significant interactions for Sri Lanka at DAUID 35200414
2025-04-30 00:13:19,623 - ethnicity_interaction_visualization - INFO - Added significant interactions for China at DAUID 35202267
2025-04-30 00:13:19,623 - ethnicity_interaction_visualization - INFO - Added significant interactions for India at DAUID 35202267
2025-04-30 00:13:19,624 - ethnicity_interaction_visualization - INFO - Added significant interactions for Philippines at DAUID 35202267
2025-04-30 00:13:19,624 - ethnicity_interaction_visualization - INFO - Added significant interactions for Portugal at DAUID 35202267
2025-04-30 00:13:19,624 - ethnicity_interaction_visualization - INFO - Added significant interactions for Sri Lanka at DAUID 35202267
2025-04-30 00:13:19,624 - ethnicity_interaction_visualization - INFO - Added significant interactions for China at DAUID 35202510
2025-04-30 00:13:19,624 - ethnicity_interaction_visualization - INFO - Added significant interactions for India at DAUID 35202510
2025-04-30 00:13:19,624 - ethnicity_interaction_visualization - INFO - Added significant interactions for Philippines at DAUID 35202510
2025-04-30 00:13:19,624 - ethnicity_interaction_visualization - INFO - Added significant interactions for Portugal at DAUID 35202510
2025-04-30 00:13:19,625 - ethnicity_interaction_visualization - INFO - Added significant interactions for Sri Lanka at DAUID 35202510
2025-04-30 00:13:19,625 - ethnicity_interaction_visualization - INFO - Added significant interactions for China at DAUID 35203617
2025-04-30 00:13:19,625 - ethnicity_interaction_visualization - INFO - Added significant interactions for India at DAUID 35203617
2025-04-30 00:13:19,625 - ethnicity_interaction_visualization - INFO - Added significant interactions for Philippines at DAUID 35203617
2025-04-30 00:13:19,625 - ethnicity_interaction_visualization - INFO - Added significant interactions for Portugal at DAUID 35203617
2025-04-30 00:13:19,625 - ethnicity_interaction_visualization - INFO - Added significant interactions for Sri Lanka at DAUID 35203617
2025-04-30 00:13:19,625 - ethnicity_interaction_visualization - INFO - Added significant interactions for China at DAUID 35204987
2025-04-30 00:13:19,626 - ethnicity_interaction_visualization - INFO - Added significant interactions for India at DAUID 35204987
2025-04-30 00:13:19,626 - ethnicity_interaction_visualization - INFO - Added significant interactions for Philippines at DAUID 35204987
2025-04-30 00:13:19,626 - ethnicity_interaction_visualization - INFO - Added significant interactions for Portugal at DAUID 35204987
2025-04-30 00:13:19,626 - ethnicity_interaction_visualization - INFO - Added significant interactions for Sri Lanka at DAUID 35204987
2025-04-30 00:13:19,626 - ethnicity_interaction_visualization - INFO - Added significant interactions for China at DAUID 35200307
2025-04-30 00:13:19,626 - ethnicity_interaction_visualization - INFO - Added significant interactions for India at DAUID 35200307
2025-04-30 00:13:19,626 - ethnicity_interaction_visualization - INFO - Added significant interactions for Philippines at DAUID 35200307
2025-04-30 00:13:19,626 - ethnicity_interaction_visualization - INFO - Added significant interactions for Portugal at DAUID 35200307
2025-04-30 00:13:19,626 - ethnicity_interaction_visualization - INFO - Added significant interactions for Sri Lanka at DAUID 35200307
2025-04-30 00:13:19,628 - ethnicity_interaction_visualization - INFO - Added significant interactions for China at DAUID 35202685
2025-04-30 00:13:19,628 - ethnicity_interaction_visualization - INFO - Added significant interactions for India at DAUID 35202685
2025-04-30 00:13:19,628 - ethnicity_interaction_visualization - INFO - Added significant interactions for Philippines at DAUID 35202685
2025-04-30 00:13:19,628 - ethnicity_interaction_visualization - INFO - Added significant interactions for Portugal at DAUID 35202685
2025-04-30 00:13:19,628 - ethnicity_interaction_visualization - INFO - Added significant interactions for Sri Lanka at DAUID 35202685
2025-04-30 00:13:19,628 - ethnicity_interaction_visualization - INFO - Added significant interactions for China at DAUID 35204813
2025-04-30 00:13:19,629 - ethnicity_interaction_visualization - INFO - Added significant interactions for India at DAUID 35204813
2025-04-30 00:13:19,629 - ethnicity_interaction_visualization - INFO - Added significant interactions for Philippines at DAUID 35204813
2025-04-30 00:13:19,629 - ethnicity_interaction_visualization - INFO - Added significant interactions for Portugal at DAUID 35204813
2025-04-30 00:13:19,629 - ethnicity_interaction_visualization - INFO - Added significant interactions for Sri Lanka at DAUID 35204813
2025-04-30 00:13:19,629 - ethnicity_interaction_visualization - INFO - Added significant interactions for China at DAUID 35201913
2025-04-30 00:13:19,629 - ethnicity_interaction_visualization - INFO - Added significant interactions for India at DAUID 35201913
2025-04-30 00:13:19,629 - ethnicity_interaction_visualization - INFO - Added significant interactions for Philippines at DAUID 35201913
2025-04-30 00:13:19,630 - ethnicity_interaction_visualization - INFO - Added significant interactions for Portugal at DAUID 35201913
2025-04-30 00:13:19,630 - ethnicity_interaction_visualization - INFO - Added significant interactions for Sri Lanka at DAUID 35201913
2025-04-30 00:13:19,630 - ethnicity_interaction_visualization - INFO - Added significant interactions for China at DAUID 35200694
2025-04-30 00:13:19,630 - ethnicity_interaction_visualization - INFO - Added significant interactions for India at DAUID 35200694
2025-04-30 00:13:19,630 - ethnicity_interaction_visualization - INFO - Added significant interactions for Philippines at DAUID 35200694
2025-04-30 00:13:19,630 - ethnicity_interaction_visualization - INFO - Added significant interactions for Portugal at DAUID 35200694
2025-04-30 00:13:19,630 - ethnicity_interaction_visualization - INFO - Added significant interactions for Sri Lanka at DAUID 35200694
2025-04-30 00:13:19,630 - ethnicity_interaction_visualization - INFO - Added significant interactions for China at DAUID 35200178
2025-04-30 00:13:19,630 - ethnicity_interaction_visualization - INFO - Added significant interactions for India at DAUID 35200178
2025-04-30 00:13:19,630 - ethnicity_interaction_visualization - INFO - Added significant interactions for Philippines at DAUID 35200178
2025-04-30 00:13:19,631 - ethnicity_interaction_visualization - INFO - Added significant interactions for Portugal at DAUID 35200178
2025-04-30 00:13:19,631 - ethnicity_interaction_visualization - INFO - Added significant interactions for Sri Lanka at DAUID 35200178
2025-04-30 00:13:19,631 - ethnicity_interaction_visualization - INFO - Added significant interactions for China at DAUID 35201219
2025-04-30 00:13:19,631 - ethnicity_interaction_visualization - INFO - Added significant interactions for India at DAUID 35201219
2025-04-30 00:13:19,631 - ethnicity_interaction_visualization - INFO - Added significant interactions for Philippines at DAUID 35201219
2025-04-30 00:13:19,631 - ethnicity_interaction_visualization - INFO - Added significant interactions for Portugal at DAUID 35201219
2025-04-30 00:13:19,631 - ethnicity_interaction_visualization - INFO - Added significant interactions for Sri Lanka at DAUID 35201219
2025-04-30 00:13:19,632 - ethnicity_interaction_visualization - INFO - Added significant interactions for China at DAUID 35200298
2025-04-30 00:13:19,632 - ethnicity_interaction_visualization - INFO - Added significant interactions for India at DAUID 35200298
2025-04-30 00:13:19,632 - ethnicity_interaction_visualization - INFO - Added significant interactions for Philippines at DAUID 35200298
2025-04-30 00:13:19,632 - ethnicity_interaction_visualization - INFO - Added significant interactions for Portugal at DAUID 35200298
2025-04-30 00:13:19,632 - ethnicity_interaction_visualization - INFO - Added significant interactions for Sri Lanka at DAUID 35200298
2025-04-30 00:13:19,633 - ethnicity_interaction_visualization - INFO - Added significant interactions for China at DAUID 35200454
2025-04-30 00:13:19,633 - ethnicity_interaction_visualization - INFO - Added significant interactions for India at DAUID 35200454
2025-04-30 00:13:19,633 - ethnicity_interaction_visualization - INFO - Added significant interactions for Philippines at DAUID 35200454
2025-04-30 00:13:19,633 - ethnicity_interaction_visualization - INFO - Added significant interactions for Portugal at DAUID 35200454
2025-04-30 00:13:19,633 - ethnicity_interaction_visualization - INFO - Added significant interactions for Sri Lanka at DAUID 35200454
2025-04-30 00:13:19,633 - ethnicity_interaction_visualization - INFO - Added significant interactions for China at DAUID 35200996
2025-04-30 00:13:19,634 - ethnicity_interaction_visualization - INFO - Added significant interactions for India at DAUID 35200996
2025-04-30 00:13:19,634 - ethnicity_interaction_visualization - INFO - Added significant interactions for Philippines at DAUID 35200996
2025-04-30 00:13:19,634 - ethnicity_interaction_visualization - INFO - Added significant interactions for Portugal at DAUID 35200996
2025-04-30 00:13:19,634 - ethnicity_interaction_visualization - INFO - Added significant interactions for Sri Lanka at DAUID 35200996
2025-04-30 00:13:19,634 - ethnicity_interaction_visualization - INFO - Added significant interactions for China at DAUID 35203269
2025-04-30 00:13:19,634 - ethnicity_interaction_visualization - INFO - Added significant interactions for India at DAUID 35203269
2025-04-30 00:13:19,635 - ethnicity_interaction_visualization - INFO - Added significant interactions for Philippines at DAUID 35203269
2025-04-30 00:13:19,635 - ethnicity_interaction_visualization - INFO - Added significant interactions for Portugal at DAUID 35203269
2025-04-30 00:13:19,635 - ethnicity_interaction_visualization - INFO - Added significant interactions for Sri Lanka at DAUID 35203269
2025-04-30 00:13:19,635 - ethnicity_interaction_visualization - INFO - Added significant interactions for China at DAUID 35204660
2025-04-30 00:13:19,635 - ethnicity_interaction_visualization - INFO - Added significant interactions for India at DAUID 35204660
2025-04-30 00:13:19,635 - ethnicity_interaction_visualization - INFO - Added significant interactions for Philippines at DAUID 35204660
2025-04-30 00:13:19,636 - ethnicity_interaction_visualization - INFO - Added significant interactions for Portugal at DAUID 35204660
2025-04-30 00:13:19,636 - ethnicity_interaction_visualization - INFO - Added significant interactions for Sri Lanka at DAUID 35204660
2025-04-30 00:13:19,636 - ethnicity_interaction_visualization - INFO - Added significant interactions for China at DAUID 35200815
2025-04-30 00:13:19,636 - ethnicity_interaction_visualization - INFO - Added significant interactions for India at DAUID 35200815
2025-04-30 00:13:19,636 - ethnicity_interaction_visualization - INFO - Added significant interactions for Philippines at DAUID 35200815
2025-04-30 00:13:19,636 - ethnicity_interaction_visualization - INFO - Added significant interactions for Portugal at DAUID 35200815
2025-04-30 00:13:19,636 - ethnicity_interaction_visualization - INFO - Added significant interactions for Sri Lanka at DAUID 35200815
2025-04-30 00:13:19,636 - ethnicity_interaction_visualization - INFO - Added significant interactions for China at DAUID 35203054
2025-04-30 00:13:19,638 - ethnicity_interaction_visualization - INFO - Added significant interactions for India at DAUID 35203054
2025-04-30 00:13:19,638 - ethnicity_interaction_visualization - INFO - Added significant interactions for Philippines at DAUID 35203054
2025-04-30 00:13:19,638 - ethnicity_interaction_visualization - INFO - Added significant interactions for Portugal at DAUID 35203054
2025-04-30 00:13:19,638 - ethnicity_interaction_visualization - INFO - Added significant interactions for Sri Lanka at DAUID 35203054
2025-04-30 00:13:19,638 - ethnicity_interaction_visualization - INFO - Added significant interactions for China at DAUID 35204053
2025-04-30 00:13:19,638 - ethnicity_interaction_visualization - INFO - Added significant interactions for India at DAUID 35204053
2025-04-30 00:13:19,639 - ethnicity_interaction_visualization - INFO - Added significant interactions for Philippines at DAUID 35204053
2025-04-30 00:13:19,639 - ethnicity_interaction_visualization - INFO - Added significant interactions for Portugal at DAUID 35204053
2025-04-30 00:13:19,639 - ethnicity_interaction_visualization - INFO - Added significant interactions for Sri Lanka at DAUID 35204053
2025-04-30 00:13:19,639 - ethnicity_interaction_visualization - INFO - Added significant interactions for China at DAUID 35204190
2025-04-30 00:13:19,639 - ethnicity_interaction_visualization - INFO - Added significant interactions for India at DAUID 35204190
2025-04-30 00:13:19,640 - ethnicity_interaction_visualization - INFO - Added significant interactions for Philippines at DAUID 35204190
2025-04-30 00:13:19,640 - ethnicity_interaction_visualization - INFO - Added significant interactions for Portugal at DAUID 35204190
2025-04-30 00:13:19,640 - ethnicity_interaction_visualization - INFO - Added significant interactions for Sri Lanka at DAUID 35204190
2025-04-30 00:13:19,640 - ethnicity_interaction_visualization - INFO - Added significant interactions for China at DAUID 35200094
2025-04-30 00:13:19,640 - ethnicity_interaction_visualization - INFO - Added significant interactions for India at DAUID 35200094
2025-04-30 00:13:19,640 - ethnicity_interaction_visualization - INFO - Added significant interactions for Philippines at DAUID 35200094
2025-04-30 00:13:19,641 - ethnicity_interaction_visualization - INFO - Added significant interactions for Portugal at DAUID 35200094
2025-04-30 00:13:19,641 - ethnicity_interaction_visualization - INFO - Added significant interactions for Sri Lanka at DAUID 35200094
2025-04-30 00:13:19,641 - ethnicity_interaction_visualization - INFO - Added significant interactions for China at DAUID 35204076
2025-04-30 00:13:19,641 - ethnicity_interaction_visualization - INFO - Added significant interactions for India at DAUID 35204076
2025-04-30 00:13:19,641 - ethnicity_interaction_visualization - INFO - Added significant interactions for Philippines at DAUID 35204076
2025-04-30 00:13:19,641 - ethnicity_interaction_visualization - INFO - Added significant interactions for Portugal at DAUID 35204076
2025-04-30 00:13:19,642 - ethnicity_interaction_visualization - INFO - Added significant interactions for Sri Lanka at DAUID 35204076
2025-04-30 00:13:19,642 - ethnicity_interaction_visualization - INFO - Added significant interactions for China at DAUID 35202058
2025-04-30 00:13:19,642 - ethnicity_interaction_visualization - INFO - Added significant interactions for India at DAUID 35202058
2025-04-30 00:13:19,642 - ethnicity_interaction_visualization - INFO - Added significant interactions for Philippines at DAUID 35202058
2025-04-30 00:13:19,642 - ethnicity_interaction_visualization - INFO - Added significant interactions for Portugal at DAUID 35202058
2025-04-30 00:13:19,642 - ethnicity_interaction_visualization - INFO - Added significant interactions for Sri Lanka at DAUID 35202058
2025-04-30 00:13:19,643 - ethnicity_interaction_visualization - INFO - Added significant interactions for China at DAUID 35204214
2025-04-30 00:13:19,643 - ethnicity_interaction_visualization - INFO - Added significant interactions for India at DAUID 35204214
2025-04-30 00:13:19,643 - ethnicity_interaction_visualization - INFO - Added significant interactions for Philippines at DAUID 35204214
2025-04-30 00:13:19,643 - ethnicity_interaction_visualization - INFO - Added significant interactions for Portugal at DAUID 35204214
2025-04-30 00:13:19,643 - ethnicity_interaction_visualization - INFO - Added significant interactions for Sri Lanka at DAUID 35204214
2025-04-30 00:13:19,644 - ethnicity_interaction_visualization - INFO - Added significant interactions for China at DAUID 35201832
2025-04-30 00:13:19,644 - ethnicity_interaction_visualization - INFO - Added significant interactions for India at DAUID 35201832
2025-04-30 00:13:19,644 - ethnicity_interaction_visualization - INFO - Added significant interactions for Philippines at DAUID 35201832
2025-04-30 00:13:19,644 - ethnicity_interaction_visualization - INFO - Added significant interactions for Portugal at DAUID 35201832
2025-04-30 00:13:19,644 - ethnicity_interaction_visualization - INFO - Added significant interactions for Sri Lanka at DAUID 35201832
2025-04-30 00:13:19,645 - ethnicity_interaction_visualization - INFO - Added significant interactions for China at DAUID 35204272
2025-04-30 00:13:19,645 - ethnicity_interaction_visualization - INFO - Added significant interactions for India at DAUID 35204272
2025-04-30 00:13:19,645 - ethnicity_interaction_visualization - INFO - Added significant interactions for Philippines at DAUID 35204272
2025-04-30 00:13:19,645 - ethnicity_interaction_visualization - INFO - Added significant interactions for Portugal at DAUID 35204272
2025-04-30 00:13:19,645 - ethnicity_interaction_visualization - INFO - Added significant interactions for Sri Lanka at DAUID 35204272
2025-04-30 00:13:19,646 - ethnicity_interaction_visualization - INFO - Added significant interactions for China at DAUID 35202886
2025-04-30 00:13:19,646 - ethnicity_interaction_visualization - INFO - Added significant interactions for India at DAUID 35202886
2025-04-30 00:13:19,646 - ethnicity_interaction_visualization - INFO - Added significant interactions for Philippines at DAUID 35202886
2025-04-30 00:13:19,646 - ethnicity_interaction_visualization - INFO - Added significant interactions for Portugal at DAUID 35202886
2025-04-30 00:13:19,646 - ethnicity_interaction_visualization - INFO - Added significant interactions for Sri Lanka at DAUID 35202886
2025-04-30 00:13:19,646 - ethnicity_interaction_visualization - INFO - Added significant interactions for China at DAUID 35200054
2025-04-30 00:13:19,646 - ethnicity_interaction_visualization - INFO - Added significant interactions for India at DAUID 35200054
2025-04-30 00:13:19,647 - ethnicity_interaction_visualization - INFO - Added significant interactions for Philippines at DAUID 35200054
2025-04-30 00:13:19,647 - ethnicity_interaction_visualization - INFO - Added significant interactions for Portugal at DAUID 35200054
2025-04-30 00:13:19,647 - ethnicity_interaction_visualization - INFO - Added significant interactions for Sri Lanka at DAUID 35200054
2025-04-30 00:13:19,647 - ethnicity_interaction_visualization - INFO - Added significant interactions for China at DAUID 35203420
2025-04-30 00:13:19,647 - ethnicity_interaction_visualization - INFO - Added significant interactions for India at DAUID 35203420
2025-04-30 00:13:19,647 - ethnicity_interaction_visualization - INFO - Added significant interactions for Philippines at DAUID 35203420
2025-04-30 00:13:19,648 - ethnicity_interaction_visualization - INFO - Added significant interactions for Portugal at DAUID 35203420
2025-04-30 00:13:19,648 - ethnicity_interaction_visualization - INFO - Added significant interactions for Sri Lanka at DAUID 35203420
2025-04-30 00:13:19,648 - ethnicity_interaction_visualization - INFO - Added significant interactions for China at DAUID 35203236
2025-04-30 00:13:19,648 - ethnicity_interaction_visualization - INFO - Added significant interactions for India at DAUID 35203236
2025-04-30 00:13:19,648 - ethnicity_interaction_visualization - INFO - Added significant interactions for Philippines at DAUID 35203236
2025-04-30 00:13:19,648 - ethnicity_interaction_visualization - INFO - Added significant interactions for Portugal at DAUID 35203236
2025-04-30 00:13:19,648 - ethnicity_interaction_visualization - INFO - Added significant interactions for Sri Lanka at DAUID 35203236
2025-04-30 00:13:19,649 - ethnicity_interaction_visualization - INFO - Added significant interactions for China at DAUID 35203947
2025-04-30 00:13:19,649 - ethnicity_interaction_visualization - INFO - Added significant interactions for India at DAUID 35203947
2025-04-30 00:13:19,649 - ethnicity_interaction_visualization - INFO - Added significant interactions for Philippines at DAUID 35203947
2025-04-30 00:13:19,649 - ethnicity_interaction_visualization - INFO - Added significant interactions for Portugal at DAUID 35203947
2025-04-30 00:13:19,649 - ethnicity_interaction_visualization - INFO - Added significant interactions for Sri Lanka at DAUID 35203947
2025-04-30 00:13:19,649 - ethnicity_interaction_visualization - INFO - Added significant interactions for China at DAUID 35204061
2025-04-30 00:13:19,650 - ethnicity_interaction_visualization - INFO - Added significant interactions for India at DAUID 35204061
2025-04-30 00:13:19,650 - ethnicity_interaction_visualization - INFO - Added significant interactions for Philippines at DAUID 35204061
2025-04-30 00:13:19,650 - ethnicity_interaction_visualization - INFO - Added significant interactions for Portugal at DAUID 35204061
2025-04-30 00:13:19,650 - ethnicity_interaction_visualization - INFO - Added significant interactions for Sri Lanka at DAUID 35204061
2025-04-30 00:13:19,650 - ethnicity_interaction_visualization - INFO - Added significant interactions for China at DAUID 35202249
2025-04-30 00:13:19,650 - ethnicity_interaction_visualization - INFO - Added significant interactions for India at DAUID 35202249
2025-04-30 00:13:19,651 - ethnicity_interaction_visualization - INFO - Added significant interactions for Philippines at DAUID 35202249
2025-04-30 00:13:19,651 - ethnicity_interaction_visualization - INFO - Added significant interactions for Portugal at DAUID 35202249
2025-04-30 00:13:19,651 - ethnicity_interaction_visualization - INFO - Added significant interactions for Sri Lanka at DAUID 35202249
2025-04-30 00:13:19,651 - ethnicity_interaction_visualization - INFO - Added significant interactions for China at DAUID 35203682
2025-04-30 00:13:19,651 - ethnicity_interaction_visualization - INFO - Added significant interactions for India at DAUID 35203682
2025-04-30 00:13:19,651 - ethnicity_interaction_visualization - INFO - Added significant interactions for Philippines at DAUID 35203682
2025-04-30 00:13:19,652 - ethnicity_interaction_visualization - INFO - Added significant interactions for Portugal at DAUID 35203682
2025-04-30 00:13:19,652 - ethnicity_interaction_visualization - INFO - Added significant interactions for Sri Lanka at DAUID 35203682
2025-04-30 00:13:19,652 - ethnicity_interaction_visualization - INFO - Added significant interactions for China at DAUID 35201126
2025-04-30 00:13:19,652 - ethnicity_interaction_visualization - INFO - Added significant interactions for India at DAUID 35201126
2025-04-30 00:13:19,652 - ethnicity_interaction_visualization - INFO - Added significant interactions for Philippines at DAUID 35201126
2025-04-30 00:13:19,652 - ethnicity_interaction_visualization - INFO - Added significant interactions for Portugal at DAUID 35201126
2025-04-30 00:13:19,653 - ethnicity_interaction_visualization - INFO - Added significant interactions for Sri Lanka at DAUID 35201126
2025-04-30 00:13:19,653 - ethnicity_interaction_visualization - INFO - Added significant interactions for China at DAUID 35201852
2025-04-30 00:13:19,653 - ethnicity_interaction_visualization - INFO - Added significant interactions for India at DAUID 35201852
2025-04-30 00:13:19,653 - ethnicity_interaction_visualization - INFO - Added significant interactions for Philippines at DAUID 35201852
2025-04-30 00:13:19,653 - ethnicity_interaction_visualization - INFO - Added significant interactions for Portugal at DAUID 35201852
2025-04-30 00:13:19,653 - ethnicity_interaction_visualization - INFO - Added significant interactions for Sri Lanka at DAUID 35201852
2025-04-30 00:13:19,653 - ethnicity_interaction_visualization - INFO - Added significant interactions for China at DAUID 35200540
2025-04-30 00:13:19,654 - ethnicity_interaction_visualization - INFO - Added significant interactions for India at DAUID 35200540
2025-04-30 00:13:19,654 - ethnicity_interaction_visualization - INFO - Added significant interactions for Philippines at DAUID 35200540
2025-04-30 00:13:19,654 - ethnicity_interaction_visualization - INFO - Added significant interactions for Portugal at DAUID 35200540
2025-04-30 00:13:19,654 - ethnicity_interaction_visualization - INFO - Added significant interactions for Sri Lanka at DAUID 35200540
2025-04-30 00:13:19,654 - ethnicity_interaction_visualization - INFO - Added significant interactions for China at DAUID 35200772
2025-04-30 00:13:19,655 - ethnicity_interaction_visualization - INFO - Added significant interactions for India at DAUID 35200772
2025-04-30 00:13:19,655 - ethnicity_interaction_visualization - INFO - Added significant interactions for Philippines at DAUID 35200772
2025-04-30 00:13:19,655 - ethnicity_interaction_visualization - INFO - Added significant interactions for Portugal at DAUID 35200772
2025-04-30 00:13:19,655 - ethnicity_interaction_visualization - INFO - Added significant interactions for Sri Lanka at DAUID 35200772
2025-04-30 00:13:19,655 - ethnicity_interaction_visualization - INFO - Added significant interactions for China at DAUID 35202787
2025-04-30 00:13:19,655 - ethnicity_interaction_visualization - INFO - Added significant interactions for India at DAUID 35202787
2025-04-30 00:13:19,656 - ethnicity_interaction_visualization - INFO - Added significant interactions for Philippines at DAUID 35202787
2025-04-30 00:13:19,656 - ethnicity_interaction_visualization - INFO - Added significant interactions for Portugal at DAUID 35202787
2025-04-30 00:13:19,656 - ethnicity_interaction_visualization - INFO - Added significant interactions for Sri Lanka at DAUID 35202787
2025-04-30 00:13:19,656 - ethnicity_interaction_visualization - INFO - Added significant interactions for China at DAUID 35204799
2025-04-30 00:13:19,656 - ethnicity_interaction_visualization - INFO - Added significant interactions for India at DAUID 35204799
2025-04-30 00:13:19,656 - ethnicity_interaction_visualization - INFO - Added significant interactions for Philippines at DAUID 35204799
2025-04-30 00:13:19,656 - ethnicity_interaction_visualization - INFO - Added significant interactions for Portugal at DAUID 35204799
2025-04-30 00:13:19,656 - ethnicity_interaction_visualization - INFO - Added significant interactions for Sri Lanka at DAUID 35204799
2025-04-30 00:13:19,656 - ethnicity_interaction_visualization - INFO - Added significant interactions for China at DAUID 35204042
2025-04-30 00:13:19,658 - ethnicity_interaction_visualization - INFO - Added significant interactions for India at DAUID 35204042
2025-04-30 00:13:19,658 - ethnicity_interaction_visualization - INFO - Added significant interactions for Philippines at DAUID 35204042
2025-04-30 00:13:19,658 - ethnicity_interaction_visualization - INFO - Added significant interactions for Portugal at DAUID 35204042
2025-04-30 00:13:19,658 - ethnicity_interaction_visualization - INFO - Added significant interactions for Sri Lanka at DAUID 35204042
2025-04-30 00:13:19,658 - ethnicity_interaction_visualization - INFO - Added significant interactions for China at DAUID 35203193
2025-04-30 00:13:19,658 - ethnicity_interaction_visualization - INFO - Added significant interactions for India at DAUID 35203193
2025-04-30 00:13:19,659 - ethnicity_interaction_visualization - INFO - Added significant interactions for Philippines at DAUID 35203193
2025-04-30 00:13:19,659 - ethnicity_interaction_visualization - INFO - Added significant interactions for Portugal at DAUID 35203193
2025-04-30 00:13:19,659 - ethnicity_interaction_visualization - INFO - Added significant interactions for Sri Lanka at DAUID 35203193
2025-04-30 00:13:20,747 - __main__ - INFO - Loaded shapefile with 3742 geometries
2025-04-30 00:13:20,748 - __main__ - INFO - Analyzing spatial patterns for China
2025-04-30 00:13:20,748 - __main__ - WARNING - Could not find ethnicity China in interpretations
2025-04-30 00:13:20,748 - __main__ - INFO - Analyzing spatial patterns for India
2025-04-30 00:13:20,749 - __main__ - WARNING - Could not find ethnicity India in interpretations
2025-04-30 00:13:20,749 - __main__ - INFO - Analyzing spatial patterns for Philippines
2025-04-30 00:13:20,750 - __main__ - WARNING - Could not find ethnicity Philippines in interpretations
2025-04-30 00:13:20,750 - __main__ - INFO - Analyzing spatial patterns for Portugal
2025-04-30 00:13:20,751 - __main__ - WARNING - Could not find ethnicity Portugal in interpretations
2025-04-30 00:13:20,751 - __main__ - INFO - Analyzing spatial patterns for Sri Lanka
2025-04-30 00:13:20,752 - __main__ - WARNING - Could not find ethnicity Sri Lanka in interpretations
2025-04-30 00:13:20,752 - __main__ - INFO - Saved overall spatial statistics to ./ethnicity_visualizations\spatial_statistics\all_ethnicities_spatial_stats.json
2025-04-30 00:13:20,752 - __main__ - INFO - Generating all visualizations
2025-04-30 00:13:20,752 - ethnicity_interaction_visualization - INFO - Running network visualization
2025-04-30 00:13:20,752 - ethnicity_interaction_visualization - INFO - Creating network visualization
2025-04-30 00:13:21,703 - ethnicity_interaction_visualization - INFO - Creating influence chain visualization
2025-04-30 00:13:22,080 - ethnicity_interaction_visualization - INFO - Running flow diagram visualization
2025-04-30 00:13:22,080 - ethnicity_interaction_visualization - INFO - Creating flow diagram visualizations
2025-04-30 00:13:22,496 - ethnicity_interaction_visualization - INFO - Created annotated heatmap for ethnicity interactions
2025-04-30 00:13:26,165 - ethnicity_interaction_visualization - INFO - Created Sankey diagram for ethnicity interactions
2025-04-30 00:13:26,595 - ethnicity_interaction_visualization - INFO - Created chord diagram for ethnicity interactions
2025-04-30 00:13:27,343 - ethnicity_interaction_visualization - INFO - Created influence cascade visualization
2025-04-30 00:13:27,343 - ethnicity_interaction_visualization - INFO - Successfully created flow diagram visualizations
2025-04-30 00:13:27,343 - ethnicity_interaction_visualization - INFO - Running spatial interaction visualization
2025-04-30 00:13:27,343 - ethnicity_interaction_visualization - INFO - Creating spatial interaction visualizations
2025-04-30 00:14:16,947 - ethnicity_interaction_visualization - INFO - Successfully created spatial ethnicity interaction visualizations
2025-04-30 00:14:16,948 - ethnicity_interaction_visualization - INFO - Running temporal cascade visualization
2025-04-30 00:14:16,948 - ethnicity_interaction_visualization - INFO - Creating temporal cascade visualization with 5 steps
2025-04-30 00:14:17,734 - matplotlib.animation - INFO - Animation.save using <class 'matplotlib.animation.PillowWriter'>
2025-04-30 00:14:17,938 - ethnicity_interaction_visualization - INFO - Successfully created temporal cascade visualization
2025-04-30 00:14:17,938 - ethnicity_interaction_visualization - INFO - Running interaction metrics visualization
2025-04-30 00:14:17,938 - ethnicity_interaction_visualization - INFO - Creating interaction metrics visualization
2025-04-30 00:14:18,662 - ethnicity_interaction_visualization - INFO - Successfully created interaction metrics visualization
2025-04-30 00:14:18,663 - __main__ - INFO - === Ethnicity Interaction Analysis Completed ===
2025-04-30 00:16:36,910 - __main__ - INFO - === Starting Ethnicity Interaction Analysis ===
2025-04-30 00:16:36,911 - __main__ - INFO - Arguments: Namespace(interpretation_dir='./interpretations/interpretations', output_dir='./ethnicity_visualizations', data_dir='./data', spatial_dir='./spatial_data', spatial_analysis=True, ethnicity_names=None, da_coordinates_path='./spatial_data/toronto_da.csv', shapefile_path='./spatial_data/da_boundary.shp', colormap=None, threshold=0.05, time_steps=5, scaler='standard', batch_size=32, all=True, network=False, flow=False, spatial=False, temporal=False, metrics=False)
2025-04-30 00:16:37,081 - __main__ - INFO - Imported EthnicityInteractionAnalyzer from ethnicity_interaction_visualization_fix
2025-04-30 00:16:37,081 - __main__ - INFO - Found 10 interpretation files
2025-04-30 00:16:37,085 - __main__ - INFO - Loaded interpretation data from ./interpretations/interpretations\interpretation_batch_0.json
2025-04-30 00:16:37,089 - __main__ - INFO - Loaded interpretation data from ./interpretations/interpretations\interpretation_batch_14.json
2025-04-30 00:16:37,093 - __main__ - INFO - Loaded interpretation data from ./interpretations/interpretations\interpretation_batch_21.json
2025-04-30 00:16:37,096 - __main__ - INFO - Loaded interpretation data from ./interpretations/interpretations\interpretation_batch_28.json
2025-04-30 00:16:37,102 - __main__ - INFO - Loaded interpretation data from ./interpretations/interpretations\interpretation_batch_35.json
2025-04-30 00:16:37,106 - __main__ - INFO - Loaded interpretation data from ./interpretations/interpretations\interpretation_batch_42.json
2025-04-30 00:16:37,110 - __main__ - INFO - Loaded interpretation data from ./interpretations/interpretations\interpretation_batch_49.json
2025-04-30 00:16:37,113 - __main__ - INFO - Loaded interpretation data from ./interpretations/interpretations\interpretation_batch_56.json
2025-04-30 00:16:37,117 - __main__ - INFO - Loaded interpretation data from ./interpretations/interpretations\interpretation_batch_63.json
2025-04-30 00:16:37,121 - __main__ - INFO - Loaded interpretation data from ./interpretations/interpretations\interpretation_batch_7.json
2025-04-30 00:16:37,125 - __main__ - INFO - Loaded DA coordinates from ./spatial_data/toronto_da.csv with 3742 rows
2025-04-30 00:16:37,173 - __main__ - INFO - Created coordinate mapping for 3742 DAUIDs
2025-04-30 00:16:37,173 - __main__ - INFO - Found 5 ethnicities in model architecture
2025-04-30 00:16:37,173 - __main__ - INFO - Loading data from ./data
2025-04-30 00:16:37,176 - __main__ - INFO - Loaded DA coordinates from ./spatial_data/toronto_da.csv
2025-04-30 00:16:37,222 - csrn.data_loader.spatial_data_loader - INFO - Loaded walking matrix with shape (3742, 3742)
2025-04-30 00:16:37,264 - csrn.data_loader.spatial_data_loader - INFO - Loaded transit matrix with shape (3742, 3742)
2025-04-30 00:16:37,309 - csrn.data_loader.spatial_data_loader - INFO - Loaded proximity matrix with shape (3742, 3742)
2025-04-30 00:16:37,313 - csrn.data_loader.spatial_data_loader - INFO - Loaded DA info with 3742 entries
2025-04-30 00:16:37,314 - csrn.data_loader.spatial_data_loader - INFO - Loading multi-ethnic data files...
2025-04-30 00:16:37,355 - csrn.data_loader.spatial_data_loader - INFO - Loaded train_features: 2236 rows
2025-04-30 00:16:37,356 - csrn.data_loader.spatial_data_loader - INFO - Loaded train_pop_2016: 2236 rows
2025-04-30 00:16:37,358 - csrn.data_loader.spatial_data_loader - INFO -   - Contains 5 ethnicities: ['China', 'India', 'Philippines', 'Portugal', 'Sri Lanka']
2025-04-30 00:16:37,359 - csrn.data_loader.spatial_data_loader - INFO - Loaded train_pop_2021: 2236 rows
2025-04-30 00:16:37,359 - csrn.data_loader.spatial_data_loader - INFO -   - Contains 5 ethnicities: ['China', 'India', 'Philippines', 'Portugal', 'Sri Lanka']
2025-04-30 00:16:37,375 - csrn.data_loader.spatial_data_loader - INFO - Loaded val_features: 745 rows
2025-04-30 00:16:37,376 - csrn.data_loader.spatial_data_loader - INFO - Loaded val_pop_2016: 745 rows
2025-04-30 00:16:37,376 - csrn.data_loader.spatial_data_loader - INFO -   - Contains 5 ethnicities: ['China', 'India', 'Philippines', 'Portugal', 'Sri Lanka']
2025-04-30 00:16:37,377 - csrn.data_loader.spatial_data_loader - INFO - Loaded val_pop_2021: 745 rows
2025-04-30 00:16:37,378 - csrn.data_loader.spatial_data_loader - INFO -   - Contains 5 ethnicities: ['China', 'India', 'Philippines', 'Portugal', 'Sri Lanka']
2025-04-30 00:16:37,394 - csrn.data_loader.spatial_data_loader - INFO - Loaded test_features: 746 rows
2025-04-30 00:16:37,396 - csrn.data_loader.spatial_data_loader - INFO - Loaded test_pop_2016: 746 rows
2025-04-30 00:16:37,396 - csrn.data_loader.spatial_data_loader - INFO -   - Contains 5 ethnicities: ['China', 'India', 'Philippines', 'Portugal', 'Sri Lanka']
2025-04-30 00:16:37,397 - csrn.data_loader.spatial_data_loader - INFO - Loaded test_pop_2021: 746 rows
2025-04-30 00:16:37,397 - csrn.data_loader.spatial_data_loader - INFO -   - Contains 5 ethnicities: ['China', 'India', 'Philippines', 'Portugal', 'Sri Lanka']
2025-04-30 00:16:37,397 - csrn.data_loader.spatial_data_loader - INFO - Creating multi-ethnic spatially-aware DataLoaders...
2025-04-30 00:16:37,397 - csrn.data_loader.spatial_data_loader - INFO - Preprocessing features...
2025-04-30 00:16:37,415 - csrn.data_loader.spatial_data_loader - INFO - Feature preprocessing complete.
2025-04-30 00:16:37,419 - csrn.data_loader.spatial_data_loader - INFO - Loaded data with 5 ethnicities: ['China', 'India', 'Philippines', 'Portugal', 'Sri Lanka']
2025-04-30 00:16:37,703 - csrn.data_loader.spatial_data_loader - INFO - Loaded coordinates for 2236 DAs
2025-04-30 00:16:37,706 - csrn.data_loader.spatial_data_loader - INFO - Loaded data with 5 ethnicities: ['China', 'India', 'Philippines', 'Portugal', 'Sri Lanka']
2025-04-30 00:16:37,783 - csrn.data_loader.spatial_data_loader - INFO - Loaded coordinates for 745 DAs
2025-04-30 00:16:37,784 - csrn.data_loader.spatial_data_loader - INFO - Loaded data with 5 ethnicities: ['China', 'India', 'Philippines', 'Portugal', 'Sri Lanka']
2025-04-30 00:16:37,861 - csrn.data_loader.spatial_data_loader - INFO - Loaded coordinates for 746 DAs
2025-04-30 00:16:37,861 - csrn.data_loader.spatial_data_loader - INFO - Created DataLoaders: Train size=2236, Val size=745, Test size=746
2025-04-30 00:16:37,862 - csrn.data_loader.spatial_data_loader - INFO - Number of ethnicities: 5
2025-04-30 00:16:37,862 - __main__ - INFO - Loaded data with 5 ethnicities: ['China', 'India', 'Philippines', 'Portugal', 'Sri Lanka']
2025-04-30 00:16:37,864 - __main__ - INFO - Processed interaction weights with shape (32, 5, 5)
2025-04-30 00:16:37,865 - __main__ - INFO - Processed interaction data from 10 interpretations
2025-04-30 00:16:37,865 - __main__ - INFO - Found data for 320 DAUIDs
2025-04-30 00:16:37,886 - __main__ - INFO - Using ethnicity names: ['China', 'India', 'Philippines', 'Portugal', 'Sri Lanka']
2025-04-30 00:16:37,887 - __main__ - INFO - Extracting interaction data
2025-04-30 00:16:37,887 - ethnicity_interaction_visualization - INFO - Keys in interpretation_data: ['interaction_weights', 'interaction_effect', 'ethnicity_interactions_by_dauid', 'interaction_effect_by_dauid', 'dauid_list']
2025-04-30 00:16:37,887 - ethnicity_interaction_visualization - INFO - interaction_weights type: <class 'numpy.ndarray'>
2025-04-30 00:16:37,888 - ethnicity_interaction_visualization - INFO - interaction_weights shape: (32, 5, 5)
2025-04-30 00:16:37,889 - ethnicity_interaction_visualization - INFO - Transformed interaction data for DAUID 35204243: {'China_to_China': 0.5, 'China_to_India': 7.43629580420884e-18, 'China_to_Philippines': 0.0, 'China_to_Portugal': 0.9991108775138855, 'China_to_Sri Lanka': 2.1142453405673985e-25, 'India_to_China': 0.9999661445617676, 'India_to_India': 0.5, 'India_to_Philippines': 0.0, 'India_to_Portugal': 0.0, 'India_to_Sri Lanka': 1.676611866595849e-19, 'Philippines_to_China': 0.990655243396759, 'Philippines_to_India': 1.0, 'Philippines_to_Philippines': 0.5, 'Philippines_to_Portugal': 2.3795393528918135e-19, 'Philippines_to_Sri Lanka': 6.668846420676149e-20, 'Portugal_to_China': 0.0, 'Portugal_to_India': 0.0, 'Portugal_to_Philippines': 0.0, 'Portugal_to_Portugal': 0.5, 'Portugal_to_Sri Lanka': 1.3607850615062454e-26, 'Sri Lanka_to_China': 0.0, 'Sri Lanka_to_India': 6.034757260437527e-36, 'Sri Lanka_to_Philippines': 0.0, 'Sri Lanka_to_Portugal': 1.2073980542481877e-05, 'Sri Lanka_to_Sri Lanka': 0.5}
2025-04-30 00:16:37,889 - ethnicity_interaction_visualization - INFO - Interaction matrix shape: (32, 5, 5)
2025-04-30 00:16:37,889 - ethnicity_interaction_visualization - INFO - Averaging interactions across batch dimension. Result shape: (5, 5)
2025-04-30 00:16:37,890 - ethnicity_interaction_visualization - INFO - Calculated net influence: [-1.19287326  0.52683892 -0.35793671  1.17338785 -0.14941681]
2025-04-30 00:16:37,890 - ethnicity_interaction_visualization - INFO - Calculating spatial flow data
2025-04-30 00:16:37,890 - ethnicity_interaction_visualization - INFO - Number of DAUIDs with interaction data: 320
2025-04-30 00:16:37,891 - ethnicity_interaction_visualization - INFO - Number of DAUIDs with coordinates: 3742
2025-04-30 00:16:37,891 - ethnicity_interaction_visualization - INFO - Number of DAUIDs with both interaction data and coordinates: 320
2025-04-30 00:16:37,891 - ethnicity_interaction_visualization - INFO - Example interactions for DAUID 35204020: {'China_to_China': 0.5, 'China_to_India': 6.491222308827458e-19, 'China_to_Philippines': 1.63372521949245e-17, 'China_to_Portugal': 1.0604580156061712e-22, 'China_to_Sri Lanka': 5.0488097258494236e-06, 'India_to_China': 8.240085697108768e-11, 'India_to_India': 0.5, 'India_to_Philippines': 0.9670976400375366, 'India_to_Portugal': 1.521775012354119e-35, 'India_to_Sri Lanka': 9.535915494240782e-24, 'Philippines_to_China': 2.4047214352071716e-37, 'Philippines_to_India': 1.9130628064287847e-28, 'Philippines_to_Philippines': 0.5, 'Philippines_to_Portugal': 1.24515259308505e-21, 'Philippines_to_Sri Lanka': 2.0651500774430052e-18, 'Portugal_to_China': 2.7039834563005173e-34, 'Portugal_to_India': 1.4999342100394802e-13, 'Portugal_to_Philippines': 3.1499639958211558e-25, 'Portugal_to_Portugal': 0.5, 'Portugal_to_Sri Lanka': 1.768203739142666e-25, 'Sri Lanka_to_China': 5.509227893787833e-38, 'Sri Lanka_to_India': 6.988040358354758e-27, 'Sri Lanka_to_Philippines': 0.0, 'Sri Lanka_to_Portugal': 0.5741646885871887, 'Sri Lanka_to_Sri Lanka': 0.5}
2025-04-30 00:16:37,891 - ethnicity_interaction_visualization - INFO - Looking for keys like: ['China_to_China', 'China_to_India', 'China_to_Philippines', 'China_to_Portugal', 'China_to_Sri Lanka']
2025-04-30 00:16:37,891 - ethnicity_interaction_visualization - INFO - Found key China_to_China with value 0.5, threshold is 0.05
2025-04-30 00:16:37,891 - ethnicity_interaction_visualization - INFO - Significant interaction found: China_to_China = 0.5
2025-04-30 00:16:37,892 - ethnicity_interaction_visualization - INFO - Found key China_to_India with value 6.491222308827458e-19, threshold is 0.05
2025-04-30 00:16:37,892 - ethnicity_interaction_visualization - INFO - Found key China_to_Philippines with value 1.63372521949245e-17, threshold is 0.05
2025-04-30 00:16:37,892 - ethnicity_interaction_visualization - INFO - Found key China_to_Portugal with value 1.0604580156061712e-22, threshold is 0.05
2025-04-30 00:16:37,892 - ethnicity_interaction_visualization - INFO - Found key China_to_Sri Lanka with value 5.0488097258494236e-06, threshold is 0.05
2025-04-30 00:16:37,892 - ethnicity_interaction_visualization - INFO - Added significant interactions for China at DAUID 35204020
2025-04-30 00:16:37,892 - ethnicity_interaction_visualization - INFO - Added significant interactions for India at DAUID 35204020
2025-04-30 00:16:37,892 - ethnicity_interaction_visualization - INFO - Added significant interactions for Philippines at DAUID 35204020
2025-04-30 00:16:37,892 - ethnicity_interaction_visualization - INFO - Added significant interactions for Portugal at DAUID 35204020
2025-04-30 00:16:37,892 - ethnicity_interaction_visualization - INFO - Added significant interactions for Sri Lanka at DAUID 35204020
2025-04-30 00:16:37,893 - ethnicity_interaction_visualization - INFO - Added significant interactions for China at DAUID 35205011
2025-04-30 00:16:37,893 - ethnicity_interaction_visualization - INFO - Added significant interactions for India at DAUID 35205011
2025-04-30 00:16:37,893 - ethnicity_interaction_visualization - INFO - Added significant interactions for Philippines at DAUID 35205011
2025-04-30 00:16:37,893 - ethnicity_interaction_visualization - INFO - Added significant interactions for Portugal at DAUID 35205011
2025-04-30 00:16:37,893 - ethnicity_interaction_visualization - INFO - Added significant interactions for Sri Lanka at DAUID 35205011
2025-04-30 00:16:37,893 - ethnicity_interaction_visualization - INFO - Added significant interactions for China at DAUID 35201279
2025-04-30 00:16:37,893 - ethnicity_interaction_visualization - INFO - Added significant interactions for India at DAUID 35201279
2025-04-30 00:16:37,893 - ethnicity_interaction_visualization - INFO - Added significant interactions for Philippines at DAUID 35201279
2025-04-30 00:16:37,893 - ethnicity_interaction_visualization - INFO - Added significant interactions for Portugal at DAUID 35201279
2025-04-30 00:16:37,893 - ethnicity_interaction_visualization - INFO - Added significant interactions for Sri Lanka at DAUID 35201279
2025-04-30 00:16:37,893 - ethnicity_interaction_visualization - INFO - Added significant interactions for China at DAUID 35201913
2025-04-30 00:16:37,894 - ethnicity_interaction_visualization - INFO - Added significant interactions for India at DAUID 35201913
2025-04-30 00:16:37,894 - ethnicity_interaction_visualization - INFO - Added significant interactions for Philippines at DAUID 35201913
2025-04-30 00:16:37,894 - ethnicity_interaction_visualization - INFO - Added significant interactions for Portugal at DAUID 35201913
2025-04-30 00:16:37,894 - ethnicity_interaction_visualization - INFO - Added significant interactions for Sri Lanka at DAUID 35201913
2025-04-30 00:16:37,894 - ethnicity_interaction_visualization - INFO - Added significant interactions for China at DAUID 35203849
2025-04-30 00:16:37,894 - ethnicity_interaction_visualization - INFO - Added significant interactions for India at DAUID 35203849
2025-04-30 00:16:37,894 - ethnicity_interaction_visualization - INFO - Added significant interactions for Philippines at DAUID 35203849
2025-04-30 00:16:37,894 - ethnicity_interaction_visualization - INFO - Added significant interactions for Portugal at DAUID 35203849
2025-04-30 00:16:37,894 - ethnicity_interaction_visualization - INFO - Added significant interactions for Sri Lanka at DAUID 35203849
2025-04-30 00:16:37,894 - ethnicity_interaction_visualization - INFO - Added significant interactions for China at DAUID 35203000
2025-04-30 00:16:37,894 - ethnicity_interaction_visualization - INFO - Added significant interactions for India at DAUID 35203000
2025-04-30 00:16:37,894 - ethnicity_interaction_visualization - INFO - Added significant interactions for Philippines at DAUID 35203000
2025-04-30 00:16:37,895 - ethnicity_interaction_visualization - INFO - Added significant interactions for Portugal at DAUID 35203000
2025-04-30 00:16:37,895 - ethnicity_interaction_visualization - INFO - Added significant interactions for Sri Lanka at DAUID 35203000
2025-04-30 00:16:37,895 - ethnicity_interaction_visualization - INFO - Added significant interactions for China at DAUID 35203637
2025-04-30 00:16:37,895 - ethnicity_interaction_visualization - INFO - Added significant interactions for India at DAUID 35203637
2025-04-30 00:16:37,895 - ethnicity_interaction_visualization - INFO - Added significant interactions for Philippines at DAUID 35203637
2025-04-30 00:16:37,895 - ethnicity_interaction_visualization - INFO - Added significant interactions for Portugal at DAUID 35203637
2025-04-30 00:16:37,895 - ethnicity_interaction_visualization - INFO - Added significant interactions for Sri Lanka at DAUID 35203637
2025-04-30 00:16:37,896 - ethnicity_interaction_visualization - INFO - Added significant interactions for China at DAUID 35203387
2025-04-30 00:16:37,896 - ethnicity_interaction_visualization - INFO - Added significant interactions for India at DAUID 35203387
2025-04-30 00:16:37,896 - ethnicity_interaction_visualization - INFO - Added significant interactions for Philippines at DAUID 35203387
2025-04-30 00:16:37,896 - ethnicity_interaction_visualization - INFO - Added significant interactions for Portugal at DAUID 35203387
2025-04-30 00:16:37,896 - ethnicity_interaction_visualization - INFO - Added significant interactions for Sri Lanka at DAUID 35203387
2025-04-30 00:16:37,896 - ethnicity_interaction_visualization - INFO - Added significant interactions for China at DAUID 35201826
2025-04-30 00:16:37,896 - ethnicity_interaction_visualization - INFO - Added significant interactions for India at DAUID 35201826
2025-04-30 00:16:37,896 - ethnicity_interaction_visualization - INFO - Added significant interactions for Philippines at DAUID 35201826
2025-04-30 00:16:37,896 - ethnicity_interaction_visualization - INFO - Added significant interactions for Portugal at DAUID 35201826
2025-04-30 00:16:37,896 - ethnicity_interaction_visualization - INFO - Added significant interactions for Sri Lanka at DAUID 35201826
2025-04-30 00:16:37,896 - ethnicity_interaction_visualization - INFO - Added significant interactions for China at DAUID 35200094
2025-04-30 00:16:37,896 - ethnicity_interaction_visualization - INFO - Added significant interactions for India at DAUID 35200094
2025-04-30 00:16:37,896 - ethnicity_interaction_visualization - INFO - Added significant interactions for Philippines at DAUID 35200094
2025-04-30 00:16:37,896 - ethnicity_interaction_visualization - INFO - Added significant interactions for Portugal at DAUID 35200094
2025-04-30 00:16:37,896 - ethnicity_interaction_visualization - INFO - Added significant interactions for Sri Lanka at DAUID 35200094
2025-04-30 00:16:37,896 - ethnicity_interaction_visualization - INFO - Added significant interactions for China at DAUID 35204327
2025-04-30 00:16:37,896 - ethnicity_interaction_visualization - INFO - Added significant interactions for India at DAUID 35204327
2025-04-30 00:16:37,896 - ethnicity_interaction_visualization - INFO - Added significant interactions for Philippines at DAUID 35204327
2025-04-30 00:16:37,898 - ethnicity_interaction_visualization - INFO - Added significant interactions for Portugal at DAUID 35204327
2025-04-30 00:16:37,898 - ethnicity_interaction_visualization - INFO - Added significant interactions for Sri Lanka at DAUID 35204327
2025-04-30 00:16:37,898 - ethnicity_interaction_visualization - INFO - Added significant interactions for China at DAUID 35200066
2025-04-30 00:16:37,898 - ethnicity_interaction_visualization - INFO - Added significant interactions for India at DAUID 35200066
2025-04-30 00:16:37,898 - ethnicity_interaction_visualization - INFO - Added significant interactions for Philippines at DAUID 35200066
2025-04-30 00:16:37,898 - ethnicity_interaction_visualization - INFO - Added significant interactions for Portugal at DAUID 35200066
2025-04-30 00:16:37,898 - ethnicity_interaction_visualization - INFO - Added significant interactions for Sri Lanka at DAUID 35200066
2025-04-30 00:16:37,898 - ethnicity_interaction_visualization - INFO - Added significant interactions for China at DAUID 35200813
2025-04-30 00:16:37,898 - ethnicity_interaction_visualization - INFO - Added significant interactions for India at DAUID 35200813
2025-04-30 00:16:37,898 - ethnicity_interaction_visualization - INFO - Added significant interactions for Philippines at DAUID 35200813
2025-04-30 00:16:37,899 - ethnicity_interaction_visualization - INFO - Added significant interactions for Portugal at DAUID 35200813
2025-04-30 00:16:37,899 - ethnicity_interaction_visualization - INFO - Added significant interactions for Sri Lanka at DAUID 35200813
2025-04-30 00:16:37,899 - ethnicity_interaction_visualization - INFO - Added significant interactions for China at DAUID 35201761
2025-04-30 00:16:37,899 - ethnicity_interaction_visualization - INFO - Added significant interactions for India at DAUID 35201761
2025-04-30 00:16:37,899 - ethnicity_interaction_visualization - INFO - Added significant interactions for Philippines at DAUID 35201761
2025-04-30 00:16:37,899 - ethnicity_interaction_visualization - INFO - Added significant interactions for Portugal at DAUID 35201761
2025-04-30 00:16:37,899 - ethnicity_interaction_visualization - INFO - Added significant interactions for Sri Lanka at DAUID 35201761
2025-04-30 00:16:37,899 - ethnicity_interaction_visualization - INFO - Added significant interactions for China at DAUID 35202899
2025-04-30 00:16:37,899 - ethnicity_interaction_visualization - INFO - Added significant interactions for India at DAUID 35202899
2025-04-30 00:16:37,899 - ethnicity_interaction_visualization - INFO - Added significant interactions for Philippines at DAUID 35202899
2025-04-30 00:16:37,899 - ethnicity_interaction_visualization - INFO - Added significant interactions for Portugal at DAUID 35202899
2025-04-30 00:16:37,899 - ethnicity_interaction_visualization - INFO - Added significant interactions for Sri Lanka at DAUID 35202899
2025-04-30 00:16:37,900 - ethnicity_interaction_visualization - INFO - Added significant interactions for China at DAUID 35201249
2025-04-30 00:16:37,900 - ethnicity_interaction_visualization - INFO - Added significant interactions for India at DAUID 35201249
2025-04-30 00:16:37,900 - ethnicity_interaction_visualization - INFO - Added significant interactions for Philippines at DAUID 35201249
2025-04-30 00:16:37,900 - ethnicity_interaction_visualization - INFO - Added significant interactions for Portugal at DAUID 35201249
2025-04-30 00:16:37,900 - ethnicity_interaction_visualization - INFO - Added significant interactions for Sri Lanka at DAUID 35201249
2025-04-30 00:16:37,900 - ethnicity_interaction_visualization - INFO - Added significant interactions for China at DAUID 35201604
2025-04-30 00:16:37,900 - ethnicity_interaction_visualization - INFO - Added significant interactions for India at DAUID 35201604
2025-04-30 00:16:37,900 - ethnicity_interaction_visualization - INFO - Added significant interactions for Philippines at DAUID 35201604
2025-04-30 00:16:37,900 - ethnicity_interaction_visualization - INFO - Added significant interactions for Portugal at DAUID 35201604
2025-04-30 00:16:37,900 - ethnicity_interaction_visualization - INFO - Added significant interactions for Sri Lanka at DAUID 35201604
2025-04-30 00:16:37,900 - ethnicity_interaction_visualization - INFO - Added significant interactions for China at DAUID 35202418
2025-04-30 00:16:37,901 - ethnicity_interaction_visualization - INFO - Added significant interactions for India at DAUID 35202418
2025-04-30 00:16:37,901 - ethnicity_interaction_visualization - INFO - Added significant interactions for Philippines at DAUID 35202418
2025-04-30 00:16:37,901 - ethnicity_interaction_visualization - INFO - Added significant interactions for Portugal at DAUID 35202418
2025-04-30 00:16:37,901 - ethnicity_interaction_visualization - INFO - Added significant interactions for Sri Lanka at DAUID 35202418
2025-04-30 00:16:37,901 - ethnicity_interaction_visualization - INFO - Added significant interactions for China at DAUID 35203236
2025-04-30 00:16:37,901 - ethnicity_interaction_visualization - INFO - Added significant interactions for India at DAUID 35203236
2025-04-30 00:16:37,901 - ethnicity_interaction_visualization - INFO - Added significant interactions for Philippines at DAUID 35203236
2025-04-30 00:16:37,901 - ethnicity_interaction_visualization - INFO - Added significant interactions for Portugal at DAUID 35203236
2025-04-30 00:16:37,901 - ethnicity_interaction_visualization - INFO - Added significant interactions for Sri Lanka at DAUID 35203236
2025-04-30 00:16:37,902 - ethnicity_interaction_visualization - INFO - Added significant interactions for China at DAUID 35204952
2025-04-30 00:16:37,902 - ethnicity_interaction_visualization - INFO - Added significant interactions for India at DAUID 35204952
2025-04-30 00:16:37,902 - ethnicity_interaction_visualization - INFO - Added significant interactions for Philippines at DAUID 35204952
2025-04-30 00:16:37,902 - ethnicity_interaction_visualization - INFO - Added significant interactions for Portugal at DAUID 35204952
2025-04-30 00:16:37,902 - ethnicity_interaction_visualization - INFO - Added significant interactions for Sri Lanka at DAUID 35204952
2025-04-30 00:16:37,902 - ethnicity_interaction_visualization - INFO - Added significant interactions for China at DAUID 35200307
2025-04-30 00:16:37,902 - ethnicity_interaction_visualization - INFO - Added significant interactions for India at DAUID 35200307
2025-04-30 00:16:37,902 - ethnicity_interaction_visualization - INFO - Added significant interactions for Philippines at DAUID 35200307
2025-04-30 00:16:37,902 - ethnicity_interaction_visualization - INFO - Added significant interactions for Portugal at DAUID 35200307
2025-04-30 00:16:37,902 - ethnicity_interaction_visualization - INFO - Added significant interactions for Sri Lanka at DAUID 35200307
2025-04-30 00:16:37,902 - ethnicity_interaction_visualization - INFO - Added significant interactions for China at DAUID 35202992
2025-04-30 00:16:37,902 - ethnicity_interaction_visualization - INFO - Added significant interactions for India at DAUID 35202992
2025-04-30 00:16:37,902 - ethnicity_interaction_visualization - INFO - Added significant interactions for Philippines at DAUID 35202992
2025-04-30 00:16:37,902 - ethnicity_interaction_visualization - INFO - Added significant interactions for Portugal at DAUID 35202992
2025-04-30 00:16:37,903 - ethnicity_interaction_visualization - INFO - Added significant interactions for Sri Lanka at DAUID 35202992
2025-04-30 00:16:37,903 - ethnicity_interaction_visualization - INFO - Added significant interactions for China at DAUID 35201019
2025-04-30 00:16:37,903 - ethnicity_interaction_visualization - INFO - Added significant interactions for India at DAUID 35201019
2025-04-30 00:16:37,903 - ethnicity_interaction_visualization - INFO - Added significant interactions for Philippines at DAUID 35201019
2025-04-30 00:16:37,903 - ethnicity_interaction_visualization - INFO - Added significant interactions for Portugal at DAUID 35201019
2025-04-30 00:16:37,903 - ethnicity_interaction_visualization - INFO - Added significant interactions for Sri Lanka at DAUID 35201019
2025-04-30 00:16:37,903 - ethnicity_interaction_visualization - INFO - Added significant interactions for China at DAUID 35204076
2025-04-30 00:16:37,903 - ethnicity_interaction_visualization - INFO - Added significant interactions for India at DAUID 35204076
2025-04-30 00:16:37,903 - ethnicity_interaction_visualization - INFO - Added significant interactions for Philippines at DAUID 35204076
2025-04-30 00:16:37,903 - ethnicity_interaction_visualization - INFO - Added significant interactions for Portugal at DAUID 35204076
2025-04-30 00:16:37,903 - ethnicity_interaction_visualization - INFO - Added significant interactions for Sri Lanka at DAUID 35204076
2025-04-30 00:16:37,903 - ethnicity_interaction_visualization - INFO - Added significant interactions for China at DAUID 35202325
2025-04-30 00:16:37,903 - ethnicity_interaction_visualization - INFO - Added significant interactions for India at DAUID 35202325
2025-04-30 00:16:37,904 - ethnicity_interaction_visualization - INFO - Added significant interactions for Philippines at DAUID 35202325
2025-04-30 00:16:37,904 - ethnicity_interaction_visualization - INFO - Added significant interactions for Portugal at DAUID 35202325
2025-04-30 00:16:37,904 - ethnicity_interaction_visualization - INFO - Added significant interactions for Sri Lanka at DAUID 35202325
2025-04-30 00:16:37,904 - ethnicity_interaction_visualization - INFO - Added significant interactions for China at DAUID 35200798
2025-04-30 00:16:37,904 - ethnicity_interaction_visualization - INFO - Added significant interactions for India at DAUID 35200798
2025-04-30 00:16:37,904 - ethnicity_interaction_visualization - INFO - Added significant interactions for Philippines at DAUID 35200798
2025-04-30 00:16:37,904 - ethnicity_interaction_visualization - INFO - Added significant interactions for Portugal at DAUID 35200798
2025-04-30 00:16:37,904 - ethnicity_interaction_visualization - INFO - Added significant interactions for Sri Lanka at DAUID 35200798
2025-04-30 00:16:37,904 - ethnicity_interaction_visualization - INFO - Added significant interactions for China at DAUID 35202656
2025-04-30 00:16:37,904 - ethnicity_interaction_visualization - INFO - Added significant interactions for India at DAUID 35202656
2025-04-30 00:16:37,904 - ethnicity_interaction_visualization - INFO - Added significant interactions for Philippines at DAUID 35202656
2025-04-30 00:16:37,904 - ethnicity_interaction_visualization - INFO - Added significant interactions for Portugal at DAUID 35202656
2025-04-30 00:16:37,905 - ethnicity_interaction_visualization - INFO - Added significant interactions for Sri Lanka at DAUID 35202656
2025-04-30 00:16:37,905 - ethnicity_interaction_visualization - INFO - Added significant interactions for China at DAUID 35204509
2025-04-30 00:16:37,905 - ethnicity_interaction_visualization - INFO - Added significant interactions for India at DAUID 35204509
2025-04-30 00:16:37,905 - ethnicity_interaction_visualization - INFO - Added significant interactions for Philippines at DAUID 35204509
2025-04-30 00:16:37,905 - ethnicity_interaction_visualization - INFO - Added significant interactions for Portugal at DAUID 35204509
2025-04-30 00:16:37,905 - ethnicity_interaction_visualization - INFO - Added significant interactions for Sri Lanka at DAUID 35204509
2025-04-30 00:16:37,905 - ethnicity_interaction_visualization - INFO - Added significant interactions for China at DAUID 35203218
2025-04-30 00:16:37,905 - ethnicity_interaction_visualization - INFO - Added significant interactions for India at DAUID 35203218
2025-04-30 00:16:37,905 - ethnicity_interaction_visualization - INFO - Added significant interactions for Philippines at DAUID 35203218
2025-04-30 00:16:37,905 - ethnicity_interaction_visualization - INFO - Added significant interactions for Portugal at DAUID 35203218
2025-04-30 00:16:37,905 - ethnicity_interaction_visualization - INFO - Added significant interactions for Sri Lanka at DAUID 35203218
2025-04-30 00:16:37,906 - ethnicity_interaction_visualization - INFO - Added significant interactions for China at DAUID 35202571
2025-04-30 00:16:37,906 - ethnicity_interaction_visualization - INFO - Added significant interactions for India at DAUID 35202571
2025-04-30 00:16:37,906 - ethnicity_interaction_visualization - INFO - Added significant interactions for Philippines at DAUID 35202571
2025-04-30 00:16:37,906 - ethnicity_interaction_visualization - INFO - Added significant interactions for Portugal at DAUID 35202571
2025-04-30 00:16:37,906 - ethnicity_interaction_visualization - INFO - Added significant interactions for Sri Lanka at DAUID 35202571
2025-04-30 00:16:37,906 - ethnicity_interaction_visualization - INFO - Added significant interactions for China at DAUID 35204404
2025-04-30 00:16:37,906 - ethnicity_interaction_visualization - INFO - Added significant interactions for India at DAUID 35204404
2025-04-30 00:16:37,906 - ethnicity_interaction_visualization - INFO - Added significant interactions for Philippines at DAUID 35204404
2025-04-30 00:16:37,906 - ethnicity_interaction_visualization - INFO - Added significant interactions for Portugal at DAUID 35204404
2025-04-30 00:16:37,906 - ethnicity_interaction_visualization - INFO - Added significant interactions for Sri Lanka at DAUID 35204404
2025-04-30 00:16:37,906 - ethnicity_interaction_visualization - INFO - Added significant interactions for China at DAUID 35200957
2025-04-30 00:16:37,906 - ethnicity_interaction_visualization - INFO - Added significant interactions for India at DAUID 35200957
2025-04-30 00:16:37,906 - ethnicity_interaction_visualization - INFO - Added significant interactions for Philippines at DAUID 35200957
2025-04-30 00:16:37,906 - ethnicity_interaction_visualization - INFO - Added significant interactions for Portugal at DAUID 35200957
2025-04-30 00:16:37,907 - ethnicity_interaction_visualization - INFO - Added significant interactions for Sri Lanka at DAUID 35200957
2025-04-30 00:16:37,907 - ethnicity_interaction_visualization - INFO - Added significant interactions for China at DAUID 35201827
2025-04-30 00:16:37,907 - ethnicity_interaction_visualization - INFO - Added significant interactions for India at DAUID 35201827
2025-04-30 00:16:37,907 - ethnicity_interaction_visualization - INFO - Added significant interactions for Philippines at DAUID 35201827
2025-04-30 00:16:37,907 - ethnicity_interaction_visualization - INFO - Added significant interactions for Portugal at DAUID 35201827
2025-04-30 00:16:37,907 - ethnicity_interaction_visualization - INFO - Added significant interactions for Sri Lanka at DAUID 35201827
2025-04-30 00:16:37,907 - ethnicity_interaction_visualization - INFO - Added significant interactions for China at DAUID 35204287
2025-04-30 00:16:37,907 - ethnicity_interaction_visualization - INFO - Added significant interactions for India at DAUID 35204287
2025-04-30 00:16:37,907 - ethnicity_interaction_visualization - INFO - Added significant interactions for Philippines at DAUID 35204287
2025-04-30 00:16:37,907 - ethnicity_interaction_visualization - INFO - Added significant interactions for Portugal at DAUID 35204287
2025-04-30 00:16:37,907 - ethnicity_interaction_visualization - INFO - Added significant interactions for Sri Lanka at DAUID 35204287
2025-04-30 00:16:37,907 - ethnicity_interaction_visualization - INFO - Added significant interactions for China at DAUID 35203873
2025-04-30 00:16:37,907 - ethnicity_interaction_visualization - INFO - Added significant interactions for India at DAUID 35203873
2025-04-30 00:16:37,907 - ethnicity_interaction_visualization - INFO - Added significant interactions for Philippines at DAUID 35203873
2025-04-30 00:16:37,908 - ethnicity_interaction_visualization - INFO - Added significant interactions for Portugal at DAUID 35203873
2025-04-30 00:16:37,908 - ethnicity_interaction_visualization - INFO - Added significant interactions for Sri Lanka at DAUID 35203873
2025-04-30 00:16:37,908 - ethnicity_interaction_visualization - INFO - Added significant interactions for China at DAUID 35202447
2025-04-30 00:16:37,908 - ethnicity_interaction_visualization - INFO - Added significant interactions for India at DAUID 35202447
2025-04-30 00:16:37,908 - ethnicity_interaction_visualization - INFO - Added significant interactions for Philippines at DAUID 35202447
2025-04-30 00:16:37,908 - ethnicity_interaction_visualization - INFO - Added significant interactions for Portugal at DAUID 35202447
2025-04-30 00:16:37,908 - ethnicity_interaction_visualization - INFO - Added significant interactions for Sri Lanka at DAUID 35202447
2025-04-30 00:16:37,908 - ethnicity_interaction_visualization - INFO - Added significant interactions for China at DAUID 35203812
2025-04-30 00:16:37,908 - ethnicity_interaction_visualization - INFO - Added significant interactions for India at DAUID 35203812
2025-04-30 00:16:37,909 - ethnicity_interaction_visualization - INFO - Added significant interactions for Philippines at DAUID 35203812
2025-04-30 00:16:37,909 - ethnicity_interaction_visualization - INFO - Added significant interactions for Portugal at DAUID 35203812
2025-04-30 00:16:37,909 - ethnicity_interaction_visualization - INFO - Added significant interactions for Sri Lanka at DAUID 35203812
2025-04-30 00:16:37,909 - ethnicity_interaction_visualization - INFO - Added significant interactions for China at DAUID 35203604
2025-04-30 00:16:37,909 - ethnicity_interaction_visualization - INFO - Added significant interactions for India at DAUID 35203604
2025-04-30 00:16:37,909 - ethnicity_interaction_visualization - INFO - Added significant interactions for Philippines at DAUID 35203604
2025-04-30 00:16:37,909 - ethnicity_interaction_visualization - INFO - Added significant interactions for Portugal at DAUID 35203604
2025-04-30 00:16:37,909 - ethnicity_interaction_visualization - INFO - Added significant interactions for Sri Lanka at DAUID 35203604
2025-04-30 00:16:37,909 - ethnicity_interaction_visualization - INFO - Added significant interactions for China at DAUID 35204660
2025-04-30 00:16:37,910 - ethnicity_interaction_visualization - INFO - Added significant interactions for India at DAUID 35204660
2025-04-30 00:16:37,910 - ethnicity_interaction_visualization - INFO - Added significant interactions for Philippines at DAUID 35204660
2025-04-30 00:16:37,910 - ethnicity_interaction_visualization - INFO - Added significant interactions for Portugal at DAUID 35204660
2025-04-30 00:16:37,910 - ethnicity_interaction_visualization - INFO - Added significant interactions for Sri Lanka at DAUID 35204660
2025-04-30 00:16:37,910 - ethnicity_interaction_visualization - INFO - Added significant interactions for China at DAUID 35203170
2025-04-30 00:16:37,910 - ethnicity_interaction_visualization - INFO - Added significant interactions for India at DAUID 35203170
2025-04-30 00:16:37,910 - ethnicity_interaction_visualization - INFO - Added significant interactions for Philippines at DAUID 35203170
2025-04-30 00:16:37,910 - ethnicity_interaction_visualization - INFO - Added significant interactions for Portugal at DAUID 35203170
2025-04-30 00:16:37,910 - ethnicity_interaction_visualization - INFO - Added significant interactions for Sri Lanka at DAUID 35203170
2025-04-30 00:16:37,910 - ethnicity_interaction_visualization - INFO - Added significant interactions for China at DAUID 35203315
2025-04-30 00:16:37,910 - ethnicity_interaction_visualization - INFO - Added significant interactions for India at DAUID 35203315
2025-04-30 00:16:37,910 - ethnicity_interaction_visualization - INFO - Added significant interactions for Philippines at DAUID 35203315
2025-04-30 00:16:37,910 - ethnicity_interaction_visualization - INFO - Added significant interactions for Portugal at DAUID 35203315
2025-04-30 00:16:37,911 - ethnicity_interaction_visualization - INFO - Added significant interactions for Sri Lanka at DAUID 35203315
2025-04-30 00:16:37,911 - ethnicity_interaction_visualization - INFO - Added significant interactions for China at DAUID 35201597
2025-04-30 00:16:37,911 - ethnicity_interaction_visualization - INFO - Added significant interactions for India at DAUID 35201597
2025-04-30 00:16:37,911 - ethnicity_interaction_visualization - INFO - Added significant interactions for Philippines at DAUID 35201597
2025-04-30 00:16:37,911 - ethnicity_interaction_visualization - INFO - Added significant interactions for Portugal at DAUID 35201597
2025-04-30 00:16:37,911 - ethnicity_interaction_visualization - INFO - Added significant interactions for Sri Lanka at DAUID 35201597
2025-04-30 00:16:37,911 - ethnicity_interaction_visualization - INFO - Added significant interactions for China at DAUID 35201126
2025-04-30 00:16:37,911 - ethnicity_interaction_visualization - INFO - Added significant interactions for India at DAUID 35201126
2025-04-30 00:16:37,911 - ethnicity_interaction_visualization - INFO - Added significant interactions for Philippines at DAUID 35201126
2025-04-30 00:16:37,911 - ethnicity_interaction_visualization - INFO - Added significant interactions for Portugal at DAUID 35201126
2025-04-30 00:16:37,911 - ethnicity_interaction_visualization - INFO - Added significant interactions for Sri Lanka at DAUID 35201126
2025-04-30 00:16:37,911 - ethnicity_interaction_visualization - INFO - Added significant interactions for China at DAUID 35200047
2025-04-30 00:16:37,911 - ethnicity_interaction_visualization - INFO - Added significant interactions for India at DAUID 35200047
2025-04-30 00:16:37,911 - ethnicity_interaction_visualization - INFO - Added significant interactions for Philippines at DAUID 35200047
2025-04-30 00:16:37,911 - ethnicity_interaction_visualization - INFO - Added significant interactions for Portugal at DAUID 35200047
2025-04-30 00:16:37,911 - ethnicity_interaction_visualization - INFO - Added significant interactions for Sri Lanka at DAUID 35200047
2025-04-30 00:16:37,912 - ethnicity_interaction_visualization - INFO - Added significant interactions for China at DAUID 35203682
2025-04-30 00:16:37,912 - ethnicity_interaction_visualization - INFO - Added significant interactions for India at DAUID 35203682
2025-04-30 00:16:37,912 - ethnicity_interaction_visualization - INFO - Added significant interactions for Philippines at DAUID 35203682
2025-04-30 00:16:37,912 - ethnicity_interaction_visualization - INFO - Added significant interactions for Portugal at DAUID 35203682
2025-04-30 00:16:37,912 - ethnicity_interaction_visualization - INFO - Added significant interactions for Sri Lanka at DAUID 35203682
2025-04-30 00:16:37,912 - ethnicity_interaction_visualization - INFO - Added significant interactions for China at DAUID 35204518
2025-04-30 00:16:37,912 - ethnicity_interaction_visualization - INFO - Added significant interactions for India at DAUID 35204518
2025-04-30 00:16:37,912 - ethnicity_interaction_visualization - INFO - Added significant interactions for Philippines at DAUID 35204518
2025-04-30 00:16:37,912 - ethnicity_interaction_visualization - INFO - Added significant interactions for Portugal at DAUID 35204518
2025-04-30 00:16:37,913 - ethnicity_interaction_visualization - INFO - Added significant interactions for Sri Lanka at DAUID 35204518
2025-04-30 00:16:37,913 - ethnicity_interaction_visualization - INFO - Added significant interactions for China at DAUID 35204042
2025-04-30 00:16:37,913 - ethnicity_interaction_visualization - INFO - Added significant interactions for India at DAUID 35204042
2025-04-30 00:16:37,913 - ethnicity_interaction_visualization - INFO - Added significant interactions for Philippines at DAUID 35204042
2025-04-30 00:16:37,913 - ethnicity_interaction_visualization - INFO - Added significant interactions for Portugal at DAUID 35204042
2025-04-30 00:16:37,913 - ethnicity_interaction_visualization - INFO - Added significant interactions for Sri Lanka at DAUID 35204042
2025-04-30 00:16:37,913 - ethnicity_interaction_visualization - INFO - Added significant interactions for China at DAUID 35200911
2025-04-30 00:16:37,913 - ethnicity_interaction_visualization - INFO - Added significant interactions for India at DAUID 35200911
2025-04-30 00:16:37,913 - ethnicity_interaction_visualization - INFO - Added significant interactions for Philippines at DAUID 35200911
2025-04-30 00:16:37,913 - ethnicity_interaction_visualization - INFO - Added significant interactions for Portugal at DAUID 35200911
2025-04-30 00:16:37,913 - ethnicity_interaction_visualization - INFO - Added significant interactions for Sri Lanka at DAUID 35200911
2025-04-30 00:16:37,913 - ethnicity_interaction_visualization - INFO - Added significant interactions for China at DAUID 35204061
2025-04-30 00:16:37,913 - ethnicity_interaction_visualization - INFO - Added significant interactions for India at DAUID 35204061
2025-04-30 00:16:37,913 - ethnicity_interaction_visualization - INFO - Added significant interactions for Philippines at DAUID 35204061
2025-04-30 00:16:37,913 - ethnicity_interaction_visualization - INFO - Added significant interactions for Portugal at DAUID 35204061
2025-04-30 00:16:37,914 - ethnicity_interaction_visualization - INFO - Added significant interactions for Sri Lanka at DAUID 35204061
2025-04-30 00:16:37,914 - ethnicity_interaction_visualization - INFO - Added significant interactions for China at DAUID 35201405
2025-04-30 00:16:37,914 - ethnicity_interaction_visualization - INFO - Added significant interactions for India at DAUID 35201405
2025-04-30 00:16:37,914 - ethnicity_interaction_visualization - INFO - Added significant interactions for Philippines at DAUID 35201405
2025-04-30 00:16:37,914 - ethnicity_interaction_visualization - INFO - Added significant interactions for Portugal at DAUID 35201405
2025-04-30 00:16:37,914 - ethnicity_interaction_visualization - INFO - Added significant interactions for Sri Lanka at DAUID 35201405
2025-04-30 00:16:37,914 - ethnicity_interaction_visualization - INFO - Added significant interactions for China at DAUID 35202891
2025-04-30 00:16:37,914 - ethnicity_interaction_visualization - INFO - Added significant interactions for India at DAUID 35202891
2025-04-30 00:16:37,914 - ethnicity_interaction_visualization - INFO - Added significant interactions for Philippines at DAUID 35202891
2025-04-30 00:16:37,914 - ethnicity_interaction_visualization - INFO - Added significant interactions for Portugal at DAUID 35202891
2025-04-30 00:16:37,914 - ethnicity_interaction_visualization - INFO - Added significant interactions for Sri Lanka at DAUID 35202891
2025-04-30 00:16:37,915 - ethnicity_interaction_visualization - INFO - Added significant interactions for China at DAUID 35203285
2025-04-30 00:16:37,915 - ethnicity_interaction_visualization - INFO - Added significant interactions for India at DAUID 35203285
2025-04-30 00:16:37,915 - ethnicity_interaction_visualization - INFO - Added significant interactions for Philippines at DAUID 35203285
2025-04-30 00:16:37,915 - ethnicity_interaction_visualization - INFO - Added significant interactions for Portugal at DAUID 35203285
2025-04-30 00:16:37,915 - ethnicity_interaction_visualization - INFO - Added significant interactions for Sri Lanka at DAUID 35203285
2025-04-30 00:16:37,915 - ethnicity_interaction_visualization - INFO - Added significant interactions for China at DAUID 35204169
2025-04-30 00:16:37,915 - ethnicity_interaction_visualization - INFO - Added significant interactions for India at DAUID 35204169
2025-04-30 00:16:37,915 - ethnicity_interaction_visualization - INFO - Added significant interactions for Philippines at DAUID 35204169
2025-04-30 00:16:37,915 - ethnicity_interaction_visualization - INFO - Added significant interactions for Portugal at DAUID 35204169
2025-04-30 00:16:37,915 - ethnicity_interaction_visualization - INFO - Added significant interactions for Sri Lanka at DAUID 35204169
2025-04-30 00:16:37,915 - ethnicity_interaction_visualization - INFO - Added significant interactions for China at DAUID 35203448
2025-04-30 00:16:37,915 - ethnicity_interaction_visualization - INFO - Added significant interactions for India at DAUID 35203448
2025-04-30 00:16:37,915 - ethnicity_interaction_visualization - INFO - Added significant interactions for Philippines at DAUID 35203448
2025-04-30 00:16:37,915 - ethnicity_interaction_visualization - INFO - Added significant interactions for Portugal at DAUID 35203448
2025-04-30 00:16:37,915 - ethnicity_interaction_visualization - INFO - Added significant interactions for Sri Lanka at DAUID 35203448
2025-04-30 00:16:37,916 - ethnicity_interaction_visualization - INFO - Added significant interactions for China at DAUID 35201331
2025-04-30 00:16:37,916 - ethnicity_interaction_visualization - INFO - Added significant interactions for India at DAUID 35201331
2025-04-30 00:16:37,916 - ethnicity_interaction_visualization - INFO - Added significant interactions for Philippines at DAUID 35201331
2025-04-30 00:16:37,916 - ethnicity_interaction_visualization - INFO - Added significant interactions for Portugal at DAUID 35201331
2025-04-30 00:16:37,916 - ethnicity_interaction_visualization - INFO - Added significant interactions for Sri Lanka at DAUID 35201331
2025-04-30 00:16:37,916 - ethnicity_interaction_visualization - INFO - Added significant interactions for China at DAUID 35201839
2025-04-30 00:16:37,916 - ethnicity_interaction_visualization - INFO - Added significant interactions for India at DAUID 35201839
2025-04-30 00:16:37,916 - ethnicity_interaction_visualization - INFO - Added significant interactions for Philippines at DAUID 35201839
2025-04-30 00:16:37,916 - ethnicity_interaction_visualization - INFO - Added significant interactions for Portugal at DAUID 35201839
2025-04-30 00:16:37,916 - ethnicity_interaction_visualization - INFO - Added significant interactions for Sri Lanka at DAUID 35201839
2025-04-30 00:16:37,916 - ethnicity_interaction_visualization - INFO - Added significant interactions for China at DAUID 35204538
2025-04-30 00:16:37,916 - ethnicity_interaction_visualization - INFO - Added significant interactions for India at DAUID 35204538
2025-04-30 00:16:37,916 - ethnicity_interaction_visualization - INFO - Added significant interactions for Philippines at DAUID 35204538
2025-04-30 00:16:37,916 - ethnicity_interaction_visualization - INFO - Added significant interactions for Portugal at DAUID 35204538
2025-04-30 00:16:37,917 - ethnicity_interaction_visualization - INFO - Added significant interactions for Sri Lanka at DAUID 35204538
2025-04-30 00:16:37,917 - ethnicity_interaction_visualization - INFO - Added significant interactions for China at DAUID 35202974
2025-04-30 00:16:37,917 - ethnicity_interaction_visualization - INFO - Added significant interactions for India at DAUID 35202974
2025-04-30 00:16:37,917 - ethnicity_interaction_visualization - INFO - Added significant interactions for Philippines at DAUID 35202974
2025-04-30 00:16:37,917 - ethnicity_interaction_visualization - INFO - Added significant interactions for Portugal at DAUID 35202974
2025-04-30 00:16:37,917 - ethnicity_interaction_visualization - INFO - Added significant interactions for Sri Lanka at DAUID 35202974
2025-04-30 00:16:37,917 - ethnicity_interaction_visualization - INFO - Added significant interactions for China at DAUID 35202267
2025-04-30 00:16:37,917 - ethnicity_interaction_visualization - INFO - Added significant interactions for India at DAUID 35202267
2025-04-30 00:16:37,917 - ethnicity_interaction_visualization - INFO - Added significant interactions for Philippines at DAUID 35202267
2025-04-30 00:16:37,917 - ethnicity_interaction_visualization - INFO - Added significant interactions for Portugal at DAUID 35202267
2025-04-30 00:16:37,917 - ethnicity_interaction_visualization - INFO - Added significant interactions for Sri Lanka at DAUID 35202267
2025-04-30 00:16:37,917 - ethnicity_interaction_visualization - INFO - Added significant interactions for China at DAUID 35204361
2025-04-30 00:16:37,917 - ethnicity_interaction_visualization - INFO - Added significant interactions for India at DAUID 35204361
2025-04-30 00:16:37,917 - ethnicity_interaction_visualization - INFO - Added significant interactions for Philippines at DAUID 35204361
2025-04-30 00:16:37,918 - ethnicity_interaction_visualization - INFO - Added significant interactions for Portugal at DAUID 35204361
2025-04-30 00:16:37,918 - ethnicity_interaction_visualization - INFO - Added significant interactions for Sri Lanka at DAUID 35204361
2025-04-30 00:16:37,918 - ethnicity_interaction_visualization - INFO - Added significant interactions for China at DAUID 35200482
2025-04-30 00:16:37,918 - ethnicity_interaction_visualization - INFO - Added significant interactions for India at DAUID 35200482
2025-04-30 00:16:37,918 - ethnicity_interaction_visualization - INFO - Added significant interactions for Philippines at DAUID 35200482
2025-04-30 00:16:37,918 - ethnicity_interaction_visualization - INFO - Added significant interactions for Portugal at DAUID 35200482
2025-04-30 00:16:37,918 - ethnicity_interaction_visualization - INFO - Added significant interactions for Sri Lanka at DAUID 35200482
2025-04-30 00:16:37,918 - ethnicity_interaction_visualization - INFO - Added significant interactions for China at DAUID 35203753
2025-04-30 00:16:37,918 - ethnicity_interaction_visualization - INFO - Added significant interactions for India at DAUID 35203753
2025-04-30 00:16:37,918 - ethnicity_interaction_visualization - INFO - Added significant interactions for Philippines at DAUID 35203753
2025-04-30 00:16:37,918 - ethnicity_interaction_visualization - INFO - Added significant interactions for Portugal at DAUID 35203753
2025-04-30 00:16:37,918 - ethnicity_interaction_visualization - INFO - Added significant interactions for Sri Lanka at DAUID 35203753
2025-04-30 00:16:37,918 - ethnicity_interaction_visualization - INFO - Added significant interactions for China at DAUID 35204483
2025-04-30 00:16:37,919 - ethnicity_interaction_visualization - INFO - Added significant interactions for India at DAUID 35204483
2025-04-30 00:16:37,919 - ethnicity_interaction_visualization - INFO - Added significant interactions for Philippines at DAUID 35204483
2025-04-30 00:16:37,919 - ethnicity_interaction_visualization - INFO - Added significant interactions for Portugal at DAUID 35204483
2025-04-30 00:16:37,919 - ethnicity_interaction_visualization - INFO - Added significant interactions for Sri Lanka at DAUID 35204483
2025-04-30 00:16:37,919 - ethnicity_interaction_visualization - INFO - Added significant interactions for China at DAUID 35200255
2025-04-30 00:16:37,919 - ethnicity_interaction_visualization - INFO - Added significant interactions for India at DAUID 35200255
2025-04-30 00:16:37,919 - ethnicity_interaction_visualization - INFO - Added significant interactions for Philippines at DAUID 35200255
2025-04-30 00:16:37,919 - ethnicity_interaction_visualization - INFO - Added significant interactions for Portugal at DAUID 35200255
2025-04-30 00:16:37,919 - ethnicity_interaction_visualization - INFO - Added significant interactions for Sri Lanka at DAUID 35200255
2025-04-30 00:16:37,919 - ethnicity_interaction_visualization - INFO - Added significant interactions for China at DAUID 35203330
2025-04-30 00:16:37,919 - ethnicity_interaction_visualization - INFO - Added significant interactions for India at DAUID 35203330
2025-04-30 00:16:37,919 - ethnicity_interaction_visualization - INFO - Added significant interactions for Philippines at DAUID 35203330
2025-04-30 00:16:37,919 - ethnicity_interaction_visualization - INFO - Added significant interactions for Portugal at DAUID 35203330
2025-04-30 00:16:37,919 - ethnicity_interaction_visualization - INFO - Added significant interactions for Sri Lanka at DAUID 35203330
2025-04-30 00:16:37,920 - ethnicity_interaction_visualization - INFO - Added significant interactions for China at DAUID 35203889
2025-04-30 00:16:37,920 - ethnicity_interaction_visualization - INFO - Added significant interactions for India at DAUID 35203889
2025-04-30 00:16:37,920 - ethnicity_interaction_visualization - INFO - Added significant interactions for Philippines at DAUID 35203889
2025-04-30 00:16:37,920 - ethnicity_interaction_visualization - INFO - Added significant interactions for Portugal at DAUID 35203889
2025-04-30 00:16:37,920 - ethnicity_interaction_visualization - INFO - Added significant interactions for Sri Lanka at DAUID 35203889
2025-04-30 00:16:37,920 - ethnicity_interaction_visualization - INFO - Added significant interactions for China at DAUID 35203803
2025-04-30 00:16:37,920 - ethnicity_interaction_visualization - INFO - Added significant interactions for India at DAUID 35203803
2025-04-30 00:16:37,920 - ethnicity_interaction_visualization - INFO - Added significant interactions for Philippines at DAUID 35203803
2025-04-30 00:16:37,920 - ethnicity_interaction_visualization - INFO - Added significant interactions for Portugal at DAUID 35203803
2025-04-30 00:16:37,920 - ethnicity_interaction_visualization - INFO - Added significant interactions for Sri Lanka at DAUID 35203803
2025-04-30 00:16:37,920 - ethnicity_interaction_visualization - INFO - Added significant interactions for China at DAUID 35203745
2025-04-30 00:16:37,921 - ethnicity_interaction_visualization - INFO - Added significant interactions for India at DAUID 35203745
2025-04-30 00:16:37,921 - ethnicity_interaction_visualization - INFO - Added significant interactions for Philippines at DAUID 35203745
2025-04-30 00:16:37,921 - ethnicity_interaction_visualization - INFO - Added significant interactions for Portugal at DAUID 35203745
2025-04-30 00:16:37,921 - ethnicity_interaction_visualization - INFO - Added significant interactions for Sri Lanka at DAUID 35203745
2025-04-30 00:16:37,921 - ethnicity_interaction_visualization - INFO - Added significant interactions for China at DAUID 35200454
2025-04-30 00:16:37,921 - ethnicity_interaction_visualization - INFO - Added significant interactions for India at DAUID 35200454
2025-04-30 00:16:37,921 - ethnicity_interaction_visualization - INFO - Added significant interactions for Philippines at DAUID 35200454
2025-04-30 00:16:37,921 - ethnicity_interaction_visualization - INFO - Added significant interactions for Portugal at DAUID 35200454
2025-04-30 00:16:37,921 - ethnicity_interaction_visualization - INFO - Added significant interactions for Sri Lanka at DAUID 35200454
2025-04-30 00:16:37,921 - ethnicity_interaction_visualization - INFO - Added significant interactions for China at DAUID 35202653
2025-04-30 00:16:37,921 - ethnicity_interaction_visualization - INFO - Added significant interactions for India at DAUID 35202653
2025-04-30 00:16:37,921 - ethnicity_interaction_visualization - INFO - Added significant interactions for Philippines at DAUID 35202653
2025-04-30 00:16:37,922 - ethnicity_interaction_visualization - INFO - Added significant interactions for Portugal at DAUID 35202653
2025-04-30 00:16:37,922 - ethnicity_interaction_visualization - INFO - Added significant interactions for Sri Lanka at DAUID 35202653
2025-04-30 00:16:37,922 - ethnicity_interaction_visualization - INFO - Added significant interactions for China at DAUID 35202249
2025-04-30 00:16:37,922 - ethnicity_interaction_visualization - INFO - Added significant interactions for India at DAUID 35202249
2025-04-30 00:16:37,922 - ethnicity_interaction_visualization - INFO - Added significant interactions for Philippines at DAUID 35202249
2025-04-30 00:16:37,922 - ethnicity_interaction_visualization - INFO - Added significant interactions for Portugal at DAUID 35202249
2025-04-30 00:16:37,922 - ethnicity_interaction_visualization - INFO - Added significant interactions for Sri Lanka at DAUID 35202249
2025-04-30 00:16:37,922 - ethnicity_interaction_visualization - INFO - Added significant interactions for China at DAUID 35204918
2025-04-30 00:16:37,922 - ethnicity_interaction_visualization - INFO - Added significant interactions for India at DAUID 35204918
2025-04-30 00:16:37,922 - ethnicity_interaction_visualization - INFO - Added significant interactions for Philippines at DAUID 35204918
2025-04-30 00:16:37,922 - ethnicity_interaction_visualization - INFO - Added significant interactions for Portugal at DAUID 35204918
2025-04-30 00:16:37,922 - ethnicity_interaction_visualization - INFO - Added significant interactions for Sri Lanka at DAUID 35204918
2025-04-30 00:16:37,922 - ethnicity_interaction_visualization - INFO - Added significant interactions for China at DAUID 35200705
2025-04-30 00:16:37,922 - ethnicity_interaction_visualization - INFO - Added significant interactions for India at DAUID 35200705
2025-04-30 00:16:37,923 - ethnicity_interaction_visualization - INFO - Added significant interactions for Philippines at DAUID 35200705
2025-04-30 00:16:37,923 - ethnicity_interaction_visualization - INFO - Added significant interactions for Portugal at DAUID 35200705
2025-04-30 00:16:37,923 - ethnicity_interaction_visualization - INFO - Added significant interactions for Sri Lanka at DAUID 35200705
2025-04-30 00:16:37,923 - ethnicity_interaction_visualization - INFO - Added significant interactions for China at DAUID 35202413
2025-04-30 00:16:37,923 - ethnicity_interaction_visualization - INFO - Added significant interactions for India at DAUID 35202413
2025-04-30 00:16:37,923 - ethnicity_interaction_visualization - INFO - Added significant interactions for Philippines at DAUID 35202413
2025-04-30 00:16:37,923 - ethnicity_interaction_visualization - INFO - Added significant interactions for Portugal at DAUID 35202413
2025-04-30 00:16:37,923 - ethnicity_interaction_visualization - INFO - Added significant interactions for Sri Lanka at DAUID 35202413
2025-04-30 00:16:37,923 - ethnicity_interaction_visualization - INFO - Added significant interactions for China at DAUID 35202598
2025-04-30 00:16:37,923 - ethnicity_interaction_visualization - INFO - Added significant interactions for India at DAUID 35202598
2025-04-30 00:16:37,923 - ethnicity_interaction_visualization - INFO - Added significant interactions for Philippines at DAUID 35202598
2025-04-30 00:16:37,923 - ethnicity_interaction_visualization - INFO - Added significant interactions for Portugal at DAUID 35202598
2025-04-30 00:16:37,923 - ethnicity_interaction_visualization - INFO - Added significant interactions for Sri Lanka at DAUID 35202598
2025-04-30 00:16:37,924 - ethnicity_interaction_visualization - INFO - Added significant interactions for China at DAUID 35204839
2025-04-30 00:16:37,924 - ethnicity_interaction_visualization - INFO - Added significant interactions for India at DAUID 35204839
2025-04-30 00:16:37,924 - ethnicity_interaction_visualization - INFO - Added significant interactions for Philippines at DAUID 35204839
2025-04-30 00:16:37,924 - ethnicity_interaction_visualization - INFO - Added significant interactions for Portugal at DAUID 35204839
2025-04-30 00:16:37,924 - ethnicity_interaction_visualization - INFO - Added significant interactions for Sri Lanka at DAUID 35204839
2025-04-30 00:16:37,924 - ethnicity_interaction_visualization - INFO - Added significant interactions for China at DAUID 35200563
2025-04-30 00:16:37,924 - ethnicity_interaction_visualization - INFO - Added significant interactions for India at DAUID 35200563
2025-04-30 00:16:37,924 - ethnicity_interaction_visualization - INFO - Added significant interactions for Philippines at DAUID 35200563
2025-04-30 00:16:37,924 - ethnicity_interaction_visualization - INFO - Added significant interactions for Portugal at DAUID 35200563
2025-04-30 00:16:37,924 - ethnicity_interaction_visualization - INFO - Added significant interactions for Sri Lanka at DAUID 35200563
2025-04-30 00:16:37,924 - ethnicity_interaction_visualization - INFO - Added significant interactions for China at DAUID 35204987
2025-04-30 00:16:37,925 - ethnicity_interaction_visualization - INFO - Added significant interactions for India at DAUID 35204987
2025-04-30 00:16:37,925 - ethnicity_interaction_visualization - INFO - Added significant interactions for Philippines at DAUID 35204987
2025-04-30 00:16:37,925 - ethnicity_interaction_visualization - INFO - Added significant interactions for Portugal at DAUID 35204987
2025-04-30 00:16:37,925 - ethnicity_interaction_visualization - INFO - Added significant interactions for Sri Lanka at DAUID 35204987
2025-04-30 00:16:37,925 - ethnicity_interaction_visualization - INFO - Added significant interactions for China at DAUID 35202156
2025-04-30 00:16:37,925 - ethnicity_interaction_visualization - INFO - Added significant interactions for India at DAUID 35202156
2025-04-30 00:16:37,925 - ethnicity_interaction_visualization - INFO - Added significant interactions for Philippines at DAUID 35202156
2025-04-30 00:16:37,925 - ethnicity_interaction_visualization - INFO - Added significant interactions for Portugal at DAUID 35202156
2025-04-30 00:16:37,925 - ethnicity_interaction_visualization - INFO - Added significant interactions for Sri Lanka at DAUID 35202156
2025-04-30 00:16:37,925 - ethnicity_interaction_visualization - INFO - Added significant interactions for China at DAUID 35201588
2025-04-30 00:16:37,925 - ethnicity_interaction_visualization - INFO - Added significant interactions for India at DAUID 35201588
2025-04-30 00:16:37,925 - ethnicity_interaction_visualization - INFO - Added significant interactions for Philippines at DAUID 35201588
2025-04-30 00:16:37,925 - ethnicity_interaction_visualization - INFO - Added significant interactions for Portugal at DAUID 35201588
2025-04-30 00:16:37,926 - ethnicity_interaction_visualization - INFO - Added significant interactions for Sri Lanka at DAUID 35201588
2025-04-30 00:16:37,926 - ethnicity_interaction_visualization - INFO - Added significant interactions for China at DAUID 35200717
2025-04-30 00:16:37,926 - ethnicity_interaction_visualization - INFO - Added significant interactions for India at DAUID 35200717
2025-04-30 00:16:37,926 - ethnicity_interaction_visualization - INFO - Added significant interactions for Philippines at DAUID 35200717
2025-04-30 00:16:37,926 - ethnicity_interaction_visualization - INFO - Added significant interactions for Portugal at DAUID 35200717
2025-04-30 00:16:37,926 - ethnicity_interaction_visualization - INFO - Added significant interactions for Sri Lanka at DAUID 35200717
2025-04-30 00:16:37,926 - ethnicity_interaction_visualization - INFO - Added significant interactions for China at DAUID 35203458
2025-04-30 00:16:37,926 - ethnicity_interaction_visualization - INFO - Added significant interactions for India at DAUID 35203458
2025-04-30 00:16:37,926 - ethnicity_interaction_visualization - INFO - Added significant interactions for Philippines at DAUID 35203458
2025-04-30 00:16:37,926 - ethnicity_interaction_visualization - INFO - Added significant interactions for Portugal at DAUID 35203458
2025-04-30 00:16:37,927 - ethnicity_interaction_visualization - INFO - Added significant interactions for Sri Lanka at DAUID 35203458
2025-04-30 00:16:37,927 - ethnicity_interaction_visualization - INFO - Added significant interactions for China at DAUID 35203532
2025-04-30 00:16:37,927 - ethnicity_interaction_visualization - INFO - Added significant interactions for India at DAUID 35203532
2025-04-30 00:16:37,927 - ethnicity_interaction_visualization - INFO - Added significant interactions for Philippines at DAUID 35203532
2025-04-30 00:16:37,927 - ethnicity_interaction_visualization - INFO - Added significant interactions for Portugal at DAUID 35203532
2025-04-30 00:16:37,927 - ethnicity_interaction_visualization - INFO - Added significant interactions for Sri Lanka at DAUID 35203532
2025-04-30 00:16:37,927 - ethnicity_interaction_visualization - INFO - Added significant interactions for China at DAUID 35204922
2025-04-30 00:16:37,927 - ethnicity_interaction_visualization - INFO - Added significant interactions for India at DAUID 35204922
2025-04-30 00:16:37,927 - ethnicity_interaction_visualization - INFO - Added significant interactions for Philippines at DAUID 35204922
2025-04-30 00:16:37,927 - ethnicity_interaction_visualization - INFO - Added significant interactions for Portugal at DAUID 35204922
2025-04-30 00:16:37,927 - ethnicity_interaction_visualization - INFO - Added significant interactions for Sri Lanka at DAUID 35204922
2025-04-30 00:16:37,927 - ethnicity_interaction_visualization - INFO - Added significant interactions for China at DAUID 35204398
2025-04-30 00:16:37,927 - ethnicity_interaction_visualization - INFO - Added significant interactions for India at DAUID 35204398
2025-04-30 00:16:37,927 - ethnicity_interaction_visualization - INFO - Added significant interactions for Philippines at DAUID 35204398
2025-04-30 00:16:37,928 - ethnicity_interaction_visualization - INFO - Added significant interactions for Portugal at DAUID 35204398
2025-04-30 00:16:37,928 - ethnicity_interaction_visualization - INFO - Added significant interactions for Sri Lanka at DAUID 35204398
2025-04-30 00:16:37,928 - ethnicity_interaction_visualization - INFO - Added significant interactions for China at DAUID 35202799
2025-04-30 00:16:37,928 - ethnicity_interaction_visualization - INFO - Added significant interactions for India at DAUID 35202799
2025-04-30 00:16:37,928 - ethnicity_interaction_visualization - INFO - Added significant interactions for Philippines at DAUID 35202799
2025-04-30 00:16:37,928 - ethnicity_interaction_visualization - INFO - Added significant interactions for Portugal at DAUID 35202799
2025-04-30 00:16:37,928 - ethnicity_interaction_visualization - INFO - Added significant interactions for Sri Lanka at DAUID 35202799
2025-04-30 00:16:37,928 - ethnicity_interaction_visualization - INFO - Added significant interactions for China at DAUID 35201612
2025-04-30 00:16:37,928 - ethnicity_interaction_visualization - INFO - Added significant interactions for India at DAUID 35201612
2025-04-30 00:16:37,928 - ethnicity_interaction_visualization - INFO - Added significant interactions for Philippines at DAUID 35201612
2025-04-30 00:16:37,928 - ethnicity_interaction_visualization - INFO - Added significant interactions for Portugal at DAUID 35201612
2025-04-30 00:16:37,929 - ethnicity_interaction_visualization - INFO - Added significant interactions for Sri Lanka at DAUID 35201612
2025-04-30 00:16:37,929 - ethnicity_interaction_visualization - INFO - Added significant interactions for China at DAUID 35202685
2025-04-30 00:16:37,929 - ethnicity_interaction_visualization - INFO - Added significant interactions for India at DAUID 35202685
2025-04-30 00:16:37,929 - ethnicity_interaction_visualization - INFO - Added significant interactions for Philippines at DAUID 35202685
2025-04-30 00:16:37,929 - ethnicity_interaction_visualization - INFO - Added significant interactions for Portugal at DAUID 35202685
2025-04-30 00:16:37,929 - ethnicity_interaction_visualization - INFO - Added significant interactions for Sri Lanka at DAUID 35202685
2025-04-30 00:16:37,929 - ethnicity_interaction_visualization - INFO - Added significant interactions for China at DAUID 35202510
2025-04-30 00:16:37,930 - ethnicity_interaction_visualization - INFO - Added significant interactions for India at DAUID 35202510
2025-04-30 00:16:37,930 - ethnicity_interaction_visualization - INFO - Added significant interactions for Philippines at DAUID 35202510
2025-04-30 00:16:37,930 - ethnicity_interaction_visualization - INFO - Added significant interactions for Portugal at DAUID 35202510
2025-04-30 00:16:37,930 - ethnicity_interaction_visualization - INFO - Added significant interactions for Sri Lanka at DAUID 35202510
2025-04-30 00:16:37,930 - ethnicity_interaction_visualization - INFO - Added significant interactions for China at DAUID 35204678
2025-04-30 00:16:37,930 - ethnicity_interaction_visualization - INFO - Added significant interactions for India at DAUID 35204678
2025-04-30 00:16:37,930 - ethnicity_interaction_visualization - INFO - Added significant interactions for Philippines at DAUID 35204678
2025-04-30 00:16:37,930 - ethnicity_interaction_visualization - INFO - Added significant interactions for Portugal at DAUID 35204678
2025-04-30 00:16:37,930 - ethnicity_interaction_visualization - INFO - Added significant interactions for Sri Lanka at DAUID 35204678
2025-04-30 00:16:37,930 - ethnicity_interaction_visualization - INFO - Added significant interactions for China at DAUID 35205024
2025-04-30 00:16:37,930 - ethnicity_interaction_visualization - INFO - Added significant interactions for India at DAUID 35205024
2025-04-30 00:16:37,930 - ethnicity_interaction_visualization - INFO - Added significant interactions for Philippines at DAUID 35205024
2025-04-30 00:16:37,930 - ethnicity_interaction_visualization - INFO - Added significant interactions for Portugal at DAUID 35205024
2025-04-30 00:16:37,930 - ethnicity_interaction_visualization - INFO - Added significant interactions for Sri Lanka at DAUID 35205024
2025-04-30 00:16:37,930 - ethnicity_interaction_visualization - INFO - Added significant interactions for China at DAUID 35203342
2025-04-30 00:16:37,930 - ethnicity_interaction_visualization - INFO - Added significant interactions for India at DAUID 35203342
2025-04-30 00:16:37,930 - ethnicity_interaction_visualization - INFO - Added significant interactions for Philippines at DAUID 35203342
2025-04-30 00:16:37,930 - ethnicity_interaction_visualization - INFO - Added significant interactions for Portugal at DAUID 35203342
2025-04-30 00:16:37,930 - ethnicity_interaction_visualization - INFO - Added significant interactions for Sri Lanka at DAUID 35203342
2025-04-30 00:16:37,930 - ethnicity_interaction_visualization - INFO - Added significant interactions for China at DAUID 35202988
2025-04-30 00:16:37,932 - ethnicity_interaction_visualization - INFO - Added significant interactions for India at DAUID 35202988
2025-04-30 00:16:37,932 - ethnicity_interaction_visualization - INFO - Added significant interactions for Philippines at DAUID 35202988
2025-04-30 00:16:37,932 - ethnicity_interaction_visualization - INFO - Added significant interactions for Portugal at DAUID 35202988
2025-04-30 00:16:37,932 - ethnicity_interaction_visualization - INFO - Added significant interactions for Sri Lanka at DAUID 35202988
2025-04-30 00:16:37,932 - ethnicity_interaction_visualization - INFO - Added significant interactions for China at DAUID 35202618
2025-04-30 00:16:37,932 - ethnicity_interaction_visualization - INFO - Added significant interactions for India at DAUID 35202618
2025-04-30 00:16:37,932 - ethnicity_interaction_visualization - INFO - Added significant interactions for Philippines at DAUID 35202618
2025-04-30 00:16:37,932 - ethnicity_interaction_visualization - INFO - Added significant interactions for Portugal at DAUID 35202618
2025-04-30 00:16:37,932 - ethnicity_interaction_visualization - INFO - Added significant interactions for Sri Lanka at DAUID 35202618
2025-04-30 00:16:37,932 - ethnicity_interaction_visualization - INFO - Added significant interactions for China at DAUID 35204930
2025-04-30 00:16:37,932 - ethnicity_interaction_visualization - INFO - Added significant interactions for India at DAUID 35204930
2025-04-30 00:16:37,932 - ethnicity_interaction_visualization - INFO - Added significant interactions for Philippines at DAUID 35204930
2025-04-30 00:16:37,933 - ethnicity_interaction_visualization - INFO - Added significant interactions for Portugal at DAUID 35204930
2025-04-30 00:16:37,933 - ethnicity_interaction_visualization - INFO - Added significant interactions for Sri Lanka at DAUID 35204930
2025-04-30 00:16:37,933 - ethnicity_interaction_visualization - INFO - Added significant interactions for China at DAUID 35203958
2025-04-30 00:16:37,933 - ethnicity_interaction_visualization - INFO - Added significant interactions for India at DAUID 35203958
2025-04-30 00:16:37,933 - ethnicity_interaction_visualization - INFO - Added significant interactions for Philippines at DAUID 35203958
2025-04-30 00:16:37,933 - ethnicity_interaction_visualization - INFO - Added significant interactions for Portugal at DAUID 35203958
2025-04-30 00:16:37,933 - ethnicity_interaction_visualization - INFO - Added significant interactions for Sri Lanka at DAUID 35203958
2025-04-30 00:16:37,933 - ethnicity_interaction_visualization - INFO - Added significant interactions for China at DAUID 35201592
2025-04-30 00:16:37,933 - ethnicity_interaction_visualization - INFO - Added significant interactions for India at DAUID 35201592
2025-04-30 00:16:37,933 - ethnicity_interaction_visualization - INFO - Added significant interactions for Philippines at DAUID 35201592
2025-04-30 00:16:37,934 - ethnicity_interaction_visualization - INFO - Added significant interactions for Portugal at DAUID 35201592
2025-04-30 00:16:37,934 - ethnicity_interaction_visualization - INFO - Added significant interactions for Sri Lanka at DAUID 35201592
2025-04-30 00:16:37,934 - ethnicity_interaction_visualization - INFO - Added significant interactions for China at DAUID 35200822
2025-04-30 00:16:37,934 - ethnicity_interaction_visualization - INFO - Added significant interactions for India at DAUID 35200822
2025-04-30 00:16:37,934 - ethnicity_interaction_visualization - INFO - Added significant interactions for Philippines at DAUID 35200822
2025-04-30 00:16:37,934 - ethnicity_interaction_visualization - INFO - Added significant interactions for Portugal at DAUID 35200822
2025-04-30 00:16:37,934 - ethnicity_interaction_visualization - INFO - Added significant interactions for Sri Lanka at DAUID 35200822
2025-04-30 00:16:37,934 - ethnicity_interaction_visualization - INFO - Added significant interactions for China at DAUID 35201832
2025-04-30 00:16:37,934 - ethnicity_interaction_visualization - INFO - Added significant interactions for India at DAUID 35201832
2025-04-30 00:16:37,934 - ethnicity_interaction_visualization - INFO - Added significant interactions for Philippines at DAUID 35201832
2025-04-30 00:16:37,934 - ethnicity_interaction_visualization - INFO - Added significant interactions for Portugal at DAUID 35201832
2025-04-30 00:16:37,935 - ethnicity_interaction_visualization - INFO - Added significant interactions for Sri Lanka at DAUID 35201832
2025-04-30 00:16:37,935 - ethnicity_interaction_visualization - INFO - Added significant interactions for China at DAUID 35202125
2025-04-30 00:16:37,935 - ethnicity_interaction_visualization - INFO - Added significant interactions for India at DAUID 35202125
2025-04-30 00:16:37,935 - ethnicity_interaction_visualization - INFO - Added significant interactions for Philippines at DAUID 35202125
2025-04-30 00:16:37,935 - ethnicity_interaction_visualization - INFO - Added significant interactions for Portugal at DAUID 35202125
2025-04-30 00:16:37,935 - ethnicity_interaction_visualization - INFO - Added significant interactions for Sri Lanka at DAUID 35202125
2025-04-30 00:16:37,935 - ethnicity_interaction_visualization - INFO - Added significant interactions for China at DAUID 35200540
2025-04-30 00:16:37,935 - ethnicity_interaction_visualization - INFO - Added significant interactions for India at DAUID 35200540
2025-04-30 00:16:37,935 - ethnicity_interaction_visualization - INFO - Added significant interactions for Philippines at DAUID 35200540
2025-04-30 00:16:37,935 - ethnicity_interaction_visualization - INFO - Added significant interactions for Portugal at DAUID 35200540
2025-04-30 00:16:37,935 - ethnicity_interaction_visualization - INFO - Added significant interactions for Sri Lanka at DAUID 35200540
2025-04-30 00:16:37,935 - ethnicity_interaction_visualization - INFO - Added significant interactions for China at DAUID 35202511
2025-04-30 00:16:37,935 - ethnicity_interaction_visualization - INFO - Added significant interactions for India at DAUID 35202511
2025-04-30 00:16:37,935 - ethnicity_interaction_visualization - INFO - Added significant interactions for Philippines at DAUID 35202511
2025-04-30 00:16:37,936 - ethnicity_interaction_visualization - INFO - Added significant interactions for Portugal at DAUID 35202511
2025-04-30 00:16:37,936 - ethnicity_interaction_visualization - INFO - Added significant interactions for Sri Lanka at DAUID 35202511
2025-04-30 00:16:37,936 - ethnicity_interaction_visualization - INFO - Added significant interactions for China at DAUID 35204330
2025-04-30 00:16:37,936 - ethnicity_interaction_visualization - INFO - Added significant interactions for India at DAUID 35204330
2025-04-30 00:16:37,936 - ethnicity_interaction_visualization - INFO - Added significant interactions for Philippines at DAUID 35204330
2025-04-30 00:16:37,936 - ethnicity_interaction_visualization - INFO - Added significant interactions for Portugal at DAUID 35204330
2025-04-30 00:16:37,936 - ethnicity_interaction_visualization - INFO - Added significant interactions for Sri Lanka at DAUID 35204330
2025-04-30 00:16:37,936 - ethnicity_interaction_visualization - INFO - Added significant interactions for China at DAUID 35202951
2025-04-30 00:16:37,936 - ethnicity_interaction_visualization - INFO - Added significant interactions for India at DAUID 35202951
2025-04-30 00:16:37,936 - ethnicity_interaction_visualization - INFO - Added significant interactions for Philippines at DAUID 35202951
2025-04-30 00:16:37,936 - ethnicity_interaction_visualization - INFO - Added significant interactions for Portugal at DAUID 35202951
2025-04-30 00:16:37,936 - ethnicity_interaction_visualization - INFO - Added significant interactions for Sri Lanka at DAUID 35202951
2025-04-30 00:16:37,936 - ethnicity_interaction_visualization - INFO - Added significant interactions for China at DAUID 35201852
2025-04-30 00:16:37,937 - ethnicity_interaction_visualization - INFO - Added significant interactions for India at DAUID 35201852
2025-04-30 00:16:37,937 - ethnicity_interaction_visualization - INFO - Added significant interactions for Philippines at DAUID 35201852
2025-04-30 00:16:37,937 - ethnicity_interaction_visualization - INFO - Added significant interactions for Portugal at DAUID 35201852
2025-04-30 00:16:37,937 - ethnicity_interaction_visualization - INFO - Added significant interactions for Sri Lanka at DAUID 35201852
2025-04-30 00:16:37,937 - ethnicity_interaction_visualization - INFO - Added significant interactions for China at DAUID 35200186
2025-04-30 00:16:37,937 - ethnicity_interaction_visualization - INFO - Added significant interactions for India at DAUID 35200186
2025-04-30 00:16:37,937 - ethnicity_interaction_visualization - INFO - Added significant interactions for Philippines at DAUID 35200186
2025-04-30 00:16:37,937 - ethnicity_interaction_visualization - INFO - Added significant interactions for Portugal at DAUID 35200186
2025-04-30 00:16:37,937 - ethnicity_interaction_visualization - INFO - Added significant interactions for Sri Lanka at DAUID 35200186
2025-04-30 00:16:37,937 - ethnicity_interaction_visualization - INFO - Added significant interactions for China at DAUID 35204498
2025-04-30 00:16:37,937 - ethnicity_interaction_visualization - INFO - Added significant interactions for India at DAUID 35204498
2025-04-30 00:16:37,938 - ethnicity_interaction_visualization - INFO - Added significant interactions for Philippines at DAUID 35204498
2025-04-30 00:16:37,938 - ethnicity_interaction_visualization - INFO - Added significant interactions for Portugal at DAUID 35204498
2025-04-30 00:16:37,938 - ethnicity_interaction_visualization - INFO - Added significant interactions for Sri Lanka at DAUID 35204498
2025-04-30 00:16:37,938 - ethnicity_interaction_visualization - INFO - Added significant interactions for China at DAUID 35200480
2025-04-30 00:16:37,938 - ethnicity_interaction_visualization - INFO - Added significant interactions for India at DAUID 35200480
2025-04-30 00:16:37,938 - ethnicity_interaction_visualization - INFO - Added significant interactions for Philippines at DAUID 35200480
2025-04-30 00:16:37,938 - ethnicity_interaction_visualization - INFO - Added significant interactions for Portugal at DAUID 35200480
2025-04-30 00:16:37,938 - ethnicity_interaction_visualization - INFO - Added significant interactions for Sri Lanka at DAUID 35200480
2025-04-30 00:16:37,938 - ethnicity_interaction_visualization - INFO - Added significant interactions for China at DAUID 35204576
2025-04-30 00:16:37,938 - ethnicity_interaction_visualization - INFO - Added significant interactions for India at DAUID 35204576
2025-04-30 00:16:37,938 - ethnicity_interaction_visualization - INFO - Added significant interactions for Philippines at DAUID 35204576
2025-04-30 00:16:37,939 - ethnicity_interaction_visualization - INFO - Added significant interactions for Portugal at DAUID 35204576
2025-04-30 00:16:37,939 - ethnicity_interaction_visualization - INFO - Added significant interactions for Sri Lanka at DAUID 35204576
2025-04-30 00:16:37,939 - ethnicity_interaction_visualization - INFO - Added significant interactions for China at DAUID 35200691
2025-04-30 00:16:37,939 - ethnicity_interaction_visualization - INFO - Added significant interactions for India at DAUID 35200691
2025-04-30 00:16:37,939 - ethnicity_interaction_visualization - INFO - Added significant interactions for Philippines at DAUID 35200691
2025-04-30 00:16:37,939 - ethnicity_interaction_visualization - INFO - Added significant interactions for Portugal at DAUID 35200691
2025-04-30 00:16:37,939 - ethnicity_interaction_visualization - INFO - Added significant interactions for Sri Lanka at DAUID 35200691
2025-04-30 00:16:37,939 - ethnicity_interaction_visualization - INFO - Added significant interactions for China at DAUID 35201872
2025-04-30 00:16:37,939 - ethnicity_interaction_visualization - INFO - Added significant interactions for India at DAUID 35201872
2025-04-30 00:16:37,939 - ethnicity_interaction_visualization - INFO - Added significant interactions for Philippines at DAUID 35201872
2025-04-30 00:16:37,939 - ethnicity_interaction_visualization - INFO - Added significant interactions for Portugal at DAUID 35201872
2025-04-30 00:16:37,939 - ethnicity_interaction_visualization - INFO - Added significant interactions for Sri Lanka at DAUID 35201872
2025-04-30 00:16:37,940 - ethnicity_interaction_visualization - INFO - Added significant interactions for China at DAUID 35202237
2025-04-30 00:16:37,940 - ethnicity_interaction_visualization - INFO - Added significant interactions for India at DAUID 35202237
2025-04-30 00:16:37,940 - ethnicity_interaction_visualization - INFO - Added significant interactions for Philippines at DAUID 35202237
2025-04-30 00:16:37,940 - ethnicity_interaction_visualization - INFO - Added significant interactions for Portugal at DAUID 35202237
2025-04-30 00:16:37,940 - ethnicity_interaction_visualization - INFO - Added significant interactions for Sri Lanka at DAUID 35202237
2025-04-30 00:16:37,940 - ethnicity_interaction_visualization - INFO - Added significant interactions for China at DAUID 35201908
2025-04-30 00:16:37,940 - ethnicity_interaction_visualization - INFO - Added significant interactions for India at DAUID 35201908
2025-04-30 00:16:37,940 - ethnicity_interaction_visualization - INFO - Added significant interactions for Philippines at DAUID 35201908
2025-04-30 00:16:37,940 - ethnicity_interaction_visualization - INFO - Added significant interactions for Portugal at DAUID 35201908
2025-04-30 00:16:37,940 - ethnicity_interaction_visualization - INFO - Added significant interactions for Sri Lanka at DAUID 35201908
2025-04-30 00:16:37,940 - ethnicity_interaction_visualization - INFO - Added significant interactions for China at DAUID 35205001
2025-04-30 00:16:37,940 - ethnicity_interaction_visualization - INFO - Added significant interactions for India at DAUID 35205001
2025-04-30 00:16:37,940 - ethnicity_interaction_visualization - INFO - Added significant interactions for Philippines at DAUID 35205001
2025-04-30 00:16:37,941 - ethnicity_interaction_visualization - INFO - Added significant interactions for Portugal at DAUID 35205001
2025-04-30 00:16:37,941 - ethnicity_interaction_visualization - INFO - Added significant interactions for Sri Lanka at DAUID 35205001
2025-04-30 00:16:37,941 - ethnicity_interaction_visualization - INFO - Added significant interactions for China at DAUID 35201193
2025-04-30 00:16:37,941 - ethnicity_interaction_visualization - INFO - Added significant interactions for India at DAUID 35201193
2025-04-30 00:16:37,941 - ethnicity_interaction_visualization - INFO - Added significant interactions for Philippines at DAUID 35201193
2025-04-30 00:16:37,941 - ethnicity_interaction_visualization - INFO - Added significant interactions for Portugal at DAUID 35201193
2025-04-30 00:16:37,941 - ethnicity_interaction_visualization - INFO - Added significant interactions for Sri Lanka at DAUID 35201193
2025-04-30 00:16:37,941 - ethnicity_interaction_visualization - INFO - Added significant interactions for China at DAUID 35204810
2025-04-30 00:16:37,941 - ethnicity_interaction_visualization - INFO - Added significant interactions for India at DAUID 35204810
2025-04-30 00:16:37,941 - ethnicity_interaction_visualization - INFO - Added significant interactions for Philippines at DAUID 35204810
2025-04-30 00:16:37,941 - ethnicity_interaction_visualization - INFO - Added significant interactions for Portugal at DAUID 35204810
2025-04-30 00:16:37,941 - ethnicity_interaction_visualization - INFO - Added significant interactions for Sri Lanka at DAUID 35204810
2025-04-30 00:16:37,941 - ethnicity_interaction_visualization - INFO - Added significant interactions for China at DAUID 35204190
2025-04-30 00:16:37,941 - ethnicity_interaction_visualization - INFO - Added significant interactions for India at DAUID 35204190
2025-04-30 00:16:37,941 - ethnicity_interaction_visualization - INFO - Added significant interactions for Philippines at DAUID 35204190
2025-04-30 00:16:37,942 - ethnicity_interaction_visualization - INFO - Added significant interactions for Portugal at DAUID 35204190
2025-04-30 00:16:37,942 - ethnicity_interaction_visualization - INFO - Added significant interactions for Sri Lanka at DAUID 35204190
2025-04-30 00:16:37,942 - ethnicity_interaction_visualization - INFO - Added significant interactions for China at DAUID 35203734
2025-04-30 00:16:37,942 - ethnicity_interaction_visualization - INFO - Added significant interactions for India at DAUID 35203734
2025-04-30 00:16:37,942 - ethnicity_interaction_visualization - INFO - Added significant interactions for Philippines at DAUID 35203734
2025-04-30 00:16:37,942 - ethnicity_interaction_visualization - INFO - Added significant interactions for Portugal at DAUID 35203734
2025-04-30 00:16:37,942 - ethnicity_interaction_visualization - INFO - Added significant interactions for Sri Lanka at DAUID 35203734
2025-04-30 00:16:37,942 - ethnicity_interaction_visualization - INFO - Added significant interactions for China at DAUID 35200036
2025-04-30 00:16:37,942 - ethnicity_interaction_visualization - INFO - Added significant interactions for India at DAUID 35200036
2025-04-30 00:16:37,942 - ethnicity_interaction_visualization - INFO - Added significant interactions for Philippines at DAUID 35200036
2025-04-30 00:16:37,942 - ethnicity_interaction_visualization - INFO - Added significant interactions for Portugal at DAUID 35200036
2025-04-30 00:16:37,942 - ethnicity_interaction_visualization - INFO - Added significant interactions for Sri Lanka at DAUID 35200036
2025-04-30 00:16:37,942 - ethnicity_interaction_visualization - INFO - Added significant interactions for China at DAUID 35202299
2025-04-30 00:16:37,943 - ethnicity_interaction_visualization - INFO - Added significant interactions for India at DAUID 35202299
2025-04-30 00:16:37,943 - ethnicity_interaction_visualization - INFO - Added significant interactions for Philippines at DAUID 35202299
2025-04-30 00:16:37,943 - ethnicity_interaction_visualization - INFO - Added significant interactions for Portugal at DAUID 35202299
2025-04-30 00:16:37,943 - ethnicity_interaction_visualization - INFO - Added significant interactions for Sri Lanka at DAUID 35202299
2025-04-30 00:16:37,943 - ethnicity_interaction_visualization - INFO - Added significant interactions for China at DAUID 35201939
2025-04-30 00:16:37,943 - ethnicity_interaction_visualization - INFO - Added significant interactions for India at DAUID 35201939
2025-04-30 00:16:37,943 - ethnicity_interaction_visualization - INFO - Added significant interactions for Philippines at DAUID 35201939
2025-04-30 00:16:37,943 - ethnicity_interaction_visualization - INFO - Added significant interactions for Portugal at DAUID 35201939
2025-04-30 00:16:37,943 - ethnicity_interaction_visualization - INFO - Added significant interactions for Sri Lanka at DAUID 35201939
2025-04-30 00:16:37,943 - ethnicity_interaction_visualization - INFO - Added significant interactions for China at DAUID 35204291
2025-04-30 00:16:37,944 - ethnicity_interaction_visualization - INFO - Added significant interactions for India at DAUID 35204291
2025-04-30 00:16:37,944 - ethnicity_interaction_visualization - INFO - Added significant interactions for Philippines at DAUID 35204291
2025-04-30 00:16:37,944 - ethnicity_interaction_visualization - INFO - Added significant interactions for Portugal at DAUID 35204291
2025-04-30 00:16:37,944 - ethnicity_interaction_visualization - INFO - Added significant interactions for Sri Lanka at DAUID 35204291
2025-04-30 00:16:37,944 - ethnicity_interaction_visualization - INFO - Added significant interactions for China at DAUID 35203576
2025-04-30 00:16:37,944 - ethnicity_interaction_visualization - INFO - Added significant interactions for India at DAUID 35203576
2025-04-30 00:16:37,944 - ethnicity_interaction_visualization - INFO - Added significant interactions for Philippines at DAUID 35203576
2025-04-30 00:16:37,944 - ethnicity_interaction_visualization - INFO - Added significant interactions for Portugal at DAUID 35203576
2025-04-30 00:16:37,944 - ethnicity_interaction_visualization - INFO - Added significant interactions for Sri Lanka at DAUID 35203576
2025-04-30 00:16:37,944 - ethnicity_interaction_visualization - INFO - Added significant interactions for China at DAUID 35201067
2025-04-30 00:16:37,944 - ethnicity_interaction_visualization - INFO - Added significant interactions for India at DAUID 35201067
2025-04-30 00:16:37,944 - ethnicity_interaction_visualization - INFO - Added significant interactions for Philippines at DAUID 35201067
2025-04-30 00:16:37,944 - ethnicity_interaction_visualization - INFO - Added significant interactions for Portugal at DAUID 35201067
2025-04-30 00:16:37,944 - ethnicity_interaction_visualization - INFO - Added significant interactions for Sri Lanka at DAUID 35201067
2025-04-30 00:16:37,945 - ethnicity_interaction_visualization - INFO - Added significant interactions for China at DAUID 35200996
2025-04-30 00:16:37,945 - ethnicity_interaction_visualization - INFO - Added significant interactions for India at DAUID 35200996
2025-04-30 00:16:37,945 - ethnicity_interaction_visualization - INFO - Added significant interactions for Philippines at DAUID 35200996
2025-04-30 00:16:37,945 - ethnicity_interaction_visualization - INFO - Added significant interactions for Portugal at DAUID 35200996
2025-04-30 00:16:37,945 - ethnicity_interaction_visualization - INFO - Added significant interactions for Sri Lanka at DAUID 35200996
2025-04-30 00:16:37,945 - ethnicity_interaction_visualization - INFO - Added significant interactions for China at DAUID 35203389
2025-04-30 00:16:37,946 - ethnicity_interaction_visualization - INFO - Added significant interactions for India at DAUID 35203389
2025-04-30 00:16:37,946 - ethnicity_interaction_visualization - INFO - Added significant interactions for Philippines at DAUID 35203389
2025-04-30 00:16:37,946 - ethnicity_interaction_visualization - INFO - Added significant interactions for Portugal at DAUID 35203389
2025-04-30 00:16:37,946 - ethnicity_interaction_visualization - INFO - Added significant interactions for Sri Lanka at DAUID 35203389
2025-04-30 00:16:37,946 - ethnicity_interaction_visualization - INFO - Added significant interactions for China at DAUID 35204927
2025-04-30 00:16:37,946 - ethnicity_interaction_visualization - INFO - Added significant interactions for India at DAUID 35204927
2025-04-30 00:16:37,946 - ethnicity_interaction_visualization - INFO - Added significant interactions for Philippines at DAUID 35204927
2025-04-30 00:16:37,946 - ethnicity_interaction_visualization - INFO - Added significant interactions for Portugal at DAUID 35204927
2025-04-30 00:16:37,946 - ethnicity_interaction_visualization - INFO - Added significant interactions for Sri Lanka at DAUID 35204927
2025-04-30 00:16:37,946 - ethnicity_interaction_visualization - INFO - Added significant interactions for China at DAUID 35204304
2025-04-30 00:16:37,947 - ethnicity_interaction_visualization - INFO - Added significant interactions for India at DAUID 35204304
2025-04-30 00:16:37,947 - ethnicity_interaction_visualization - INFO - Added significant interactions for Philippines at DAUID 35204304
2025-04-30 00:16:37,947 - ethnicity_interaction_visualization - INFO - Added significant interactions for Portugal at DAUID 35204304
2025-04-30 00:16:37,947 - ethnicity_interaction_visualization - INFO - Added significant interactions for Sri Lanka at DAUID 35204304
2025-04-30 00:16:37,947 - ethnicity_interaction_visualization - INFO - Added significant interactions for China at DAUID 35200963
2025-04-30 00:16:37,947 - ethnicity_interaction_visualization - INFO - Added significant interactions for India at DAUID 35200963
2025-04-30 00:16:37,947 - ethnicity_interaction_visualization - INFO - Added significant interactions for Philippines at DAUID 35200963
2025-04-30 00:16:37,947 - ethnicity_interaction_visualization - INFO - Added significant interactions for Portugal at DAUID 35200963
2025-04-30 00:16:37,947 - ethnicity_interaction_visualization - INFO - Added significant interactions for Sri Lanka at DAUID 35200963
2025-04-30 00:16:37,947 - ethnicity_interaction_visualization - INFO - Added significant interactions for China at DAUID 35202491
2025-04-30 00:16:37,947 - ethnicity_interaction_visualization - INFO - Added significant interactions for India at DAUID 35202491
2025-04-30 00:16:37,947 - ethnicity_interaction_visualization - INFO - Added significant interactions for Philippines at DAUID 35202491
2025-04-30 00:16:37,948 - ethnicity_interaction_visualization - INFO - Added significant interactions for Portugal at DAUID 35202491
2025-04-30 00:16:37,948 - ethnicity_interaction_visualization - INFO - Added significant interactions for Sri Lanka at DAUID 35202491
2025-04-30 00:16:37,948 - ethnicity_interaction_visualization - INFO - Added significant interactions for China at DAUID 35203842
2025-04-30 00:16:37,948 - ethnicity_interaction_visualization - INFO - Added significant interactions for India at DAUID 35203842
2025-04-30 00:16:37,948 - ethnicity_interaction_visualization - INFO - Added significant interactions for Philippines at DAUID 35203842
2025-04-30 00:16:37,948 - ethnicity_interaction_visualization - INFO - Added significant interactions for Portugal at DAUID 35203842
2025-04-30 00:16:37,948 - ethnicity_interaction_visualization - INFO - Added significant interactions for Sri Lanka at DAUID 35203842
2025-04-30 00:16:37,948 - ethnicity_interaction_visualization - INFO - Added significant interactions for China at DAUID 35203540
2025-04-30 00:16:37,948 - ethnicity_interaction_visualization - INFO - Added significant interactions for India at DAUID 35203540
2025-04-30 00:16:37,948 - ethnicity_interaction_visualization - INFO - Added significant interactions for Philippines at DAUID 35203540
2025-04-30 00:16:37,948 - ethnicity_interaction_visualization - INFO - Added significant interactions for Portugal at DAUID 35203540
2025-04-30 00:16:37,948 - ethnicity_interaction_visualization - INFO - Added significant interactions for Sri Lanka at DAUID 35203540
2025-04-30 00:16:37,948 - ethnicity_interaction_visualization - INFO - Added significant interactions for China at DAUID 35200815
2025-04-30 00:16:37,949 - ethnicity_interaction_visualization - INFO - Added significant interactions for India at DAUID 35200815
2025-04-30 00:16:37,949 - ethnicity_interaction_visualization - INFO - Added significant interactions for Philippines at DAUID 35200815
2025-04-30 00:16:37,949 - ethnicity_interaction_visualization - INFO - Added significant interactions for Portugal at DAUID 35200815
2025-04-30 00:16:37,949 - ethnicity_interaction_visualization - INFO - Added significant interactions for Sri Lanka at DAUID 35200815
2025-04-30 00:16:37,949 - ethnicity_interaction_visualization - INFO - Added significant interactions for China at DAUID 35203276
2025-04-30 00:16:37,949 - ethnicity_interaction_visualization - INFO - Added significant interactions for India at DAUID 35203276
2025-04-30 00:16:37,949 - ethnicity_interaction_visualization - INFO - Added significant interactions for Philippines at DAUID 35203276
2025-04-30 00:16:37,949 - ethnicity_interaction_visualization - INFO - Added significant interactions for Portugal at DAUID 35203276
2025-04-30 00:16:37,949 - ethnicity_interaction_visualization - INFO - Added significant interactions for Sri Lanka at DAUID 35203276
2025-04-30 00:16:37,949 - ethnicity_interaction_visualization - INFO - Added significant interactions for China at DAUID 35204378
2025-04-30 00:16:37,949 - ethnicity_interaction_visualization - INFO - Added significant interactions for India at DAUID 35204378
2025-04-30 00:16:37,949 - ethnicity_interaction_visualization - INFO - Added significant interactions for Philippines at DAUID 35204378
2025-04-30 00:16:37,950 - ethnicity_interaction_visualization - INFO - Added significant interactions for Portugal at DAUID 35204378
2025-04-30 00:16:37,950 - ethnicity_interaction_visualization - INFO - Added significant interactions for Sri Lanka at DAUID 35204378
2025-04-30 00:16:37,950 - ethnicity_interaction_visualization - INFO - Added significant interactions for China at DAUID 35204554
2025-04-30 00:16:37,950 - ethnicity_interaction_visualization - INFO - Added significant interactions for India at DAUID 35204554
2025-04-30 00:16:37,950 - ethnicity_interaction_visualization - INFO - Added significant interactions for Philippines at DAUID 35204554
2025-04-30 00:16:37,950 - ethnicity_interaction_visualization - INFO - Added significant interactions for Portugal at DAUID 35204554
2025-04-30 00:16:37,950 - ethnicity_interaction_visualization - INFO - Added significant interactions for Sri Lanka at DAUID 35204554
2025-04-30 00:16:37,950 - ethnicity_interaction_visualization - INFO - Added significant interactions for China at DAUID 35204466
2025-04-30 00:16:37,950 - ethnicity_interaction_visualization - INFO - Added significant interactions for India at DAUID 35204466
2025-04-30 00:16:37,950 - ethnicity_interaction_visualization - INFO - Added significant interactions for Philippines at DAUID 35204466
2025-04-30 00:16:37,950 - ethnicity_interaction_visualization - INFO - Added significant interactions for Portugal at DAUID 35204466
2025-04-30 00:16:37,950 - ethnicity_interaction_visualization - INFO - Added significant interactions for Sri Lanka at DAUID 35204466
2025-04-30 00:16:37,950 - ethnicity_interaction_visualization - INFO - Added significant interactions for China at DAUID 35204870
2025-04-30 00:16:37,950 - ethnicity_interaction_visualization - INFO - Added significant interactions for India at DAUID 35204870
2025-04-30 00:16:37,951 - ethnicity_interaction_visualization - INFO - Added significant interactions for Philippines at DAUID 35204870
2025-04-30 00:16:37,951 - ethnicity_interaction_visualization - INFO - Added significant interactions for Portugal at DAUID 35204870
2025-04-30 00:16:37,951 - ethnicity_interaction_visualization - INFO - Added significant interactions for Sri Lanka at DAUID 35204870
2025-04-30 00:16:37,951 - ethnicity_interaction_visualization - INFO - Added significant interactions for China at DAUID 35201674
2025-04-30 00:16:37,951 - ethnicity_interaction_visualization - INFO - Added significant interactions for India at DAUID 35201674
2025-04-30 00:16:37,951 - ethnicity_interaction_visualization - INFO - Added significant interactions for Philippines at DAUID 35201674
2025-04-30 00:16:37,951 - ethnicity_interaction_visualization - INFO - Added significant interactions for Portugal at DAUID 35201674
2025-04-30 00:16:37,951 - ethnicity_interaction_visualization - INFO - Added significant interactions for Sri Lanka at DAUID 35201674
2025-04-30 00:16:37,951 - ethnicity_interaction_visualization - INFO - Added significant interactions for China at DAUID 35203574
2025-04-30 00:16:37,951 - ethnicity_interaction_visualization - INFO - Added significant interactions for India at DAUID 35203574
2025-04-30 00:16:37,951 - ethnicity_interaction_visualization - INFO - Added significant interactions for Philippines at DAUID 35203574
2025-04-30 00:16:37,951 - ethnicity_interaction_visualization - INFO - Added significant interactions for Portugal at DAUID 35203574
2025-04-30 00:16:37,951 - ethnicity_interaction_visualization - INFO - Added significant interactions for Sri Lanka at DAUID 35203574
2025-04-30 00:16:37,952 - ethnicity_interaction_visualization - INFO - Added significant interactions for China at DAUID 35204450
2025-04-30 00:16:37,952 - ethnicity_interaction_visualization - INFO - Added significant interactions for India at DAUID 35204450
2025-04-30 00:16:37,952 - ethnicity_interaction_visualization - INFO - Added significant interactions for Philippines at DAUID 35204450
2025-04-30 00:16:37,952 - ethnicity_interaction_visualization - INFO - Added significant interactions for Portugal at DAUID 35204450
2025-04-30 00:16:37,952 - ethnicity_interaction_visualization - INFO - Added significant interactions for Sri Lanka at DAUID 35204450
2025-04-30 00:16:37,952 - ethnicity_interaction_visualization - INFO - Added significant interactions for China at DAUID 35203274
2025-04-30 00:16:37,952 - ethnicity_interaction_visualization - INFO - Added significant interactions for India at DAUID 35203274
2025-04-30 00:16:37,952 - ethnicity_interaction_visualization - INFO - Added significant interactions for Philippines at DAUID 35203274
2025-04-30 00:16:37,952 - ethnicity_interaction_visualization - INFO - Added significant interactions for Portugal at DAUID 35203274
2025-04-30 00:16:37,952 - ethnicity_interaction_visualization - INFO - Added significant interactions for Sri Lanka at DAUID 35203274
2025-04-30 00:16:37,952 - ethnicity_interaction_visualization - INFO - Added significant interactions for China at DAUID 35201209
2025-04-30 00:16:37,952 - ethnicity_interaction_visualization - INFO - Added significant interactions for India at DAUID 35201209
2025-04-30 00:16:37,952 - ethnicity_interaction_visualization - INFO - Added significant interactions for Philippines at DAUID 35201209
2025-04-30 00:16:37,952 - ethnicity_interaction_visualization - INFO - Added significant interactions for Portugal at DAUID 35201209
2025-04-30 00:16:37,953 - ethnicity_interaction_visualization - INFO - Added significant interactions for Sri Lanka at DAUID 35201209
2025-04-30 00:16:37,953 - ethnicity_interaction_visualization - INFO - Added significant interactions for China at DAUID 35202456
2025-04-30 00:16:37,953 - ethnicity_interaction_visualization - INFO - Added significant interactions for India at DAUID 35202456
2025-04-30 00:16:37,953 - ethnicity_interaction_visualization - INFO - Added significant interactions for Philippines at DAUID 35202456
2025-04-30 00:16:37,953 - ethnicity_interaction_visualization - INFO - Added significant interactions for Portugal at DAUID 35202456
2025-04-30 00:16:37,953 - ethnicity_interaction_visualization - INFO - Added significant interactions for Sri Lanka at DAUID 35202456
2025-04-30 00:16:37,953 - ethnicity_interaction_visualization - INFO - Added significant interactions for China at DAUID 35202018
2025-04-30 00:16:37,953 - ethnicity_interaction_visualization - INFO - Added significant interactions for India at DAUID 35202018
2025-04-30 00:16:37,953 - ethnicity_interaction_visualization - INFO - Added significant interactions for Philippines at DAUID 35202018
2025-04-30 00:16:37,953 - ethnicity_interaction_visualization - INFO - Added significant interactions for Portugal at DAUID 35202018
2025-04-30 00:16:37,953 - ethnicity_interaction_visualization - INFO - Added significant interactions for Sri Lanka at DAUID 35202018
2025-04-30 00:16:37,953 - ethnicity_interaction_visualization - INFO - Added significant interactions for China at DAUID 35204356
2025-04-30 00:16:37,953 - ethnicity_interaction_visualization - INFO - Added significant interactions for India at DAUID 35204356
2025-04-30 00:16:37,954 - ethnicity_interaction_visualization - INFO - Added significant interactions for Philippines at DAUID 35204356
2025-04-30 00:16:37,954 - ethnicity_interaction_visualization - INFO - Added significant interactions for Portugal at DAUID 35204356
2025-04-30 00:16:37,954 - ethnicity_interaction_visualization - INFO - Added significant interactions for Sri Lanka at DAUID 35204356
2025-04-30 00:16:37,954 - ethnicity_interaction_visualization - INFO - Added significant interactions for China at DAUID 35203323
2025-04-30 00:16:37,954 - ethnicity_interaction_visualization - INFO - Added significant interactions for India at DAUID 35203323
2025-04-30 00:16:37,954 - ethnicity_interaction_visualization - INFO - Added significant interactions for Philippines at DAUID 35203323
2025-04-30 00:16:37,954 - ethnicity_interaction_visualization - INFO - Added significant interactions for Portugal at DAUID 35203323
2025-04-30 00:16:37,954 - ethnicity_interaction_visualization - INFO - Added significant interactions for Sri Lanka at DAUID 35203323
2025-04-30 00:16:37,954 - ethnicity_interaction_visualization - INFO - Added significant interactions for China at DAUID 35204039
2025-04-30 00:16:37,954 - ethnicity_interaction_visualization - INFO - Added significant interactions for India at DAUID 35204039
2025-04-30 00:16:37,954 - ethnicity_interaction_visualization - INFO - Added significant interactions for Philippines at DAUID 35204039
2025-04-30 00:16:37,955 - ethnicity_interaction_visualization - INFO - Added significant interactions for Portugal at DAUID 35204039
2025-04-30 00:16:37,955 - ethnicity_interaction_visualization - INFO - Added significant interactions for Sri Lanka at DAUID 35204039
2025-04-30 00:16:37,955 - ethnicity_interaction_visualization - INFO - Added significant interactions for China at DAUID 35200707
2025-04-30 00:16:37,955 - ethnicity_interaction_visualization - INFO - Added significant interactions for India at DAUID 35200707
2025-04-30 00:16:37,955 - ethnicity_interaction_visualization - INFO - Added significant interactions for Philippines at DAUID 35200707
2025-04-30 00:16:37,955 - ethnicity_interaction_visualization - INFO - Added significant interactions for Portugal at DAUID 35200707
2025-04-30 00:16:37,955 - ethnicity_interaction_visualization - INFO - Added significant interactions for Sri Lanka at DAUID 35200707
2025-04-30 00:16:37,955 - ethnicity_interaction_visualization - INFO - Added significant interactions for China at DAUID 35201350
2025-04-30 00:16:37,955 - ethnicity_interaction_visualization - INFO - Added significant interactions for India at DAUID 35201350
2025-04-30 00:16:37,955 - ethnicity_interaction_visualization - INFO - Added significant interactions for Philippines at DAUID 35201350
2025-04-30 00:16:37,955 - ethnicity_interaction_visualization - INFO - Added significant interactions for Portugal at DAUID 35201350
2025-04-30 00:16:37,955 - ethnicity_interaction_visualization - INFO - Added significant interactions for Sri Lanka at DAUID 35201350
2025-04-30 00:16:37,956 - ethnicity_interaction_visualization - INFO - Added significant interactions for China at DAUID 35202372
2025-04-30 00:16:37,956 - ethnicity_interaction_visualization - INFO - Added significant interactions for India at DAUID 35202372
2025-04-30 00:16:37,956 - ethnicity_interaction_visualization - INFO - Added significant interactions for Philippines at DAUID 35202372
2025-04-30 00:16:37,956 - ethnicity_interaction_visualization - INFO - Added significant interactions for Portugal at DAUID 35202372
2025-04-30 00:16:37,956 - ethnicity_interaction_visualization - INFO - Added significant interactions for Sri Lanka at DAUID 35202372
2025-04-30 00:16:37,956 - ethnicity_interaction_visualization - INFO - Added significant interactions for China at DAUID 35202300
2025-04-30 00:16:37,956 - ethnicity_interaction_visualization - INFO - Added significant interactions for India at DAUID 35202300
2025-04-30 00:16:37,956 - ethnicity_interaction_visualization - INFO - Added significant interactions for Philippines at DAUID 35202300
2025-04-30 00:16:37,956 - ethnicity_interaction_visualization - INFO - Added significant interactions for Portugal at DAUID 35202300
2025-04-30 00:16:37,956 - ethnicity_interaction_visualization - INFO - Added significant interactions for Sri Lanka at DAUID 35202300
2025-04-30 00:16:37,956 - ethnicity_interaction_visualization - INFO - Added significant interactions for China at DAUID 35203029
2025-04-30 00:16:37,956 - ethnicity_interaction_visualization - INFO - Added significant interactions for India at DAUID 35203029
2025-04-30 00:16:37,957 - ethnicity_interaction_visualization - INFO - Added significant interactions for Philippines at DAUID 35203029
2025-04-30 00:16:37,957 - ethnicity_interaction_visualization - INFO - Added significant interactions for Portugal at DAUID 35203029
2025-04-30 00:16:37,957 - ethnicity_interaction_visualization - INFO - Added significant interactions for Sri Lanka at DAUID 35203029
2025-04-30 00:16:37,957 - ethnicity_interaction_visualization - INFO - Added significant interactions for China at DAUID 35202675
2025-04-30 00:16:37,957 - ethnicity_interaction_visualization - INFO - Added significant interactions for India at DAUID 35202675
2025-04-30 00:16:37,957 - ethnicity_interaction_visualization - INFO - Added significant interactions for Philippines at DAUID 35202675
2025-04-30 00:16:37,957 - ethnicity_interaction_visualization - INFO - Added significant interactions for Portugal at DAUID 35202675
2025-04-30 00:16:37,957 - ethnicity_interaction_visualization - INFO - Added significant interactions for Sri Lanka at DAUID 35202675
2025-04-30 00:16:37,957 - ethnicity_interaction_visualization - INFO - Added significant interactions for China at DAUID 35204225
2025-04-30 00:16:37,957 - ethnicity_interaction_visualization - INFO - Added significant interactions for India at DAUID 35204225
2025-04-30 00:16:37,957 - ethnicity_interaction_visualization - INFO - Added significant interactions for Philippines at DAUID 35204225
2025-04-30 00:16:37,958 - ethnicity_interaction_visualization - INFO - Added significant interactions for Portugal at DAUID 35204225
2025-04-30 00:16:37,958 - ethnicity_interaction_visualization - INFO - Added significant interactions for Sri Lanka at DAUID 35204225
2025-04-30 00:16:37,958 - ethnicity_interaction_visualization - INFO - Added significant interactions for China at DAUID 35202942
2025-04-30 00:16:37,958 - ethnicity_interaction_visualization - INFO - Added significant interactions for India at DAUID 35202942
2025-04-30 00:16:37,958 - ethnicity_interaction_visualization - INFO - Added significant interactions for Philippines at DAUID 35202942
2025-04-30 00:16:37,958 - ethnicity_interaction_visualization - INFO - Added significant interactions for Portugal at DAUID 35202942
2025-04-30 00:16:37,958 - ethnicity_interaction_visualization - INFO - Added significant interactions for Sri Lanka at DAUID 35202942
2025-04-30 00:16:37,958 - ethnicity_interaction_visualization - INFO - Added significant interactions for China at DAUID 35200178
2025-04-30 00:16:37,958 - ethnicity_interaction_visualization - INFO - Added significant interactions for India at DAUID 35200178
2025-04-30 00:16:37,958 - ethnicity_interaction_visualization - INFO - Added significant interactions for Philippines at DAUID 35200178
2025-04-30 00:16:37,958 - ethnicity_interaction_visualization - INFO - Added significant interactions for Portugal at DAUID 35200178
2025-04-30 00:16:37,959 - ethnicity_interaction_visualization - INFO - Added significant interactions for Sri Lanka at DAUID 35200178
2025-04-30 00:16:37,959 - ethnicity_interaction_visualization - INFO - Added significant interactions for China at DAUID 35200054
2025-04-30 00:16:37,959 - ethnicity_interaction_visualization - INFO - Added significant interactions for India at DAUID 35200054
2025-04-30 00:16:37,959 - ethnicity_interaction_visualization - INFO - Added significant interactions for Philippines at DAUID 35200054
2025-04-30 00:16:37,959 - ethnicity_interaction_visualization - INFO - Added significant interactions for Portugal at DAUID 35200054
2025-04-30 00:16:37,959 - ethnicity_interaction_visualization - INFO - Added significant interactions for Sri Lanka at DAUID 35200054
2025-04-30 00:16:37,959 - ethnicity_interaction_visualization - INFO - Added significant interactions for China at DAUID 35202646
2025-04-30 00:16:37,959 - ethnicity_interaction_visualization - INFO - Added significant interactions for India at DAUID 35202646
2025-04-30 00:16:37,959 - ethnicity_interaction_visualization - INFO - Added significant interactions for Philippines at DAUID 35202646
2025-04-30 00:16:37,959 - ethnicity_interaction_visualization - INFO - Added significant interactions for Portugal at DAUID 35202646
2025-04-30 00:16:37,959 - ethnicity_interaction_visualization - INFO - Added significant interactions for Sri Lanka at DAUID 35202646
2025-04-30 00:16:37,959 - ethnicity_interaction_visualization - INFO - Added significant interactions for China at DAUID 35203913
2025-04-30 00:16:37,959 - ethnicity_interaction_visualization - INFO - Added significant interactions for India at DAUID 35203913
2025-04-30 00:16:37,960 - ethnicity_interaction_visualization - INFO - Added significant interactions for Philippines at DAUID 35203913
2025-04-30 00:16:37,960 - ethnicity_interaction_visualization - INFO - Added significant interactions for Portugal at DAUID 35203913
2025-04-30 00:16:37,960 - ethnicity_interaction_visualization - INFO - Added significant interactions for Sri Lanka at DAUID 35203913
2025-04-30 00:16:37,960 - ethnicity_interaction_visualization - INFO - Added significant interactions for China at DAUID 35204848
2025-04-30 00:16:37,960 - ethnicity_interaction_visualization - INFO - Added significant interactions for India at DAUID 35204848
2025-04-30 00:16:37,960 - ethnicity_interaction_visualization - INFO - Added significant interactions for Philippines at DAUID 35204848
2025-04-30 00:16:37,960 - ethnicity_interaction_visualization - INFO - Added significant interactions for Portugal at DAUID 35204848
2025-04-30 00:16:37,960 - ethnicity_interaction_visualization - INFO - Added significant interactions for Sri Lanka at DAUID 35204848
2025-04-30 00:16:37,960 - ethnicity_interaction_visualization - INFO - Added significant interactions for China at DAUID 35203334
2025-04-30 00:16:37,960 - ethnicity_interaction_visualization - INFO - Added significant interactions for India at DAUID 35203334
2025-04-30 00:16:37,960 - ethnicity_interaction_visualization - INFO - Added significant interactions for Philippines at DAUID 35203334
2025-04-30 00:16:37,960 - ethnicity_interaction_visualization - INFO - Added significant interactions for Portugal at DAUID 35203334
2025-04-30 00:16:37,960 - ethnicity_interaction_visualization - INFO - Added significant interactions for Sri Lanka at DAUID 35203334
2025-04-30 00:16:37,960 - ethnicity_interaction_visualization - INFO - Added significant interactions for China at DAUID 35204808
2025-04-30 00:16:37,961 - ethnicity_interaction_visualization - INFO - Added significant interactions for India at DAUID 35204808
2025-04-30 00:16:37,961 - ethnicity_interaction_visualization - INFO - Added significant interactions for Philippines at DAUID 35204808
2025-04-30 00:16:37,961 - ethnicity_interaction_visualization - INFO - Added significant interactions for Portugal at DAUID 35204808
2025-04-30 00:16:37,961 - ethnicity_interaction_visualization - INFO - Added significant interactions for Sri Lanka at DAUID 35204808
2025-04-30 00:16:37,961 - ethnicity_interaction_visualization - INFO - Added significant interactions for China at DAUID 35204321
2025-04-30 00:16:37,961 - ethnicity_interaction_visualization - INFO - Added significant interactions for India at DAUID 35204321
2025-04-30 00:16:37,961 - ethnicity_interaction_visualization - INFO - Added significant interactions for Philippines at DAUID 35204321
2025-04-30 00:16:37,961 - ethnicity_interaction_visualization - INFO - Added significant interactions for Portugal at DAUID 35204321
2025-04-30 00:16:37,961 - ethnicity_interaction_visualization - INFO - Added significant interactions for Sri Lanka at DAUID 35204321
2025-04-30 00:16:37,961 - ethnicity_interaction_visualization - INFO - Added significant interactions for China at DAUID 35201408
2025-04-30 00:16:37,961 - ethnicity_interaction_visualization - INFO - Added significant interactions for India at DAUID 35201408
2025-04-30 00:16:37,961 - ethnicity_interaction_visualization - INFO - Added significant interactions for Philippines at DAUID 35201408
2025-04-30 00:16:37,961 - ethnicity_interaction_visualization - INFO - Added significant interactions for Portugal at DAUID 35201408
2025-04-30 00:16:37,962 - ethnicity_interaction_visualization - INFO - Added significant interactions for Sri Lanka at DAUID 35201408
2025-04-30 00:16:37,962 - ethnicity_interaction_visualization - INFO - Added significant interactions for China at DAUID 35205002
2025-04-30 00:16:37,962 - ethnicity_interaction_visualization - INFO - Added significant interactions for India at DAUID 35205002
2025-04-30 00:16:37,962 - ethnicity_interaction_visualization - INFO - Added significant interactions for Philippines at DAUID 35205002
2025-04-30 00:16:37,962 - ethnicity_interaction_visualization - INFO - Added significant interactions for Portugal at DAUID 35205002
2025-04-30 00:16:37,962 - ethnicity_interaction_visualization - INFO - Added significant interactions for Sri Lanka at DAUID 35205002
2025-04-30 00:16:37,962 - ethnicity_interaction_visualization - INFO - Added significant interactions for China at DAUID 35200772
2025-04-30 00:16:37,962 - ethnicity_interaction_visualization - INFO - Added significant interactions for India at DAUID 35200772
2025-04-30 00:16:37,963 - ethnicity_interaction_visualization - INFO - Added significant interactions for Philippines at DAUID 35200772
2025-04-30 00:16:37,963 - ethnicity_interaction_visualization - INFO - Added significant interactions for Portugal at DAUID 35200772
2025-04-30 00:16:37,963 - ethnicity_interaction_visualization - INFO - Added significant interactions for Sri Lanka at DAUID 35200772
2025-04-30 00:16:37,963 - ethnicity_interaction_visualization - INFO - Added significant interactions for China at DAUID 35202811
2025-04-30 00:16:37,963 - ethnicity_interaction_visualization - INFO - Added significant interactions for India at DAUID 35202811
2025-04-30 00:16:37,963 - ethnicity_interaction_visualization - INFO - Added significant interactions for Philippines at DAUID 35202811
2025-04-30 00:16:37,963 - ethnicity_interaction_visualization - INFO - Added significant interactions for Portugal at DAUID 35202811
2025-04-30 00:16:37,963 - ethnicity_interaction_visualization - INFO - Added significant interactions for Sri Lanka at DAUID 35202811
2025-04-30 00:16:37,964 - ethnicity_interaction_visualization - INFO - Added significant interactions for China at DAUID 35204021
2025-04-30 00:16:37,964 - ethnicity_interaction_visualization - INFO - Added significant interactions for India at DAUID 35204021
2025-04-30 00:16:37,964 - ethnicity_interaction_visualization - INFO - Added significant interactions for Philippines at DAUID 35204021
2025-04-30 00:16:37,964 - ethnicity_interaction_visualization - INFO - Added significant interactions for Portugal at DAUID 35204021
2025-04-30 00:16:37,964 - ethnicity_interaction_visualization - INFO - Added significant interactions for Sri Lanka at DAUID 35204021
2025-04-30 00:16:37,964 - ethnicity_interaction_visualization - INFO - Added significant interactions for China at DAUID 35204214
2025-04-30 00:16:37,964 - ethnicity_interaction_visualization - INFO - Added significant interactions for India at DAUID 35204214
2025-04-30 00:16:37,964 - ethnicity_interaction_visualization - INFO - Added significant interactions for Philippines at DAUID 35204214
2025-04-30 00:16:37,964 - ethnicity_interaction_visualization - INFO - Added significant interactions for Portugal at DAUID 35204214
2025-04-30 00:16:37,964 - ethnicity_interaction_visualization - INFO - Added significant interactions for Sri Lanka at DAUID 35204214
2025-04-30 00:16:37,964 - ethnicity_interaction_visualization - INFO - Added significant interactions for China at DAUID 35202149
2025-04-30 00:16:37,964 - ethnicity_interaction_visualization - INFO - Added significant interactions for India at DAUID 35202149
2025-04-30 00:16:37,964 - ethnicity_interaction_visualization - INFO - Added significant interactions for Philippines at DAUID 35202149
2025-04-30 00:16:37,964 - ethnicity_interaction_visualization - INFO - Added significant interactions for Portugal at DAUID 35202149
2025-04-30 00:16:37,964 - ethnicity_interaction_visualization - INFO - Added significant interactions for Sri Lanka at DAUID 35202149
2025-04-30 00:16:37,965 - ethnicity_interaction_visualization - INFO - Added significant interactions for China at DAUID 35204863
2025-04-30 00:16:37,965 - ethnicity_interaction_visualization - INFO - Added significant interactions for India at DAUID 35204863
2025-04-30 00:16:37,965 - ethnicity_interaction_visualization - INFO - Added significant interactions for Philippines at DAUID 35204863
2025-04-30 00:16:37,965 - ethnicity_interaction_visualization - INFO - Added significant interactions for Portugal at DAUID 35204863
2025-04-30 00:16:37,965 - ethnicity_interaction_visualization - INFO - Added significant interactions for Sri Lanka at DAUID 35204863
2025-04-30 00:16:37,965 - ethnicity_interaction_visualization - INFO - Added significant interactions for China at DAUID 35203579
2025-04-30 00:16:37,965 - ethnicity_interaction_visualization - INFO - Added significant interactions for India at DAUID 35203579
2025-04-30 00:16:37,965 - ethnicity_interaction_visualization - INFO - Added significant interactions for Philippines at DAUID 35203579
2025-04-30 00:16:37,965 - ethnicity_interaction_visualization - INFO - Added significant interactions for Portugal at DAUID 35203579
2025-04-30 00:16:37,965 - ethnicity_interaction_visualization - INFO - Added significant interactions for Sri Lanka at DAUID 35203579
2025-04-30 00:16:37,965 - ethnicity_interaction_visualization - INFO - Added significant interactions for China at DAUID 35203690
2025-04-30 00:16:37,965 - ethnicity_interaction_visualization - INFO - Added significant interactions for India at DAUID 35203690
2025-04-30 00:16:37,965 - ethnicity_interaction_visualization - INFO - Added significant interactions for Philippines at DAUID 35203690
2025-04-30 00:16:37,965 - ethnicity_interaction_visualization - INFO - Added significant interactions for Portugal at DAUID 35203690
2025-04-30 00:16:37,965 - ethnicity_interaction_visualization - INFO - Added significant interactions for Sri Lanka at DAUID 35203690
2025-04-30 00:16:37,966 - ethnicity_interaction_visualization - INFO - Added significant interactions for China at DAUID 35200711
2025-04-30 00:16:37,966 - ethnicity_interaction_visualization - INFO - Added significant interactions for India at DAUID 35200711
2025-04-30 00:16:37,966 - ethnicity_interaction_visualization - INFO - Added significant interactions for Philippines at DAUID 35200711
2025-04-30 00:16:37,966 - ethnicity_interaction_visualization - INFO - Added significant interactions for Portugal at DAUID 35200711
2025-04-30 00:16:37,966 - ethnicity_interaction_visualization - INFO - Added significant interactions for Sri Lanka at DAUID 35200711
2025-04-30 00:16:37,966 - ethnicity_interaction_visualization - INFO - Added significant interactions for China at DAUID 35203617
2025-04-30 00:16:37,966 - ethnicity_interaction_visualization - INFO - Added significant interactions for India at DAUID 35203617
2025-04-30 00:16:37,966 - ethnicity_interaction_visualization - INFO - Added significant interactions for Philippines at DAUID 35203617
2025-04-30 00:16:37,966 - ethnicity_interaction_visualization - INFO - Added significant interactions for Portugal at DAUID 35203617
2025-04-30 00:16:37,966 - ethnicity_interaction_visualization - INFO - Added significant interactions for Sri Lanka at DAUID 35203617
2025-04-30 00:16:37,966 - ethnicity_interaction_visualization - INFO - Added significant interactions for China at DAUID 35204205
2025-04-30 00:16:37,967 - ethnicity_interaction_visualization - INFO - Added significant interactions for India at DAUID 35204205
2025-04-30 00:16:37,967 - ethnicity_interaction_visualization - INFO - Added significant interactions for Philippines at DAUID 35204205
2025-04-30 00:16:37,967 - ethnicity_interaction_visualization - INFO - Added significant interactions for Portugal at DAUID 35204205
2025-04-30 00:16:37,967 - ethnicity_interaction_visualization - INFO - Added significant interactions for Sri Lanka at DAUID 35204205
2025-04-30 00:16:37,967 - ethnicity_interaction_visualization - INFO - Added significant interactions for China at DAUID 35203657
2025-04-30 00:16:37,967 - ethnicity_interaction_visualization - INFO - Added significant interactions for India at DAUID 35203657
2025-04-30 00:16:37,967 - ethnicity_interaction_visualization - INFO - Added significant interactions for Philippines at DAUID 35203657
2025-04-30 00:16:37,967 - ethnicity_interaction_visualization - INFO - Added significant interactions for Portugal at DAUID 35203657
2025-04-30 00:16:37,967 - ethnicity_interaction_visualization - INFO - Added significant interactions for Sri Lanka at DAUID 35203657
2025-04-30 00:16:37,967 - ethnicity_interaction_visualization - INFO - Added significant interactions for China at DAUID 35202954
2025-04-30 00:16:37,967 - ethnicity_interaction_visualization - INFO - Added significant interactions for India at DAUID 35202954
2025-04-30 00:16:37,967 - ethnicity_interaction_visualization - INFO - Added significant interactions for Philippines at DAUID 35202954
2025-04-30 00:16:37,968 - ethnicity_interaction_visualization - INFO - Added significant interactions for Portugal at DAUID 35202954
2025-04-30 00:16:37,968 - ethnicity_interaction_visualization - INFO - Added significant interactions for Sri Lanka at DAUID 35202954
2025-04-30 00:16:37,968 - ethnicity_interaction_visualization - INFO - Added significant interactions for China at DAUID 35203301
2025-04-30 00:16:37,968 - ethnicity_interaction_visualization - INFO - Added significant interactions for India at DAUID 35203301
2025-04-30 00:16:37,968 - ethnicity_interaction_visualization - INFO - Added significant interactions for Philippines at DAUID 35203301
2025-04-30 00:16:37,968 - ethnicity_interaction_visualization - INFO - Added significant interactions for Portugal at DAUID 35203301
2025-04-30 00:16:37,968 - ethnicity_interaction_visualization - INFO - Added significant interactions for Sri Lanka at DAUID 35203301
2025-04-30 00:16:37,968 - ethnicity_interaction_visualization - INFO - Added significant interactions for China at DAUID 35204690
2025-04-30 00:16:37,968 - ethnicity_interaction_visualization - INFO - Added significant interactions for India at DAUID 35204690
2025-04-30 00:16:37,968 - ethnicity_interaction_visualization - INFO - Added significant interactions for Philippines at DAUID 35204690
2025-04-30 00:16:37,969 - ethnicity_interaction_visualization - INFO - Added significant interactions for Portugal at DAUID 35204690
2025-04-30 00:16:37,969 - ethnicity_interaction_visualization - INFO - Added significant interactions for Sri Lanka at DAUID 35204690
2025-04-30 00:16:37,969 - ethnicity_interaction_visualization - INFO - Added significant interactions for China at DAUID 35201332
2025-04-30 00:16:37,969 - ethnicity_interaction_visualization - INFO - Added significant interactions for India at DAUID 35201332
2025-04-30 00:16:37,969 - ethnicity_interaction_visualization - INFO - Added significant interactions for Philippines at DAUID 35201332
2025-04-30 00:16:37,969 - ethnicity_interaction_visualization - INFO - Added significant interactions for Portugal at DAUID 35201332
2025-04-30 00:16:37,969 - ethnicity_interaction_visualization - INFO - Added significant interactions for Sri Lanka at DAUID 35201332
2025-04-30 00:16:37,969 - ethnicity_interaction_visualization - INFO - Added significant interactions for China at DAUID 35203947
2025-04-30 00:16:37,969 - ethnicity_interaction_visualization - INFO - Added significant interactions for India at DAUID 35203947
2025-04-30 00:16:37,969 - ethnicity_interaction_visualization - INFO - Added significant interactions for Philippines at DAUID 35203947
2025-04-30 00:16:37,969 - ethnicity_interaction_visualization - INFO - Added significant interactions for Portugal at DAUID 35203947
2025-04-30 00:16:37,969 - ethnicity_interaction_visualization - INFO - Added significant interactions for Sri Lanka at DAUID 35203947
2025-04-30 00:16:37,969 - ethnicity_interaction_visualization - INFO - Added significant interactions for China at DAUID 35203420
2025-04-30 00:16:37,969 - ethnicity_interaction_visualization - INFO - Added significant interactions for India at DAUID 35203420
2025-04-30 00:16:37,970 - ethnicity_interaction_visualization - INFO - Added significant interactions for Philippines at DAUID 35203420
2025-04-30 00:16:37,970 - ethnicity_interaction_visualization - INFO - Added significant interactions for Portugal at DAUID 35203420
2025-04-30 00:16:37,970 - ethnicity_interaction_visualization - INFO - Added significant interactions for Sri Lanka at DAUID 35203420
2025-04-30 00:16:37,970 - ethnicity_interaction_visualization - INFO - Added significant interactions for China at DAUID 35200516
2025-04-30 00:16:37,970 - ethnicity_interaction_visualization - INFO - Added significant interactions for India at DAUID 35200516
2025-04-30 00:16:37,970 - ethnicity_interaction_visualization - INFO - Added significant interactions for Philippines at DAUID 35200516
2025-04-30 00:16:37,970 - ethnicity_interaction_visualization - INFO - Added significant interactions for Portugal at DAUID 35200516
2025-04-30 00:16:37,970 - ethnicity_interaction_visualization - INFO - Added significant interactions for Sri Lanka at DAUID 35200516
2025-04-30 00:16:37,970 - ethnicity_interaction_visualization - INFO - Added significant interactions for China at DAUID 35204800
2025-04-30 00:16:37,970 - ethnicity_interaction_visualization - INFO - Added significant interactions for India at DAUID 35204800
2025-04-30 00:16:37,970 - ethnicity_interaction_visualization - INFO - Added significant interactions for Philippines at DAUID 35204800
2025-04-30 00:16:37,970 - ethnicity_interaction_visualization - INFO - Added significant interactions for Portugal at DAUID 35204800
2025-04-30 00:16:37,970 - ethnicity_interaction_visualization - INFO - Added significant interactions for Sri Lanka at DAUID 35204800
2025-04-30 00:16:37,970 - ethnicity_interaction_visualization - INFO - Added significant interactions for China at DAUID 35204541
2025-04-30 00:16:37,971 - ethnicity_interaction_visualization - INFO - Added significant interactions for India at DAUID 35204541
2025-04-30 00:16:37,971 - ethnicity_interaction_visualization - INFO - Added significant interactions for Philippines at DAUID 35204541
2025-04-30 00:16:37,971 - ethnicity_interaction_visualization - INFO - Added significant interactions for Portugal at DAUID 35204541
2025-04-30 00:16:37,971 - ethnicity_interaction_visualization - INFO - Added significant interactions for Sri Lanka at DAUID 35204541
2025-04-30 00:16:37,971 - ethnicity_interaction_visualization - INFO - Added significant interactions for China at DAUID 35202750
2025-04-30 00:16:37,971 - ethnicity_interaction_visualization - INFO - Added significant interactions for India at DAUID 35202750
2025-04-30 00:16:37,971 - ethnicity_interaction_visualization - INFO - Added significant interactions for Philippines at DAUID 35202750
2025-04-30 00:16:37,971 - ethnicity_interaction_visualization - INFO - Added significant interactions for Portugal at DAUID 35202750
2025-04-30 00:16:37,971 - ethnicity_interaction_visualization - INFO - Added significant interactions for Sri Lanka at DAUID 35202750
2025-04-30 00:16:37,971 - ethnicity_interaction_visualization - INFO - Added significant interactions for China at DAUID 35204243
2025-04-30 00:16:37,971 - ethnicity_interaction_visualization - INFO - Added significant interactions for India at DAUID 35204243
2025-04-30 00:16:37,972 - ethnicity_interaction_visualization - INFO - Added significant interactions for Philippines at DAUID 35204243
2025-04-30 00:16:37,972 - ethnicity_interaction_visualization - INFO - Added significant interactions for Portugal at DAUID 35204243
2025-04-30 00:16:37,972 - ethnicity_interaction_visualization - INFO - Added significant interactions for Sri Lanka at DAUID 35204243
2025-04-30 00:16:37,972 - ethnicity_interaction_visualization - INFO - Added significant interactions for China at DAUID 35202930
2025-04-30 00:16:37,972 - ethnicity_interaction_visualization - INFO - Added significant interactions for India at DAUID 35202930
2025-04-30 00:16:37,972 - ethnicity_interaction_visualization - INFO - Added significant interactions for Philippines at DAUID 35202930
2025-04-30 00:16:37,972 - ethnicity_interaction_visualization - INFO - Added significant interactions for Portugal at DAUID 35202930
2025-04-30 00:16:37,972 - ethnicity_interaction_visualization - INFO - Added significant interactions for Sri Lanka at DAUID 35202930
2025-04-30 00:16:37,972 - ethnicity_interaction_visualization - INFO - Added significant interactions for China at DAUID 35204982
2025-04-30 00:16:37,972 - ethnicity_interaction_visualization - INFO - Added significant interactions for India at DAUID 35204982
2025-04-30 00:16:37,972 - ethnicity_interaction_visualization - INFO - Added significant interactions for Philippines at DAUID 35204982
2025-04-30 00:16:37,972 - ethnicity_interaction_visualization - INFO - Added significant interactions for Portugal at DAUID 35204982
2025-04-30 00:16:37,972 - ethnicity_interaction_visualization - INFO - Added significant interactions for Sri Lanka at DAUID 35204982
2025-04-30 00:16:37,973 - ethnicity_interaction_visualization - INFO - Added significant interactions for China at DAUID 35201573
2025-04-30 00:16:37,973 - ethnicity_interaction_visualization - INFO - Added significant interactions for India at DAUID 35201573
2025-04-30 00:16:37,973 - ethnicity_interaction_visualization - INFO - Added significant interactions for Philippines at DAUID 35201573
2025-04-30 00:16:37,973 - ethnicity_interaction_visualization - INFO - Added significant interactions for Portugal at DAUID 35201573
2025-04-30 00:16:37,973 - ethnicity_interaction_visualization - INFO - Added significant interactions for Sri Lanka at DAUID 35201573
2025-04-30 00:16:37,973 - ethnicity_interaction_visualization - INFO - Added significant interactions for China at DAUID 35204565
2025-04-30 00:16:37,973 - ethnicity_interaction_visualization - INFO - Added significant interactions for India at DAUID 35204565
2025-04-30 00:16:37,973 - ethnicity_interaction_visualization - INFO - Added significant interactions for Philippines at DAUID 35204565
2025-04-30 00:16:37,973 - ethnicity_interaction_visualization - INFO - Added significant interactions for Portugal at DAUID 35204565
2025-04-30 00:16:37,973 - ethnicity_interaction_visualization - INFO - Added significant interactions for Sri Lanka at DAUID 35204565
2025-04-30 00:16:37,973 - ethnicity_interaction_visualization - INFO - Added significant interactions for China at DAUID 35204470
2025-04-30 00:16:37,973 - ethnicity_interaction_visualization - INFO - Added significant interactions for India at DAUID 35204470
2025-04-30 00:16:37,973 - ethnicity_interaction_visualization - INFO - Added significant interactions for Philippines at DAUID 35204470
2025-04-30 00:16:37,974 - ethnicity_interaction_visualization - INFO - Added significant interactions for Portugal at DAUID 35204470
2025-04-30 00:16:37,974 - ethnicity_interaction_visualization - INFO - Added significant interactions for Sri Lanka at DAUID 35204470
2025-04-30 00:16:37,974 - ethnicity_interaction_visualization - INFO - Added significant interactions for China at DAUID 35201294
2025-04-30 00:16:37,974 - ethnicity_interaction_visualization - INFO - Added significant interactions for India at DAUID 35201294
2025-04-30 00:16:37,974 - ethnicity_interaction_visualization - INFO - Added significant interactions for Philippines at DAUID 35201294
2025-04-30 00:16:37,974 - ethnicity_interaction_visualization - INFO - Added significant interactions for Portugal at DAUID 35201294
2025-04-30 00:16:37,974 - ethnicity_interaction_visualization - INFO - Added significant interactions for Sri Lanka at DAUID 35201294
2025-04-30 00:16:37,974 - ethnicity_interaction_visualization - INFO - Added significant interactions for China at DAUID 35201805
2025-04-30 00:16:37,974 - ethnicity_interaction_visualization - INFO - Added significant interactions for India at DAUID 35201805
2025-04-30 00:16:37,974 - ethnicity_interaction_visualization - INFO - Added significant interactions for Philippines at DAUID 35201805
2025-04-30 00:16:37,974 - ethnicity_interaction_visualization - INFO - Added significant interactions for Portugal at DAUID 35201805
2025-04-30 00:16:37,975 - ethnicity_interaction_visualization - INFO - Added significant interactions for Sri Lanka at DAUID 35201805
2025-04-30 00:16:37,975 - ethnicity_interaction_visualization - INFO - Added significant interactions for China at DAUID 35204908
2025-04-30 00:16:37,975 - ethnicity_interaction_visualization - INFO - Added significant interactions for India at DAUID 35204908
2025-04-30 00:16:37,975 - ethnicity_interaction_visualization - INFO - Added significant interactions for Philippines at DAUID 35204908
2025-04-30 00:16:37,975 - ethnicity_interaction_visualization - INFO - Added significant interactions for Portugal at DAUID 35204908
2025-04-30 00:16:37,975 - ethnicity_interaction_visualization - INFO - Added significant interactions for Sri Lanka at DAUID 35204908
2025-04-30 00:16:37,975 - ethnicity_interaction_visualization - INFO - Added significant interactions for China at DAUID 35204497
2025-04-30 00:16:37,975 - ethnicity_interaction_visualization - INFO - Added significant interactions for India at DAUID 35204497
2025-04-30 00:16:37,975 - ethnicity_interaction_visualization - INFO - Added significant interactions for Philippines at DAUID 35204497
2025-04-30 00:16:37,975 - ethnicity_interaction_visualization - INFO - Added significant interactions for Portugal at DAUID 35204497
2025-04-30 00:16:37,975 - ethnicity_interaction_visualization - INFO - Added significant interactions for Sri Lanka at DAUID 35204497
2025-04-30 00:16:37,975 - ethnicity_interaction_visualization - INFO - Added significant interactions for China at DAUID 35204284
2025-04-30 00:16:37,976 - ethnicity_interaction_visualization - INFO - Added significant interactions for India at DAUID 35204284
2025-04-30 00:16:37,976 - ethnicity_interaction_visualization - INFO - Added significant interactions for Philippines at DAUID 35204284
2025-04-30 00:16:37,976 - ethnicity_interaction_visualization - INFO - Added significant interactions for Portugal at DAUID 35204284
2025-04-30 00:16:37,976 - ethnicity_interaction_visualization - INFO - Added significant interactions for Sri Lanka at DAUID 35204284
2025-04-30 00:16:37,976 - ethnicity_interaction_visualization - INFO - Added significant interactions for China at DAUID 35202227
2025-04-30 00:16:37,976 - ethnicity_interaction_visualization - INFO - Added significant interactions for India at DAUID 35202227
2025-04-30 00:16:37,976 - ethnicity_interaction_visualization - INFO - Added significant interactions for Philippines at DAUID 35202227
2025-04-30 00:16:37,976 - ethnicity_interaction_visualization - INFO - Added significant interactions for Portugal at DAUID 35202227
2025-04-30 00:16:37,976 - ethnicity_interaction_visualization - INFO - Added significant interactions for Sri Lanka at DAUID 35202227
2025-04-30 00:16:37,976 - ethnicity_interaction_visualization - INFO - Added significant interactions for China at DAUID 35202130
2025-04-30 00:16:37,976 - ethnicity_interaction_visualization - INFO - Added significant interactions for India at DAUID 35202130
2025-04-30 00:16:37,976 - ethnicity_interaction_visualization - INFO - Added significant interactions for Philippines at DAUID 35202130
2025-04-30 00:16:37,976 - ethnicity_interaction_visualization - INFO - Added significant interactions for Portugal at DAUID 35202130
2025-04-30 00:16:37,978 - ethnicity_interaction_visualization - INFO - Added significant interactions for Sri Lanka at DAUID 35202130
2025-04-30 00:16:37,978 - ethnicity_interaction_visualization - INFO - Added significant interactions for China at DAUID 35202947
2025-04-30 00:16:37,978 - ethnicity_interaction_visualization - INFO - Added significant interactions for India at DAUID 35202947
2025-04-30 00:16:37,978 - ethnicity_interaction_visualization - INFO - Added significant interactions for Philippines at DAUID 35202947
2025-04-30 00:16:37,978 - ethnicity_interaction_visualization - INFO - Added significant interactions for Portugal at DAUID 35202947
2025-04-30 00:16:37,978 - ethnicity_interaction_visualization - INFO - Added significant interactions for Sri Lanka at DAUID 35202947
2025-04-30 00:16:37,978 - ethnicity_interaction_visualization - INFO - Added significant interactions for China at DAUID 35202478
2025-04-30 00:16:37,978 - ethnicity_interaction_visualization - INFO - Added significant interactions for India at DAUID 35202478
2025-04-30 00:16:37,978 - ethnicity_interaction_visualization - INFO - Added significant interactions for Philippines at DAUID 35202478
2025-04-30 00:16:37,978 - ethnicity_interaction_visualization - INFO - Added significant interactions for Portugal at DAUID 35202478
2025-04-30 00:16:37,978 - ethnicity_interaction_visualization - INFO - Added significant interactions for Sri Lanka at DAUID 35202478
2025-04-30 00:16:37,978 - ethnicity_interaction_visualization - INFO - Added significant interactions for China at DAUID 35204730
2025-04-30 00:16:37,978 - ethnicity_interaction_visualization - INFO - Added significant interactions for India at DAUID 35204730
2025-04-30 00:16:37,978 - ethnicity_interaction_visualization - INFO - Added significant interactions for Philippines at DAUID 35204730
2025-04-30 00:16:37,978 - ethnicity_interaction_visualization - INFO - Added significant interactions for Portugal at DAUID 35204730
2025-04-30 00:16:37,979 - ethnicity_interaction_visualization - INFO - Added significant interactions for Sri Lanka at DAUID 35204730
2025-04-30 00:16:37,979 - ethnicity_interaction_visualization - INFO - Added significant interactions for China at DAUID 35200694
2025-04-30 00:16:37,979 - ethnicity_interaction_visualization - INFO - Added significant interactions for India at DAUID 35200694
2025-04-30 00:16:37,979 - ethnicity_interaction_visualization - INFO - Added significant interactions for Philippines at DAUID 35200694
2025-04-30 00:16:37,979 - ethnicity_interaction_visualization - INFO - Added significant interactions for Portugal at DAUID 35200694
2025-04-30 00:16:37,979 - ethnicity_interaction_visualization - INFO - Added significant interactions for Sri Lanka at DAUID 35200694
2025-04-30 00:16:37,979 - ethnicity_interaction_visualization - INFO - Added significant interactions for China at DAUID 35202535
2025-04-30 00:16:37,979 - ethnicity_interaction_visualization - INFO - Added significant interactions for India at DAUID 35202535
2025-04-30 00:16:37,979 - ethnicity_interaction_visualization - INFO - Added significant interactions for Philippines at DAUID 35202535
2025-04-30 00:16:37,979 - ethnicity_interaction_visualization - INFO - Added significant interactions for Portugal at DAUID 35202535
2025-04-30 00:16:37,979 - ethnicity_interaction_visualization - INFO - Added significant interactions for Sri Lanka at DAUID 35202535
2025-04-30 00:16:37,979 - ethnicity_interaction_visualization - INFO - Added significant interactions for China at DAUID 35203264
2025-04-30 00:16:37,979 - ethnicity_interaction_visualization - INFO - Added significant interactions for India at DAUID 35203264
2025-04-30 00:16:37,980 - ethnicity_interaction_visualization - INFO - Added significant interactions for Philippines at DAUID 35203264
2025-04-30 00:16:37,980 - ethnicity_interaction_visualization - INFO - Added significant interactions for Portugal at DAUID 35203264
2025-04-30 00:16:37,980 - ethnicity_interaction_visualization - INFO - Added significant interactions for Sri Lanka at DAUID 35203264
2025-04-30 00:16:37,980 - ethnicity_interaction_visualization - INFO - Added significant interactions for China at DAUID 35204355
2025-04-30 00:16:37,980 - ethnicity_interaction_visualization - INFO - Added significant interactions for India at DAUID 35204355
2025-04-30 00:16:37,980 - ethnicity_interaction_visualization - INFO - Added significant interactions for Philippines at DAUID 35204355
2025-04-30 00:16:37,980 - ethnicity_interaction_visualization - INFO - Added significant interactions for Portugal at DAUID 35204355
2025-04-30 00:16:37,980 - ethnicity_interaction_visualization - INFO - Added significant interactions for Sri Lanka at DAUID 35204355
2025-04-30 00:16:37,980 - ethnicity_interaction_visualization - INFO - Added significant interactions for China at DAUID 35202356
2025-04-30 00:16:37,981 - ethnicity_interaction_visualization - INFO - Added significant interactions for India at DAUID 35202356
2025-04-30 00:16:37,981 - ethnicity_interaction_visualization - INFO - Added significant interactions for Philippines at DAUID 35202356
2025-04-30 00:16:37,981 - ethnicity_interaction_visualization - INFO - Added significant interactions for Portugal at DAUID 35202356
2025-04-30 00:16:37,981 - ethnicity_interaction_visualization - INFO - Added significant interactions for Sri Lanka at DAUID 35202356
2025-04-30 00:16:37,981 - ethnicity_interaction_visualization - INFO - Added significant interactions for China at DAUID 35200610
2025-04-30 00:16:37,981 - ethnicity_interaction_visualization - INFO - Added significant interactions for India at DAUID 35200610
2025-04-30 00:16:37,981 - ethnicity_interaction_visualization - INFO - Added significant interactions for Philippines at DAUID 35200610
2025-04-30 00:16:37,981 - ethnicity_interaction_visualization - INFO - Added significant interactions for Portugal at DAUID 35200610
2025-04-30 00:16:37,981 - ethnicity_interaction_visualization - INFO - Added significant interactions for Sri Lanka at DAUID 35200610
2025-04-30 00:16:37,981 - ethnicity_interaction_visualization - INFO - Added significant interactions for China at DAUID 35202036
2025-04-30 00:16:37,981 - ethnicity_interaction_visualization - INFO - Added significant interactions for India at DAUID 35202036
2025-04-30 00:16:37,981 - ethnicity_interaction_visualization - INFO - Added significant interactions for Philippines at DAUID 35202036
2025-04-30 00:16:37,981 - ethnicity_interaction_visualization - INFO - Added significant interactions for Portugal at DAUID 35202036
2025-04-30 00:16:37,981 - ethnicity_interaction_visualization - INFO - Added significant interactions for Sri Lanka at DAUID 35202036
2025-04-30 00:16:37,982 - ethnicity_interaction_visualization - INFO - Added significant interactions for China at DAUID 35202614
2025-04-30 00:16:37,982 - ethnicity_interaction_visualization - INFO - Added significant interactions for India at DAUID 35202614
2025-04-30 00:16:37,982 - ethnicity_interaction_visualization - INFO - Added significant interactions for Philippines at DAUID 35202614
2025-04-30 00:16:37,982 - ethnicity_interaction_visualization - INFO - Added significant interactions for Portugal at DAUID 35202614
2025-04-30 00:16:37,982 - ethnicity_interaction_visualization - INFO - Added significant interactions for Sri Lanka at DAUID 35202614
2025-04-30 00:16:37,982 - ethnicity_interaction_visualization - INFO - Added significant interactions for China at DAUID 35204397
2025-04-30 00:16:37,982 - ethnicity_interaction_visualization - INFO - Added significant interactions for India at DAUID 35204397
2025-04-30 00:16:37,982 - ethnicity_interaction_visualization - INFO - Added significant interactions for Philippines at DAUID 35204397
2025-04-30 00:16:37,982 - ethnicity_interaction_visualization - INFO - Added significant interactions for Portugal at DAUID 35204397
2025-04-30 00:16:37,982 - ethnicity_interaction_visualization - INFO - Added significant interactions for Sri Lanka at DAUID 35204397
2025-04-30 00:16:37,982 - ethnicity_interaction_visualization - INFO - Added significant interactions for China at DAUID 35203269
2025-04-30 00:16:37,982 - ethnicity_interaction_visualization - INFO - Added significant interactions for India at DAUID 35203269
2025-04-30 00:16:37,982 - ethnicity_interaction_visualization - INFO - Added significant interactions for Philippines at DAUID 35203269
2025-04-30 00:16:37,983 - ethnicity_interaction_visualization - INFO - Added significant interactions for Portugal at DAUID 35203269
2025-04-30 00:16:37,983 - ethnicity_interaction_visualization - INFO - Added significant interactions for Sri Lanka at DAUID 35203269
2025-04-30 00:16:37,983 - ethnicity_interaction_visualization - INFO - Added significant interactions for China at DAUID 35203911
2025-04-30 00:16:37,983 - ethnicity_interaction_visualization - INFO - Added significant interactions for India at DAUID 35203911
2025-04-30 00:16:37,983 - ethnicity_interaction_visualization - INFO - Added significant interactions for Philippines at DAUID 35203911
2025-04-30 00:16:37,983 - ethnicity_interaction_visualization - INFO - Added significant interactions for Portugal at DAUID 35203911
2025-04-30 00:16:37,983 - ethnicity_interaction_visualization - INFO - Added significant interactions for Sri Lanka at DAUID 35203911
2025-04-30 00:16:37,983 - ethnicity_interaction_visualization - INFO - Added significant interactions for China at DAUID 35204068
2025-04-30 00:16:37,983 - ethnicity_interaction_visualization - INFO - Added significant interactions for India at DAUID 35204068
2025-04-30 00:16:37,983 - ethnicity_interaction_visualization - INFO - Added significant interactions for Philippines at DAUID 35204068
2025-04-30 00:16:37,983 - ethnicity_interaction_visualization - INFO - Added significant interactions for Portugal at DAUID 35204068
2025-04-30 00:16:37,984 - ethnicity_interaction_visualization - INFO - Added significant interactions for Sri Lanka at DAUID 35204068
2025-04-30 00:16:37,984 - ethnicity_interaction_visualization - INFO - Added significant interactions for China at DAUID 35202389
2025-04-30 00:16:37,984 - ethnicity_interaction_visualization - INFO - Added significant interactions for India at DAUID 35202389
2025-04-30 00:16:37,984 - ethnicity_interaction_visualization - INFO - Added significant interactions for Philippines at DAUID 35202389
2025-04-30 00:16:37,984 - ethnicity_interaction_visualization - INFO - Added significant interactions for Portugal at DAUID 35202389
2025-04-30 00:16:37,984 - ethnicity_interaction_visualization - INFO - Added significant interactions for Sri Lanka at DAUID 35202389
2025-04-30 00:16:37,984 - ethnicity_interaction_visualization - INFO - Added significant interactions for China at DAUID 35202345
2025-04-30 00:16:37,984 - ethnicity_interaction_visualization - INFO - Added significant interactions for India at DAUID 35202345
2025-04-30 00:16:37,984 - ethnicity_interaction_visualization - INFO - Added significant interactions for Philippines at DAUID 35202345
2025-04-30 00:16:37,984 - ethnicity_interaction_visualization - INFO - Added significant interactions for Portugal at DAUID 35202345
2025-04-30 00:16:37,984 - ethnicity_interaction_visualization - INFO - Added significant interactions for Sri Lanka at DAUID 35202345
2025-04-30 00:16:37,984 - ethnicity_interaction_visualization - INFO - Added significant interactions for China at DAUID 35202166
2025-04-30 00:16:37,985 - ethnicity_interaction_visualization - INFO - Added significant interactions for India at DAUID 35202166
2025-04-30 00:16:37,985 - ethnicity_interaction_visualization - INFO - Added significant interactions for Philippines at DAUID 35202166
2025-04-30 00:16:37,985 - ethnicity_interaction_visualization - INFO - Added significant interactions for Portugal at DAUID 35202166
2025-04-30 00:16:37,985 - ethnicity_interaction_visualization - INFO - Added significant interactions for Sri Lanka at DAUID 35202166
2025-04-30 00:16:37,985 - ethnicity_interaction_visualization - INFO - Added significant interactions for China at DAUID 35201219
2025-04-30 00:16:37,985 - ethnicity_interaction_visualization - INFO - Added significant interactions for India at DAUID 35201219
2025-04-30 00:16:37,985 - ethnicity_interaction_visualization - INFO - Added significant interactions for Philippines at DAUID 35201219
2025-04-30 00:16:37,985 - ethnicity_interaction_visualization - INFO - Added significant interactions for Portugal at DAUID 35201219
2025-04-30 00:16:37,985 - ethnicity_interaction_visualization - INFO - Added significant interactions for Sri Lanka at DAUID 35201219
2025-04-30 00:16:37,985 - ethnicity_interaction_visualization - INFO - Added significant interactions for China at DAUID 35204544
2025-04-30 00:16:37,985 - ethnicity_interaction_visualization - INFO - Added significant interactions for India at DAUID 35204544
2025-04-30 00:16:37,985 - ethnicity_interaction_visualization - INFO - Added significant interactions for Philippines at DAUID 35204544
2025-04-30 00:16:37,985 - ethnicity_interaction_visualization - INFO - Added significant interactions for Portugal at DAUID 35204544
2025-04-30 00:16:37,985 - ethnicity_interaction_visualization - INFO - Added significant interactions for Sri Lanka at DAUID 35204544
2025-04-30 00:16:37,985 - ethnicity_interaction_visualization - INFO - Added significant interactions for China at DAUID 35200897
2025-04-30 00:16:37,986 - ethnicity_interaction_visualization - INFO - Added significant interactions for India at DAUID 35200897
2025-04-30 00:16:37,986 - ethnicity_interaction_visualization - INFO - Added significant interactions for Philippines at DAUID 35200897
2025-04-30 00:16:37,986 - ethnicity_interaction_visualization - INFO - Added significant interactions for Portugal at DAUID 35200897
2025-04-30 00:16:37,986 - ethnicity_interaction_visualization - INFO - Added significant interactions for Sri Lanka at DAUID 35200897
2025-04-30 00:16:37,986 - ethnicity_interaction_visualization - INFO - Added significant interactions for China at DAUID 35200520
2025-04-30 00:16:37,986 - ethnicity_interaction_visualization - INFO - Added significant interactions for India at DAUID 35200520
2025-04-30 00:16:37,986 - ethnicity_interaction_visualization - INFO - Added significant interactions for Philippines at DAUID 35200520
2025-04-30 00:16:37,986 - ethnicity_interaction_visualization - INFO - Added significant interactions for Portugal at DAUID 35200520
2025-04-30 00:16:37,986 - ethnicity_interaction_visualization - INFO - Added significant interactions for Sri Lanka at DAUID 35200520
2025-04-30 00:16:37,986 - ethnicity_interaction_visualization - INFO - Added significant interactions for China at DAUID 35200402
2025-04-30 00:16:37,986 - ethnicity_interaction_visualization - INFO - Added significant interactions for India at DAUID 35200402
2025-04-30 00:16:37,986 - ethnicity_interaction_visualization - INFO - Added significant interactions for Philippines at DAUID 35200402
2025-04-30 00:16:37,986 - ethnicity_interaction_visualization - INFO - Added significant interactions for Portugal at DAUID 35200402
2025-04-30 00:16:37,987 - ethnicity_interaction_visualization - INFO - Added significant interactions for Sri Lanka at DAUID 35200402
2025-04-30 00:16:37,987 - ethnicity_interaction_visualization - INFO - Added significant interactions for China at DAUID 35203193
2025-04-30 00:16:37,987 - ethnicity_interaction_visualization - INFO - Added significant interactions for India at DAUID 35203193
2025-04-30 00:16:37,987 - ethnicity_interaction_visualization - INFO - Added significant interactions for Philippines at DAUID 35203193
2025-04-30 00:16:37,987 - ethnicity_interaction_visualization - INFO - Added significant interactions for Portugal at DAUID 35203193
2025-04-30 00:16:37,987 - ethnicity_interaction_visualization - INFO - Added significant interactions for Sri Lanka at DAUID 35203193
2025-04-30 00:16:37,987 - ethnicity_interaction_visualization - INFO - Added significant interactions for China at DAUID 35203893
2025-04-30 00:16:37,987 - ethnicity_interaction_visualization - INFO - Added significant interactions for India at DAUID 35203893
2025-04-30 00:16:37,987 - ethnicity_interaction_visualization - INFO - Added significant interactions for Philippines at DAUID 35203893
2025-04-30 00:16:37,987 - ethnicity_interaction_visualization - INFO - Added significant interactions for Portugal at DAUID 35203893
2025-04-30 00:16:37,987 - ethnicity_interaction_visualization - INFO - Added significant interactions for Sri Lanka at DAUID 35203893
2025-04-30 00:16:37,987 - ethnicity_interaction_visualization - INFO - Added significant interactions for China at DAUID 35202644
2025-04-30 00:16:37,987 - ethnicity_interaction_visualization - INFO - Added significant interactions for India at DAUID 35202644
2025-04-30 00:16:37,988 - ethnicity_interaction_visualization - INFO - Added significant interactions for Philippines at DAUID 35202644
2025-04-30 00:16:37,988 - ethnicity_interaction_visualization - INFO - Added significant interactions for Portugal at DAUID 35202644
2025-04-30 00:16:37,988 - ethnicity_interaction_visualization - INFO - Added significant interactions for Sri Lanka at DAUID 35202644
2025-04-30 00:16:37,988 - ethnicity_interaction_visualization - INFO - Added significant interactions for China at DAUID 35202392
2025-04-30 00:16:37,988 - ethnicity_interaction_visualization - INFO - Added significant interactions for India at DAUID 35202392
2025-04-30 00:16:37,988 - ethnicity_interaction_visualization - INFO - Added significant interactions for Philippines at DAUID 35202392
2025-04-30 00:16:37,988 - ethnicity_interaction_visualization - INFO - Added significant interactions for Portugal at DAUID 35202392
2025-04-30 00:16:37,988 - ethnicity_interaction_visualization - INFO - Added significant interactions for Sri Lanka at DAUID 35202392
2025-04-30 00:16:37,988 - ethnicity_interaction_visualization - INFO - Added significant interactions for China at DAUID 35201150
2025-04-30 00:16:37,988 - ethnicity_interaction_visualization - INFO - Added significant interactions for India at DAUID 35201150
2025-04-30 00:16:37,988 - ethnicity_interaction_visualization - INFO - Added significant interactions for Philippines at DAUID 35201150
2025-04-30 00:16:37,988 - ethnicity_interaction_visualization - INFO - Added significant interactions for Portugal at DAUID 35201150
2025-04-30 00:16:37,988 - ethnicity_interaction_visualization - INFO - Added significant interactions for Sri Lanka at DAUID 35201150
2025-04-30 00:16:37,989 - ethnicity_interaction_visualization - INFO - Added significant interactions for China at DAUID 35200731
2025-04-30 00:16:37,989 - ethnicity_interaction_visualization - INFO - Added significant interactions for India at DAUID 35200731
2025-04-30 00:16:37,989 - ethnicity_interaction_visualization - INFO - Added significant interactions for Philippines at DAUID 35200731
2025-04-30 00:16:37,989 - ethnicity_interaction_visualization - INFO - Added significant interactions for Portugal at DAUID 35200731
2025-04-30 00:16:37,989 - ethnicity_interaction_visualization - INFO - Added significant interactions for Sri Lanka at DAUID 35200731
2025-04-30 00:16:37,989 - ethnicity_interaction_visualization - INFO - Added significant interactions for China at DAUID 35200725
2025-04-30 00:16:37,989 - ethnicity_interaction_visualization - INFO - Added significant interactions for India at DAUID 35200725
2025-04-30 00:16:37,989 - ethnicity_interaction_visualization - INFO - Added significant interactions for Philippines at DAUID 35200725
2025-04-30 00:16:37,989 - ethnicity_interaction_visualization - INFO - Added significant interactions for Portugal at DAUID 35200725
2025-04-30 00:16:37,989 - ethnicity_interaction_visualization - INFO - Added significant interactions for Sri Lanka at DAUID 35200725
2025-04-30 00:16:37,989 - ethnicity_interaction_visualization - INFO - Added significant interactions for China at DAUID 35202772
2025-04-30 00:16:37,989 - ethnicity_interaction_visualization - INFO - Added significant interactions for India at DAUID 35202772
2025-04-30 00:16:37,990 - ethnicity_interaction_visualization - INFO - Added significant interactions for Philippines at DAUID 35202772
2025-04-30 00:16:37,990 - ethnicity_interaction_visualization - INFO - Added significant interactions for Portugal at DAUID 35202772
2025-04-30 00:16:37,990 - ethnicity_interaction_visualization - INFO - Added significant interactions for Sri Lanka at DAUID 35202772
2025-04-30 00:16:37,990 - ethnicity_interaction_visualization - INFO - Added significant interactions for China at DAUID 35201015
2025-04-30 00:16:37,990 - ethnicity_interaction_visualization - INFO - Added significant interactions for India at DAUID 35201015
2025-04-30 00:16:37,990 - ethnicity_interaction_visualization - INFO - Added significant interactions for Philippines at DAUID 35201015
2025-04-30 00:16:37,990 - ethnicity_interaction_visualization - INFO - Added significant interactions for Portugal at DAUID 35201015
2025-04-30 00:16:37,990 - ethnicity_interaction_visualization - INFO - Added significant interactions for Sri Lanka at DAUID 35201015
2025-04-30 00:16:37,990 - ethnicity_interaction_visualization - INFO - Added significant interactions for China at DAUID 35201544
2025-04-30 00:16:37,990 - ethnicity_interaction_visualization - INFO - Added significant interactions for India at DAUID 35201544
2025-04-30 00:16:37,990 - ethnicity_interaction_visualization - INFO - Added significant interactions for Philippines at DAUID 35201544
2025-04-30 00:16:37,990 - ethnicity_interaction_visualization - INFO - Added significant interactions for Portugal at DAUID 35201544
2025-04-30 00:16:37,990 - ethnicity_interaction_visualization - INFO - Added significant interactions for Sri Lanka at DAUID 35201544
2025-04-30 00:16:37,990 - ethnicity_interaction_visualization - INFO - Added significant interactions for China at DAUID 35200373
2025-04-30 00:16:37,991 - ethnicity_interaction_visualization - INFO - Added significant interactions for India at DAUID 35200373
2025-04-30 00:16:37,991 - ethnicity_interaction_visualization - INFO - Added significant interactions for Philippines at DAUID 35200373
2025-04-30 00:16:37,991 - ethnicity_interaction_visualization - INFO - Added significant interactions for Portugal at DAUID 35200373
2025-04-30 00:16:37,991 - ethnicity_interaction_visualization - INFO - Added significant interactions for Sri Lanka at DAUID 35200373
2025-04-30 00:16:37,991 - ethnicity_interaction_visualization - INFO - Added significant interactions for China at DAUID 35203058
2025-04-30 00:16:37,991 - ethnicity_interaction_visualization - INFO - Added significant interactions for India at DAUID 35203058
2025-04-30 00:16:37,991 - ethnicity_interaction_visualization - INFO - Added significant interactions for Philippines at DAUID 35203058
2025-04-30 00:16:37,991 - ethnicity_interaction_visualization - INFO - Added significant interactions for Portugal at DAUID 35203058
2025-04-30 00:16:37,991 - ethnicity_interaction_visualization - INFO - Added significant interactions for Sri Lanka at DAUID 35203058
2025-04-30 00:16:37,991 - ethnicity_interaction_visualization - INFO - Added significant interactions for China at DAUID 35202058
2025-04-30 00:16:37,991 - ethnicity_interaction_visualization - INFO - Added significant interactions for India at DAUID 35202058
2025-04-30 00:16:37,991 - ethnicity_interaction_visualization - INFO - Added significant interactions for Philippines at DAUID 35202058
2025-04-30 00:16:37,991 - ethnicity_interaction_visualization - INFO - Added significant interactions for Portugal at DAUID 35202058
2025-04-30 00:16:37,992 - ethnicity_interaction_visualization - INFO - Added significant interactions for Sri Lanka at DAUID 35202058
2025-04-30 00:16:37,992 - ethnicity_interaction_visualization - INFO - Added significant interactions for China at DAUID 35204029
2025-04-30 00:16:37,992 - ethnicity_interaction_visualization - INFO - Added significant interactions for India at DAUID 35204029
2025-04-30 00:16:37,992 - ethnicity_interaction_visualization - INFO - Added significant interactions for Philippines at DAUID 35204029
2025-04-30 00:16:37,992 - ethnicity_interaction_visualization - INFO - Added significant interactions for Portugal at DAUID 35204029
2025-04-30 00:16:37,992 - ethnicity_interaction_visualization - INFO - Added significant interactions for Sri Lanka at DAUID 35204029
2025-04-30 00:16:37,992 - ethnicity_interaction_visualization - INFO - Added significant interactions for China at DAUID 35201011
2025-04-30 00:16:37,992 - ethnicity_interaction_visualization - INFO - Added significant interactions for India at DAUID 35201011
2025-04-30 00:16:37,992 - ethnicity_interaction_visualization - INFO - Added significant interactions for Philippines at DAUID 35201011
2025-04-30 00:16:37,992 - ethnicity_interaction_visualization - INFO - Added significant interactions for Portugal at DAUID 35201011
2025-04-30 00:16:37,992 - ethnicity_interaction_visualization - INFO - Added significant interactions for Sri Lanka at DAUID 35201011
2025-04-30 00:16:37,993 - ethnicity_interaction_visualization - INFO - Added significant interactions for China at DAUID 35204232
2025-04-30 00:16:37,993 - ethnicity_interaction_visualization - INFO - Added significant interactions for India at DAUID 35204232
2025-04-30 00:16:37,993 - ethnicity_interaction_visualization - INFO - Added significant interactions for Philippines at DAUID 35204232
2025-04-30 00:16:37,993 - ethnicity_interaction_visualization - INFO - Added significant interactions for Portugal at DAUID 35204232
2025-04-30 00:16:37,993 - ethnicity_interaction_visualization - INFO - Added significant interactions for Sri Lanka at DAUID 35204232
2025-04-30 00:16:37,993 - ethnicity_interaction_visualization - INFO - Added significant interactions for China at DAUID 35202217
2025-04-30 00:16:37,993 - ethnicity_interaction_visualization - INFO - Added significant interactions for India at DAUID 35202217
2025-04-30 00:16:37,993 - ethnicity_interaction_visualization - INFO - Added significant interactions for Philippines at DAUID 35202217
2025-04-30 00:16:37,993 - ethnicity_interaction_visualization - INFO - Added significant interactions for Portugal at DAUID 35202217
2025-04-30 00:16:37,994 - ethnicity_interaction_visualization - INFO - Added significant interactions for Sri Lanka at DAUID 35202217
2025-04-30 00:16:37,994 - ethnicity_interaction_visualization - INFO - Added significant interactions for China at DAUID 35200923
2025-04-30 00:16:37,994 - ethnicity_interaction_visualization - INFO - Added significant interactions for India at DAUID 35200923
2025-04-30 00:16:37,994 - ethnicity_interaction_visualization - INFO - Added significant interactions for Philippines at DAUID 35200923
2025-04-30 00:16:37,994 - ethnicity_interaction_visualization - INFO - Added significant interactions for Portugal at DAUID 35200923
2025-04-30 00:16:37,994 - ethnicity_interaction_visualization - INFO - Added significant interactions for Sri Lanka at DAUID 35200923
2025-04-30 00:16:37,994 - ethnicity_interaction_visualization - INFO - Added significant interactions for China at DAUID 35204513
2025-04-30 00:16:37,994 - ethnicity_interaction_visualization - INFO - Added significant interactions for India at DAUID 35204513
2025-04-30 00:16:37,994 - ethnicity_interaction_visualization - INFO - Added significant interactions for Philippines at DAUID 35204513
2025-04-30 00:16:37,994 - ethnicity_interaction_visualization - INFO - Added significant interactions for Portugal at DAUID 35204513
2025-04-30 00:16:37,994 - ethnicity_interaction_visualization - INFO - Added significant interactions for Sri Lanka at DAUID 35204513
2025-04-30 00:16:37,994 - ethnicity_interaction_visualization - INFO - Added significant interactions for China at DAUID 35204339
2025-04-30 00:16:37,994 - ethnicity_interaction_visualization - INFO - Added significant interactions for India at DAUID 35204339
2025-04-30 00:16:37,995 - ethnicity_interaction_visualization - INFO - Added significant interactions for Philippines at DAUID 35204339
2025-04-30 00:16:37,995 - ethnicity_interaction_visualization - INFO - Added significant interactions for Portugal at DAUID 35204339
2025-04-30 00:16:37,995 - ethnicity_interaction_visualization - INFO - Added significant interactions for Sri Lanka at DAUID 35204339
2025-04-30 00:16:37,995 - ethnicity_interaction_visualization - INFO - Added significant interactions for China at DAUID 35204571
2025-04-30 00:16:37,995 - ethnicity_interaction_visualization - INFO - Added significant interactions for India at DAUID 35204571
2025-04-30 00:16:37,995 - ethnicity_interaction_visualization - INFO - Added significant interactions for Philippines at DAUID 35204571
2025-04-30 00:16:37,995 - ethnicity_interaction_visualization - INFO - Added significant interactions for Portugal at DAUID 35204571
2025-04-30 00:16:37,995 - ethnicity_interaction_visualization - INFO - Added significant interactions for Sri Lanka at DAUID 35204571
2025-04-30 00:16:37,995 - ethnicity_interaction_visualization - INFO - Added significant interactions for China at DAUID 35202147
2025-04-30 00:16:37,995 - ethnicity_interaction_visualization - INFO - Added significant interactions for India at DAUID 35202147
2025-04-30 00:16:37,995 - ethnicity_interaction_visualization - INFO - Added significant interactions for Philippines at DAUID 35202147
2025-04-30 00:16:37,995 - ethnicity_interaction_visualization - INFO - Added significant interactions for Portugal at DAUID 35202147
2025-04-30 00:16:37,995 - ethnicity_interaction_visualization - INFO - Added significant interactions for Sri Lanka at DAUID 35202147
2025-04-30 00:16:37,996 - ethnicity_interaction_visualization - INFO - Added significant interactions for China at DAUID 35204935
2025-04-30 00:16:37,996 - ethnicity_interaction_visualization - INFO - Added significant interactions for India at DAUID 35204935
2025-04-30 00:16:37,996 - ethnicity_interaction_visualization - INFO - Added significant interactions for Philippines at DAUID 35204935
2025-04-30 00:16:37,996 - ethnicity_interaction_visualization - INFO - Added significant interactions for Portugal at DAUID 35204935
2025-04-30 00:16:37,996 - ethnicity_interaction_visualization - INFO - Added significant interactions for Sri Lanka at DAUID 35204935
2025-04-30 00:16:37,996 - ethnicity_interaction_visualization - INFO - Added significant interactions for China at DAUID 35201128
2025-04-30 00:16:37,996 - ethnicity_interaction_visualization - INFO - Added significant interactions for India at DAUID 35201128
2025-04-30 00:16:37,996 - ethnicity_interaction_visualization - INFO - Added significant interactions for Philippines at DAUID 35201128
2025-04-30 00:16:37,996 - ethnicity_interaction_visualization - INFO - Added significant interactions for Portugal at DAUID 35201128
2025-04-30 00:16:37,997 - ethnicity_interaction_visualization - INFO - Added significant interactions for Sri Lanka at DAUID 35201128
2025-04-30 00:16:37,997 - ethnicity_interaction_visualization - INFO - Added significant interactions for China at DAUID 35204813
2025-04-30 00:16:37,997 - ethnicity_interaction_visualization - INFO - Added significant interactions for India at DAUID 35204813
2025-04-30 00:16:37,997 - ethnicity_interaction_visualization - INFO - Added significant interactions for Philippines at DAUID 35204813
2025-04-30 00:16:37,997 - ethnicity_interaction_visualization - INFO - Added significant interactions for Portugal at DAUID 35204813
2025-04-30 00:16:37,997 - ethnicity_interaction_visualization - INFO - Added significant interactions for Sri Lanka at DAUID 35204813
2025-04-30 00:16:37,997 - ethnicity_interaction_visualization - INFO - Added significant interactions for China at DAUID 35204776
2025-04-30 00:16:37,997 - ethnicity_interaction_visualization - INFO - Added significant interactions for India at DAUID 35204776
2025-04-30 00:16:37,997 - ethnicity_interaction_visualization - INFO - Added significant interactions for Philippines at DAUID 35204776
2025-04-30 00:16:37,997 - ethnicity_interaction_visualization - INFO - Added significant interactions for Portugal at DAUID 35204776
2025-04-30 00:16:37,997 - ethnicity_interaction_visualization - INFO - Added significant interactions for Sri Lanka at DAUID 35204776
2025-04-30 00:16:37,997 - ethnicity_interaction_visualization - INFO - Added significant interactions for China at DAUID 35205029
2025-04-30 00:16:37,997 - ethnicity_interaction_visualization - INFO - Added significant interactions for India at DAUID 35205029
2025-04-30 00:16:37,997 - ethnicity_interaction_visualization - INFO - Added significant interactions for Philippines at DAUID 35205029
2025-04-30 00:16:37,998 - ethnicity_interaction_visualization - INFO - Added significant interactions for Portugal at DAUID 35205029
2025-04-30 00:16:37,998 - ethnicity_interaction_visualization - INFO - Added significant interactions for Sri Lanka at DAUID 35205029
2025-04-30 00:16:37,998 - ethnicity_interaction_visualization - INFO - Added significant interactions for China at DAUID 35204661
2025-04-30 00:16:37,998 - ethnicity_interaction_visualization - INFO - Added significant interactions for India at DAUID 35204661
2025-04-30 00:16:37,998 - ethnicity_interaction_visualization - INFO - Added significant interactions for Philippines at DAUID 35204661
2025-04-30 00:16:37,998 - ethnicity_interaction_visualization - INFO - Added significant interactions for Portugal at DAUID 35204661
2025-04-30 00:16:37,998 - ethnicity_interaction_visualization - INFO - Added significant interactions for Sri Lanka at DAUID 35204661
2025-04-30 00:16:37,998 - ethnicity_interaction_visualization - INFO - Added significant interactions for China at DAUID 35204181
2025-04-30 00:16:37,998 - ethnicity_interaction_visualization - INFO - Added significant interactions for India at DAUID 35204181
2025-04-30 00:16:37,998 - ethnicity_interaction_visualization - INFO - Added significant interactions for Philippines at DAUID 35204181
2025-04-30 00:16:37,998 - ethnicity_interaction_visualization - INFO - Added significant interactions for Portugal at DAUID 35204181
2025-04-30 00:16:37,998 - ethnicity_interaction_visualization - INFO - Added significant interactions for Sri Lanka at DAUID 35204181
2025-04-30 00:16:37,998 - ethnicity_interaction_visualization - INFO - Added significant interactions for China at DAUID 35200606
2025-04-30 00:16:37,998 - ethnicity_interaction_visualization - INFO - Added significant interactions for India at DAUID 35200606
2025-04-30 00:16:37,998 - ethnicity_interaction_visualization - INFO - Added significant interactions for Philippines at DAUID 35200606
2025-04-30 00:16:37,998 - ethnicity_interaction_visualization - INFO - Added significant interactions for Portugal at DAUID 35200606
2025-04-30 00:16:37,998 - ethnicity_interaction_visualization - INFO - Added significant interactions for Sri Lanka at DAUID 35200606
2025-04-30 00:16:37,998 - ethnicity_interaction_visualization - INFO - Added significant interactions for China at DAUID 35202886
2025-04-30 00:16:37,998 - ethnicity_interaction_visualization - INFO - Added significant interactions for India at DAUID 35202886
2025-04-30 00:16:37,998 - ethnicity_interaction_visualization - INFO - Added significant interactions for Philippines at DAUID 35202886
2025-04-30 00:16:37,999 - ethnicity_interaction_visualization - INFO - Added significant interactions for Portugal at DAUID 35202886
2025-04-30 00:16:37,999 - ethnicity_interaction_visualization - INFO - Added significant interactions for Sri Lanka at DAUID 35202886
2025-04-30 00:16:37,999 - ethnicity_interaction_visualization - INFO - Added significant interactions for China at DAUID 35200070
2025-04-30 00:16:37,999 - ethnicity_interaction_visualization - INFO - Added significant interactions for India at DAUID 35200070
2025-04-30 00:16:37,999 - ethnicity_interaction_visualization - INFO - Added significant interactions for Philippines at DAUID 35200070
2025-04-30 00:16:37,999 - ethnicity_interaction_visualization - INFO - Added significant interactions for Portugal at DAUID 35200070
2025-04-30 00:16:37,999 - ethnicity_interaction_visualization - INFO - Added significant interactions for Sri Lanka at DAUID 35200070
2025-04-30 00:16:37,999 - ethnicity_interaction_visualization - INFO - Added significant interactions for China at DAUID 35200092
2025-04-30 00:16:37,999 - ethnicity_interaction_visualization - INFO - Added significant interactions for India at DAUID 35200092
2025-04-30 00:16:37,999 - ethnicity_interaction_visualization - INFO - Added significant interactions for Philippines at DAUID 35200092
2025-04-30 00:16:37,999 - ethnicity_interaction_visualization - INFO - Added significant interactions for Portugal at DAUID 35200092
2025-04-30 00:16:37,999 - ethnicity_interaction_visualization - INFO - Added significant interactions for Sri Lanka at DAUID 35200092
2025-04-30 00:16:37,999 - ethnicity_interaction_visualization - INFO - Added significant interactions for China at DAUID 35201587
2025-04-30 00:16:38,000 - ethnicity_interaction_visualization - INFO - Added significant interactions for India at DAUID 35201587
2025-04-30 00:16:38,000 - ethnicity_interaction_visualization - INFO - Added significant interactions for Philippines at DAUID 35201587
2025-04-30 00:16:38,000 - ethnicity_interaction_visualization - INFO - Added significant interactions for Portugal at DAUID 35201587
2025-04-30 00:16:38,000 - ethnicity_interaction_visualization - INFO - Added significant interactions for Sri Lanka at DAUID 35201587
2025-04-30 00:16:38,000 - ethnicity_interaction_visualization - INFO - Added significant interactions for China at DAUID 35203054
2025-04-30 00:16:38,000 - ethnicity_interaction_visualization - INFO - Added significant interactions for India at DAUID 35203054
2025-04-30 00:16:38,000 - ethnicity_interaction_visualization - INFO - Added significant interactions for Philippines at DAUID 35203054
2025-04-30 00:16:38,000 - ethnicity_interaction_visualization - INFO - Added significant interactions for Portugal at DAUID 35203054
2025-04-30 00:16:38,000 - ethnicity_interaction_visualization - INFO - Added significant interactions for Sri Lanka at DAUID 35203054
2025-04-30 00:16:38,000 - ethnicity_interaction_visualization - INFO - Added significant interactions for China at DAUID 35204312
2025-04-30 00:16:38,000 - ethnicity_interaction_visualization - INFO - Added significant interactions for India at DAUID 35204312
2025-04-30 00:16:38,000 - ethnicity_interaction_visualization - INFO - Added significant interactions for Philippines at DAUID 35204312
2025-04-30 00:16:38,000 - ethnicity_interaction_visualization - INFO - Added significant interactions for Portugal at DAUID 35204312
2025-04-30 00:16:38,001 - ethnicity_interaction_visualization - INFO - Added significant interactions for Sri Lanka at DAUID 35204312
2025-04-30 00:16:38,001 - ethnicity_interaction_visualization - INFO - Added significant interactions for China at DAUID 35200082
2025-04-30 00:16:38,001 - ethnicity_interaction_visualization - INFO - Added significant interactions for India at DAUID 35200082
2025-04-30 00:16:38,001 - ethnicity_interaction_visualization - INFO - Added significant interactions for Philippines at DAUID 35200082
2025-04-30 00:16:38,001 - ethnicity_interaction_visualization - INFO - Added significant interactions for Portugal at DAUID 35200082
2025-04-30 00:16:38,001 - ethnicity_interaction_visualization - INFO - Added significant interactions for Sri Lanka at DAUID 35200082
2025-04-30 00:16:38,001 - ethnicity_interaction_visualization - INFO - Added significant interactions for China at DAUID 35201617
2025-04-30 00:16:38,001 - ethnicity_interaction_visualization - INFO - Added significant interactions for India at DAUID 35201617
2025-04-30 00:16:38,001 - ethnicity_interaction_visualization - INFO - Added significant interactions for Philippines at DAUID 35201617
2025-04-30 00:16:38,001 - ethnicity_interaction_visualization - INFO - Added significant interactions for Portugal at DAUID 35201617
2025-04-30 00:16:38,001 - ethnicity_interaction_visualization - INFO - Added significant interactions for Sri Lanka at DAUID 35201617
2025-04-30 00:16:38,001 - ethnicity_interaction_visualization - INFO - Added significant interactions for China at DAUID 35200298
2025-04-30 00:16:38,001 - ethnicity_interaction_visualization - INFO - Added significant interactions for India at DAUID 35200298
2025-04-30 00:16:38,001 - ethnicity_interaction_visualization - INFO - Added significant interactions for Philippines at DAUID 35200298
2025-04-30 00:16:38,002 - ethnicity_interaction_visualization - INFO - Added significant interactions for Portugal at DAUID 35200298
2025-04-30 00:16:38,002 - ethnicity_interaction_visualization - INFO - Added significant interactions for Sri Lanka at DAUID 35200298
2025-04-30 00:16:38,002 - ethnicity_interaction_visualization - INFO - Added significant interactions for China at DAUID 35204664
2025-04-30 00:16:38,002 - ethnicity_interaction_visualization - INFO - Added significant interactions for India at DAUID 35204664
2025-04-30 00:16:38,002 - ethnicity_interaction_visualization - INFO - Added significant interactions for Philippines at DAUID 35204664
2025-04-30 00:16:38,002 - ethnicity_interaction_visualization - INFO - Added significant interactions for Portugal at DAUID 35204664
2025-04-30 00:16:38,002 - ethnicity_interaction_visualization - INFO - Added significant interactions for Sri Lanka at DAUID 35204664
2025-04-30 00:16:38,002 - ethnicity_interaction_visualization - INFO - Added significant interactions for China at DAUID 35200379
2025-04-30 00:16:38,002 - ethnicity_interaction_visualization - INFO - Added significant interactions for India at DAUID 35200379
2025-04-30 00:16:38,002 - ethnicity_interaction_visualization - INFO - Added significant interactions for Philippines at DAUID 35200379
2025-04-30 00:16:38,002 - ethnicity_interaction_visualization - INFO - Added significant interactions for Portugal at DAUID 35200379
2025-04-30 00:16:38,002 - ethnicity_interaction_visualization - INFO - Added significant interactions for Sri Lanka at DAUID 35200379
2025-04-30 00:16:38,002 - ethnicity_interaction_visualization - INFO - Added significant interactions for China at DAUID 35203416
2025-04-30 00:16:38,002 - ethnicity_interaction_visualization - INFO - Added significant interactions for India at DAUID 35203416
2025-04-30 00:16:38,003 - ethnicity_interaction_visualization - INFO - Added significant interactions for Philippines at DAUID 35203416
2025-04-30 00:16:38,003 - ethnicity_interaction_visualization - INFO - Added significant interactions for Portugal at DAUID 35203416
2025-04-30 00:16:38,003 - ethnicity_interaction_visualization - INFO - Added significant interactions for Sri Lanka at DAUID 35203416
2025-04-30 00:16:38,003 - ethnicity_interaction_visualization - INFO - Added significant interactions for China at DAUID 35202787
2025-04-30 00:16:38,003 - ethnicity_interaction_visualization - INFO - Added significant interactions for India at DAUID 35202787
2025-04-30 00:16:38,003 - ethnicity_interaction_visualization - INFO - Added significant interactions for Philippines at DAUID 35202787
2025-04-30 00:16:38,003 - ethnicity_interaction_visualization - INFO - Added significant interactions for Portugal at DAUID 35202787
2025-04-30 00:16:38,003 - ethnicity_interaction_visualization - INFO - Added significant interactions for Sri Lanka at DAUID 35202787
2025-04-30 00:16:38,003 - ethnicity_interaction_visualization - INFO - Added significant interactions for China at DAUID 35200386
2025-04-30 00:16:38,003 - ethnicity_interaction_visualization - INFO - Added significant interactions for India at DAUID 35200386
2025-04-30 00:16:38,003 - ethnicity_interaction_visualization - INFO - Added significant interactions for Philippines at DAUID 35200386
2025-04-30 00:16:38,003 - ethnicity_interaction_visualization - INFO - Added significant interactions for Portugal at DAUID 35200386
2025-04-30 00:16:38,003 - ethnicity_interaction_visualization - INFO - Added significant interactions for Sri Lanka at DAUID 35200386
2025-04-30 00:16:38,004 - ethnicity_interaction_visualization - INFO - Added significant interactions for China at DAUID 35204053
2025-04-30 00:16:38,004 - ethnicity_interaction_visualization - INFO - Added significant interactions for India at DAUID 35204053
2025-04-30 00:16:38,004 - ethnicity_interaction_visualization - INFO - Added significant interactions for Philippines at DAUID 35204053
2025-04-30 00:16:38,004 - ethnicity_interaction_visualization - INFO - Added significant interactions for Portugal at DAUID 35204053
2025-04-30 00:16:38,004 - ethnicity_interaction_visualization - INFO - Added significant interactions for Sri Lanka at DAUID 35204053
2025-04-30 00:16:38,004 - ethnicity_interaction_visualization - INFO - Added significant interactions for China at DAUID 35201006
2025-04-30 00:16:38,004 - ethnicity_interaction_visualization - INFO - Added significant interactions for India at DAUID 35201006
2025-04-30 00:16:38,004 - ethnicity_interaction_visualization - INFO - Added significant interactions for Philippines at DAUID 35201006
2025-04-30 00:16:38,004 - ethnicity_interaction_visualization - INFO - Added significant interactions for Portugal at DAUID 35201006
2025-04-30 00:16:38,004 - ethnicity_interaction_visualization - INFO - Added significant interactions for Sri Lanka at DAUID 35201006
2025-04-30 00:16:38,004 - ethnicity_interaction_visualization - INFO - Added significant interactions for China at DAUID 35203032
2025-04-30 00:16:38,004 - ethnicity_interaction_visualization - INFO - Added significant interactions for India at DAUID 35203032
2025-04-30 00:16:38,004 - ethnicity_interaction_visualization - INFO - Added significant interactions for Philippines at DAUID 35203032
2025-04-30 00:16:38,005 - ethnicity_interaction_visualization - INFO - Added significant interactions for Portugal at DAUID 35203032
2025-04-30 00:16:38,005 - ethnicity_interaction_visualization - INFO - Added significant interactions for Sri Lanka at DAUID 35203032
2025-04-30 00:16:38,005 - ethnicity_interaction_visualization - INFO - Added significant interactions for China at DAUID 35204844
2025-04-30 00:16:38,005 - ethnicity_interaction_visualization - INFO - Added significant interactions for India at DAUID 35204844
2025-04-30 00:16:38,005 - ethnicity_interaction_visualization - INFO - Added significant interactions for Philippines at DAUID 35204844
2025-04-30 00:16:38,005 - ethnicity_interaction_visualization - INFO - Added significant interactions for Portugal at DAUID 35204844
2025-04-30 00:16:38,005 - ethnicity_interaction_visualization - INFO - Added significant interactions for Sri Lanka at DAUID 35204844
2025-04-30 00:16:38,005 - ethnicity_interaction_visualization - INFO - Added significant interactions for China at DAUID 35202704
2025-04-30 00:16:38,005 - ethnicity_interaction_visualization - INFO - Added significant interactions for India at DAUID 35202704
2025-04-30 00:16:38,005 - ethnicity_interaction_visualization - INFO - Added significant interactions for Philippines at DAUID 35202704
2025-04-30 00:16:38,005 - ethnicity_interaction_visualization - INFO - Added significant interactions for Portugal at DAUID 35202704
2025-04-30 00:16:38,006 - ethnicity_interaction_visualization - INFO - Added significant interactions for Sri Lanka at DAUID 35202704
2025-04-30 00:16:38,006 - ethnicity_interaction_visualization - INFO - Added significant interactions for China at DAUID 35204127
2025-04-30 00:16:38,006 - ethnicity_interaction_visualization - INFO - Added significant interactions for India at DAUID 35204127
2025-04-30 00:16:38,006 - ethnicity_interaction_visualization - INFO - Added significant interactions for Philippines at DAUID 35204127
2025-04-30 00:16:38,006 - ethnicity_interaction_visualization - INFO - Added significant interactions for Portugal at DAUID 35204127
2025-04-30 00:16:38,006 - ethnicity_interaction_visualization - INFO - Added significant interactions for Sri Lanka at DAUID 35204127
2025-04-30 00:16:38,006 - ethnicity_interaction_visualization - INFO - Added significant interactions for China at DAUID 35204799
2025-04-30 00:16:38,006 - ethnicity_interaction_visualization - INFO - Added significant interactions for India at DAUID 35204799
2025-04-30 00:16:38,006 - ethnicity_interaction_visualization - INFO - Added significant interactions for Philippines at DAUID 35204799
2025-04-30 00:16:38,006 - ethnicity_interaction_visualization - INFO - Added significant interactions for Portugal at DAUID 35204799
2025-04-30 00:16:38,006 - ethnicity_interaction_visualization - INFO - Added significant interactions for Sri Lanka at DAUID 35204799
2025-04-30 00:16:38,006 - ethnicity_interaction_visualization - INFO - Added significant interactions for China at DAUID 35200455
2025-04-30 00:16:38,006 - ethnicity_interaction_visualization - INFO - Added significant interactions for India at DAUID 35200455
2025-04-30 00:16:38,006 - ethnicity_interaction_visualization - INFO - Added significant interactions for Philippines at DAUID 35200455
2025-04-30 00:16:38,006 - ethnicity_interaction_visualization - INFO - Added significant interactions for Portugal at DAUID 35200455
2025-04-30 00:16:38,006 - ethnicity_interaction_visualization - INFO - Added significant interactions for Sri Lanka at DAUID 35200455
2025-04-30 00:16:38,006 - ethnicity_interaction_visualization - INFO - Added significant interactions for China at DAUID 35200918
2025-04-30 00:16:38,006 - ethnicity_interaction_visualization - INFO - Added significant interactions for India at DAUID 35200918
2025-04-30 00:16:38,006 - ethnicity_interaction_visualization - INFO - Added significant interactions for Philippines at DAUID 35200918
2025-04-30 00:16:38,008 - ethnicity_interaction_visualization - INFO - Added significant interactions for Portugal at DAUID 35200918
2025-04-30 00:16:38,008 - ethnicity_interaction_visualization - INFO - Added significant interactions for Sri Lanka at DAUID 35200918
2025-04-30 00:16:38,008 - ethnicity_interaction_visualization - INFO - Added significant interactions for China at DAUID 35203143
2025-04-30 00:16:38,008 - ethnicity_interaction_visualization - INFO - Added significant interactions for India at DAUID 35203143
2025-04-30 00:16:38,008 - ethnicity_interaction_visualization - INFO - Added significant interactions for Philippines at DAUID 35203143
2025-04-30 00:16:38,008 - ethnicity_interaction_visualization - INFO - Added significant interactions for Portugal at DAUID 35203143
2025-04-30 00:16:38,009 - ethnicity_interaction_visualization - INFO - Added significant interactions for Sri Lanka at DAUID 35203143
2025-04-30 00:16:38,009 - ethnicity_interaction_visualization - INFO - Added significant interactions for China at DAUID 35201834
2025-04-30 00:16:38,009 - ethnicity_interaction_visualization - INFO - Added significant interactions for India at DAUID 35201834
2025-04-30 00:16:38,009 - ethnicity_interaction_visualization - INFO - Added significant interactions for Philippines at DAUID 35201834
2025-04-30 00:16:38,009 - ethnicity_interaction_visualization - INFO - Added significant interactions for Portugal at DAUID 35201834
2025-04-30 00:16:38,009 - ethnicity_interaction_visualization - INFO - Added significant interactions for Sri Lanka at DAUID 35201834
2025-04-30 00:16:38,009 - ethnicity_interaction_visualization - INFO - Added significant interactions for China at DAUID 35202765
2025-04-30 00:16:38,009 - ethnicity_interaction_visualization - INFO - Added significant interactions for India at DAUID 35202765
2025-04-30 00:16:38,009 - ethnicity_interaction_visualization - INFO - Added significant interactions for Philippines at DAUID 35202765
2025-04-30 00:16:38,009 - ethnicity_interaction_visualization - INFO - Added significant interactions for Portugal at DAUID 35202765
2025-04-30 00:16:38,009 - ethnicity_interaction_visualization - INFO - Added significant interactions for Sri Lanka at DAUID 35202765
2025-04-30 00:16:38,010 - ethnicity_interaction_visualization - INFO - Added significant interactions for China at DAUID 35203418
2025-04-30 00:16:38,010 - ethnicity_interaction_visualization - INFO - Added significant interactions for India at DAUID 35203418
2025-04-30 00:16:38,010 - ethnicity_interaction_visualization - INFO - Added significant interactions for Philippines at DAUID 35203418
2025-04-30 00:16:38,010 - ethnicity_interaction_visualization - INFO - Added significant interactions for Portugal at DAUID 35203418
2025-04-30 00:16:38,010 - ethnicity_interaction_visualization - INFO - Added significant interactions for Sri Lanka at DAUID 35203418
2025-04-30 00:16:38,010 - ethnicity_interaction_visualization - INFO - Added significant interactions for China at DAUID 35204333
2025-04-30 00:16:38,010 - ethnicity_interaction_visualization - INFO - Added significant interactions for India at DAUID 35204333
2025-04-30 00:16:38,010 - ethnicity_interaction_visualization - INFO - Added significant interactions for Philippines at DAUID 35204333
2025-04-30 00:16:38,010 - ethnicity_interaction_visualization - INFO - Added significant interactions for Portugal at DAUID 35204333
2025-04-30 00:16:38,010 - ethnicity_interaction_visualization - INFO - Added significant interactions for Sri Lanka at DAUID 35204333
2025-04-30 00:16:38,010 - ethnicity_interaction_visualization - INFO - Added significant interactions for China at DAUID 35204423
2025-04-30 00:16:38,010 - ethnicity_interaction_visualization - INFO - Added significant interactions for India at DAUID 35204423
2025-04-30 00:16:38,010 - ethnicity_interaction_visualization - INFO - Added significant interactions for Philippines at DAUID 35204423
2025-04-30 00:16:38,011 - ethnicity_interaction_visualization - INFO - Added significant interactions for Portugal at DAUID 35204423
2025-04-30 00:16:38,011 - ethnicity_interaction_visualization - INFO - Added significant interactions for Sri Lanka at DAUID 35204423
2025-04-30 00:16:38,011 - ethnicity_interaction_visualization - INFO - Added significant interactions for China at DAUID 35202901
2025-04-30 00:16:38,011 - ethnicity_interaction_visualization - INFO - Added significant interactions for India at DAUID 35202901
2025-04-30 00:16:38,011 - ethnicity_interaction_visualization - INFO - Added significant interactions for Philippines at DAUID 35202901
2025-04-30 00:16:38,011 - ethnicity_interaction_visualization - INFO - Added significant interactions for Portugal at DAUID 35202901
2025-04-30 00:16:38,011 - ethnicity_interaction_visualization - INFO - Added significant interactions for Sri Lanka at DAUID 35202901
2025-04-30 00:16:38,011 - ethnicity_interaction_visualization - INFO - Added significant interactions for China at DAUID 35202155
2025-04-30 00:16:38,011 - ethnicity_interaction_visualization - INFO - Added significant interactions for India at DAUID 35202155
2025-04-30 00:16:38,011 - ethnicity_interaction_visualization - INFO - Added significant interactions for Philippines at DAUID 35202155
2025-04-30 00:16:38,011 - ethnicity_interaction_visualization - INFO - Added significant interactions for Portugal at DAUID 35202155
2025-04-30 00:16:38,011 - ethnicity_interaction_visualization - INFO - Added significant interactions for Sri Lanka at DAUID 35202155
2025-04-30 00:16:38,011 - ethnicity_interaction_visualization - INFO - Added significant interactions for China at DAUID 35201278
2025-04-30 00:16:38,011 - ethnicity_interaction_visualization - INFO - Added significant interactions for India at DAUID 35201278
2025-04-30 00:16:38,011 - ethnicity_interaction_visualization - INFO - Added significant interactions for Philippines at DAUID 35201278
2025-04-30 00:16:38,011 - ethnicity_interaction_visualization - INFO - Added significant interactions for Portugal at DAUID 35201278
2025-04-30 00:16:38,012 - ethnicity_interaction_visualization - INFO - Added significant interactions for Sri Lanka at DAUID 35201278
2025-04-30 00:16:38,012 - ethnicity_interaction_visualization - INFO - Added significant interactions for China at DAUID 35204394
2025-04-30 00:16:38,012 - ethnicity_interaction_visualization - INFO - Added significant interactions for India at DAUID 35204394
2025-04-30 00:16:38,012 - ethnicity_interaction_visualization - INFO - Added significant interactions for Philippines at DAUID 35204394
2025-04-30 00:16:38,012 - ethnicity_interaction_visualization - INFO - Added significant interactions for Portugal at DAUID 35204394
2025-04-30 00:16:38,012 - ethnicity_interaction_visualization - INFO - Added significant interactions for Sri Lanka at DAUID 35204394
2025-04-30 00:16:38,012 - ethnicity_interaction_visualization - INFO - Added significant interactions for China at DAUID 35204825
2025-04-30 00:16:38,012 - ethnicity_interaction_visualization - INFO - Added significant interactions for India at DAUID 35204825
2025-04-30 00:16:38,012 - ethnicity_interaction_visualization - INFO - Added significant interactions for Philippines at DAUID 35204825
2025-04-30 00:16:38,012 - ethnicity_interaction_visualization - INFO - Added significant interactions for Portugal at DAUID 35204825
2025-04-30 00:16:38,012 - ethnicity_interaction_visualization - INFO - Added significant interactions for Sri Lanka at DAUID 35204825
2025-04-30 00:16:38,013 - ethnicity_interaction_visualization - INFO - Added significant interactions for China at DAUID 35202982
2025-04-30 00:16:38,013 - ethnicity_interaction_visualization - INFO - Added significant interactions for India at DAUID 35202982
2025-04-30 00:16:38,013 - ethnicity_interaction_visualization - INFO - Added significant interactions for Philippines at DAUID 35202982
2025-04-30 00:16:38,013 - ethnicity_interaction_visualization - INFO - Added significant interactions for Portugal at DAUID 35202982
2025-04-30 00:16:38,013 - ethnicity_interaction_visualization - INFO - Added significant interactions for Sri Lanka at DAUID 35202982
2025-04-30 00:16:38,013 - ethnicity_interaction_visualization - INFO - Added significant interactions for China at DAUID 35200883
2025-04-30 00:16:38,013 - ethnicity_interaction_visualization - INFO - Added significant interactions for India at DAUID 35200883
2025-04-30 00:16:38,013 - ethnicity_interaction_visualization - INFO - Added significant interactions for Philippines at DAUID 35200883
2025-04-30 00:16:38,013 - ethnicity_interaction_visualization - INFO - Added significant interactions for Portugal at DAUID 35200883
2025-04-30 00:16:38,013 - ethnicity_interaction_visualization - INFO - Added significant interactions for Sri Lanka at DAUID 35200883
2025-04-30 00:16:38,013 - ethnicity_interaction_visualization - INFO - Added significant interactions for China at DAUID 35202119
2025-04-30 00:16:38,013 - ethnicity_interaction_visualization - INFO - Added significant interactions for India at DAUID 35202119
2025-04-30 00:16:38,014 - ethnicity_interaction_visualization - INFO - Added significant interactions for Philippines at DAUID 35202119
2025-04-30 00:16:38,014 - ethnicity_interaction_visualization - INFO - Added significant interactions for Portugal at DAUID 35202119
2025-04-30 00:16:38,014 - ethnicity_interaction_visualization - INFO - Added significant interactions for Sri Lanka at DAUID 35202119
2025-04-30 00:16:38,014 - ethnicity_interaction_visualization - INFO - Added significant interactions for China at DAUID 35203348
2025-04-30 00:16:38,014 - ethnicity_interaction_visualization - INFO - Added significant interactions for India at DAUID 35203348
2025-04-30 00:16:38,014 - ethnicity_interaction_visualization - INFO - Added significant interactions for Philippines at DAUID 35203348
2025-04-30 00:16:38,014 - ethnicity_interaction_visualization - INFO - Added significant interactions for Portugal at DAUID 35203348
2025-04-30 00:16:38,014 - ethnicity_interaction_visualization - INFO - Added significant interactions for Sri Lanka at DAUID 35203348
2025-04-30 00:16:38,014 - ethnicity_interaction_visualization - INFO - Added significant interactions for China at DAUID 35200488
2025-04-30 00:16:38,014 - ethnicity_interaction_visualization - INFO - Added significant interactions for India at DAUID 35200488
2025-04-30 00:16:38,014 - ethnicity_interaction_visualization - INFO - Added significant interactions for Philippines at DAUID 35200488
2025-04-30 00:16:38,015 - ethnicity_interaction_visualization - INFO - Added significant interactions for Portugal at DAUID 35200488
2025-04-30 00:16:38,015 - ethnicity_interaction_visualization - INFO - Added significant interactions for Sri Lanka at DAUID 35200488
2025-04-30 00:16:38,015 - ethnicity_interaction_visualization - INFO - Added significant interactions for China at DAUID 35201471
2025-04-30 00:16:38,015 - ethnicity_interaction_visualization - INFO - Added significant interactions for India at DAUID 35201471
2025-04-30 00:16:38,015 - ethnicity_interaction_visualization - INFO - Added significant interactions for Philippines at DAUID 35201471
2025-04-30 00:16:38,015 - ethnicity_interaction_visualization - INFO - Added significant interactions for Portugal at DAUID 35201471
2025-04-30 00:16:38,015 - ethnicity_interaction_visualization - INFO - Added significant interactions for Sri Lanka at DAUID 35201471
2025-04-30 00:16:38,015 - ethnicity_interaction_visualization - INFO - Added significant interactions for China at DAUID 35200118
2025-04-30 00:16:38,015 - ethnicity_interaction_visualization - INFO - Added significant interactions for India at DAUID 35200118
2025-04-30 00:16:38,015 - ethnicity_interaction_visualization - INFO - Added significant interactions for Philippines at DAUID 35200118
2025-04-30 00:16:38,015 - ethnicity_interaction_visualization - INFO - Added significant interactions for Portugal at DAUID 35200118
2025-04-30 00:16:38,015 - ethnicity_interaction_visualization - INFO - Added significant interactions for Sri Lanka at DAUID 35200118
2025-04-30 00:16:38,015 - ethnicity_interaction_visualization - INFO - Added significant interactions for China at DAUID 35200791
2025-04-30 00:16:38,015 - ethnicity_interaction_visualization - INFO - Added significant interactions for India at DAUID 35200791
2025-04-30 00:16:38,015 - ethnicity_interaction_visualization - INFO - Added significant interactions for Philippines at DAUID 35200791
2025-04-30 00:16:38,016 - ethnicity_interaction_visualization - INFO - Added significant interactions for Portugal at DAUID 35200791
2025-04-30 00:16:38,016 - ethnicity_interaction_visualization - INFO - Added significant interactions for Sri Lanka at DAUID 35200791
2025-04-30 00:16:38,016 - ethnicity_interaction_visualization - INFO - Added significant interactions for China at DAUID 35203881
2025-04-30 00:16:38,016 - ethnicity_interaction_visualization - INFO - Added significant interactions for India at DAUID 35203881
2025-04-30 00:16:38,016 - ethnicity_interaction_visualization - INFO - Added significant interactions for Philippines at DAUID 35203881
2025-04-30 00:16:38,016 - ethnicity_interaction_visualization - INFO - Added significant interactions for Portugal at DAUID 35203881
2025-04-30 00:16:38,016 - ethnicity_interaction_visualization - INFO - Added significant interactions for Sri Lanka at DAUID 35203881
2025-04-30 00:16:38,016 - ethnicity_interaction_visualization - INFO - Added significant interactions for China at DAUID 35202928
2025-04-30 00:16:38,016 - ethnicity_interaction_visualization - INFO - Added significant interactions for India at DAUID 35202928
2025-04-30 00:16:38,016 - ethnicity_interaction_visualization - INFO - Added significant interactions for Philippines at DAUID 35202928
2025-04-30 00:16:38,016 - ethnicity_interaction_visualization - INFO - Added significant interactions for Portugal at DAUID 35202928
2025-04-30 00:16:38,016 - ethnicity_interaction_visualization - INFO - Added significant interactions for Sri Lanka at DAUID 35202928
2025-04-30 00:16:38,017 - ethnicity_interaction_visualization - INFO - Added significant interactions for China at DAUID 35202486
2025-04-30 00:16:38,017 - ethnicity_interaction_visualization - INFO - Added significant interactions for India at DAUID 35202486
2025-04-30 00:16:38,017 - ethnicity_interaction_visualization - INFO - Added significant interactions for Philippines at DAUID 35202486
2025-04-30 00:16:38,017 - ethnicity_interaction_visualization - INFO - Added significant interactions for Portugal at DAUID 35202486
2025-04-30 00:16:38,017 - ethnicity_interaction_visualization - INFO - Added significant interactions for Sri Lanka at DAUID 35202486
2025-04-30 00:16:38,017 - ethnicity_interaction_visualization - INFO - Added significant interactions for China at DAUID 35203976
2025-04-30 00:16:38,017 - ethnicity_interaction_visualization - INFO - Added significant interactions for India at DAUID 35203976
2025-04-30 00:16:38,017 - ethnicity_interaction_visualization - INFO - Added significant interactions for Philippines at DAUID 35203976
2025-04-30 00:16:38,017 - ethnicity_interaction_visualization - INFO - Added significant interactions for Portugal at DAUID 35203976
2025-04-30 00:16:38,017 - ethnicity_interaction_visualization - INFO - Added significant interactions for Sri Lanka at DAUID 35203976
2025-04-30 00:16:38,017 - ethnicity_interaction_visualization - INFO - Added significant interactions for China at DAUID 35203683
2025-04-30 00:16:38,018 - ethnicity_interaction_visualization - INFO - Added significant interactions for India at DAUID 35203683
2025-04-30 00:16:38,018 - ethnicity_interaction_visualization - INFO - Added significant interactions for Philippines at DAUID 35203683
2025-04-30 00:16:38,018 - ethnicity_interaction_visualization - INFO - Added significant interactions for Portugal at DAUID 35203683
2025-04-30 00:16:38,018 - ethnicity_interaction_visualization - INFO - Added significant interactions for Sri Lanka at DAUID 35203683
2025-04-30 00:16:38,018 - ethnicity_interaction_visualization - INFO - Added significant interactions for China at DAUID 35200906
2025-04-30 00:16:38,018 - ethnicity_interaction_visualization - INFO - Added significant interactions for India at DAUID 35200906
2025-04-30 00:16:38,018 - ethnicity_interaction_visualization - INFO - Added significant interactions for Philippines at DAUID 35200906
2025-04-30 00:16:38,018 - ethnicity_interaction_visualization - INFO - Added significant interactions for Portugal at DAUID 35200906
2025-04-30 00:16:38,018 - ethnicity_interaction_visualization - INFO - Added significant interactions for Sri Lanka at DAUID 35200906
2025-04-30 00:16:38,018 - ethnicity_interaction_visualization - INFO - Added significant interactions for China at DAUID 35202448
2025-04-30 00:16:38,018 - ethnicity_interaction_visualization - INFO - Added significant interactions for India at DAUID 35202448
2025-04-30 00:16:38,018 - ethnicity_interaction_visualization - INFO - Added significant interactions for Philippines at DAUID 35202448
2025-04-30 00:16:38,018 - ethnicity_interaction_visualization - INFO - Added significant interactions for Portugal at DAUID 35202448
2025-04-30 00:16:38,019 - ethnicity_interaction_visualization - INFO - Added significant interactions for Sri Lanka at DAUID 35202448
2025-04-30 00:16:38,019 - ethnicity_interaction_visualization - INFO - Added significant interactions for China at DAUID 35200138
2025-04-30 00:16:38,019 - ethnicity_interaction_visualization - INFO - Added significant interactions for India at DAUID 35200138
2025-04-30 00:16:38,019 - ethnicity_interaction_visualization - INFO - Added significant interactions for Philippines at DAUID 35200138
2025-04-30 00:16:38,019 - ethnicity_interaction_visualization - INFO - Added significant interactions for Portugal at DAUID 35200138
2025-04-30 00:16:38,019 - ethnicity_interaction_visualization - INFO - Added significant interactions for Sri Lanka at DAUID 35200138
2025-04-30 00:16:38,019 - ethnicity_interaction_visualization - INFO - Added significant interactions for China at DAUID 35203043
2025-04-30 00:16:38,019 - ethnicity_interaction_visualization - INFO - Added significant interactions for India at DAUID 35203043
2025-04-30 00:16:38,019 - ethnicity_interaction_visualization - INFO - Added significant interactions for Philippines at DAUID 35203043
2025-04-30 00:16:38,019 - ethnicity_interaction_visualization - INFO - Added significant interactions for Portugal at DAUID 35203043
2025-04-30 00:16:38,019 - ethnicity_interaction_visualization - INFO - Added significant interactions for Sri Lanka at DAUID 35203043
2025-04-30 00:16:38,019 - ethnicity_interaction_visualization - INFO - Added significant interactions for China at DAUID 35202568
2025-04-30 00:16:38,019 - ethnicity_interaction_visualization - INFO - Added significant interactions for India at DAUID 35202568
2025-04-30 00:16:38,020 - ethnicity_interaction_visualization - INFO - Added significant interactions for Philippines at DAUID 35202568
2025-04-30 00:16:38,020 - ethnicity_interaction_visualization - INFO - Added significant interactions for Portugal at DAUID 35202568
2025-04-30 00:16:38,020 - ethnicity_interaction_visualization - INFO - Added significant interactions for Sri Lanka at DAUID 35202568
2025-04-30 00:16:38,020 - ethnicity_interaction_visualization - INFO - Added significant interactions for China at DAUID 35202409
2025-04-30 00:16:38,020 - ethnicity_interaction_visualization - INFO - Added significant interactions for India at DAUID 35202409
2025-04-30 00:16:38,020 - ethnicity_interaction_visualization - INFO - Added significant interactions for Philippines at DAUID 35202409
2025-04-30 00:16:38,020 - ethnicity_interaction_visualization - INFO - Added significant interactions for Portugal at DAUID 35202409
2025-04-30 00:16:38,020 - ethnicity_interaction_visualization - INFO - Added significant interactions for Sri Lanka at DAUID 35202409
2025-04-30 00:16:38,020 - ethnicity_interaction_visualization - INFO - Added significant interactions for China at DAUID 35202940
2025-04-30 00:16:38,020 - ethnicity_interaction_visualization - INFO - Added significant interactions for India at DAUID 35202940
2025-04-30 00:16:38,020 - ethnicity_interaction_visualization - INFO - Added significant interactions for Philippines at DAUID 35202940
2025-04-30 00:16:38,020 - ethnicity_interaction_visualization - INFO - Added significant interactions for Portugal at DAUID 35202940
2025-04-30 00:16:38,020 - ethnicity_interaction_visualization - INFO - Added significant interactions for Sri Lanka at DAUID 35202940
2025-04-30 00:16:38,020 - ethnicity_interaction_visualization - INFO - Added significant interactions for China at DAUID 35203668
2025-04-30 00:16:38,021 - ethnicity_interaction_visualization - INFO - Added significant interactions for India at DAUID 35203668
2025-04-30 00:16:38,021 - ethnicity_interaction_visualization - INFO - Added significant interactions for Philippines at DAUID 35203668
2025-04-30 00:16:38,021 - ethnicity_interaction_visualization - INFO - Added significant interactions for Portugal at DAUID 35203668
2025-04-30 00:16:38,021 - ethnicity_interaction_visualization - INFO - Added significant interactions for Sri Lanka at DAUID 35203668
2025-04-30 00:16:38,021 - ethnicity_interaction_visualization - INFO - Added significant interactions for China at DAUID 35203829
2025-04-30 00:16:38,021 - ethnicity_interaction_visualization - INFO - Added significant interactions for India at DAUID 35203829
2025-04-30 00:16:38,021 - ethnicity_interaction_visualization - INFO - Added significant interactions for Philippines at DAUID 35203829
2025-04-30 00:16:38,021 - ethnicity_interaction_visualization - INFO - Added significant interactions for Portugal at DAUID 35203829
2025-04-30 00:16:38,021 - ethnicity_interaction_visualization - INFO - Added significant interactions for Sri Lanka at DAUID 35203829
2025-04-30 00:16:38,021 - ethnicity_interaction_visualization - INFO - Added significant interactions for China at DAUID 35202481
2025-04-30 00:16:38,022 - ethnicity_interaction_visualization - INFO - Added significant interactions for India at DAUID 35202481
2025-04-30 00:16:38,022 - ethnicity_interaction_visualization - INFO - Added significant interactions for Philippines at DAUID 35202481
2025-04-30 00:16:38,022 - ethnicity_interaction_visualization - INFO - Added significant interactions for Portugal at DAUID 35202481
2025-04-30 00:16:38,022 - ethnicity_interaction_visualization - INFO - Added significant interactions for Sri Lanka at DAUID 35202481
2025-04-30 00:16:38,022 - ethnicity_interaction_visualization - INFO - Added significant interactions for China at DAUID 35203108
2025-04-30 00:16:38,022 - ethnicity_interaction_visualization - INFO - Added significant interactions for India at DAUID 35203108
2025-04-30 00:16:38,022 - ethnicity_interaction_visualization - INFO - Added significant interactions for Philippines at DAUID 35203108
2025-04-30 00:16:38,022 - ethnicity_interaction_visualization - INFO - Added significant interactions for Portugal at DAUID 35203108
2025-04-30 00:16:38,022 - ethnicity_interaction_visualization - INFO - Added significant interactions for Sri Lanka at DAUID 35203108
2025-04-30 00:16:38,022 - ethnicity_interaction_visualization - INFO - Added significant interactions for China at DAUID 35202305
2025-04-30 00:16:38,022 - ethnicity_interaction_visualization - INFO - Added significant interactions for India at DAUID 35202305
2025-04-30 00:16:38,023 - ethnicity_interaction_visualization - INFO - Added significant interactions for Philippines at DAUID 35202305
2025-04-30 00:16:38,023 - ethnicity_interaction_visualization - INFO - Added significant interactions for Portugal at DAUID 35202305
2025-04-30 00:16:38,023 - ethnicity_interaction_visualization - INFO - Added significant interactions for Sri Lanka at DAUID 35202305
2025-04-30 00:16:38,023 - ethnicity_interaction_visualization - INFO - Added significant interactions for China at DAUID 35200269
2025-04-30 00:16:38,023 - ethnicity_interaction_visualization - INFO - Added significant interactions for India at DAUID 35200269
2025-04-30 00:16:38,023 - ethnicity_interaction_visualization - INFO - Added significant interactions for Philippines at DAUID 35200269
2025-04-30 00:16:38,023 - ethnicity_interaction_visualization - INFO - Added significant interactions for Portugal at DAUID 35200269
2025-04-30 00:16:38,023 - ethnicity_interaction_visualization - INFO - Added significant interactions for Sri Lanka at DAUID 35200269
2025-04-30 00:16:38,023 - ethnicity_interaction_visualization - INFO - Added significant interactions for China at DAUID 35204272
2025-04-30 00:16:38,023 - ethnicity_interaction_visualization - INFO - Added significant interactions for India at DAUID 35204272
2025-04-30 00:16:38,023 - ethnicity_interaction_visualization - INFO - Added significant interactions for Philippines at DAUID 35204272
2025-04-30 00:16:38,023 - ethnicity_interaction_visualization - INFO - Added significant interactions for Portugal at DAUID 35204272
2025-04-30 00:16:38,023 - ethnicity_interaction_visualization - INFO - Added significant interactions for Sri Lanka at DAUID 35204272
2025-04-30 00:16:38,023 - ethnicity_interaction_visualization - INFO - Added significant interactions for China at DAUID 35203406
2025-04-30 00:16:38,024 - ethnicity_interaction_visualization - INFO - Added significant interactions for India at DAUID 35203406
2025-04-30 00:16:38,024 - ethnicity_interaction_visualization - INFO - Added significant interactions for Philippines at DAUID 35203406
2025-04-30 00:16:38,024 - ethnicity_interaction_visualization - INFO - Added significant interactions for Portugal at DAUID 35203406
2025-04-30 00:16:38,024 - ethnicity_interaction_visualization - INFO - Added significant interactions for Sri Lanka at DAUID 35203406
2025-04-30 00:16:38,024 - ethnicity_interaction_visualization - INFO - Added significant interactions for China at DAUID 35200414
2025-04-30 00:16:38,024 - ethnicity_interaction_visualization - INFO - Added significant interactions for India at DAUID 35200414
2025-04-30 00:16:38,024 - ethnicity_interaction_visualization - INFO - Added significant interactions for Philippines at DAUID 35200414
2025-04-30 00:16:38,024 - ethnicity_interaction_visualization - INFO - Added significant interactions for Portugal at DAUID 35200414
2025-04-30 00:16:38,024 - ethnicity_interaction_visualization - INFO - Added significant interactions for Sri Lanka at DAUID 35200414
2025-04-30 00:16:38,024 - ethnicity_interaction_visualization - INFO - Added significant interactions for China at DAUID 35200366
2025-04-30 00:16:38,024 - ethnicity_interaction_visualization - INFO - Added significant interactions for India at DAUID 35200366
2025-04-30 00:16:38,024 - ethnicity_interaction_visualization - INFO - Added significant interactions for Philippines at DAUID 35200366
2025-04-30 00:16:38,025 - ethnicity_interaction_visualization - INFO - Added significant interactions for Portugal at DAUID 35200366
2025-04-30 00:16:38,025 - ethnicity_interaction_visualization - INFO - Added significant interactions for Sri Lanka at DAUID 35200366
2025-04-30 00:16:38,025 - ethnicity_interaction_visualization - INFO - Added significant interactions for China at DAUID 35202574
2025-04-30 00:16:38,025 - ethnicity_interaction_visualization - INFO - Added significant interactions for India at DAUID 35202574
2025-04-30 00:16:38,025 - ethnicity_interaction_visualization - INFO - Added significant interactions for Philippines at DAUID 35202574
2025-04-30 00:16:38,025 - ethnicity_interaction_visualization - INFO - Added significant interactions for Portugal at DAUID 35202574
2025-04-30 00:16:38,025 - ethnicity_interaction_visualization - INFO - Added significant interactions for Sri Lanka at DAUID 35202574
2025-04-30 00:16:38,025 - ethnicity_interaction_visualization - INFO - Added significant interactions for China at DAUID 35201732
2025-04-30 00:16:38,025 - ethnicity_interaction_visualization - INFO - Added significant interactions for India at DAUID 35201732
2025-04-30 00:16:38,025 - ethnicity_interaction_visualization - INFO - Added significant interactions for Philippines at DAUID 35201732
2025-04-30 00:16:38,025 - ethnicity_interaction_visualization - INFO - Added significant interactions for Portugal at DAUID 35201732
2025-04-30 00:16:38,025 - ethnicity_interaction_visualization - INFO - Added significant interactions for Sri Lanka at DAUID 35201732
2025-04-30 00:16:38,457 - __main__ - INFO - Loaded shapefile with 3742 geometries
2025-04-30 00:16:38,457 - __main__ - INFO - Analyzing spatial patterns for China
2025-04-30 00:16:38,458 - __main__ - INFO - Available ethnicities in data: []
2025-04-30 00:16:38,458 - __main__ - WARNING - Could not find ethnicity 'China' in interpretations
2025-04-30 00:16:38,459 - __main__ - INFO - Analyzing spatial patterns for India
2025-04-30 00:16:38,459 - __main__ - INFO - Available ethnicities in data: []
2025-04-30 00:16:38,460 - __main__ - WARNING - Could not find ethnicity 'India' in interpretations
2025-04-30 00:16:38,460 - __main__ - INFO - Analyzing spatial patterns for Philippines
2025-04-30 00:16:38,461 - __main__ - INFO - Available ethnicities in data: []
2025-04-30 00:16:38,461 - __main__ - WARNING - Could not find ethnicity 'Philippines' in interpretations
2025-04-30 00:16:38,461 - __main__ - INFO - Analyzing spatial patterns for Portugal
2025-04-30 00:16:38,462 - __main__ - INFO - Available ethnicities in data: []
2025-04-30 00:16:38,462 - __main__ - WARNING - Could not find ethnicity 'Portugal' in interpretations
2025-04-30 00:16:38,462 - __main__ - INFO - Analyzing spatial patterns for Sri Lanka
2025-04-30 00:16:38,463 - __main__ - INFO - Available ethnicities in data: []
2025-04-30 00:16:38,463 - __main__ - WARNING - Could not find ethnicity 'Sri Lanka' in interpretations
2025-04-30 00:16:38,464 - __main__ - INFO - Saved overall spatial statistics to ./ethnicity_visualizations\spatial_statistics\all_ethnicities_spatial_stats.json
2025-04-30 00:16:38,464 - __main__ - INFO - Generating all visualizations
2025-04-30 00:16:38,464 - ethnicity_interaction_visualization - INFO - Running network visualization
2025-04-30 00:16:38,464 - ethnicity_interaction_visualization - INFO - Creating network visualization
2025-04-30 00:16:39,113 - ethnicity_interaction_visualization - INFO - Creating influence chain visualization
2025-04-30 00:16:39,506 - ethnicity_interaction_visualization - INFO - Running flow diagram visualization
2025-04-30 00:16:39,507 - ethnicity_interaction_visualization - INFO - Creating flow diagram visualizations
2025-04-30 00:16:39,933 - ethnicity_interaction_visualization - INFO - Created annotated heatmap for ethnicity interactions
2025-04-30 00:16:40,421 - ethnicity_interaction_visualization - INFO - Created Sankey diagram for ethnicity interactions
2025-04-30 00:16:40,848 - ethnicity_interaction_visualization - INFO - Created chord diagram for ethnicity interactions
2025-04-30 00:16:41,579 - ethnicity_interaction_visualization - INFO - Created influence cascade visualization
2025-04-30 00:16:41,579 - ethnicity_interaction_visualization - INFO - Successfully created flow diagram visualizations
2025-04-30 00:16:41,579 - ethnicity_interaction_visualization - INFO - Running spatial interaction visualization
2025-04-30 00:16:41,579 - ethnicity_interaction_visualization - INFO - Creating spatial interaction visualizations
2025-04-30 00:18:01,589 - ethnicity_interaction_visualization - INFO - Successfully created spatial ethnicity interaction visualizations
2025-04-30 00:18:01,590 - ethnicity_interaction_visualization - INFO - Running temporal cascade visualization
2025-04-30 00:18:01,590 - ethnicity_interaction_visualization - INFO - Creating temporal cascade visualization with 5 steps
2025-04-30 00:18:02,363 - matplotlib.animation - INFO - Animation.save using <class 'matplotlib.animation.PillowWriter'>
2025-04-30 00:18:02,542 - ethnicity_interaction_visualization - INFO - Successfully created temporal cascade visualization
2025-04-30 00:18:02,542 - ethnicity_interaction_visualization - INFO - Running interaction metrics visualization
2025-04-30 00:18:02,542 - ethnicity_interaction_visualization - INFO - Creating interaction metrics visualization
2025-04-30 00:18:03,260 - ethnicity_interaction_visualization - INFO - Successfully created interaction metrics visualization
2025-04-30 00:18:03,260 - __main__ - INFO - === Ethnicity Interaction Analysis Completed ===
2025-04-30 00:18:31,794 - __main__ - INFO - === Starting Ethnicity Interaction Analysis ===
2025-04-30 00:18:31,794 - __main__ - INFO - Arguments: Namespace(interpretation_dir='./interpretations/interpretations', output_dir='./ethnicity_visualizations', data_dir='./data', spatial_dir='./spatial_data', spatial_analysis=True, ethnicity_names=None, da_coordinates_path='./spatial_data/toronto_da.csv', shapefile_path='./spatial_data/da_boundary.shp', colormap=None, threshold=0.05, time_steps=5, scaler='standard', batch_size=32, all=True, network=False, flow=False, spatial=False, temporal=False, metrics=False)
2025-04-30 00:18:31,971 - __main__ - INFO - Imported EthnicityInteractionAnalyzer from ethnicity_interaction_visualization_fix
2025-04-30 00:18:31,971 - __main__ - INFO - Found 10 interpretation files
2025-04-30 00:18:31,975 - __main__ - INFO - Loaded interpretation data from ./interpretations/interpretations\interpretation_batch_0.json
2025-04-30 00:18:31,978 - __main__ - INFO - Loaded interpretation data from ./interpretations/interpretations\interpretation_batch_14.json
2025-04-30 00:18:31,982 - __main__ - INFO - Loaded interpretation data from ./interpretations/interpretations\interpretation_batch_21.json
2025-04-30 00:18:31,986 - __main__ - INFO - Loaded interpretation data from ./interpretations/interpretations\interpretation_batch_28.json
2025-04-30 00:18:31,991 - __main__ - INFO - Loaded interpretation data from ./interpretations/interpretations\interpretation_batch_35.json
2025-04-30 00:18:31,994 - __main__ - INFO - Loaded interpretation data from ./interpretations/interpretations\interpretation_batch_42.json
2025-04-30 00:18:31,998 - __main__ - INFO - Loaded interpretation data from ./interpretations/interpretations\interpretation_batch_49.json
2025-04-30 00:18:32,002 - __main__ - INFO - Loaded interpretation data from ./interpretations/interpretations\interpretation_batch_56.json
2025-04-30 00:18:32,006 - __main__ - INFO - Loaded interpretation data from ./interpretations/interpretations\interpretation_batch_63.json
2025-04-30 00:18:32,010 - __main__ - INFO - Loaded interpretation data from ./interpretations/interpretations\interpretation_batch_7.json
2025-04-30 00:18:32,015 - __main__ - INFO - Loaded DA coordinates from ./spatial_data/toronto_da.csv with 3742 rows
2025-04-30 00:18:32,064 - __main__ - INFO - Created coordinate mapping for 3742 DAUIDs
2025-04-30 00:18:32,064 - __main__ - INFO - Found 5 ethnicities in model architecture
2025-04-30 00:18:32,064 - __main__ - INFO - Loading data from ./data
2025-04-30 00:18:32,068 - __main__ - INFO - Loaded DA coordinates from ./spatial_data/toronto_da.csv
2025-04-30 00:18:32,099 - csrn.data_loader.spatial_data_loader - INFO - Loaded walking matrix with shape (3742, 3742)
2025-04-30 00:18:32,132 - csrn.data_loader.spatial_data_loader - INFO - Loaded transit matrix with shape (3742, 3742)
2025-04-30 00:18:32,164 - csrn.data_loader.spatial_data_loader - INFO - Loaded proximity matrix with shape (3742, 3742)
2025-04-30 00:18:32,168 - csrn.data_loader.spatial_data_loader - INFO - Loaded DA info with 3742 entries
2025-04-30 00:18:32,168 - csrn.data_loader.spatial_data_loader - INFO - Loading multi-ethnic data files...
2025-04-30 00:18:32,203 - csrn.data_loader.spatial_data_loader - INFO - Loaded train_features: 2236 rows
2025-04-30 00:18:32,205 - csrn.data_loader.spatial_data_loader - INFO - Loaded train_pop_2016: 2236 rows
2025-04-30 00:18:32,205 - csrn.data_loader.spatial_data_loader - INFO -   - Contains 5 ethnicities: ['China', 'India', 'Philippines', 'Portugal', 'Sri Lanka']
2025-04-30 00:18:32,206 - csrn.data_loader.spatial_data_loader - INFO - Loaded train_pop_2021: 2236 rows
2025-04-30 00:18:32,206 - csrn.data_loader.spatial_data_loader - INFO -   - Contains 5 ethnicities: ['China', 'India', 'Philippines', 'Portugal', 'Sri Lanka']
2025-04-30 00:18:32,221 - csrn.data_loader.spatial_data_loader - INFO - Loaded val_features: 745 rows
2025-04-30 00:18:32,222 - csrn.data_loader.spatial_data_loader - INFO - Loaded val_pop_2016: 745 rows
2025-04-30 00:18:32,222 - csrn.data_loader.spatial_data_loader - INFO -   - Contains 5 ethnicities: ['China', 'India', 'Philippines', 'Portugal', 'Sri Lanka']
2025-04-30 00:18:32,223 - csrn.data_loader.spatial_data_loader - INFO - Loaded val_pop_2021: 745 rows
2025-04-30 00:18:32,223 - csrn.data_loader.spatial_data_loader - INFO -   - Contains 5 ethnicities: ['China', 'India', 'Philippines', 'Portugal', 'Sri Lanka']
2025-04-30 00:18:32,239 - csrn.data_loader.spatial_data_loader - INFO - Loaded test_features: 746 rows
2025-04-30 00:18:32,240 - csrn.data_loader.spatial_data_loader - INFO - Loaded test_pop_2016: 746 rows
2025-04-30 00:18:32,240 - csrn.data_loader.spatial_data_loader - INFO -   - Contains 5 ethnicities: ['China', 'India', 'Philippines', 'Portugal', 'Sri Lanka']
2025-04-30 00:18:32,241 - csrn.data_loader.spatial_data_loader - INFO - Loaded test_pop_2021: 746 rows
2025-04-30 00:18:32,241 - csrn.data_loader.spatial_data_loader - INFO -   - Contains 5 ethnicities: ['China', 'India', 'Philippines', 'Portugal', 'Sri Lanka']
2025-04-30 00:18:32,241 - csrn.data_loader.spatial_data_loader - INFO - Creating multi-ethnic spatially-aware DataLoaders...
2025-04-30 00:18:32,242 - csrn.data_loader.spatial_data_loader - INFO - Preprocessing features...
2025-04-30 00:18:32,256 - csrn.data_loader.spatial_data_loader - INFO - Feature preprocessing complete.
2025-04-30 00:18:32,259 - csrn.data_loader.spatial_data_loader - INFO - Loaded data with 5 ethnicities: ['China', 'India', 'Philippines', 'Portugal', 'Sri Lanka']
2025-04-30 00:18:32,547 - csrn.data_loader.spatial_data_loader - INFO - Loaded coordinates for 2236 DAs
2025-04-30 00:18:32,548 - csrn.data_loader.spatial_data_loader - INFO - Loaded data with 5 ethnicities: ['China', 'India', 'Philippines', 'Portugal', 'Sri Lanka']
2025-04-30 00:18:32,625 - csrn.data_loader.spatial_data_loader - INFO - Loaded coordinates for 745 DAs
2025-04-30 00:18:32,626 - csrn.data_loader.spatial_data_loader - INFO - Loaded data with 5 ethnicities: ['China', 'India', 'Philippines', 'Portugal', 'Sri Lanka']
2025-04-30 00:18:32,704 - csrn.data_loader.spatial_data_loader - INFO - Loaded coordinates for 746 DAs
2025-04-30 00:18:32,705 - csrn.data_loader.spatial_data_loader - INFO - Created DataLoaders: Train size=2236, Val size=745, Test size=746
2025-04-30 00:18:32,705 - csrn.data_loader.spatial_data_loader - INFO - Number of ethnicities: 5
2025-04-30 00:18:32,706 - __main__ - INFO - Loaded data with 5 ethnicities: ['China', 'India', 'Philippines', 'Portugal', 'Sri Lanka']
2025-04-30 00:18:32,706 - __main__ - INFO - Processed interaction weights with shape (32, 5, 5)
2025-04-30 00:18:32,706 - __main__ - INFO - Processed interaction data from 10 interpretations
2025-04-30 00:18:32,706 - __main__ - INFO - Found data for 320 DAUIDs
2025-04-30 00:18:32,716 - __main__ - INFO - Using ethnicity names: ['China', 'India', 'Philippines', 'Portugal', 'Sri Lanka']
2025-04-30 00:18:32,717 - __main__ - INFO - Extracting interaction data
2025-04-30 00:18:32,717 - ethnicity_interaction_visualization - INFO - Keys in interpretation_data: ['interaction_weights', 'interaction_effect', 'ethnicity_interactions_by_dauid', 'interaction_effect_by_dauid', 'dauid_list']
2025-04-30 00:18:32,718 - ethnicity_interaction_visualization - INFO - interaction_weights type: <class 'numpy.ndarray'>
2025-04-30 00:18:32,718 - ethnicity_interaction_visualization - INFO - interaction_weights shape: (32, 5, 5)
2025-04-30 00:18:32,719 - ethnicity_interaction_visualization - INFO - Transformed interaction data for DAUID 35204243: {'China_to_China': 0.5, 'China_to_India': 7.43629580420884e-18, 'China_to_Philippines': 0.0, 'China_to_Portugal': 0.9991108775138855, 'China_to_Sri Lanka': 2.1142453405673985e-25, 'India_to_China': 0.9999661445617676, 'India_to_India': 0.5, 'India_to_Philippines': 0.0, 'India_to_Portugal': 0.0, 'India_to_Sri Lanka': 1.676611866595849e-19, 'Philippines_to_China': 0.990655243396759, 'Philippines_to_India': 1.0, 'Philippines_to_Philippines': 0.5, 'Philippines_to_Portugal': 2.3795393528918135e-19, 'Philippines_to_Sri Lanka': 6.668846420676149e-20, 'Portugal_to_China': 0.0, 'Portugal_to_India': 0.0, 'Portugal_to_Philippines': 0.0, 'Portugal_to_Portugal': 0.5, 'Portugal_to_Sri Lanka': 1.3607850615062454e-26, 'Sri Lanka_to_China': 0.0, 'Sri Lanka_to_India': 6.034757260437527e-36, 'Sri Lanka_to_Philippines': 0.0, 'Sri Lanka_to_Portugal': 1.2073980542481877e-05, 'Sri Lanka_to_Sri Lanka': 0.5}
2025-04-30 00:18:32,719 - ethnicity_interaction_visualization - INFO - Interaction matrix shape: (32, 5, 5)
2025-04-30 00:18:32,720 - ethnicity_interaction_visualization - INFO - Averaging interactions across batch dimension. Result shape: (5, 5)
2025-04-30 00:18:32,720 - ethnicity_interaction_visualization - INFO - Calculated net influence: [-1.19287326  0.52683892 -0.35793671  1.17338785 -0.14941681]
2025-04-30 00:18:32,720 - ethnicity_interaction_visualization - INFO - Calculating spatial flow data
2025-04-30 00:18:32,720 - ethnicity_interaction_visualization - INFO - Number of DAUIDs with interaction data: 320
2025-04-30 00:18:32,720 - ethnicity_interaction_visualization - INFO - Number of DAUIDs with coordinates: 3742
2025-04-30 00:18:32,721 - ethnicity_interaction_visualization - INFO - Number of DAUIDs with both interaction data and coordinates: 320
2025-04-30 00:18:32,721 - ethnicity_interaction_visualization - INFO - Example interactions for DAUID 35204483: {'China_to_China': 0.5, 'China_to_India': 0.9963200092315674, 'China_to_Philippines': 0.9587728977203369, 'China_to_Portugal': 0.6072391867637634, 'China_to_Sri Lanka': 0.28228235244750977, 'India_to_China': 0.002227286109700799, 'India_to_India': 0.5, 'India_to_Philippines': 0.0007284462917596102, 'India_to_Portugal': 0.00032062732498161495, 'India_to_Sri Lanka': 0.004297122824937105, 'Philippines_to_China': 0.0011971137719228864, 'Philippines_to_India': 0.10475517064332962, 'Philippines_to_Philippines': 0.5, 'Philippines_to_Portugal': 0.303513765335083, 'Philippines_to_Sri Lanka': 0.015120563097298145, 'Portugal_to_China': 0.002440668409690261, 'Portugal_to_India': 0.00023778148170094937, 'Portugal_to_Philippines': 2.3198668714030646e-05, 'Portugal_to_Portugal': 0.5, 'Portugal_to_Sri Lanka': 0.048266880214214325, 'Sri Lanka_to_China': 0.00038181315176188946, 'Sri Lanka_to_India': 0.003945584874600172, 'Sri Lanka_to_Philippines': 0.0005200657178647816, 'Sri Lanka_to_Portugal': 0.8504857420921326, 'Sri Lanka_to_Sri Lanka': 0.5}
2025-04-30 00:18:32,721 - ethnicity_interaction_visualization - INFO - Looking for keys like: ['China_to_China', 'China_to_India', 'China_to_Philippines', 'China_to_Portugal', 'China_to_Sri Lanka']
2025-04-30 00:18:32,721 - ethnicity_interaction_visualization - INFO - Found key China_to_China with value 0.5, threshold is 0.05
2025-04-30 00:18:32,721 - ethnicity_interaction_visualization - INFO - Significant interaction found: China_to_China = 0.5
2025-04-30 00:18:32,722 - ethnicity_interaction_visualization - INFO - Found key China_to_India with value 0.9963200092315674, threshold is 0.05
2025-04-30 00:18:32,722 - ethnicity_interaction_visualization - INFO - Significant interaction found: China_to_India = 0.9963200092315674
2025-04-30 00:18:32,722 - ethnicity_interaction_visualization - INFO - Found key China_to_Philippines with value 0.9587728977203369, threshold is 0.05
2025-04-30 00:18:32,722 - ethnicity_interaction_visualization - INFO - Significant interaction found: China_to_Philippines = 0.9587728977203369
2025-04-30 00:18:32,722 - ethnicity_interaction_visualization - INFO - Found key China_to_Portugal with value 0.6072391867637634, threshold is 0.05
2025-04-30 00:18:32,722 - ethnicity_interaction_visualization - INFO - Significant interaction found: China_to_Portugal = 0.6072391867637634
2025-04-30 00:18:32,722 - ethnicity_interaction_visualization - INFO - Found key China_to_Sri Lanka with value 0.28228235244750977, threshold is 0.05
2025-04-30 00:18:32,722 - ethnicity_interaction_visualization - INFO - Significant interaction found: China_to_Sri Lanka = 0.28228235244750977
2025-04-30 00:18:32,722 - ethnicity_interaction_visualization - INFO - Added significant interactions for China at DAUID 35204483
2025-04-30 00:18:32,722 - ethnicity_interaction_visualization - INFO - Added significant interactions for India at DAUID 35204483
2025-04-30 00:18:32,722 - ethnicity_interaction_visualization - INFO - Added significant interactions for Philippines at DAUID 35204483
2025-04-30 00:18:32,723 - ethnicity_interaction_visualization - INFO - Added significant interactions for Portugal at DAUID 35204483
2025-04-30 00:18:32,723 - ethnicity_interaction_visualization - INFO - Added significant interactions for Sri Lanka at DAUID 35204483
2025-04-30 00:18:32,723 - ethnicity_interaction_visualization - INFO - Added significant interactions for China at DAUID 35200138
2025-04-30 00:18:32,723 - ethnicity_interaction_visualization - INFO - Added significant interactions for India at DAUID 35200138
2025-04-30 00:18:32,723 - ethnicity_interaction_visualization - INFO - Added significant interactions for Philippines at DAUID 35200138
2025-04-30 00:18:32,723 - ethnicity_interaction_visualization - INFO - Added significant interactions for Portugal at DAUID 35200138
2025-04-30 00:18:32,724 - ethnicity_interaction_visualization - INFO - Added significant interactions for Sri Lanka at DAUID 35200138
2025-04-30 00:18:32,724 - ethnicity_interaction_visualization - INFO - Added significant interactions for China at DAUID 35204127
2025-04-30 00:18:32,724 - ethnicity_interaction_visualization - INFO - Added significant interactions for India at DAUID 35204127
2025-04-30 00:18:32,724 - ethnicity_interaction_visualization - INFO - Added significant interactions for Philippines at DAUID 35204127
2025-04-30 00:18:32,724 - ethnicity_interaction_visualization - INFO - Added significant interactions for Portugal at DAUID 35204127
2025-04-30 00:18:32,724 - ethnicity_interaction_visualization - INFO - Added significant interactions for Sri Lanka at DAUID 35204127
2025-04-30 00:18:32,724 - ethnicity_interaction_visualization - INFO - Added significant interactions for China at DAUID 35204042
2025-04-30 00:18:32,724 - ethnicity_interaction_visualization - INFO - Added significant interactions for India at DAUID 35204042
2025-04-30 00:18:32,724 - ethnicity_interaction_visualization - INFO - Added significant interactions for Philippines at DAUID 35204042
2025-04-30 00:18:32,724 - ethnicity_interaction_visualization - INFO - Added significant interactions for Portugal at DAUID 35204042
2025-04-30 00:18:32,724 - ethnicity_interaction_visualization - INFO - Added significant interactions for Sri Lanka at DAUID 35204042
2025-04-30 00:18:32,724 - ethnicity_interaction_visualization - INFO - Added significant interactions for China at DAUID 35201674
2025-04-30 00:18:32,724 - ethnicity_interaction_visualization - INFO - Added significant interactions for India at DAUID 35201674
2025-04-30 00:18:32,724 - ethnicity_interaction_visualization - INFO - Added significant interactions for Philippines at DAUID 35201674
2025-04-30 00:18:32,724 - ethnicity_interaction_visualization - INFO - Added significant interactions for Portugal at DAUID 35201674
2025-04-30 00:18:32,725 - ethnicity_interaction_visualization - INFO - Added significant interactions for Sri Lanka at DAUID 35201674
2025-04-30 00:18:32,725 - ethnicity_interaction_visualization - INFO - Added significant interactions for China at DAUID 35201015
2025-04-30 00:18:32,725 - ethnicity_interaction_visualization - INFO - Added significant interactions for India at DAUID 35201015
2025-04-30 00:18:32,725 - ethnicity_interaction_visualization - INFO - Added significant interactions for Philippines at DAUID 35201015
2025-04-30 00:18:32,725 - ethnicity_interaction_visualization - INFO - Added significant interactions for Portugal at DAUID 35201015
2025-04-30 00:18:32,725 - ethnicity_interaction_visualization - INFO - Added significant interactions for Sri Lanka at DAUID 35201015
2025-04-30 00:18:32,725 - ethnicity_interaction_visualization - INFO - Added significant interactions for China at DAUID 35202974
2025-04-30 00:18:32,725 - ethnicity_interaction_visualization - INFO - Added significant interactions for India at DAUID 35202974
2025-04-30 00:18:32,725 - ethnicity_interaction_visualization - INFO - Added significant interactions for Philippines at DAUID 35202974
2025-04-30 00:18:32,725 - ethnicity_interaction_visualization - INFO - Added significant interactions for Portugal at DAUID 35202974
2025-04-30 00:18:32,725 - ethnicity_interaction_visualization - INFO - Added significant interactions for Sri Lanka at DAUID 35202974
2025-04-30 00:18:32,725 - ethnicity_interaction_visualization - INFO - Added significant interactions for China at DAUID 35202750
2025-04-30 00:18:32,726 - ethnicity_interaction_visualization - INFO - Added significant interactions for India at DAUID 35202750
2025-04-30 00:18:32,726 - ethnicity_interaction_visualization - INFO - Added significant interactions for Philippines at DAUID 35202750
2025-04-30 00:18:32,726 - ethnicity_interaction_visualization - INFO - Added significant interactions for Portugal at DAUID 35202750
2025-04-30 00:18:32,726 - ethnicity_interaction_visualization - INFO - Added significant interactions for Sri Lanka at DAUID 35202750
2025-04-30 00:18:32,726 - ethnicity_interaction_visualization - INFO - Added significant interactions for China at DAUID 35202481
2025-04-30 00:18:32,726 - ethnicity_interaction_visualization - INFO - Added significant interactions for India at DAUID 35202481
2025-04-30 00:18:32,726 - ethnicity_interaction_visualization - INFO - Added significant interactions for Philippines at DAUID 35202481
2025-04-30 00:18:32,726 - ethnicity_interaction_visualization - INFO - Added significant interactions for Portugal at DAUID 35202481
2025-04-30 00:18:32,726 - ethnicity_interaction_visualization - INFO - Added significant interactions for Sri Lanka at DAUID 35202481
2025-04-30 00:18:32,726 - ethnicity_interaction_visualization - INFO - Added significant interactions for China at DAUID 35204513
2025-04-30 00:18:32,726 - ethnicity_interaction_visualization - INFO - Added significant interactions for India at DAUID 35204513
2025-04-30 00:18:32,726 - ethnicity_interaction_visualization - INFO - Added significant interactions for Philippines at DAUID 35204513
2025-04-30 00:18:32,727 - ethnicity_interaction_visualization - INFO - Added significant interactions for Portugal at DAUID 35204513
2025-04-30 00:18:32,727 - ethnicity_interaction_visualization - INFO - Added significant interactions for Sri Lanka at DAUID 35204513
2025-04-30 00:18:32,727 - ethnicity_interaction_visualization - INFO - Added significant interactions for China at DAUID 35200054
2025-04-30 00:18:32,727 - ethnicity_interaction_visualization - INFO - Added significant interactions for India at DAUID 35200054
2025-04-30 00:18:32,727 - ethnicity_interaction_visualization - INFO - Added significant interactions for Philippines at DAUID 35200054
2025-04-30 00:18:32,727 - ethnicity_interaction_visualization - INFO - Added significant interactions for Portugal at DAUID 35200054
2025-04-30 00:18:32,727 - ethnicity_interaction_visualization - INFO - Added significant interactions for Sri Lanka at DAUID 35200054
2025-04-30 00:18:32,727 - ethnicity_interaction_visualization - INFO - Added significant interactions for China at DAUID 35204225
2025-04-30 00:18:32,727 - ethnicity_interaction_visualization - INFO - Added significant interactions for India at DAUID 35204225
2025-04-30 00:18:32,727 - ethnicity_interaction_visualization - INFO - Added significant interactions for Philippines at DAUID 35204225
2025-04-30 00:18:32,727 - ethnicity_interaction_visualization - INFO - Added significant interactions for Portugal at DAUID 35204225
2025-04-30 00:18:32,727 - ethnicity_interaction_visualization - INFO - Added significant interactions for Sri Lanka at DAUID 35204225
2025-04-30 00:18:32,727 - ethnicity_interaction_visualization - INFO - Added significant interactions for China at DAUID 35201126
2025-04-30 00:18:32,728 - ethnicity_interaction_visualization - INFO - Added significant interactions for India at DAUID 35201126
2025-04-30 00:18:32,728 - ethnicity_interaction_visualization - INFO - Added significant interactions for Philippines at DAUID 35201126
2025-04-30 00:18:32,728 - ethnicity_interaction_visualization - INFO - Added significant interactions for Portugal at DAUID 35201126
2025-04-30 00:18:32,728 - ethnicity_interaction_visualization - INFO - Added significant interactions for Sri Lanka at DAUID 35201126
2025-04-30 00:18:32,728 - ethnicity_interaction_visualization - INFO - Added significant interactions for China at DAUID 35204272
2025-04-30 00:18:32,728 - ethnicity_interaction_visualization - INFO - Added significant interactions for India at DAUID 35204272
2025-04-30 00:18:32,728 - ethnicity_interaction_visualization - INFO - Added significant interactions for Philippines at DAUID 35204272
2025-04-30 00:18:32,728 - ethnicity_interaction_visualization - INFO - Added significant interactions for Portugal at DAUID 35204272
2025-04-30 00:18:32,728 - ethnicity_interaction_visualization - INFO - Added significant interactions for Sri Lanka at DAUID 35204272
2025-04-30 00:18:32,728 - ethnicity_interaction_visualization - INFO - Added significant interactions for China at DAUID 35200694
2025-04-30 00:18:32,728 - ethnicity_interaction_visualization - INFO - Added significant interactions for India at DAUID 35200694
2025-04-30 00:18:32,728 - ethnicity_interaction_visualization - INFO - Added significant interactions for Philippines at DAUID 35200694
2025-04-30 00:18:32,728 - ethnicity_interaction_visualization - INFO - Added significant interactions for Portugal at DAUID 35200694
2025-04-30 00:18:32,729 - ethnicity_interaction_visualization - INFO - Added significant interactions for Sri Lanka at DAUID 35200694
2025-04-30 00:18:32,729 - ethnicity_interaction_visualization - INFO - Added significant interactions for China at DAUID 35201805
2025-04-30 00:18:32,729 - ethnicity_interaction_visualization - INFO - Added significant interactions for India at DAUID 35201805
2025-04-30 00:18:32,729 - ethnicity_interaction_visualization - INFO - Added significant interactions for Philippines at DAUID 35201805
2025-04-30 00:18:32,729 - ethnicity_interaction_visualization - INFO - Added significant interactions for Portugal at DAUID 35201805
2025-04-30 00:18:32,729 - ethnicity_interaction_visualization - INFO - Added significant interactions for Sri Lanka at DAUID 35201805
2025-04-30 00:18:32,729 - ethnicity_interaction_visualization - INFO - Added significant interactions for China at DAUID 35203540
2025-04-30 00:18:32,729 - ethnicity_interaction_visualization - INFO - Added significant interactions for India at DAUID 35203540
2025-04-30 00:18:32,729 - ethnicity_interaction_visualization - INFO - Added significant interactions for Philippines at DAUID 35203540
2025-04-30 00:18:32,729 - ethnicity_interaction_visualization - INFO - Added significant interactions for Portugal at DAUID 35203540
2025-04-30 00:18:32,729 - ethnicity_interaction_visualization - INFO - Added significant interactions for Sri Lanka at DAUID 35203540
2025-04-30 00:18:32,729 - ethnicity_interaction_visualization - INFO - Added significant interactions for China at DAUID 35203269
2025-04-30 00:18:32,729 - ethnicity_interaction_visualization - INFO - Added significant interactions for India at DAUID 35203269
2025-04-30 00:18:32,729 - ethnicity_interaction_visualization - INFO - Added significant interactions for Philippines at DAUID 35203269
2025-04-30 00:18:32,730 - ethnicity_interaction_visualization - INFO - Added significant interactions for Portugal at DAUID 35203269
2025-04-30 00:18:32,730 - ethnicity_interaction_visualization - INFO - Added significant interactions for Sri Lanka at DAUID 35203269
2025-04-30 00:18:32,730 - ethnicity_interaction_visualization - INFO - Added significant interactions for China at DAUID 35202413
2025-04-30 00:18:32,730 - ethnicity_interaction_visualization - INFO - Added significant interactions for India at DAUID 35202413
2025-04-30 00:18:32,730 - ethnicity_interaction_visualization - INFO - Added significant interactions for Philippines at DAUID 35202413
2025-04-30 00:18:32,730 - ethnicity_interaction_visualization - INFO - Added significant interactions for Portugal at DAUID 35202413
2025-04-30 00:18:32,730 - ethnicity_interaction_visualization - INFO - Added significant interactions for Sri Lanka at DAUID 35202413
2025-04-30 00:18:32,730 - ethnicity_interaction_visualization - INFO - Added significant interactions for China at DAUID 35203911
2025-04-30 00:18:32,730 - ethnicity_interaction_visualization - INFO - Added significant interactions for India at DAUID 35203911
2025-04-30 00:18:32,730 - ethnicity_interaction_visualization - INFO - Added significant interactions for Philippines at DAUID 35203911
2025-04-30 00:18:32,731 - ethnicity_interaction_visualization - INFO - Added significant interactions for Portugal at DAUID 35203911
2025-04-30 00:18:32,731 - ethnicity_interaction_visualization - INFO - Added significant interactions for Sri Lanka at DAUID 35203911
2025-04-30 00:18:32,731 - ethnicity_interaction_visualization - INFO - Added significant interactions for China at DAUID 35203637
2025-04-30 00:18:32,731 - ethnicity_interaction_visualization - INFO - Added significant interactions for India at DAUID 35203637
2025-04-30 00:18:32,731 - ethnicity_interaction_visualization - INFO - Added significant interactions for Philippines at DAUID 35203637
2025-04-30 00:18:32,731 - ethnicity_interaction_visualization - INFO - Added significant interactions for Portugal at DAUID 35203637
2025-04-30 00:18:32,731 - ethnicity_interaction_visualization - INFO - Added significant interactions for Sri Lanka at DAUID 35203637
2025-04-30 00:18:32,731 - ethnicity_interaction_visualization - INFO - Added significant interactions for China at DAUID 35200897
2025-04-30 00:18:32,731 - ethnicity_interaction_visualization - INFO - Added significant interactions for India at DAUID 35200897
2025-04-30 00:18:32,731 - ethnicity_interaction_visualization - INFO - Added significant interactions for Philippines at DAUID 35200897
2025-04-30 00:18:32,731 - ethnicity_interaction_visualization - INFO - Added significant interactions for Portugal at DAUID 35200897
2025-04-30 00:18:32,731 - ethnicity_interaction_visualization - INFO - Added significant interactions for Sri Lanka at DAUID 35200897
2025-04-30 00:18:32,731 - ethnicity_interaction_visualization - INFO - Added significant interactions for China at DAUID 35202988
2025-04-30 00:18:32,731 - ethnicity_interaction_visualization - INFO - Added significant interactions for India at DAUID 35202988
2025-04-30 00:18:32,732 - ethnicity_interaction_visualization - INFO - Added significant interactions for Philippines at DAUID 35202988
2025-04-30 00:18:32,732 - ethnicity_interaction_visualization - INFO - Added significant interactions for Portugal at DAUID 35202988
2025-04-30 00:18:32,732 - ethnicity_interaction_visualization - INFO - Added significant interactions for Sri Lanka at DAUID 35202988
2025-04-30 00:18:32,732 - ethnicity_interaction_visualization - INFO - Added significant interactions for China at DAUID 35202568
2025-04-30 00:18:32,732 - ethnicity_interaction_visualization - INFO - Added significant interactions for India at DAUID 35202568
2025-04-30 00:18:32,732 - ethnicity_interaction_visualization - INFO - Added significant interactions for Philippines at DAUID 35202568
2025-04-30 00:18:32,732 - ethnicity_interaction_visualization - INFO - Added significant interactions for Portugal at DAUID 35202568
2025-04-30 00:18:32,732 - ethnicity_interaction_visualization - INFO - Added significant interactions for Sri Lanka at DAUID 35202568
2025-04-30 00:18:32,732 - ethnicity_interaction_visualization - INFO - Added significant interactions for China at DAUID 35204068
2025-04-30 00:18:32,732 - ethnicity_interaction_visualization - INFO - Added significant interactions for India at DAUID 35204068
2025-04-30 00:18:32,732 - ethnicity_interaction_visualization - INFO - Added significant interactions for Philippines at DAUID 35204068
2025-04-30 00:18:32,732 - ethnicity_interaction_visualization - INFO - Added significant interactions for Portugal at DAUID 35204068
2025-04-30 00:18:32,732 - ethnicity_interaction_visualization - INFO - Added significant interactions for Sri Lanka at DAUID 35204068
2025-04-30 00:18:32,732 - ethnicity_interaction_visualization - INFO - Added significant interactions for China at DAUID 35202891
2025-04-30 00:18:32,732 - ethnicity_interaction_visualization - INFO - Added significant interactions for India at DAUID 35202891
2025-04-30 00:18:32,733 - ethnicity_interaction_visualization - INFO - Added significant interactions for Philippines at DAUID 35202891
2025-04-30 00:18:32,733 - ethnicity_interaction_visualization - INFO - Added significant interactions for Portugal at DAUID 35202891
2025-04-30 00:18:32,733 - ethnicity_interaction_visualization - INFO - Added significant interactions for Sri Lanka at DAUID 35202891
2025-04-30 00:18:32,733 - ethnicity_interaction_visualization - INFO - Added significant interactions for China at DAUID 35201939
2025-04-30 00:18:32,733 - ethnicity_interaction_visualization - INFO - Added significant interactions for India at DAUID 35201939
2025-04-30 00:18:32,733 - ethnicity_interaction_visualization - INFO - Added significant interactions for Philippines at DAUID 35201939
2025-04-30 00:18:32,733 - ethnicity_interaction_visualization - INFO - Added significant interactions for Portugal at DAUID 35201939
2025-04-30 00:18:32,733 - ethnicity_interaction_visualization - INFO - Added significant interactions for Sri Lanka at DAUID 35201939
2025-04-30 00:18:32,733 - ethnicity_interaction_visualization - INFO - Added significant interactions for China at DAUID 35203387
2025-04-30 00:18:32,733 - ethnicity_interaction_visualization - INFO - Added significant interactions for India at DAUID 35203387
2025-04-30 00:18:32,734 - ethnicity_interaction_visualization - INFO - Added significant interactions for Philippines at DAUID 35203387
2025-04-30 00:18:32,734 - ethnicity_interaction_visualization - INFO - Added significant interactions for Portugal at DAUID 35203387
2025-04-30 00:18:32,734 - ethnicity_interaction_visualization - INFO - Added significant interactions for Sri Lanka at DAUID 35203387
2025-04-30 00:18:32,734 - ethnicity_interaction_visualization - INFO - Added significant interactions for China at DAUID 35202618
2025-04-30 00:18:32,734 - ethnicity_interaction_visualization - INFO - Added significant interactions for India at DAUID 35202618
2025-04-30 00:18:32,734 - ethnicity_interaction_visualization - INFO - Added significant interactions for Philippines at DAUID 35202618
2025-04-30 00:18:32,734 - ethnicity_interaction_visualization - INFO - Added significant interactions for Portugal at DAUID 35202618
2025-04-30 00:18:32,734 - ethnicity_interaction_visualization - INFO - Added significant interactions for Sri Lanka at DAUID 35202618
2025-04-30 00:18:32,734 - ethnicity_interaction_visualization - INFO - Added significant interactions for China at DAUID 35201294
2025-04-30 00:18:32,734 - ethnicity_interaction_visualization - INFO - Added significant interactions for India at DAUID 35201294
2025-04-30 00:18:32,734 - ethnicity_interaction_visualization - INFO - Added significant interactions for Philippines at DAUID 35201294
2025-04-30 00:18:32,735 - ethnicity_interaction_visualization - INFO - Added significant interactions for Portugal at DAUID 35201294
2025-04-30 00:18:32,735 - ethnicity_interaction_visualization - INFO - Added significant interactions for Sri Lanka at DAUID 35201294
2025-04-30 00:18:32,735 - ethnicity_interaction_visualization - INFO - Added significant interactions for China at DAUID 35201839
2025-04-30 00:18:32,735 - ethnicity_interaction_visualization - INFO - Added significant interactions for India at DAUID 35201839
2025-04-30 00:18:32,735 - ethnicity_interaction_visualization - INFO - Added significant interactions for Philippines at DAUID 35201839
2025-04-30 00:18:32,735 - ethnicity_interaction_visualization - INFO - Added significant interactions for Portugal at DAUID 35201839
2025-04-30 00:18:32,735 - ethnicity_interaction_visualization - INFO - Added significant interactions for Sri Lanka at DAUID 35201839
2025-04-30 00:18:32,735 - ethnicity_interaction_visualization - INFO - Added significant interactions for China at DAUID 35204538
2025-04-30 00:18:32,735 - ethnicity_interaction_visualization - INFO - Added significant interactions for India at DAUID 35204538
2025-04-30 00:18:32,735 - ethnicity_interaction_visualization - INFO - Added significant interactions for Philippines at DAUID 35204538
2025-04-30 00:18:32,735 - ethnicity_interaction_visualization - INFO - Added significant interactions for Portugal at DAUID 35204538
2025-04-30 00:18:32,735 - ethnicity_interaction_visualization - INFO - Added significant interactions for Sri Lanka at DAUID 35204538
2025-04-30 00:18:32,735 - ethnicity_interaction_visualization - INFO - Added significant interactions for China at DAUID 35204466
2025-04-30 00:18:32,735 - ethnicity_interaction_visualization - INFO - Added significant interactions for India at DAUID 35204466
2025-04-30 00:18:32,735 - ethnicity_interaction_visualization - INFO - Added significant interactions for Philippines at DAUID 35204466
2025-04-30 00:18:32,736 - ethnicity_interaction_visualization - INFO - Added significant interactions for Portugal at DAUID 35204466
2025-04-30 00:18:32,736 - ethnicity_interaction_visualization - INFO - Added significant interactions for Sri Lanka at DAUID 35204466
2025-04-30 00:18:32,736 - ethnicity_interaction_visualization - INFO - Added significant interactions for China at DAUID 35204808
2025-04-30 00:18:32,736 - ethnicity_interaction_visualization - INFO - Added significant interactions for India at DAUID 35204808
2025-04-30 00:18:32,736 - ethnicity_interaction_visualization - INFO - Added significant interactions for Philippines at DAUID 35204808
2025-04-30 00:18:32,736 - ethnicity_interaction_visualization - INFO - Added significant interactions for Portugal at DAUID 35204808
2025-04-30 00:18:32,736 - ethnicity_interaction_visualization - INFO - Added significant interactions for Sri Lanka at DAUID 35204808
2025-04-30 00:18:32,736 - ethnicity_interaction_visualization - INFO - Added significant interactions for China at DAUID 35200957
2025-04-30 00:18:32,736 - ethnicity_interaction_visualization - INFO - Added significant interactions for India at DAUID 35200957
2025-04-30 00:18:32,736 - ethnicity_interaction_visualization - INFO - Added significant interactions for Philippines at DAUID 35200957
2025-04-30 00:18:32,736 - ethnicity_interaction_visualization - INFO - Added significant interactions for Portugal at DAUID 35200957
2025-04-30 00:18:32,736 - ethnicity_interaction_visualization - INFO - Added significant interactions for Sri Lanka at DAUID 35200957
2025-04-30 00:18:32,736 - ethnicity_interaction_visualization - INFO - Added significant interactions for China at DAUID 35200186
2025-04-30 00:18:32,736 - ethnicity_interaction_visualization - INFO - Added significant interactions for India at DAUID 35200186
2025-04-30 00:18:32,736 - ethnicity_interaction_visualization - INFO - Added significant interactions for Philippines at DAUID 35200186
2025-04-30 00:18:32,736 - ethnicity_interaction_visualization - INFO - Added significant interactions for Portugal at DAUID 35200186
2025-04-30 00:18:32,736 - ethnicity_interaction_visualization - INFO - Added significant interactions for Sri Lanka at DAUID 35200186
2025-04-30 00:18:32,737 - ethnicity_interaction_visualization - INFO - Added significant interactions for China at DAUID 35203734
2025-04-30 00:18:32,737 - ethnicity_interaction_visualization - INFO - Added significant interactions for India at DAUID 35203734
2025-04-30 00:18:32,737 - ethnicity_interaction_visualization - INFO - Added significant interactions for Philippines at DAUID 35203734
2025-04-30 00:18:32,737 - ethnicity_interaction_visualization - INFO - Added significant interactions for Portugal at DAUID 35203734
2025-04-30 00:18:32,737 - ethnicity_interaction_visualization - INFO - Added significant interactions for Sri Lanka at DAUID 35203734
2025-04-30 00:18:32,737 - ethnicity_interaction_visualization - INFO - Added significant interactions for China at DAUID 35202787
2025-04-30 00:18:32,737 - ethnicity_interaction_visualization - INFO - Added significant interactions for India at DAUID 35202787
2025-04-30 00:18:32,737 - ethnicity_interaction_visualization - INFO - Added significant interactions for Philippines at DAUID 35202787
2025-04-30 00:18:32,737 - ethnicity_interaction_visualization - INFO - Added significant interactions for Portugal at DAUID 35202787
2025-04-30 00:18:32,737 - ethnicity_interaction_visualization - INFO - Added significant interactions for Sri Lanka at DAUID 35202787
2025-04-30 00:18:32,737 - ethnicity_interaction_visualization - INFO - Added significant interactions for China at DAUID 35203958
2025-04-30 00:18:32,738 - ethnicity_interaction_visualization - INFO - Added significant interactions for India at DAUID 35203958
2025-04-30 00:18:32,738 - ethnicity_interaction_visualization - INFO - Added significant interactions for Philippines at DAUID 35203958
2025-04-30 00:18:32,738 - ethnicity_interaction_visualization - INFO - Added significant interactions for Portugal at DAUID 35203958
2025-04-30 00:18:32,738 - ethnicity_interaction_visualization - INFO - Added significant interactions for Sri Lanka at DAUID 35203958
2025-04-30 00:18:32,738 - ethnicity_interaction_visualization - INFO - Added significant interactions for China at DAUID 35202036
2025-04-30 00:18:32,738 - ethnicity_interaction_visualization - INFO - Added significant interactions for India at DAUID 35202036
2025-04-30 00:18:32,738 - ethnicity_interaction_visualization - INFO - Added significant interactions for Philippines at DAUID 35202036
2025-04-30 00:18:32,738 - ethnicity_interaction_visualization - INFO - Added significant interactions for Portugal at DAUID 35202036
2025-04-30 00:18:32,738 - ethnicity_interaction_visualization - INFO - Added significant interactions for Sri Lanka at DAUID 35202036
2025-04-30 00:18:32,738 - ethnicity_interaction_visualization - INFO - Added significant interactions for China at DAUID 35203976
2025-04-30 00:18:32,738 - ethnicity_interaction_visualization - INFO - Added significant interactions for India at DAUID 35203976
2025-04-30 00:18:32,739 - ethnicity_interaction_visualization - INFO - Added significant interactions for Philippines at DAUID 35203976
2025-04-30 00:18:32,739 - ethnicity_interaction_visualization - INFO - Added significant interactions for Portugal at DAUID 35203976
2025-04-30 00:18:32,739 - ethnicity_interaction_visualization - INFO - Added significant interactions for Sri Lanka at DAUID 35203976
2025-04-30 00:18:32,739 - ethnicity_interaction_visualization - INFO - Added significant interactions for China at DAUID 35202299
2025-04-30 00:18:32,739 - ethnicity_interaction_visualization - INFO - Added significant interactions for India at DAUID 35202299
2025-04-30 00:18:32,739 - ethnicity_interaction_visualization - INFO - Added significant interactions for Philippines at DAUID 35202299
2025-04-30 00:18:32,739 - ethnicity_interaction_visualization - INFO - Added significant interactions for Portugal at DAUID 35202299
2025-04-30 00:18:32,739 - ethnicity_interaction_visualization - INFO - Added significant interactions for Sri Lanka at DAUID 35202299
2025-04-30 00:18:32,739 - ethnicity_interaction_visualization - INFO - Added significant interactions for China at DAUID 35204355
2025-04-30 00:18:32,739 - ethnicity_interaction_visualization - INFO - Added significant interactions for India at DAUID 35204355
2025-04-30 00:18:32,739 - ethnicity_interaction_visualization - INFO - Added significant interactions for Philippines at DAUID 35204355
2025-04-30 00:18:32,739 - ethnicity_interaction_visualization - INFO - Added significant interactions for Portugal at DAUID 35204355
2025-04-30 00:18:32,739 - ethnicity_interaction_visualization - INFO - Added significant interactions for Sri Lanka at DAUID 35204355
2025-04-30 00:18:32,740 - ethnicity_interaction_visualization - INFO - Added significant interactions for China at DAUID 35203315
2025-04-30 00:18:32,740 - ethnicity_interaction_visualization - INFO - Added significant interactions for India at DAUID 35203315
2025-04-30 00:18:32,740 - ethnicity_interaction_visualization - INFO - Added significant interactions for Philippines at DAUID 35203315
2025-04-30 00:18:32,740 - ethnicity_interaction_visualization - INFO - Added significant interactions for Portugal at DAUID 35203315
2025-04-30 00:18:32,740 - ethnicity_interaction_visualization - INFO - Added significant interactions for Sri Lanka at DAUID 35203315
2025-04-30 00:18:32,740 - ethnicity_interaction_visualization - INFO - Added significant interactions for China at DAUID 35200717
2025-04-30 00:18:32,740 - ethnicity_interaction_visualization - INFO - Added significant interactions for India at DAUID 35200717
2025-04-30 00:18:32,740 - ethnicity_interaction_visualization - INFO - Added significant interactions for Philippines at DAUID 35200717
2025-04-30 00:18:32,740 - ethnicity_interaction_visualization - INFO - Added significant interactions for Portugal at DAUID 35200717
2025-04-30 00:18:32,740 - ethnicity_interaction_visualization - INFO - Added significant interactions for Sri Lanka at DAUID 35200717
2025-04-30 00:18:32,740 - ethnicity_interaction_visualization - INFO - Added significant interactions for China at DAUID 35201471
2025-04-30 00:18:32,740 - ethnicity_interaction_visualization - INFO - Added significant interactions for India at DAUID 35201471
2025-04-30 00:18:32,740 - ethnicity_interaction_visualization - INFO - Added significant interactions for Philippines at DAUID 35201471
2025-04-30 00:18:32,741 - ethnicity_interaction_visualization - INFO - Added significant interactions for Portugal at DAUID 35201471
2025-04-30 00:18:32,741 - ethnicity_interaction_visualization - INFO - Added significant interactions for Sri Lanka at DAUID 35201471
2025-04-30 00:18:32,741 - ethnicity_interaction_visualization - INFO - Added significant interactions for China at DAUID 35200094
2025-04-30 00:18:32,741 - ethnicity_interaction_visualization - INFO - Added significant interactions for India at DAUID 35200094
2025-04-30 00:18:32,741 - ethnicity_interaction_visualization - INFO - Added significant interactions for Philippines at DAUID 35200094
2025-04-30 00:18:32,741 - ethnicity_interaction_visualization - INFO - Added significant interactions for Portugal at DAUID 35200094
2025-04-30 00:18:32,741 - ethnicity_interaction_visualization - INFO - Added significant interactions for Sri Lanka at DAUID 35200094
2025-04-30 00:18:32,741 - ethnicity_interaction_visualization - INFO - Added significant interactions for China at DAUID 35204930
2025-04-30 00:18:32,741 - ethnicity_interaction_visualization - INFO - Added significant interactions for India at DAUID 35204930
2025-04-30 00:18:32,741 - ethnicity_interaction_visualization - INFO - Added significant interactions for Philippines at DAUID 35204930
2025-04-30 00:18:32,741 - ethnicity_interaction_visualization - INFO - Added significant interactions for Portugal at DAUID 35204930
2025-04-30 00:18:32,741 - ethnicity_interaction_visualization - INFO - Added significant interactions for Sri Lanka at DAUID 35204930
2025-04-30 00:18:32,741 - ethnicity_interaction_visualization - INFO - Added significant interactions for China at DAUID 35202392
2025-04-30 00:18:32,741 - ethnicity_interaction_visualization - INFO - Added significant interactions for India at DAUID 35202392
2025-04-30 00:18:32,742 - ethnicity_interaction_visualization - INFO - Added significant interactions for Philippines at DAUID 35202392
2025-04-30 00:18:32,742 - ethnicity_interaction_visualization - INFO - Added significant interactions for Portugal at DAUID 35202392
2025-04-30 00:18:32,742 - ethnicity_interaction_visualization - INFO - Added significant interactions for Sri Lanka at DAUID 35202392
2025-04-30 00:18:32,742 - ethnicity_interaction_visualization - INFO - Added significant interactions for China at DAUID 35203617
2025-04-30 00:18:32,742 - ethnicity_interaction_visualization - INFO - Added significant interactions for India at DAUID 35203617
2025-04-30 00:18:32,742 - ethnicity_interaction_visualization - INFO - Added significant interactions for Philippines at DAUID 35203617
2025-04-30 00:18:32,742 - ethnicity_interaction_visualization - INFO - Added significant interactions for Portugal at DAUID 35203617
2025-04-30 00:18:32,742 - ethnicity_interaction_visualization - INFO - Added significant interactions for Sri Lanka at DAUID 35203617
2025-04-30 00:18:32,742 - ethnicity_interaction_visualization - INFO - Added significant interactions for China at DAUID 35200480
2025-04-30 00:18:32,742 - ethnicity_interaction_visualization - INFO - Added significant interactions for India at DAUID 35200480
2025-04-30 00:18:32,742 - ethnicity_interaction_visualization - INFO - Added significant interactions for Philippines at DAUID 35200480
2025-04-30 00:18:32,743 - ethnicity_interaction_visualization - INFO - Added significant interactions for Portugal at DAUID 35200480
2025-04-30 00:18:32,743 - ethnicity_interaction_visualization - INFO - Added significant interactions for Sri Lanka at DAUID 35200480
2025-04-30 00:18:32,743 - ethnicity_interaction_visualization - INFO - Added significant interactions for China at DAUID 35202511
2025-04-30 00:18:32,743 - ethnicity_interaction_visualization - INFO - Added significant interactions for India at DAUID 35202511
2025-04-30 00:18:32,743 - ethnicity_interaction_visualization - INFO - Added significant interactions for Philippines at DAUID 35202511
2025-04-30 00:18:32,743 - ethnicity_interaction_visualization - INFO - Added significant interactions for Portugal at DAUID 35202511
2025-04-30 00:18:32,743 - ethnicity_interaction_visualization - INFO - Added significant interactions for Sri Lanka at DAUID 35202511
2025-04-30 00:18:32,743 - ethnicity_interaction_visualization - INFO - Added significant interactions for China at DAUID 35201832
2025-04-30 00:18:32,743 - ethnicity_interaction_visualization - INFO - Added significant interactions for India at DAUID 35201832
2025-04-30 00:18:32,743 - ethnicity_interaction_visualization - INFO - Added significant interactions for Philippines at DAUID 35201832
2025-04-30 00:18:32,743 - ethnicity_interaction_visualization - INFO - Added significant interactions for Portugal at DAUID 35201832
2025-04-30 00:18:32,743 - ethnicity_interaction_visualization - INFO - Added significant interactions for Sri Lanka at DAUID 35201832
2025-04-30 00:18:32,743 - ethnicity_interaction_visualization - INFO - Added significant interactions for China at DAUID 35203143
2025-04-30 00:18:32,744 - ethnicity_interaction_visualization - INFO - Added significant interactions for India at DAUID 35203143
2025-04-30 00:18:32,744 - ethnicity_interaction_visualization - INFO - Added significant interactions for Philippines at DAUID 35203143
2025-04-30 00:18:32,744 - ethnicity_interaction_visualization - INFO - Added significant interactions for Portugal at DAUID 35203143
2025-04-30 00:18:32,744 - ethnicity_interaction_visualization - INFO - Added significant interactions for Sri Lanka at DAUID 35203143
2025-04-30 00:18:32,744 - ethnicity_interaction_visualization - INFO - Added significant interactions for China at DAUID 35202614
2025-04-30 00:18:32,744 - ethnicity_interaction_visualization - INFO - Added significant interactions for India at DAUID 35202614
2025-04-30 00:18:32,744 - ethnicity_interaction_visualization - INFO - Added significant interactions for Philippines at DAUID 35202614
2025-04-30 00:18:32,744 - ethnicity_interaction_visualization - INFO - Added significant interactions for Portugal at DAUID 35202614
2025-04-30 00:18:32,744 - ethnicity_interaction_visualization - INFO - Added significant interactions for Sri Lanka at DAUID 35202614
2025-04-30 00:18:32,744 - ethnicity_interaction_visualization - INFO - Added significant interactions for China at DAUID 35200707
2025-04-30 00:18:32,744 - ethnicity_interaction_visualization - INFO - Added significant interactions for India at DAUID 35200707
2025-04-30 00:18:32,744 - ethnicity_interaction_visualization - INFO - Added significant interactions for Philippines at DAUID 35200707
2025-04-30 00:18:32,744 - ethnicity_interaction_visualization - INFO - Added significant interactions for Portugal at DAUID 35200707
2025-04-30 00:18:32,744 - ethnicity_interaction_visualization - INFO - Added significant interactions for Sri Lanka at DAUID 35200707
2025-04-30 00:18:32,744 - ethnicity_interaction_visualization - INFO - Added significant interactions for China at DAUID 35203873
2025-04-30 00:18:32,744 - ethnicity_interaction_visualization - INFO - Added significant interactions for India at DAUID 35203873
2025-04-30 00:18:32,745 - ethnicity_interaction_visualization - INFO - Added significant interactions for Philippines at DAUID 35203873
2025-04-30 00:18:32,745 - ethnicity_interaction_visualization - INFO - Added significant interactions for Portugal at DAUID 35203873
2025-04-30 00:18:32,745 - ethnicity_interaction_visualization - INFO - Added significant interactions for Sri Lanka at DAUID 35203873
2025-04-30 00:18:32,745 - ethnicity_interaction_visualization - INFO - Added significant interactions for China at DAUID 35200070
2025-04-30 00:18:32,745 - ethnicity_interaction_visualization - INFO - Added significant interactions for India at DAUID 35200070
2025-04-30 00:18:32,745 - ethnicity_interaction_visualization - INFO - Added significant interactions for Philippines at DAUID 35200070
2025-04-30 00:18:32,745 - ethnicity_interaction_visualization - INFO - Added significant interactions for Portugal at DAUID 35200070
2025-04-30 00:18:32,745 - ethnicity_interaction_visualization - INFO - Added significant interactions for Sri Lanka at DAUID 35200070
2025-04-30 00:18:32,745 - ethnicity_interaction_visualization - INFO - Added significant interactions for China at DAUID 35200488
2025-04-30 00:18:32,746 - ethnicity_interaction_visualization - INFO - Added significant interactions for India at DAUID 35200488
2025-04-30 00:18:32,746 - ethnicity_interaction_visualization - INFO - Added significant interactions for Philippines at DAUID 35200488
2025-04-30 00:18:32,746 - ethnicity_interaction_visualization - INFO - Added significant interactions for Portugal at DAUID 35200488
2025-04-30 00:18:32,746 - ethnicity_interaction_visualization - INFO - Added significant interactions for Sri Lanka at DAUID 35200488
2025-04-30 00:18:32,746 - ethnicity_interaction_visualization - INFO - Added significant interactions for China at DAUID 35200036
2025-04-30 00:18:32,746 - ethnicity_interaction_visualization - INFO - Added significant interactions for India at DAUID 35200036
2025-04-30 00:18:32,746 - ethnicity_interaction_visualization - INFO - Added significant interactions for Philippines at DAUID 35200036
2025-04-30 00:18:32,746 - ethnicity_interaction_visualization - INFO - Added significant interactions for Portugal at DAUID 35200036
2025-04-30 00:18:32,746 - ethnicity_interaction_visualization - INFO - Added significant interactions for Sri Lanka at DAUID 35200036
2025-04-30 00:18:32,746 - ethnicity_interaction_visualization - INFO - Added significant interactions for China at DAUID 35201408
2025-04-30 00:18:32,746 - ethnicity_interaction_visualization - INFO - Added significant interactions for India at DAUID 35201408
2025-04-30 00:18:32,746 - ethnicity_interaction_visualization - INFO - Added significant interactions for Philippines at DAUID 35201408
2025-04-30 00:18:32,746 - ethnicity_interaction_visualization - INFO - Added significant interactions for Portugal at DAUID 35201408
2025-04-30 00:18:32,746 - ethnicity_interaction_visualization - INFO - Added significant interactions for Sri Lanka at DAUID 35201408
2025-04-30 00:18:32,746 - ethnicity_interaction_visualization - INFO - Added significant interactions for China at DAUID 35200691
2025-04-30 00:18:32,746 - ethnicity_interaction_visualization - INFO - Added significant interactions for India at DAUID 35200691
2025-04-30 00:18:32,746 - ethnicity_interaction_visualization - INFO - Added significant interactions for Philippines at DAUID 35200691
2025-04-30 00:18:32,746 - ethnicity_interaction_visualization - INFO - Added significant interactions for Portugal at DAUID 35200691
2025-04-30 00:18:32,748 - ethnicity_interaction_visualization - INFO - Added significant interactions for Sri Lanka at DAUID 35200691
2025-04-30 00:18:32,748 - ethnicity_interaction_visualization - INFO - Added significant interactions for China at DAUID 35203682
2025-04-30 00:18:32,748 - ethnicity_interaction_visualization - INFO - Added significant interactions for India at DAUID 35203682
2025-04-30 00:18:32,748 - ethnicity_interaction_visualization - INFO - Added significant interactions for Philippines at DAUID 35203682
2025-04-30 00:18:32,748 - ethnicity_interaction_visualization - INFO - Added significant interactions for Portugal at DAUID 35203682
2025-04-30 00:18:32,748 - ethnicity_interaction_visualization - INFO - Added significant interactions for Sri Lanka at DAUID 35203682
2025-04-30 00:18:32,748 - ethnicity_interaction_visualization - INFO - Added significant interactions for China at DAUID 35205002
2025-04-30 00:18:32,748 - ethnicity_interaction_visualization - INFO - Added significant interactions for India at DAUID 35205002
2025-04-30 00:18:32,748 - ethnicity_interaction_visualization - INFO - Added significant interactions for Philippines at DAUID 35205002
2025-04-30 00:18:32,748 - ethnicity_interaction_visualization - INFO - Added significant interactions for Portugal at DAUID 35205002
2025-04-30 00:18:32,748 - ethnicity_interaction_visualization - INFO - Added significant interactions for Sri Lanka at DAUID 35205002
2025-04-30 00:18:32,748 - ethnicity_interaction_visualization - INFO - Added significant interactions for China at DAUID 35203458
2025-04-30 00:18:32,748 - ethnicity_interaction_visualization - INFO - Added significant interactions for India at DAUID 35203458
2025-04-30 00:18:32,748 - ethnicity_interaction_visualization - INFO - Added significant interactions for Philippines at DAUID 35203458
2025-04-30 00:18:32,748 - ethnicity_interaction_visualization - INFO - Added significant interactions for Portugal at DAUID 35203458
2025-04-30 00:18:32,748 - ethnicity_interaction_visualization - INFO - Added significant interactions for Sri Lanka at DAUID 35203458
2025-04-30 00:18:32,749 - ethnicity_interaction_visualization - INFO - Added significant interactions for China at DAUID 35203889
2025-04-30 00:18:32,749 - ethnicity_interaction_visualization - INFO - Added significant interactions for India at DAUID 35203889
2025-04-30 00:18:32,749 - ethnicity_interaction_visualization - INFO - Added significant interactions for Philippines at DAUID 35203889
2025-04-30 00:18:32,749 - ethnicity_interaction_visualization - INFO - Added significant interactions for Portugal at DAUID 35203889
2025-04-30 00:18:32,749 - ethnicity_interaction_visualization - INFO - Added significant interactions for Sri Lanka at DAUID 35203889
2025-04-30 00:18:32,749 - ethnicity_interaction_visualization - INFO - Added significant interactions for China at DAUID 35201405
2025-04-30 00:18:32,749 - ethnicity_interaction_visualization - INFO - Added significant interactions for India at DAUID 35201405
2025-04-30 00:18:32,749 - ethnicity_interaction_visualization - INFO - Added significant interactions for Philippines at DAUID 35201405
2025-04-30 00:18:32,749 - ethnicity_interaction_visualization - INFO - Added significant interactions for Portugal at DAUID 35201405
2025-04-30 00:18:32,749 - ethnicity_interaction_visualization - INFO - Added significant interactions for Sri Lanka at DAUID 35201405
2025-04-30 00:18:32,749 - ethnicity_interaction_visualization - INFO - Added significant interactions for China at DAUID 35202447
2025-04-30 00:18:32,749 - ethnicity_interaction_visualization - INFO - Added significant interactions for India at DAUID 35202447
2025-04-30 00:18:32,749 - ethnicity_interaction_visualization - INFO - Added significant interactions for Philippines at DAUID 35202447
2025-04-30 00:18:32,749 - ethnicity_interaction_visualization - INFO - Added significant interactions for Portugal at DAUID 35202447
2025-04-30 00:18:32,749 - ethnicity_interaction_visualization - INFO - Added significant interactions for Sri Lanka at DAUID 35202447
2025-04-30 00:18:32,750 - ethnicity_interaction_visualization - INFO - Added significant interactions for China at DAUID 35204839
2025-04-30 00:18:32,750 - ethnicity_interaction_visualization - INFO - Added significant interactions for India at DAUID 35204839
2025-04-30 00:18:32,750 - ethnicity_interaction_visualization - INFO - Added significant interactions for Philippines at DAUID 35204839
2025-04-30 00:18:32,750 - ethnicity_interaction_visualization - INFO - Added significant interactions for Portugal at DAUID 35204839
2025-04-30 00:18:32,750 - ethnicity_interaction_visualization - INFO - Added significant interactions for Sri Lanka at DAUID 35204839
2025-04-30 00:18:32,750 - ethnicity_interaction_visualization - INFO - Added significant interactions for China at DAUID 35204544
2025-04-30 00:18:32,750 - ethnicity_interaction_visualization - INFO - Added significant interactions for India at DAUID 35204544
2025-04-30 00:18:32,750 - ethnicity_interaction_visualization - INFO - Added significant interactions for Philippines at DAUID 35204544
2025-04-30 00:18:32,750 - ethnicity_interaction_visualization - INFO - Added significant interactions for Portugal at DAUID 35204544
2025-04-30 00:18:32,750 - ethnicity_interaction_visualization - INFO - Added significant interactions for Sri Lanka at DAUID 35204544
2025-04-30 00:18:32,751 - ethnicity_interaction_visualization - INFO - Added significant interactions for China at DAUID 35201732
2025-04-30 00:18:32,751 - ethnicity_interaction_visualization - INFO - Added significant interactions for India at DAUID 35201732
2025-04-30 00:18:32,751 - ethnicity_interaction_visualization - INFO - Added significant interactions for Philippines at DAUID 35201732
2025-04-30 00:18:32,751 - ethnicity_interaction_visualization - INFO - Added significant interactions for Portugal at DAUID 35201732
2025-04-30 00:18:32,751 - ethnicity_interaction_visualization - INFO - Added significant interactions for Sri Lanka at DAUID 35201732
2025-04-30 00:18:32,751 - ethnicity_interaction_visualization - INFO - Added significant interactions for China at DAUID 35200386
2025-04-30 00:18:32,751 - ethnicity_interaction_visualization - INFO - Added significant interactions for India at DAUID 35200386
2025-04-30 00:18:32,751 - ethnicity_interaction_visualization - INFO - Added significant interactions for Philippines at DAUID 35200386
2025-04-30 00:18:32,751 - ethnicity_interaction_visualization - INFO - Added significant interactions for Portugal at DAUID 35200386
2025-04-30 00:18:32,751 - ethnicity_interaction_visualization - INFO - Added significant interactions for Sri Lanka at DAUID 35200386
2025-04-30 00:18:32,751 - ethnicity_interaction_visualization - INFO - Added significant interactions for China at DAUID 35202799
2025-04-30 00:18:32,751 - ethnicity_interaction_visualization - INFO - Added significant interactions for India at DAUID 35202799
2025-04-30 00:18:32,751 - ethnicity_interaction_visualization - INFO - Added significant interactions for Philippines at DAUID 35202799
2025-04-30 00:18:32,751 - ethnicity_interaction_visualization - INFO - Added significant interactions for Portugal at DAUID 35202799
2025-04-30 00:18:32,752 - ethnicity_interaction_visualization - INFO - Added significant interactions for Sri Lanka at DAUID 35202799
2025-04-30 00:18:32,752 - ethnicity_interaction_visualization - INFO - Added significant interactions for China at DAUID 35204863
2025-04-30 00:18:32,752 - ethnicity_interaction_visualization - INFO - Added significant interactions for India at DAUID 35204863
2025-04-30 00:18:32,752 - ethnicity_interaction_visualization - INFO - Added significant interactions for Philippines at DAUID 35204863
2025-04-30 00:18:32,752 - ethnicity_interaction_visualization - INFO - Added significant interactions for Portugal at DAUID 35204863
2025-04-30 00:18:32,752 - ethnicity_interaction_visualization - INFO - Added significant interactions for Sri Lanka at DAUID 35204863
2025-04-30 00:18:32,752 - ethnicity_interaction_visualization - INFO - Added significant interactions for China at DAUID 35203236
2025-04-30 00:18:32,752 - ethnicity_interaction_visualization - INFO - Added significant interactions for India at DAUID 35203236
2025-04-30 00:18:32,752 - ethnicity_interaction_visualization - INFO - Added significant interactions for Philippines at DAUID 35203236
2025-04-30 00:18:32,752 - ethnicity_interaction_visualization - INFO - Added significant interactions for Portugal at DAUID 35203236
2025-04-30 00:18:32,752 - ethnicity_interaction_visualization - INFO - Added significant interactions for Sri Lanka at DAUID 35203236
2025-04-30 00:18:32,752 - ethnicity_interaction_visualization - INFO - Added significant interactions for China at DAUID 35204918
2025-04-30 00:18:32,752 - ethnicity_interaction_visualization - INFO - Added significant interactions for India at DAUID 35204918
2025-04-30 00:18:32,752 - ethnicity_interaction_visualization - INFO - Added significant interactions for Philippines at DAUID 35204918
2025-04-30 00:18:32,753 - ethnicity_interaction_visualization - INFO - Added significant interactions for Portugal at DAUID 35204918
2025-04-30 00:18:32,753 - ethnicity_interaction_visualization - INFO - Added significant interactions for Sri Lanka at DAUID 35204918
2025-04-30 00:18:32,753 - ethnicity_interaction_visualization - INFO - Added significant interactions for China at DAUID 35201350
2025-04-30 00:18:32,753 - ethnicity_interaction_visualization - INFO - Added significant interactions for India at DAUID 35201350
2025-04-30 00:18:32,753 - ethnicity_interaction_visualization - INFO - Added significant interactions for Philippines at DAUID 35201350
2025-04-30 00:18:32,753 - ethnicity_interaction_visualization - INFO - Added significant interactions for Portugal at DAUID 35201350
2025-04-30 00:18:32,753 - ethnicity_interaction_visualization - INFO - Added significant interactions for Sri Lanka at DAUID 35201350
2025-04-30 00:18:32,753 - ethnicity_interaction_visualization - INFO - Added significant interactions for China at DAUID 35202510
2025-04-30 00:18:32,753 - ethnicity_interaction_visualization - INFO - Added significant interactions for India at DAUID 35202510
2025-04-30 00:18:32,753 - ethnicity_interaction_visualization - INFO - Added significant interactions for Philippines at DAUID 35202510
2025-04-30 00:18:32,753 - ethnicity_interaction_visualization - INFO - Added significant interactions for Portugal at DAUID 35202510
2025-04-30 00:18:32,753 - ethnicity_interaction_visualization - INFO - Added significant interactions for Sri Lanka at DAUID 35202510
2025-04-30 00:18:32,754 - ethnicity_interaction_visualization - INFO - Added significant interactions for China at DAUID 35204813
2025-04-30 00:18:32,754 - ethnicity_interaction_visualization - INFO - Added significant interactions for India at DAUID 35204813
2025-04-30 00:18:32,754 - ethnicity_interaction_visualization - INFO - Added significant interactions for Philippines at DAUID 35204813
2025-04-30 00:18:32,754 - ethnicity_interaction_visualization - INFO - Added significant interactions for Portugal at DAUID 35204813
2025-04-30 00:18:32,754 - ethnicity_interaction_visualization - INFO - Added significant interactions for Sri Lanka at DAUID 35204813
2025-04-30 00:18:32,754 - ethnicity_interaction_visualization - INFO - Added significant interactions for China at DAUID 35201573
2025-04-30 00:18:32,754 - ethnicity_interaction_visualization - INFO - Added significant interactions for India at DAUID 35201573
2025-04-30 00:18:32,755 - ethnicity_interaction_visualization - INFO - Added significant interactions for Philippines at DAUID 35201573
2025-04-30 00:18:32,755 - ethnicity_interaction_visualization - INFO - Added significant interactions for Portugal at DAUID 35201573
2025-04-30 00:18:32,755 - ethnicity_interaction_visualization - INFO - Added significant interactions for Sri Lanka at DAUID 35201573
2025-04-30 00:18:32,755 - ethnicity_interaction_visualization - INFO - Added significant interactions for China at DAUID 35203406
2025-04-30 00:18:32,755 - ethnicity_interaction_visualization - INFO - Added significant interactions for India at DAUID 35203406
2025-04-30 00:18:32,755 - ethnicity_interaction_visualization - INFO - Added significant interactions for Philippines at DAUID 35203406
2025-04-30 00:18:32,755 - ethnicity_interaction_visualization - INFO - Added significant interactions for Portugal at DAUID 35203406
2025-04-30 00:18:32,755 - ethnicity_interaction_visualization - INFO - Added significant interactions for Sri Lanka at DAUID 35203406
2025-04-30 00:18:32,755 - ethnicity_interaction_visualization - INFO - Added significant interactions for China at DAUID 35200918
2025-04-30 00:18:32,755 - ethnicity_interaction_visualization - INFO - Added significant interactions for India at DAUID 35200918
2025-04-30 00:18:32,755 - ethnicity_interaction_visualization - INFO - Added significant interactions for Philippines at DAUID 35200918
2025-04-30 00:18:32,756 - ethnicity_interaction_visualization - INFO - Added significant interactions for Portugal at DAUID 35200918
2025-04-30 00:18:32,756 - ethnicity_interaction_visualization - INFO - Added significant interactions for Sri Lanka at DAUID 35200918
2025-04-30 00:18:32,756 - ethnicity_interaction_visualization - INFO - Added significant interactions for China at DAUID 35203108
2025-04-30 00:18:32,756 - ethnicity_interaction_visualization - INFO - Added significant interactions for India at DAUID 35203108
2025-04-30 00:18:32,756 - ethnicity_interaction_visualization - INFO - Added significant interactions for Philippines at DAUID 35203108
2025-04-30 00:18:32,756 - ethnicity_interaction_visualization - INFO - Added significant interactions for Portugal at DAUID 35203108
2025-04-30 00:18:32,756 - ethnicity_interaction_visualization - INFO - Added significant interactions for Sri Lanka at DAUID 35203108
2025-04-30 00:18:32,756 - ethnicity_interaction_visualization - INFO - Added significant interactions for China at DAUID 35200906
2025-04-30 00:18:32,756 - ethnicity_interaction_visualization - INFO - Added significant interactions for India at DAUID 35200906
2025-04-30 00:18:32,756 - ethnicity_interaction_visualization - INFO - Added significant interactions for Philippines at DAUID 35200906
2025-04-30 00:18:32,756 - ethnicity_interaction_visualization - INFO - Added significant interactions for Portugal at DAUID 35200906
2025-04-30 00:18:32,756 - ethnicity_interaction_visualization - INFO - Added significant interactions for Sri Lanka at DAUID 35200906
2025-04-30 00:18:32,756 - ethnicity_interaction_visualization - INFO - Added significant interactions for China at DAUID 35202951
2025-04-30 00:18:32,756 - ethnicity_interaction_visualization - INFO - Added significant interactions for India at DAUID 35202951
2025-04-30 00:18:32,756 - ethnicity_interaction_visualization - INFO - Added significant interactions for Philippines at DAUID 35202951
2025-04-30 00:18:32,756 - ethnicity_interaction_visualization - INFO - Added significant interactions for Portugal at DAUID 35202951
2025-04-30 00:18:32,756 - ethnicity_interaction_visualization - INFO - Added significant interactions for Sri Lanka at DAUID 35202951
2025-04-30 00:18:32,756 - ethnicity_interaction_visualization - INFO - Added significant interactions for China at DAUID 35205024
2025-04-30 00:18:32,756 - ethnicity_interaction_visualization - INFO - Added significant interactions for India at DAUID 35205024
2025-04-30 00:18:32,756 - ethnicity_interaction_visualization - INFO - Added significant interactions for Philippines at DAUID 35205024
2025-04-30 00:18:32,756 - ethnicity_interaction_visualization - INFO - Added significant interactions for Portugal at DAUID 35205024
2025-04-30 00:18:32,758 - ethnicity_interaction_visualization - INFO - Added significant interactions for Sri Lanka at DAUID 35205024
2025-04-30 00:18:32,758 - ethnicity_interaction_visualization - INFO - Added significant interactions for China at DAUID 35203668
2025-04-30 00:18:32,758 - ethnicity_interaction_visualization - INFO - Added significant interactions for India at DAUID 35203668
2025-04-30 00:18:32,758 - ethnicity_interaction_visualization - INFO - Added significant interactions for Philippines at DAUID 35203668
2025-04-30 00:18:32,758 - ethnicity_interaction_visualization - INFO - Added significant interactions for Portugal at DAUID 35203668
2025-04-30 00:18:32,758 - ethnicity_interaction_visualization - INFO - Added significant interactions for Sri Lanka at DAUID 35203668
2025-04-30 00:18:32,758 - ethnicity_interaction_visualization - INFO - Added significant interactions for China at DAUID 35204339
2025-04-30 00:18:32,758 - ethnicity_interaction_visualization - INFO - Added significant interactions for India at DAUID 35204339
2025-04-30 00:18:32,758 - ethnicity_interaction_visualization - INFO - Added significant interactions for Philippines at DAUID 35204339
2025-04-30 00:18:32,758 - ethnicity_interaction_visualization - INFO - Added significant interactions for Portugal at DAUID 35204339
2025-04-30 00:18:32,758 - ethnicity_interaction_visualization - INFO - Added significant interactions for Sri Lanka at DAUID 35204339
2025-04-30 00:18:32,759 - ethnicity_interaction_visualization - INFO - Added significant interactions for China at DAUID 35200610
2025-04-30 00:18:32,759 - ethnicity_interaction_visualization - INFO - Added significant interactions for India at DAUID 35200610
2025-04-30 00:18:32,759 - ethnicity_interaction_visualization - INFO - Added significant interactions for Philippines at DAUID 35200610
2025-04-30 00:18:32,759 - ethnicity_interaction_visualization - INFO - Added significant interactions for Portugal at DAUID 35200610
2025-04-30 00:18:32,759 - ethnicity_interaction_visualization - INFO - Added significant interactions for Sri Lanka at DAUID 35200610
2025-04-30 00:18:32,759 - ethnicity_interaction_visualization - INFO - Added significant interactions for China at DAUID 35203576
2025-04-30 00:18:32,759 - ethnicity_interaction_visualization - INFO - Added significant interactions for India at DAUID 35203576
2025-04-30 00:18:32,759 - ethnicity_interaction_visualization - INFO - Added significant interactions for Philippines at DAUID 35203576
2025-04-30 00:18:32,759 - ethnicity_interaction_visualization - INFO - Added significant interactions for Portugal at DAUID 35203576
2025-04-30 00:18:32,759 - ethnicity_interaction_visualization - INFO - Added significant interactions for Sri Lanka at DAUID 35203576
2025-04-30 00:18:32,760 - ethnicity_interaction_visualization - INFO - Added significant interactions for China at DAUID 35203170
2025-04-30 00:18:32,760 - ethnicity_interaction_visualization - INFO - Added significant interactions for India at DAUID 35203170
2025-04-30 00:18:32,760 - ethnicity_interaction_visualization - INFO - Added significant interactions for Philippines at DAUID 35203170
2025-04-30 00:18:32,760 - ethnicity_interaction_visualization - INFO - Added significant interactions for Portugal at DAUID 35203170
2025-04-30 00:18:32,760 - ethnicity_interaction_visualization - INFO - Added significant interactions for Sri Lanka at DAUID 35203170
2025-04-30 00:18:32,760 - ethnicity_interaction_visualization - INFO - Added significant interactions for China at DAUID 35202478
2025-04-30 00:18:32,760 - ethnicity_interaction_visualization - INFO - Added significant interactions for India at DAUID 35202478
2025-04-30 00:18:32,760 - ethnicity_interaction_visualization - INFO - Added significant interactions for Philippines at DAUID 35202478
2025-04-30 00:18:32,760 - ethnicity_interaction_visualization - INFO - Added significant interactions for Portugal at DAUID 35202478
2025-04-30 00:18:32,760 - ethnicity_interaction_visualization - INFO - Added significant interactions for Sri Lanka at DAUID 35202478
2025-04-30 00:18:32,760 - ethnicity_interaction_visualization - INFO - Added significant interactions for China at DAUID 35204661
2025-04-30 00:18:32,760 - ethnicity_interaction_visualization - INFO - Added significant interactions for India at DAUID 35204661
2025-04-30 00:18:32,760 - ethnicity_interaction_visualization - INFO - Added significant interactions for Philippines at DAUID 35204661
2025-04-30 00:18:32,761 - ethnicity_interaction_visualization - INFO - Added significant interactions for Portugal at DAUID 35204661
2025-04-30 00:18:32,761 - ethnicity_interaction_visualization - INFO - Added significant interactions for Sri Lanka at DAUID 35204661
2025-04-30 00:18:32,761 - ethnicity_interaction_visualization - INFO - Added significant interactions for China at DAUID 35203579
2025-04-30 00:18:32,761 - ethnicity_interaction_visualization - INFO - Added significant interactions for India at DAUID 35203579
2025-04-30 00:18:32,761 - ethnicity_interaction_visualization - INFO - Added significant interactions for Philippines at DAUID 35203579
2025-04-30 00:18:32,761 - ethnicity_interaction_visualization - INFO - Added significant interactions for Portugal at DAUID 35203579
2025-04-30 00:18:32,761 - ethnicity_interaction_visualization - INFO - Added significant interactions for Sri Lanka at DAUID 35203579
2025-04-30 00:18:32,761 - ethnicity_interaction_visualization - INFO - Added significant interactions for China at DAUID 35201597
2025-04-30 00:18:32,761 - ethnicity_interaction_visualization - INFO - Added significant interactions for India at DAUID 35201597
2025-04-30 00:18:32,761 - ethnicity_interaction_visualization - INFO - Added significant interactions for Philippines at DAUID 35201597
2025-04-30 00:18:32,761 - ethnicity_interaction_visualization - INFO - Added significant interactions for Portugal at DAUID 35201597
2025-04-30 00:18:32,761 - ethnicity_interaction_visualization - INFO - Added significant interactions for Sri Lanka at DAUID 35201597
2025-04-30 00:18:32,761 - ethnicity_interaction_visualization - INFO - Added significant interactions for China at DAUID 35203330
2025-04-30 00:18:32,761 - ethnicity_interaction_visualization - INFO - Added significant interactions for India at DAUID 35203330
2025-04-30 00:18:32,761 - ethnicity_interaction_visualization - INFO - Added significant interactions for Philippines at DAUID 35203330
2025-04-30 00:18:32,761 - ethnicity_interaction_visualization - INFO - Added significant interactions for Portugal at DAUID 35203330
2025-04-30 00:18:32,762 - ethnicity_interaction_visualization - INFO - Added significant interactions for Sri Lanka at DAUID 35203330
2025-04-30 00:18:32,762 - ethnicity_interaction_visualization - INFO - Added significant interactions for China at DAUID 35201331
2025-04-30 00:18:32,762 - ethnicity_interaction_visualization - INFO - Added significant interactions for India at DAUID 35201331
2025-04-30 00:18:32,762 - ethnicity_interaction_visualization - INFO - Added significant interactions for Philippines at DAUID 35201331
2025-04-30 00:18:32,762 - ethnicity_interaction_visualization - INFO - Added significant interactions for Portugal at DAUID 35201331
2025-04-30 00:18:32,762 - ethnicity_interaction_visualization - INFO - Added significant interactions for Sri Lanka at DAUID 35201331
2025-04-30 00:18:32,762 - ethnicity_interaction_visualization - INFO - Added significant interactions for China at DAUID 35204498
2025-04-30 00:18:32,762 - ethnicity_interaction_visualization - INFO - Added significant interactions for India at DAUID 35204498
2025-04-30 00:18:32,762 - ethnicity_interaction_visualization - INFO - Added significant interactions for Philippines at DAUID 35204498
2025-04-30 00:18:32,762 - ethnicity_interaction_visualization - INFO - Added significant interactions for Portugal at DAUID 35204498
2025-04-30 00:18:32,762 - ethnicity_interaction_visualization - INFO - Added significant interactions for Sri Lanka at DAUID 35204498
2025-04-30 00:18:32,762 - ethnicity_interaction_visualization - INFO - Added significant interactions for China at DAUID 35204554
2025-04-30 00:18:32,762 - ethnicity_interaction_visualization - INFO - Added significant interactions for India at DAUID 35204554
2025-04-30 00:18:32,762 - ethnicity_interaction_visualization - INFO - Added significant interactions for Philippines at DAUID 35204554
2025-04-30 00:18:32,762 - ethnicity_interaction_visualization - INFO - Added significant interactions for Portugal at DAUID 35204554
2025-04-30 00:18:32,762 - ethnicity_interaction_visualization - INFO - Added significant interactions for Sri Lanka at DAUID 35204554
2025-04-30 00:18:32,762 - ethnicity_interaction_visualization - INFO - Added significant interactions for China at DAUID 35200520
2025-04-30 00:18:32,763 - ethnicity_interaction_visualization - INFO - Added significant interactions for India at DAUID 35200520
2025-04-30 00:18:32,763 - ethnicity_interaction_visualization - INFO - Added significant interactions for Philippines at DAUID 35200520
2025-04-30 00:18:32,763 - ethnicity_interaction_visualization - INFO - Added significant interactions for Portugal at DAUID 35200520
2025-04-30 00:18:32,763 - ethnicity_interaction_visualization - INFO - Added significant interactions for Sri Lanka at DAUID 35200520
2025-04-30 00:18:32,763 - ethnicity_interaction_visualization - INFO - Added significant interactions for China at DAUID 35203881
2025-04-30 00:18:32,763 - ethnicity_interaction_visualization - INFO - Added significant interactions for India at DAUID 35203881
2025-04-30 00:18:32,763 - ethnicity_interaction_visualization - INFO - Added significant interactions for Philippines at DAUID 35203881
2025-04-30 00:18:32,763 - ethnicity_interaction_visualization - INFO - Added significant interactions for Portugal at DAUID 35203881
2025-04-30 00:18:32,763 - ethnicity_interaction_visualization - INFO - Added significant interactions for Sri Lanka at DAUID 35203881
2025-04-30 00:18:32,763 - ethnicity_interaction_visualization - INFO - Added significant interactions for China at DAUID 35201279
2025-04-30 00:18:32,764 - ethnicity_interaction_visualization - INFO - Added significant interactions for India at DAUID 35201279
2025-04-30 00:18:32,764 - ethnicity_interaction_visualization - INFO - Added significant interactions for Philippines at DAUID 35201279
2025-04-30 00:18:32,764 - ethnicity_interaction_visualization - INFO - Added significant interactions for Portugal at DAUID 35201279
2025-04-30 00:18:32,764 - ethnicity_interaction_visualization - INFO - Added significant interactions for Sri Lanka at DAUID 35201279
2025-04-30 00:18:32,764 - ethnicity_interaction_visualization - INFO - Added significant interactions for China at DAUID 35204327
2025-04-30 00:18:32,764 - ethnicity_interaction_visualization - INFO - Added significant interactions for India at DAUID 35204327
2025-04-30 00:18:32,764 - ethnicity_interaction_visualization - INFO - Added significant interactions for Philippines at DAUID 35204327
2025-04-30 00:18:32,764 - ethnicity_interaction_visualization - INFO - Added significant interactions for Portugal at DAUID 35204327
2025-04-30 00:18:32,764 - ethnicity_interaction_visualization - INFO - Added significant interactions for Sri Lanka at DAUID 35204327
2025-04-30 00:18:32,764 - ethnicity_interaction_visualization - INFO - Added significant interactions for China at DAUID 35201219
2025-04-30 00:18:32,764 - ethnicity_interaction_visualization - INFO - Added significant interactions for India at DAUID 35201219
2025-04-30 00:18:32,764 - ethnicity_interaction_visualization - INFO - Added significant interactions for Philippines at DAUID 35201219
2025-04-30 00:18:32,764 - ethnicity_interaction_visualization - INFO - Added significant interactions for Portugal at DAUID 35201219
2025-04-30 00:18:32,765 - ethnicity_interaction_visualization - INFO - Added significant interactions for Sri Lanka at DAUID 35201219
2025-04-30 00:18:32,765 - ethnicity_interaction_visualization - INFO - Added significant interactions for China at DAUID 35203604
2025-04-30 00:18:32,765 - ethnicity_interaction_visualization - INFO - Added significant interactions for India at DAUID 35203604
2025-04-30 00:18:32,765 - ethnicity_interaction_visualization - INFO - Added significant interactions for Philippines at DAUID 35203604
2025-04-30 00:18:32,765 - ethnicity_interaction_visualization - INFO - Added significant interactions for Portugal at DAUID 35203604
2025-04-30 00:18:32,765 - ethnicity_interaction_visualization - INFO - Added significant interactions for Sri Lanka at DAUID 35203604
2025-04-30 00:18:32,765 - ethnicity_interaction_visualization - INFO - Added significant interactions for China at DAUID 35204181
2025-04-30 00:18:32,765 - ethnicity_interaction_visualization - INFO - Added significant interactions for India at DAUID 35204181
2025-04-30 00:18:32,765 - ethnicity_interaction_visualization - INFO - Added significant interactions for Philippines at DAUID 35204181
2025-04-30 00:18:32,765 - ethnicity_interaction_visualization - INFO - Added significant interactions for Portugal at DAUID 35204181
2025-04-30 00:18:32,765 - ethnicity_interaction_visualization - INFO - Added significant interactions for Sri Lanka at DAUID 35204181
2025-04-30 00:18:32,765 - ethnicity_interaction_visualization - INFO - Added significant interactions for China at DAUID 35202930
2025-04-30 00:18:32,765 - ethnicity_interaction_visualization - INFO - Added significant interactions for India at DAUID 35202930
2025-04-30 00:18:32,765 - ethnicity_interaction_visualization - INFO - Added significant interactions for Philippines at DAUID 35202930
2025-04-30 00:18:32,765 - ethnicity_interaction_visualization - INFO - Added significant interactions for Portugal at DAUID 35202930
2025-04-30 00:18:32,765 - ethnicity_interaction_visualization - INFO - Added significant interactions for Sri Lanka at DAUID 35202930
2025-04-30 00:18:32,766 - ethnicity_interaction_visualization - INFO - Added significant interactions for China at DAUID 35202147
2025-04-30 00:18:32,766 - ethnicity_interaction_visualization - INFO - Added significant interactions for India at DAUID 35202147
2025-04-30 00:18:32,766 - ethnicity_interaction_visualization - INFO - Added significant interactions for Philippines at DAUID 35202147
2025-04-30 00:18:32,766 - ethnicity_interaction_visualization - INFO - Added significant interactions for Portugal at DAUID 35202147
2025-04-30 00:18:32,766 - ethnicity_interaction_visualization - INFO - Added significant interactions for Sri Lanka at DAUID 35202147
2025-04-30 00:18:32,766 - ethnicity_interaction_visualization - INFO - Added significant interactions for China at DAUID 35202018
2025-04-30 00:18:32,766 - ethnicity_interaction_visualization - INFO - Added significant interactions for India at DAUID 35202018
2025-04-30 00:18:32,766 - ethnicity_interaction_visualization - INFO - Added significant interactions for Philippines at DAUID 35202018
2025-04-30 00:18:32,766 - ethnicity_interaction_visualization - INFO - Added significant interactions for Portugal at DAUID 35202018
2025-04-30 00:18:32,766 - ethnicity_interaction_visualization - INFO - Added significant interactions for Sri Lanka at DAUID 35202018
2025-04-30 00:18:32,766 - ethnicity_interaction_visualization - INFO - Added significant interactions for China at DAUID 35203532
2025-04-30 00:18:32,766 - ethnicity_interaction_visualization - INFO - Added significant interactions for India at DAUID 35203532
2025-04-30 00:18:32,766 - ethnicity_interaction_visualization - INFO - Added significant interactions for Philippines at DAUID 35203532
2025-04-30 00:18:32,766 - ethnicity_interaction_visualization - INFO - Added significant interactions for Portugal at DAUID 35203532
2025-04-30 00:18:32,766 - ethnicity_interaction_visualization - INFO - Added significant interactions for Sri Lanka at DAUID 35203532
2025-04-30 00:18:32,767 - ethnicity_interaction_visualization - INFO - Added significant interactions for China at DAUID 35200711
2025-04-30 00:18:32,767 - ethnicity_interaction_visualization - INFO - Added significant interactions for India at DAUID 35200711
2025-04-30 00:18:32,767 - ethnicity_interaction_visualization - INFO - Added significant interactions for Philippines at DAUID 35200711
2025-04-30 00:18:32,767 - ethnicity_interaction_visualization - INFO - Added significant interactions for Portugal at DAUID 35200711
2025-04-30 00:18:32,767 - ethnicity_interaction_visualization - INFO - Added significant interactions for Sri Lanka at DAUID 35200711
2025-04-30 00:18:32,767 - ethnicity_interaction_visualization - INFO - Added significant interactions for China at DAUID 35203416
2025-04-30 00:18:32,767 - ethnicity_interaction_visualization - INFO - Added significant interactions for India at DAUID 35203416
2025-04-30 00:18:32,767 - ethnicity_interaction_visualization - INFO - Added significant interactions for Philippines at DAUID 35203416
2025-04-30 00:18:32,767 - ethnicity_interaction_visualization - INFO - Added significant interactions for Portugal at DAUID 35203416
2025-04-30 00:18:32,767 - ethnicity_interaction_visualization - INFO - Added significant interactions for Sri Lanka at DAUID 35203416
2025-04-30 00:18:32,767 - ethnicity_interaction_visualization - INFO - Added significant interactions for China at DAUID 35202345
2025-04-30 00:18:32,767 - ethnicity_interaction_visualization - INFO - Added significant interactions for India at DAUID 35202345
2025-04-30 00:18:32,768 - ethnicity_interaction_visualization - INFO - Added significant interactions for Philippines at DAUID 35202345
2025-04-30 00:18:32,768 - ethnicity_interaction_visualization - INFO - Added significant interactions for Portugal at DAUID 35202345
2025-04-30 00:18:32,768 - ethnicity_interaction_visualization - INFO - Added significant interactions for Sri Lanka at DAUID 35202345
2025-04-30 00:18:32,768 - ethnicity_interaction_visualization - INFO - Added significant interactions for China at DAUID 35202325
2025-04-30 00:18:32,768 - ethnicity_interaction_visualization - INFO - Added significant interactions for India at DAUID 35202325
2025-04-30 00:18:32,768 - ethnicity_interaction_visualization - INFO - Added significant interactions for Philippines at DAUID 35202325
2025-04-30 00:18:32,768 - ethnicity_interaction_visualization - INFO - Added significant interactions for Portugal at DAUID 35202325
2025-04-30 00:18:32,768 - ethnicity_interaction_visualization - INFO - Added significant interactions for Sri Lanka at DAUID 35202325
2025-04-30 00:18:32,768 - ethnicity_interaction_visualization - INFO - Added significant interactions for China at DAUID 35204284
2025-04-30 00:18:32,769 - ethnicity_interaction_visualization - INFO - Added significant interactions for India at DAUID 35204284
2025-04-30 00:18:32,769 - ethnicity_interaction_visualization - INFO - Added significant interactions for Philippines at DAUID 35204284
2025-04-30 00:18:32,769 - ethnicity_interaction_visualization - INFO - Added significant interactions for Portugal at DAUID 35204284
2025-04-30 00:18:32,769 - ethnicity_interaction_visualization - INFO - Added significant interactions for Sri Lanka at DAUID 35204284
2025-04-30 00:18:32,769 - ethnicity_interaction_visualization - INFO - Added significant interactions for China at DAUID 35204825
2025-04-30 00:18:32,769 - ethnicity_interaction_visualization - INFO - Added significant interactions for India at DAUID 35204825
2025-04-30 00:18:32,769 - ethnicity_interaction_visualization - INFO - Added significant interactions for Philippines at DAUID 35204825
2025-04-30 00:18:32,769 - ethnicity_interaction_visualization - INFO - Added significant interactions for Portugal at DAUID 35204825
2025-04-30 00:18:32,769 - ethnicity_interaction_visualization - INFO - Added significant interactions for Sri Lanka at DAUID 35204825
2025-04-30 00:18:32,769 - ethnicity_interaction_visualization - INFO - Added significant interactions for China at DAUID 35202574
2025-04-30 00:18:32,769 - ethnicity_interaction_visualization - INFO - Added significant interactions for India at DAUID 35202574
2025-04-30 00:18:32,769 - ethnicity_interaction_visualization - INFO - Added significant interactions for Philippines at DAUID 35202574
2025-04-30 00:18:32,770 - ethnicity_interaction_visualization - INFO - Added significant interactions for Portugal at DAUID 35202574
2025-04-30 00:18:32,770 - ethnicity_interaction_visualization - INFO - Added significant interactions for Sri Lanka at DAUID 35202574
2025-04-30 00:18:32,770 - ethnicity_interaction_visualization - INFO - Added significant interactions for China at DAUID 35200454
2025-04-30 00:18:32,770 - ethnicity_interaction_visualization - INFO - Added significant interactions for India at DAUID 35200454
2025-04-30 00:18:32,770 - ethnicity_interaction_visualization - INFO - Added significant interactions for Philippines at DAUID 35200454
2025-04-30 00:18:32,770 - ethnicity_interaction_visualization - INFO - Added significant interactions for Portugal at DAUID 35200454
2025-04-30 00:18:32,770 - ethnicity_interaction_visualization - INFO - Added significant interactions for Sri Lanka at DAUID 35200454
2025-04-30 00:18:32,770 - ethnicity_interaction_visualization - INFO - Added significant interactions for China at DAUID 35201278
2025-04-30 00:18:32,770 - ethnicity_interaction_visualization - INFO - Added significant interactions for India at DAUID 35201278
2025-04-30 00:18:32,770 - ethnicity_interaction_visualization - INFO - Added significant interactions for Philippines at DAUID 35201278
2025-04-30 00:18:32,770 - ethnicity_interaction_visualization - INFO - Added significant interactions for Portugal at DAUID 35201278
2025-04-30 00:18:32,770 - ethnicity_interaction_visualization - INFO - Added significant interactions for Sri Lanka at DAUID 35201278
2025-04-30 00:18:32,770 - ethnicity_interaction_visualization - INFO - Added significant interactions for China at DAUID 35202704
2025-04-30 00:18:32,770 - ethnicity_interaction_visualization - INFO - Added significant interactions for India at DAUID 35202704
2025-04-30 00:18:32,770 - ethnicity_interaction_visualization - INFO - Added significant interactions for Philippines at DAUID 35202704
2025-04-30 00:18:32,771 - ethnicity_interaction_visualization - INFO - Added significant interactions for Portugal at DAUID 35202704
2025-04-30 00:18:32,771 - ethnicity_interaction_visualization - INFO - Added significant interactions for Sri Lanka at DAUID 35202704
2025-04-30 00:18:32,771 - ethnicity_interaction_visualization - INFO - Added significant interactions for China at DAUID 35202356
2025-04-30 00:18:32,771 - ethnicity_interaction_visualization - INFO - Added significant interactions for India at DAUID 35202356
2025-04-30 00:18:32,771 - ethnicity_interaction_visualization - INFO - Added significant interactions for Philippines at DAUID 35202356
2025-04-30 00:18:32,771 - ethnicity_interaction_visualization - INFO - Added significant interactions for Portugal at DAUID 35202356
2025-04-30 00:18:32,771 - ethnicity_interaction_visualization - INFO - Added significant interactions for Sri Lanka at DAUID 35202356
2025-04-30 00:18:32,771 - ethnicity_interaction_visualization - INFO - Added significant interactions for China at DAUID 35202448
2025-04-30 00:18:32,771 - ethnicity_interaction_visualization - INFO - Added significant interactions for India at DAUID 35202448
2025-04-30 00:18:32,771 - ethnicity_interaction_visualization - INFO - Added significant interactions for Philippines at DAUID 35202448
2025-04-30 00:18:32,771 - ethnicity_interaction_visualization - INFO - Added significant interactions for Portugal at DAUID 35202448
2025-04-30 00:18:32,772 - ethnicity_interaction_visualization - INFO - Added significant interactions for Sri Lanka at DAUID 35202448
2025-04-30 00:18:32,772 - ethnicity_interaction_visualization - INFO - Added significant interactions for China at DAUID 35204287
2025-04-30 00:18:32,772 - ethnicity_interaction_visualization - INFO - Added significant interactions for India at DAUID 35204287
2025-04-30 00:18:32,772 - ethnicity_interaction_visualization - INFO - Added significant interactions for Philippines at DAUID 35204287
2025-04-30 00:18:32,772 - ethnicity_interaction_visualization - INFO - Added significant interactions for Portugal at DAUID 35204287
2025-04-30 00:18:32,772 - ethnicity_interaction_visualization - INFO - Added significant interactions for Sri Lanka at DAUID 35204287
2025-04-30 00:18:32,772 - ethnicity_interaction_visualization - INFO - Added significant interactions for China at DAUID 35200606
2025-04-30 00:18:32,772 - ethnicity_interaction_visualization - INFO - Added significant interactions for India at DAUID 35200606
2025-04-30 00:18:32,772 - ethnicity_interaction_visualization - INFO - Added significant interactions for Philippines at DAUID 35200606
2025-04-30 00:18:32,772 - ethnicity_interaction_visualization - INFO - Added significant interactions for Portugal at DAUID 35200606
2025-04-30 00:18:32,772 - ethnicity_interaction_visualization - INFO - Added significant interactions for Sri Lanka at DAUID 35200606
2025-04-30 00:18:32,772 - ethnicity_interaction_visualization - INFO - Added significant interactions for China at DAUID 35204571
2025-04-30 00:18:32,772 - ethnicity_interaction_visualization - INFO - Added significant interactions for India at DAUID 35204571
2025-04-30 00:18:32,773 - ethnicity_interaction_visualization - INFO - Added significant interactions for Philippines at DAUID 35204571
2025-04-30 00:18:32,773 - ethnicity_interaction_visualization - INFO - Added significant interactions for Portugal at DAUID 35204571
2025-04-30 00:18:32,773 - ethnicity_interaction_visualization - INFO - Added significant interactions for Sri Lanka at DAUID 35204571
2025-04-30 00:18:32,773 - ethnicity_interaction_visualization - INFO - Added significant interactions for China at DAUID 35202491
2025-04-30 00:18:32,773 - ethnicity_interaction_visualization - INFO - Added significant interactions for India at DAUID 35202491
2025-04-30 00:18:32,773 - ethnicity_interaction_visualization - INFO - Added significant interactions for Philippines at DAUID 35202491
2025-04-30 00:18:32,773 - ethnicity_interaction_visualization - INFO - Added significant interactions for Portugal at DAUID 35202491
2025-04-30 00:18:32,773 - ethnicity_interaction_visualization - INFO - Added significant interactions for Sri Lanka at DAUID 35202491
2025-04-30 00:18:32,773 - ethnicity_interaction_visualization - INFO - Added significant interactions for China at DAUID 35203054
2025-04-30 00:18:32,773 - ethnicity_interaction_visualization - INFO - Added significant interactions for India at DAUID 35203054
2025-04-30 00:18:32,773 - ethnicity_interaction_visualization - INFO - Added significant interactions for Philippines at DAUID 35203054
2025-04-30 00:18:32,773 - ethnicity_interaction_visualization - INFO - Added significant interactions for Portugal at DAUID 35203054
2025-04-30 00:18:32,773 - ethnicity_interaction_visualization - INFO - Added significant interactions for Sri Lanka at DAUID 35203054
2025-04-30 00:18:32,773 - ethnicity_interaction_visualization - INFO - Added significant interactions for China at DAUID 35200772
2025-04-30 00:18:32,773 - ethnicity_interaction_visualization - INFO - Added significant interactions for India at DAUID 35200772
2025-04-30 00:18:32,773 - ethnicity_interaction_visualization - INFO - Added significant interactions for Philippines at DAUID 35200772
2025-04-30 00:18:32,774 - ethnicity_interaction_visualization - INFO - Added significant interactions for Portugal at DAUID 35200772
2025-04-30 00:18:32,774 - ethnicity_interaction_visualization - INFO - Added significant interactions for Sri Lanka at DAUID 35200772
2025-04-30 00:18:32,774 - ethnicity_interaction_visualization - INFO - Added significant interactions for China at DAUID 35200118
2025-04-30 00:18:32,774 - ethnicity_interaction_visualization - INFO - Added significant interactions for India at DAUID 35200118
2025-04-30 00:18:32,774 - ethnicity_interaction_visualization - INFO - Added significant interactions for Philippines at DAUID 35200118
2025-04-30 00:18:32,774 - ethnicity_interaction_visualization - INFO - Added significant interactions for Portugal at DAUID 35200118
2025-04-30 00:18:32,774 - ethnicity_interaction_visualization - INFO - Added significant interactions for Sri Lanka at DAUID 35200118
2025-04-30 00:18:32,774 - ethnicity_interaction_visualization - INFO - Added significant interactions for China at DAUID 35200516
2025-04-30 00:18:32,774 - ethnicity_interaction_visualization - INFO - Added significant interactions for India at DAUID 35200516
2025-04-30 00:18:32,774 - ethnicity_interaction_visualization - INFO - Added significant interactions for Philippines at DAUID 35200516
2025-04-30 00:18:32,774 - ethnicity_interaction_visualization - INFO - Added significant interactions for Portugal at DAUID 35200516
2025-04-30 00:18:32,774 - ethnicity_interaction_visualization - INFO - Added significant interactions for Sri Lanka at DAUID 35200516
2025-04-30 00:18:32,774 - ethnicity_interaction_visualization - INFO - Added significant interactions for China at DAUID 35204927
2025-04-30 00:18:32,775 - ethnicity_interaction_visualization - INFO - Added significant interactions for India at DAUID 35204927
2025-04-30 00:18:32,775 - ethnicity_interaction_visualization - INFO - Added significant interactions for Philippines at DAUID 35204927
2025-04-30 00:18:32,775 - ethnicity_interaction_visualization - INFO - Added significant interactions for Portugal at DAUID 35204927
2025-04-30 00:18:32,775 - ethnicity_interaction_visualization - INFO - Added significant interactions for Sri Lanka at DAUID 35204927
2025-04-30 00:18:32,775 - ethnicity_interaction_visualization - INFO - Added significant interactions for China at DAUID 35200813
2025-04-30 00:18:32,775 - ethnicity_interaction_visualization - INFO - Added significant interactions for India at DAUID 35200813
2025-04-30 00:18:32,775 - ethnicity_interaction_visualization - INFO - Added significant interactions for Philippines at DAUID 35200813
2025-04-30 00:18:32,775 - ethnicity_interaction_visualization - INFO - Added significant interactions for Portugal at DAUID 35200813
2025-04-30 00:18:32,776 - ethnicity_interaction_visualization - INFO - Added significant interactions for Sri Lanka at DAUID 35200813
2025-04-30 00:18:32,776 - ethnicity_interaction_visualization - INFO - Added significant interactions for China at DAUID 35202772
2025-04-30 00:18:32,776 - ethnicity_interaction_visualization - INFO - Added significant interactions for India at DAUID 35202772
2025-04-30 00:18:32,776 - ethnicity_interaction_visualization - INFO - Added significant interactions for Philippines at DAUID 35202772
2025-04-30 00:18:32,776 - ethnicity_interaction_visualization - INFO - Added significant interactions for Portugal at DAUID 35202772
2025-04-30 00:18:32,776 - ethnicity_interaction_visualization - INFO - Added significant interactions for Sri Lanka at DAUID 35202772
2025-04-30 00:18:32,776 - ethnicity_interaction_visualization - INFO - Added significant interactions for China at DAUID 35204450
2025-04-30 00:18:32,776 - ethnicity_interaction_visualization - INFO - Added significant interactions for India at DAUID 35204450
2025-04-30 00:18:32,776 - ethnicity_interaction_visualization - INFO - Added significant interactions for Philippines at DAUID 35204450
2025-04-30 00:18:32,776 - ethnicity_interaction_visualization - INFO - Added significant interactions for Portugal at DAUID 35204450
2025-04-30 00:18:32,777 - ethnicity_interaction_visualization - INFO - Added significant interactions for Sri Lanka at DAUID 35204450
2025-04-30 00:18:32,777 - ethnicity_interaction_visualization - INFO - Added significant interactions for China at DAUID 35202237
2025-04-30 00:18:32,777 - ethnicity_interaction_visualization - INFO - Added significant interactions for India at DAUID 35202237
2025-04-30 00:18:32,777 - ethnicity_interaction_visualization - INFO - Added significant interactions for Philippines at DAUID 35202237
2025-04-30 00:18:32,777 - ethnicity_interaction_visualization - INFO - Added significant interactions for Portugal at DAUID 35202237
2025-04-30 00:18:32,777 - ethnicity_interaction_visualization - INFO - Added significant interactions for Sri Lanka at DAUID 35202237
2025-04-30 00:18:32,777 - ethnicity_interaction_visualization - INFO - Added significant interactions for China at DAUID 35202418
2025-04-30 00:18:32,777 - ethnicity_interaction_visualization - INFO - Added significant interactions for India at DAUID 35202418
2025-04-30 00:18:32,777 - ethnicity_interaction_visualization - INFO - Added significant interactions for Philippines at DAUID 35202418
2025-04-30 00:18:32,777 - ethnicity_interaction_visualization - INFO - Added significant interactions for Portugal at DAUID 35202418
2025-04-30 00:18:32,777 - ethnicity_interaction_visualization - INFO - Added significant interactions for Sri Lanka at DAUID 35202418
2025-04-30 00:18:32,777 - ethnicity_interaction_visualization - INFO - Added significant interactions for China at DAUID 35204394
2025-04-30 00:18:32,777 - ethnicity_interaction_visualization - INFO - Added significant interactions for India at DAUID 35204394
2025-04-30 00:18:32,777 - ethnicity_interaction_visualization - INFO - Added significant interactions for Philippines at DAUID 35204394
2025-04-30 00:18:32,777 - ethnicity_interaction_visualization - INFO - Added significant interactions for Portugal at DAUID 35204394
2025-04-30 00:18:32,778 - ethnicity_interaction_visualization - INFO - Added significant interactions for Sri Lanka at DAUID 35204394
2025-04-30 00:18:32,778 - ethnicity_interaction_visualization - INFO - Added significant interactions for China at DAUID 35202685
2025-04-30 00:18:32,778 - ethnicity_interaction_visualization - INFO - Added significant interactions for India at DAUID 35202685
2025-04-30 00:18:32,778 - ethnicity_interaction_visualization - INFO - Added significant interactions for Philippines at DAUID 35202685
2025-04-30 00:18:32,778 - ethnicity_interaction_visualization - INFO - Added significant interactions for Portugal at DAUID 35202685
2025-04-30 00:18:32,778 - ethnicity_interaction_visualization - INFO - Added significant interactions for Sri Lanka at DAUID 35202685
2025-04-30 00:18:32,778 - ethnicity_interaction_visualization - INFO - Added significant interactions for China at DAUID 35200996
2025-04-30 00:18:32,778 - ethnicity_interaction_visualization - INFO - Added significant interactions for India at DAUID 35200996
2025-04-30 00:18:32,778 - ethnicity_interaction_visualization - INFO - Added significant interactions for Philippines at DAUID 35200996
2025-04-30 00:18:32,778 - ethnicity_interaction_visualization - INFO - Added significant interactions for Portugal at DAUID 35200996
2025-04-30 00:18:32,778 - ethnicity_interaction_visualization - INFO - Added significant interactions for Sri Lanka at DAUID 35200996
2025-04-30 00:18:32,778 - ethnicity_interaction_visualization - INFO - Added significant interactions for China at DAUID 35203418
2025-04-30 00:18:32,779 - ethnicity_interaction_visualization - INFO - Added significant interactions for India at DAUID 35203418
2025-04-30 00:18:32,779 - ethnicity_interaction_visualization - INFO - Added significant interactions for Philippines at DAUID 35203418
2025-04-30 00:18:32,779 - ethnicity_interaction_visualization - INFO - Added significant interactions for Portugal at DAUID 35203418
2025-04-30 00:18:32,779 - ethnicity_interaction_visualization - INFO - Added significant interactions for Sri Lanka at DAUID 35203418
2025-04-30 00:18:32,779 - ethnicity_interaction_visualization - INFO - Added significant interactions for China at DAUID 35204029
2025-04-30 00:18:32,779 - ethnicity_interaction_visualization - INFO - Added significant interactions for India at DAUID 35204029
2025-04-30 00:18:32,779 - ethnicity_interaction_visualization - INFO - Added significant interactions for Philippines at DAUID 35204029
2025-04-30 00:18:32,779 - ethnicity_interaction_visualization - INFO - Added significant interactions for Portugal at DAUID 35204029
2025-04-30 00:18:32,779 - ethnicity_interaction_visualization - INFO - Added significant interactions for Sri Lanka at DAUID 35204029
2025-04-30 00:18:32,779 - ethnicity_interaction_visualization - INFO - Added significant interactions for China at DAUID 35202675
2025-04-30 00:18:32,779 - ethnicity_interaction_visualization - INFO - Added significant interactions for India at DAUID 35202675
2025-04-30 00:18:32,779 - ethnicity_interaction_visualization - INFO - Added significant interactions for Philippines at DAUID 35202675
2025-04-30 00:18:32,779 - ethnicity_interaction_visualization - INFO - Added significant interactions for Portugal at DAUID 35202675
2025-04-30 00:18:32,780 - ethnicity_interaction_visualization - INFO - Added significant interactions for Sri Lanka at DAUID 35202675
2025-04-30 00:18:32,780 - ethnicity_interaction_visualization - INFO - Added significant interactions for China at DAUID 35200373
2025-04-30 00:18:32,780 - ethnicity_interaction_visualization - INFO - Added significant interactions for India at DAUID 35200373
2025-04-30 00:18:32,780 - ethnicity_interaction_visualization - INFO - Added significant interactions for Philippines at DAUID 35200373
2025-04-30 00:18:32,780 - ethnicity_interaction_visualization - INFO - Added significant interactions for Portugal at DAUID 35200373
2025-04-30 00:18:32,780 - ethnicity_interaction_visualization - INFO - Added significant interactions for Sri Lanka at DAUID 35200373
2025-04-30 00:18:32,780 - ethnicity_interaction_visualization - INFO - Added significant interactions for China at DAUID 35204800
2025-04-30 00:18:32,780 - ethnicity_interaction_visualization - INFO - Added significant interactions for India at DAUID 35204800
2025-04-30 00:18:32,780 - ethnicity_interaction_visualization - INFO - Added significant interactions for Philippines at DAUID 35204800
2025-04-30 00:18:32,780 - ethnicity_interaction_visualization - INFO - Added significant interactions for Portugal at DAUID 35204800
2025-04-30 00:18:32,780 - ethnicity_interaction_visualization - INFO - Added significant interactions for Sri Lanka at DAUID 35204800
2025-04-30 00:18:32,780 - ethnicity_interaction_visualization - INFO - Added significant interactions for China at DAUID 35203745
2025-04-30 00:18:32,781 - ethnicity_interaction_visualization - INFO - Added significant interactions for India at DAUID 35203745
2025-04-30 00:18:32,781 - ethnicity_interaction_visualization - INFO - Added significant interactions for Philippines at DAUID 35203745
2025-04-30 00:18:32,781 - ethnicity_interaction_visualization - INFO - Added significant interactions for Portugal at DAUID 35203745
2025-04-30 00:18:32,781 - ethnicity_interaction_visualization - INFO - Added significant interactions for Sri Lanka at DAUID 35203745
2025-04-30 00:18:32,781 - ethnicity_interaction_visualization - INFO - Added significant interactions for China at DAUID 35204908
2025-04-30 00:18:32,781 - ethnicity_interaction_visualization - INFO - Added significant interactions for India at DAUID 35204908
2025-04-30 00:18:32,781 - ethnicity_interaction_visualization - INFO - Added significant interactions for Philippines at DAUID 35204908
2025-04-30 00:18:32,781 - ethnicity_interaction_visualization - INFO - Added significant interactions for Portugal at DAUID 35204908
2025-04-30 00:18:32,781 - ethnicity_interaction_visualization - INFO - Added significant interactions for Sri Lanka at DAUID 35204908
2025-04-30 00:18:32,781 - ethnicity_interaction_visualization - INFO - Added significant interactions for China at DAUID 35202644
2025-04-30 00:18:32,781 - ethnicity_interaction_visualization - INFO - Added significant interactions for India at DAUID 35202644
2025-04-30 00:18:32,781 - ethnicity_interaction_visualization - INFO - Added significant interactions for Philippines at DAUID 35202644
2025-04-30 00:18:32,781 - ethnicity_interaction_visualization - INFO - Added significant interactions for Portugal at DAUID 35202644
2025-04-30 00:18:32,781 - ethnicity_interaction_visualization - INFO - Added significant interactions for Sri Lanka at DAUID 35202644
2025-04-30 00:18:32,782 - ethnicity_interaction_visualization - INFO - Added significant interactions for China at DAUID 35203842
2025-04-30 00:18:32,782 - ethnicity_interaction_visualization - INFO - Added significant interactions for India at DAUID 35203842
2025-04-30 00:18:32,782 - ethnicity_interaction_visualization - INFO - Added significant interactions for Philippines at DAUID 35203842
2025-04-30 00:18:32,782 - ethnicity_interaction_visualization - INFO - Added significant interactions for Portugal at DAUID 35203842
2025-04-30 00:18:32,782 - ethnicity_interaction_visualization - INFO - Added significant interactions for Sri Lanka at DAUID 35203842
2025-04-30 00:18:32,782 - ethnicity_interaction_visualization - INFO - Added significant interactions for China at DAUID 35200731
2025-04-30 00:18:32,782 - ethnicity_interaction_visualization - INFO - Added significant interactions for India at DAUID 35200731
2025-04-30 00:18:32,782 - ethnicity_interaction_visualization - INFO - Added significant interactions for Philippines at DAUID 35200731
2025-04-30 00:18:32,782 - ethnicity_interaction_visualization - INFO - Added significant interactions for Portugal at DAUID 35200731
2025-04-30 00:18:32,782 - ethnicity_interaction_visualization - INFO - Added significant interactions for Sri Lanka at DAUID 35200731
2025-04-30 00:18:32,782 - ethnicity_interaction_visualization - INFO - Added significant interactions for China at DAUID 35202982
2025-04-30 00:18:32,782 - ethnicity_interaction_visualization - INFO - Added significant interactions for India at DAUID 35202982
2025-04-30 00:18:32,782 - ethnicity_interaction_visualization - INFO - Added significant interactions for Philippines at DAUID 35202982
2025-04-30 00:18:32,782 - ethnicity_interaction_visualization - INFO - Added significant interactions for Portugal at DAUID 35202982
2025-04-30 00:18:32,782 - ethnicity_interaction_visualization - INFO - Added significant interactions for Sri Lanka at DAUID 35202982
2025-04-30 00:18:32,783 - ethnicity_interaction_visualization - INFO - Added significant interactions for China at DAUID 35200455
2025-04-30 00:18:32,783 - ethnicity_interaction_visualization - INFO - Added significant interactions for India at DAUID 35200455
2025-04-30 00:18:32,783 - ethnicity_interaction_visualization - INFO - Added significant interactions for Philippines at DAUID 35200455
2025-04-30 00:18:32,783 - ethnicity_interaction_visualization - INFO - Added significant interactions for Portugal at DAUID 35200455
2025-04-30 00:18:32,783 - ethnicity_interaction_visualization - INFO - Added significant interactions for Sri Lanka at DAUID 35200455
2025-04-30 00:18:32,783 - ethnicity_interaction_visualization - INFO - Added significant interactions for China at DAUID 35204397
2025-04-30 00:18:32,783 - ethnicity_interaction_visualization - INFO - Added significant interactions for India at DAUID 35204397
2025-04-30 00:18:32,783 - ethnicity_interaction_visualization - INFO - Added significant interactions for Philippines at DAUID 35204397
2025-04-30 00:18:32,783 - ethnicity_interaction_visualization - INFO - Added significant interactions for Portugal at DAUID 35204397
2025-04-30 00:18:32,783 - ethnicity_interaction_visualization - INFO - Added significant interactions for Sri Lanka at DAUID 35204397
2025-04-30 00:18:32,783 - ethnicity_interaction_visualization - INFO - Added significant interactions for China at DAUID 35204799
2025-04-30 00:18:32,783 - ethnicity_interaction_visualization - INFO - Added significant interactions for India at DAUID 35204799
2025-04-30 00:18:32,784 - ethnicity_interaction_visualization - INFO - Added significant interactions for Philippines at DAUID 35204799
2025-04-30 00:18:32,784 - ethnicity_interaction_visualization - INFO - Added significant interactions for Portugal at DAUID 35204799
2025-04-30 00:18:32,784 - ethnicity_interaction_visualization - INFO - Added significant interactions for Sri Lanka at DAUID 35204799
2025-04-30 00:18:32,784 - ethnicity_interaction_visualization - INFO - Added significant interactions for China at DAUID 35203657
2025-04-30 00:18:32,784 - ethnicity_interaction_visualization - INFO - Added significant interactions for India at DAUID 35203657
2025-04-30 00:18:32,784 - ethnicity_interaction_visualization - INFO - Added significant interactions for Philippines at DAUID 35203657
2025-04-30 00:18:32,784 - ethnicity_interaction_visualization - INFO - Added significant interactions for Portugal at DAUID 35203657
2025-04-30 00:18:32,784 - ethnicity_interaction_visualization - INFO - Added significant interactions for Sri Lanka at DAUID 35203657
2025-04-30 00:18:32,784 - ethnicity_interaction_visualization - INFO - Added significant interactions for China at DAUID 35205029
2025-04-30 00:18:32,784 - ethnicity_interaction_visualization - INFO - Added significant interactions for India at DAUID 35205029
2025-04-30 00:18:32,784 - ethnicity_interaction_visualization - INFO - Added significant interactions for Philippines at DAUID 35205029
2025-04-30 00:18:32,784 - ethnicity_interaction_visualization - INFO - Added significant interactions for Portugal at DAUID 35205029
2025-04-30 00:18:32,784 - ethnicity_interaction_visualization - INFO - Added significant interactions for Sri Lanka at DAUID 35205029
2025-04-30 00:18:32,785 - ethnicity_interaction_visualization - INFO - Added significant interactions for China at DAUID 35204330
2025-04-30 00:18:32,785 - ethnicity_interaction_visualization - INFO - Added significant interactions for India at DAUID 35204330
2025-04-30 00:18:32,785 - ethnicity_interaction_visualization - INFO - Added significant interactions for Philippines at DAUID 35204330
2025-04-30 00:18:32,785 - ethnicity_interaction_visualization - INFO - Added significant interactions for Portugal at DAUID 35204330
2025-04-30 00:18:32,785 - ethnicity_interaction_visualization - INFO - Added significant interactions for Sri Lanka at DAUID 35204330
2025-04-30 00:18:32,785 - ethnicity_interaction_visualization - INFO - Added significant interactions for China at DAUID 35201150
2025-04-30 00:18:32,785 - ethnicity_interaction_visualization - INFO - Added significant interactions for India at DAUID 35201150
2025-04-30 00:18:32,785 - ethnicity_interaction_visualization - INFO - Added significant interactions for Philippines at DAUID 35201150
2025-04-30 00:18:32,785 - ethnicity_interaction_visualization - INFO - Added significant interactions for Portugal at DAUID 35201150
2025-04-30 00:18:32,785 - ethnicity_interaction_visualization - INFO - Added significant interactions for Sri Lanka at DAUID 35201150
2025-04-30 00:18:32,786 - ethnicity_interaction_visualization - INFO - Added significant interactions for China at DAUID 35202765
2025-04-30 00:18:32,786 - ethnicity_interaction_visualization - INFO - Added significant interactions for India at DAUID 35202765
2025-04-30 00:18:32,786 - ethnicity_interaction_visualization - INFO - Added significant interactions for Philippines at DAUID 35202765
2025-04-30 00:18:32,786 - ethnicity_interaction_visualization - INFO - Added significant interactions for Portugal at DAUID 35202765
2025-04-30 00:18:32,786 - ethnicity_interaction_visualization - INFO - Added significant interactions for Sri Lanka at DAUID 35202765
2025-04-30 00:18:32,786 - ethnicity_interaction_visualization - INFO - Added significant interactions for China at DAUID 35202249
2025-04-30 00:18:32,786 - ethnicity_interaction_visualization - INFO - Added significant interactions for India at DAUID 35202249
2025-04-30 00:18:32,786 - ethnicity_interaction_visualization - INFO - Added significant interactions for Philippines at DAUID 35202249
2025-04-30 00:18:32,786 - ethnicity_interaction_visualization - INFO - Added significant interactions for Portugal at DAUID 35202249
2025-04-30 00:18:32,786 - ethnicity_interaction_visualization - INFO - Added significant interactions for Sri Lanka at DAUID 35202249
2025-04-30 00:18:32,786 - ethnicity_interaction_visualization - INFO - Added significant interactions for China at DAUID 35204378
2025-04-30 00:18:32,786 - ethnicity_interaction_visualization - INFO - Added significant interactions for India at DAUID 35204378
2025-04-30 00:18:32,786 - ethnicity_interaction_visualization - INFO - Added significant interactions for Philippines at DAUID 35204378
2025-04-30 00:18:32,787 - ethnicity_interaction_visualization - INFO - Added significant interactions for Portugal at DAUID 35204378
2025-04-30 00:18:32,787 - ethnicity_interaction_visualization - INFO - Added significant interactions for Sri Lanka at DAUID 35204378
2025-04-30 00:18:32,787 - ethnicity_interaction_visualization - INFO - Added significant interactions for China at DAUID 35203058
2025-04-30 00:18:32,787 - ethnicity_interaction_visualization - INFO - Added significant interactions for India at DAUID 35203058
2025-04-30 00:18:32,787 - ethnicity_interaction_visualization - INFO - Added significant interactions for Philippines at DAUID 35203058
2025-04-30 00:18:32,787 - ethnicity_interaction_visualization - INFO - Added significant interactions for Portugal at DAUID 35203058
2025-04-30 00:18:32,787 - ethnicity_interaction_visualization - INFO - Added significant interactions for Sri Lanka at DAUID 35203058
2025-04-30 00:18:32,787 - ethnicity_interaction_visualization - INFO - Added significant interactions for China at DAUID 35204518
2025-04-30 00:18:32,787 - ethnicity_interaction_visualization - INFO - Added significant interactions for India at DAUID 35204518
2025-04-30 00:18:32,787 - ethnicity_interaction_visualization - INFO - Added significant interactions for Philippines at DAUID 35204518
2025-04-30 00:18:32,787 - ethnicity_interaction_visualization - INFO - Added significant interactions for Portugal at DAUID 35204518
2025-04-30 00:18:32,787 - ethnicity_interaction_visualization - INFO - Added significant interactions for Sri Lanka at DAUID 35204518
2025-04-30 00:18:32,787 - ethnicity_interaction_visualization - INFO - Added significant interactions for China at DAUID 35200911
2025-04-30 00:18:32,788 - ethnicity_interaction_visualization - INFO - Added significant interactions for India at DAUID 35200911
2025-04-30 00:18:32,788 - ethnicity_interaction_visualization - INFO - Added significant interactions for Philippines at DAUID 35200911
2025-04-30 00:18:32,788 - ethnicity_interaction_visualization - INFO - Added significant interactions for Portugal at DAUID 35200911
2025-04-30 00:18:32,788 - ethnicity_interaction_visualization - INFO - Added significant interactions for Sri Lanka at DAUID 35200911
2025-04-30 00:18:32,788 - ethnicity_interaction_visualization - INFO - Added significant interactions for China at DAUID 35204053
2025-04-30 00:18:32,789 - ethnicity_interaction_visualization - INFO - Added significant interactions for India at DAUID 35204053
2025-04-30 00:18:32,789 - ethnicity_interaction_visualization - INFO - Added significant interactions for Philippines at DAUID 35204053
2025-04-30 00:18:32,789 - ethnicity_interaction_visualization - INFO - Added significant interactions for Portugal at DAUID 35204053
2025-04-30 00:18:32,789 - ethnicity_interaction_visualization - INFO - Added significant interactions for Sri Lanka at DAUID 35204053
2025-04-30 00:18:32,789 - ethnicity_interaction_visualization - INFO - Added significant interactions for China at DAUID 35203323
2025-04-30 00:18:32,789 - ethnicity_interaction_visualization - INFO - Added significant interactions for India at DAUID 35203323
2025-04-30 00:18:32,789 - ethnicity_interaction_visualization - INFO - Added significant interactions for Philippines at DAUID 35203323
2025-04-30 00:18:32,789 - ethnicity_interaction_visualization - INFO - Added significant interactions for Portugal at DAUID 35203323
2025-04-30 00:18:32,789 - ethnicity_interaction_visualization - INFO - Added significant interactions for Sri Lanka at DAUID 35203323
2025-04-30 00:18:32,790 - ethnicity_interaction_visualization - INFO - Added significant interactions for China at DAUID 35202940
2025-04-30 00:18:32,790 - ethnicity_interaction_visualization - INFO - Added significant interactions for India at DAUID 35202940
2025-04-30 00:18:32,790 - ethnicity_interaction_visualization - INFO - Added significant interactions for Philippines at DAUID 35202940
2025-04-30 00:18:32,790 - ethnicity_interaction_visualization - INFO - Added significant interactions for Portugal at DAUID 35202940
2025-04-30 00:18:32,790 - ethnicity_interaction_visualization - INFO - Added significant interactions for Sri Lanka at DAUID 35202940
2025-04-30 00:18:32,790 - ethnicity_interaction_visualization - INFO - Added significant interactions for China at DAUID 35204776
2025-04-30 00:18:32,790 - ethnicity_interaction_visualization - INFO - Added significant interactions for India at DAUID 35204776
2025-04-30 00:18:32,790 - ethnicity_interaction_visualization - INFO - Added significant interactions for Philippines at DAUID 35204776
2025-04-30 00:18:32,790 - ethnicity_interaction_visualization - INFO - Added significant interactions for Portugal at DAUID 35204776
2025-04-30 00:18:32,790 - ethnicity_interaction_visualization - INFO - Added significant interactions for Sri Lanka at DAUID 35204776
2025-04-30 00:18:32,790 - ethnicity_interaction_visualization - INFO - Added significant interactions for China at DAUID 35204935
2025-04-30 00:18:32,790 - ethnicity_interaction_visualization - INFO - Added significant interactions for India at DAUID 35204935
2025-04-30 00:18:32,790 - ethnicity_interaction_visualization - INFO - Added significant interactions for Philippines at DAUID 35204935
2025-04-30 00:18:32,791 - ethnicity_interaction_visualization - INFO - Added significant interactions for Portugal at DAUID 35204935
2025-04-30 00:18:32,791 - ethnicity_interaction_visualization - INFO - Added significant interactions for Sri Lanka at DAUID 35204935
2025-04-30 00:18:32,791 - ethnicity_interaction_visualization - INFO - Added significant interactions for China at DAUID 35203690
2025-04-30 00:18:32,791 - ethnicity_interaction_visualization - INFO - Added significant interactions for India at DAUID 35203690
2025-04-30 00:18:32,791 - ethnicity_interaction_visualization - INFO - Added significant interactions for Philippines at DAUID 35203690
2025-04-30 00:18:32,791 - ethnicity_interaction_visualization - INFO - Added significant interactions for Portugal at DAUID 35203690
2025-04-30 00:18:32,791 - ethnicity_interaction_visualization - INFO - Added significant interactions for Sri Lanka at DAUID 35203690
2025-04-30 00:18:32,791 - ethnicity_interaction_visualization - INFO - Added significant interactions for China at DAUID 35204810
2025-04-30 00:18:32,791 - ethnicity_interaction_visualization - INFO - Added significant interactions for India at DAUID 35204810
2025-04-30 00:18:32,791 - ethnicity_interaction_visualization - INFO - Added significant interactions for Philippines at DAUID 35204810
2025-04-30 00:18:32,791 - ethnicity_interaction_visualization - INFO - Added significant interactions for Portugal at DAUID 35204810
2025-04-30 00:18:32,791 - ethnicity_interaction_visualization - INFO - Added significant interactions for Sri Lanka at DAUID 35204810
2025-04-30 00:18:32,791 - ethnicity_interaction_visualization - INFO - Added significant interactions for China at DAUID 35203342
2025-04-30 00:18:32,791 - ethnicity_interaction_visualization - INFO - Added significant interactions for India at DAUID 35203342
2025-04-30 00:18:32,792 - ethnicity_interaction_visualization - INFO - Added significant interactions for Philippines at DAUID 35203342
2025-04-30 00:18:32,792 - ethnicity_interaction_visualization - INFO - Added significant interactions for Portugal at DAUID 35203342
2025-04-30 00:18:32,792 - ethnicity_interaction_visualization - INFO - Added significant interactions for Sri Lanka at DAUID 35203342
2025-04-30 00:18:32,792 - ethnicity_interaction_visualization - INFO - Added significant interactions for China at DAUID 35202653
2025-04-30 00:18:32,792 - ethnicity_interaction_visualization - INFO - Added significant interactions for India at DAUID 35202653
2025-04-30 00:18:32,792 - ethnicity_interaction_visualization - INFO - Added significant interactions for Philippines at DAUID 35202653
2025-04-30 00:18:32,792 - ethnicity_interaction_visualization - INFO - Added significant interactions for Portugal at DAUID 35202653
2025-04-30 00:18:32,792 - ethnicity_interaction_visualization - INFO - Added significant interactions for Sri Lanka at DAUID 35202653
2025-04-30 00:18:32,792 - ethnicity_interaction_visualization - INFO - Added significant interactions for China at DAUID 35201592
2025-04-30 00:18:32,792 - ethnicity_interaction_visualization - INFO - Added significant interactions for India at DAUID 35201592
2025-04-30 00:18:32,792 - ethnicity_interaction_visualization - INFO - Added significant interactions for Philippines at DAUID 35201592
2025-04-30 00:18:32,793 - ethnicity_interaction_visualization - INFO - Added significant interactions for Portugal at DAUID 35201592
2025-04-30 00:18:32,793 - ethnicity_interaction_visualization - INFO - Added significant interactions for Sri Lanka at DAUID 35201592
2025-04-30 00:18:32,793 - ethnicity_interaction_visualization - INFO - Added significant interactions for China at DAUID 35201011
2025-04-30 00:18:32,793 - ethnicity_interaction_visualization - INFO - Added significant interactions for India at DAUID 35201011
2025-04-30 00:18:32,793 - ethnicity_interaction_visualization - INFO - Added significant interactions for Philippines at DAUID 35201011
2025-04-30 00:18:32,793 - ethnicity_interaction_visualization - INFO - Added significant interactions for Portugal at DAUID 35201011
2025-04-30 00:18:32,793 - ethnicity_interaction_visualization - INFO - Added significant interactions for Sri Lanka at DAUID 35201011
2025-04-30 00:18:32,793 - ethnicity_interaction_visualization - INFO - Added significant interactions for China at DAUID 35201604
2025-04-30 00:18:32,793 - ethnicity_interaction_visualization - INFO - Added significant interactions for India at DAUID 35201604
2025-04-30 00:18:32,793 - ethnicity_interaction_visualization - INFO - Added significant interactions for Philippines at DAUID 35201604
2025-04-30 00:18:32,793 - ethnicity_interaction_visualization - INFO - Added significant interactions for Portugal at DAUID 35201604
2025-04-30 00:18:32,793 - ethnicity_interaction_visualization - INFO - Added significant interactions for Sri Lanka at DAUID 35201604
2025-04-30 00:18:32,794 - ethnicity_interaction_visualization - INFO - Added significant interactions for China at DAUID 35202571
2025-04-30 00:18:32,794 - ethnicity_interaction_visualization - INFO - Added significant interactions for India at DAUID 35202571
2025-04-30 00:18:32,794 - ethnicity_interaction_visualization - INFO - Added significant interactions for Philippines at DAUID 35202571
2025-04-30 00:18:32,794 - ethnicity_interaction_visualization - INFO - Added significant interactions for Portugal at DAUID 35202571
2025-04-30 00:18:32,794 - ethnicity_interaction_visualization - INFO - Added significant interactions for Sri Lanka at DAUID 35202571
2025-04-30 00:18:32,794 - ethnicity_interaction_visualization - INFO - Added significant interactions for China at DAUID 35204404
2025-04-30 00:18:32,794 - ethnicity_interaction_visualization - INFO - Added significant interactions for India at DAUID 35204404
2025-04-30 00:18:32,794 - ethnicity_interaction_visualization - INFO - Added significant interactions for Philippines at DAUID 35204404
2025-04-30 00:18:32,794 - ethnicity_interaction_visualization - INFO - Added significant interactions for Portugal at DAUID 35204404
2025-04-30 00:18:32,794 - ethnicity_interaction_visualization - INFO - Added significant interactions for Sri Lanka at DAUID 35204404
2025-04-30 00:18:32,794 - ethnicity_interaction_visualization - INFO - Added significant interactions for China at DAUID 35204844
2025-04-30 00:18:32,794 - ethnicity_interaction_visualization - INFO - Added significant interactions for India at DAUID 35204844
2025-04-30 00:18:32,794 - ethnicity_interaction_visualization - INFO - Added significant interactions for Philippines at DAUID 35204844
2025-04-30 00:18:32,795 - ethnicity_interaction_visualization - INFO - Added significant interactions for Portugal at DAUID 35204844
2025-04-30 00:18:32,795 - ethnicity_interaction_visualization - INFO - Added significant interactions for Sri Lanka at DAUID 35204844
2025-04-30 00:18:32,795 - ethnicity_interaction_visualization - INFO - Added significant interactions for China at DAUID 35202901
2025-04-30 00:18:32,795 - ethnicity_interaction_visualization - INFO - Added significant interactions for India at DAUID 35202901
2025-04-30 00:18:32,795 - ethnicity_interaction_visualization - INFO - Added significant interactions for Philippines at DAUID 35202901
2025-04-30 00:18:32,795 - ethnicity_interaction_visualization - INFO - Added significant interactions for Portugal at DAUID 35202901
2025-04-30 00:18:32,795 - ethnicity_interaction_visualization - INFO - Added significant interactions for Sri Lanka at DAUID 35202901
2025-04-30 00:18:32,795 - ethnicity_interaction_visualization - INFO - Added significant interactions for China at DAUID 35200178
2025-04-30 00:18:32,795 - ethnicity_interaction_visualization - INFO - Added significant interactions for India at DAUID 35200178
2025-04-30 00:18:32,795 - ethnicity_interaction_visualization - INFO - Added significant interactions for Philippines at DAUID 35200178
2025-04-30 00:18:32,795 - ethnicity_interaction_visualization - INFO - Added significant interactions for Portugal at DAUID 35200178
2025-04-30 00:18:32,795 - ethnicity_interaction_visualization - INFO - Added significant interactions for Sri Lanka at DAUID 35200178
2025-04-30 00:18:32,795 - ethnicity_interaction_visualization - INFO - Added significant interactions for China at DAUID 35203301
2025-04-30 00:18:32,795 - ethnicity_interaction_visualization - INFO - Added significant interactions for India at DAUID 35203301
2025-04-30 00:18:32,795 - ethnicity_interaction_visualization - INFO - Added significant interactions for Philippines at DAUID 35203301
2025-04-30 00:18:32,796 - ethnicity_interaction_visualization - INFO - Added significant interactions for Portugal at DAUID 35203301
2025-04-30 00:18:32,796 - ethnicity_interaction_visualization - INFO - Added significant interactions for Sri Lanka at DAUID 35203301
2025-04-30 00:18:32,796 - ethnicity_interaction_visualization - INFO - Added significant interactions for China at DAUID 35202058
2025-04-30 00:18:32,796 - ethnicity_interaction_visualization - INFO - Added significant interactions for India at DAUID 35202058
2025-04-30 00:18:32,796 - ethnicity_interaction_visualization - INFO - Added significant interactions for Philippines at DAUID 35202058
2025-04-30 00:18:32,796 - ethnicity_interaction_visualization - INFO - Added significant interactions for Portugal at DAUID 35202058
2025-04-30 00:18:32,796 - ethnicity_interaction_visualization - INFO - Added significant interactions for Sri Lanka at DAUID 35202058
2025-04-30 00:18:32,796 - ethnicity_interaction_visualization - INFO - Added significant interactions for China at DAUID 35203029
2025-04-30 00:18:32,796 - ethnicity_interaction_visualization - INFO - Added significant interactions for India at DAUID 35203029
2025-04-30 00:18:32,796 - ethnicity_interaction_visualization - INFO - Added significant interactions for Philippines at DAUID 35203029
2025-04-30 00:18:32,796 - ethnicity_interaction_visualization - INFO - Added significant interactions for Portugal at DAUID 35203029
2025-04-30 00:18:32,796 - ethnicity_interaction_visualization - INFO - Added significant interactions for Sri Lanka at DAUID 35203029
2025-04-30 00:18:32,797 - ethnicity_interaction_visualization - INFO - Added significant interactions for China at DAUID 35204922
2025-04-30 00:18:32,797 - ethnicity_interaction_visualization - INFO - Added significant interactions for India at DAUID 35204922
2025-04-30 00:18:32,797 - ethnicity_interaction_visualization - INFO - Added significant interactions for Philippines at DAUID 35204922
2025-04-30 00:18:32,797 - ethnicity_interaction_visualization - INFO - Added significant interactions for Portugal at DAUID 35204922
2025-04-30 00:18:32,797 - ethnicity_interaction_visualization - INFO - Added significant interactions for Sri Lanka at DAUID 35204922
2025-04-30 00:18:32,797 - ethnicity_interaction_visualization - INFO - Added significant interactions for China at DAUID 35204509
2025-04-30 00:18:32,797 - ethnicity_interaction_visualization - INFO - Added significant interactions for India at DAUID 35204509
2025-04-30 00:18:32,797 - ethnicity_interaction_visualization - INFO - Added significant interactions for Philippines at DAUID 35204509
2025-04-30 00:18:32,797 - ethnicity_interaction_visualization - INFO - Added significant interactions for Portugal at DAUID 35204509
2025-04-30 00:18:32,797 - ethnicity_interaction_visualization - INFO - Added significant interactions for Sri Lanka at DAUID 35204509
2025-04-30 00:18:32,797 - ethnicity_interaction_visualization - INFO - Added significant interactions for China at DAUID 35200298
2025-04-30 00:18:32,798 - ethnicity_interaction_visualization - INFO - Added significant interactions for India at DAUID 35200298
2025-04-30 00:18:32,798 - ethnicity_interaction_visualization - INFO - Added significant interactions for Philippines at DAUID 35200298
2025-04-30 00:18:32,798 - ethnicity_interaction_visualization - INFO - Added significant interactions for Portugal at DAUID 35200298
2025-04-30 00:18:32,798 - ethnicity_interaction_visualization - INFO - Added significant interactions for Sri Lanka at DAUID 35200298
2025-04-30 00:18:32,798 - ethnicity_interaction_visualization - INFO - Added significant interactions for China at DAUID 35201612
2025-04-30 00:18:32,798 - ethnicity_interaction_visualization - INFO - Added significant interactions for India at DAUID 35201612
2025-04-30 00:18:32,798 - ethnicity_interaction_visualization - INFO - Added significant interactions for Philippines at DAUID 35201612
2025-04-30 00:18:32,798 - ethnicity_interaction_visualization - INFO - Added significant interactions for Portugal at DAUID 35201612
2025-04-30 00:18:32,798 - ethnicity_interaction_visualization - INFO - Added significant interactions for Sri Lanka at DAUID 35201612
2025-04-30 00:18:32,798 - ethnicity_interaction_visualization - INFO - Added significant interactions for China at DAUID 35202409
2025-04-30 00:18:32,798 - ethnicity_interaction_visualization - INFO - Added significant interactions for India at DAUID 35202409
2025-04-30 00:18:32,798 - ethnicity_interaction_visualization - INFO - Added significant interactions for Philippines at DAUID 35202409
2025-04-30 00:18:32,798 - ethnicity_interaction_visualization - INFO - Added significant interactions for Portugal at DAUID 35202409
2025-04-30 00:18:32,798 - ethnicity_interaction_visualization - INFO - Added significant interactions for Sri Lanka at DAUID 35202409
2025-04-30 00:18:32,798 - ethnicity_interaction_visualization - INFO - Added significant interactions for China at DAUID 35203218
2025-04-30 00:18:32,798 - ethnicity_interaction_visualization - INFO - Added significant interactions for India at DAUID 35203218
2025-04-30 00:18:32,798 - ethnicity_interaction_visualization - INFO - Added significant interactions for Philippines at DAUID 35203218
2025-04-30 00:18:32,798 - ethnicity_interaction_visualization - INFO - Added significant interactions for Portugal at DAUID 35203218
2025-04-30 00:18:32,798 - ethnicity_interaction_visualization - INFO - Added significant interactions for Sri Lanka at DAUID 35203218
2025-04-30 00:18:32,798 - ethnicity_interaction_visualization - INFO - Added significant interactions for China at DAUID 35204660
2025-04-30 00:18:32,798 - ethnicity_interaction_visualization - INFO - Added significant interactions for India at DAUID 35204660
2025-04-30 00:18:32,798 - ethnicity_interaction_visualization - INFO - Added significant interactions for Philippines at DAUID 35204660
2025-04-30 00:18:32,799 - ethnicity_interaction_visualization - INFO - Added significant interactions for Portugal at DAUID 35204660
2025-04-30 00:18:32,799 - ethnicity_interaction_visualization - INFO - Added significant interactions for Sri Lanka at DAUID 35204660
2025-04-30 00:18:32,799 - ethnicity_interaction_visualization - INFO - Added significant interactions for China at DAUID 35200066
2025-04-30 00:18:32,799 - ethnicity_interaction_visualization - INFO - Added significant interactions for India at DAUID 35200066
2025-04-30 00:18:32,799 - ethnicity_interaction_visualization - INFO - Added significant interactions for Philippines at DAUID 35200066
2025-04-30 00:18:32,799 - ethnicity_interaction_visualization - INFO - Added significant interactions for Portugal at DAUID 35200066
2025-04-30 00:18:32,799 - ethnicity_interaction_visualization - INFO - Added significant interactions for Sri Lanka at DAUID 35200066
2025-04-30 00:18:32,799 - ethnicity_interaction_visualization - INFO - Added significant interactions for China at DAUID 35204243
2025-04-30 00:18:32,799 - ethnicity_interaction_visualization - INFO - Added significant interactions for India at DAUID 35204243
2025-04-30 00:18:32,799 - ethnicity_interaction_visualization - INFO - Added significant interactions for Philippines at DAUID 35204243
2025-04-30 00:18:32,799 - ethnicity_interaction_visualization - INFO - Added significant interactions for Portugal at DAUID 35204243
2025-04-30 00:18:32,799 - ethnicity_interaction_visualization - INFO - Added significant interactions for Sri Lanka at DAUID 35204243
2025-04-30 00:18:32,799 - ethnicity_interaction_visualization - INFO - Added significant interactions for China at DAUID 35200482
2025-04-30 00:18:32,800 - ethnicity_interaction_visualization - INFO - Added significant interactions for India at DAUID 35200482
2025-04-30 00:18:32,800 - ethnicity_interaction_visualization - INFO - Added significant interactions for Philippines at DAUID 35200482
2025-04-30 00:18:32,800 - ethnicity_interaction_visualization - INFO - Added significant interactions for Portugal at DAUID 35200482
2025-04-30 00:18:32,800 - ethnicity_interaction_visualization - INFO - Added significant interactions for Sri Lanka at DAUID 35200482
2025-04-30 00:18:32,800 - ethnicity_interaction_visualization - INFO - Added significant interactions for China at DAUID 35202156
2025-04-30 00:18:32,800 - ethnicity_interaction_visualization - INFO - Added significant interactions for India at DAUID 35202156
2025-04-30 00:18:32,800 - ethnicity_interaction_visualization - INFO - Added significant interactions for Philippines at DAUID 35202156
2025-04-30 00:18:32,800 - ethnicity_interaction_visualization - INFO - Added significant interactions for Portugal at DAUID 35202156
2025-04-30 00:18:32,800 - ethnicity_interaction_visualization - INFO - Added significant interactions for Sri Lanka at DAUID 35202156
2025-04-30 00:18:32,801 - ethnicity_interaction_visualization - INFO - Added significant interactions for China at DAUID 35200705
2025-04-30 00:18:32,801 - ethnicity_interaction_visualization - INFO - Added significant interactions for India at DAUID 35200705
2025-04-30 00:18:32,801 - ethnicity_interaction_visualization - INFO - Added significant interactions for Philippines at DAUID 35200705
2025-04-30 00:18:32,801 - ethnicity_interaction_visualization - INFO - Added significant interactions for Portugal at DAUID 35200705
2025-04-30 00:18:32,801 - ethnicity_interaction_visualization - INFO - Added significant interactions for Sri Lanka at DAUID 35200705
2025-04-30 00:18:32,801 - ethnicity_interaction_visualization - INFO - Added significant interactions for China at DAUID 35203913
2025-04-30 00:18:32,801 - ethnicity_interaction_visualization - INFO - Added significant interactions for India at DAUID 35203913
2025-04-30 00:18:32,801 - ethnicity_interaction_visualization - INFO - Added significant interactions for Philippines at DAUID 35203913
2025-04-30 00:18:32,801 - ethnicity_interaction_visualization - INFO - Added significant interactions for Portugal at DAUID 35203913
2025-04-30 00:18:32,801 - ethnicity_interaction_visualization - INFO - Added significant interactions for Sri Lanka at DAUID 35203913
2025-04-30 00:18:32,801 - ethnicity_interaction_visualization - INFO - Added significant interactions for China at DAUID 35201006
2025-04-30 00:18:32,801 - ethnicity_interaction_visualization - INFO - Added significant interactions for India at DAUID 35201006
2025-04-30 00:18:32,801 - ethnicity_interaction_visualization - INFO - Added significant interactions for Philippines at DAUID 35201006
2025-04-30 00:18:32,801 - ethnicity_interaction_visualization - INFO - Added significant interactions for Portugal at DAUID 35201006
2025-04-30 00:18:32,802 - ethnicity_interaction_visualization - INFO - Added significant interactions for Sri Lanka at DAUID 35201006
2025-04-30 00:18:32,802 - ethnicity_interaction_visualization - INFO - Added significant interactions for China at DAUID 35201067
2025-04-30 00:18:32,802 - ethnicity_interaction_visualization - INFO - Added significant interactions for India at DAUID 35201067
2025-04-30 00:18:32,802 - ethnicity_interaction_visualization - INFO - Added significant interactions for Philippines at DAUID 35201067
2025-04-30 00:18:32,802 - ethnicity_interaction_visualization - INFO - Added significant interactions for Portugal at DAUID 35201067
2025-04-30 00:18:32,802 - ethnicity_interaction_visualization - INFO - Added significant interactions for Sri Lanka at DAUID 35201067
2025-04-30 00:18:32,802 - ethnicity_interaction_visualization - INFO - Added significant interactions for China at DAUID 35203000
2025-04-30 00:18:32,802 - ethnicity_interaction_visualization - INFO - Added significant interactions for India at DAUID 35203000
2025-04-30 00:18:32,802 - ethnicity_interaction_visualization - INFO - Added significant interactions for Philippines at DAUID 35203000
2025-04-30 00:18:32,802 - ethnicity_interaction_visualization - INFO - Added significant interactions for Portugal at DAUID 35203000
2025-04-30 00:18:32,802 - ethnicity_interaction_visualization - INFO - Added significant interactions for Sri Lanka at DAUID 35203000
2025-04-30 00:18:32,802 - ethnicity_interaction_visualization - INFO - Added significant interactions for China at DAUID 35204321
2025-04-30 00:18:32,802 - ethnicity_interaction_visualization - INFO - Added significant interactions for India at DAUID 35204321
2025-04-30 00:18:32,803 - ethnicity_interaction_visualization - INFO - Added significant interactions for Philippines at DAUID 35204321
2025-04-30 00:18:32,803 - ethnicity_interaction_visualization - INFO - Added significant interactions for Portugal at DAUID 35204321
2025-04-30 00:18:32,803 - ethnicity_interaction_visualization - INFO - Added significant interactions for Sri Lanka at DAUID 35204321
2025-04-30 00:18:32,803 - ethnicity_interaction_visualization - INFO - Added significant interactions for China at DAUID 35200082
2025-04-30 00:18:32,803 - ethnicity_interaction_visualization - INFO - Added significant interactions for India at DAUID 35200082
2025-04-30 00:18:32,803 - ethnicity_interaction_visualization - INFO - Added significant interactions for Philippines at DAUID 35200082
2025-04-30 00:18:32,803 - ethnicity_interaction_visualization - INFO - Added significant interactions for Portugal at DAUID 35200082
2025-04-30 00:18:32,803 - ethnicity_interaction_visualization - INFO - Added significant interactions for Sri Lanka at DAUID 35200082
2025-04-30 00:18:32,803 - ethnicity_interaction_visualization - INFO - Added significant interactions for China at DAUID 35204987
2025-04-30 00:18:32,803 - ethnicity_interaction_visualization - INFO - Added significant interactions for India at DAUID 35204987
2025-04-30 00:18:32,803 - ethnicity_interaction_visualization - INFO - Added significant interactions for Philippines at DAUID 35204987
2025-04-30 00:18:32,803 - ethnicity_interaction_visualization - INFO - Added significant interactions for Portugal at DAUID 35204987
2025-04-30 00:18:32,803 - ethnicity_interaction_visualization - INFO - Added significant interactions for Sri Lanka at DAUID 35204987
2025-04-30 00:18:32,803 - ethnicity_interaction_visualization - INFO - Added significant interactions for China at DAUID 35202149
2025-04-30 00:18:32,804 - ethnicity_interaction_visualization - INFO - Added significant interactions for India at DAUID 35202149
2025-04-30 00:18:32,804 - ethnicity_interaction_visualization - INFO - Added significant interactions for Philippines at DAUID 35202149
2025-04-30 00:18:32,804 - ethnicity_interaction_visualization - INFO - Added significant interactions for Portugal at DAUID 35202149
2025-04-30 00:18:32,804 - ethnicity_interaction_visualization - INFO - Added significant interactions for Sri Lanka at DAUID 35202149
2025-04-30 00:18:32,804 - ethnicity_interaction_visualization - INFO - Added significant interactions for China at DAUID 35204423
2025-04-30 00:18:32,804 - ethnicity_interaction_visualization - INFO - Added significant interactions for India at DAUID 35204423
2025-04-30 00:18:32,804 - ethnicity_interaction_visualization - INFO - Added significant interactions for Philippines at DAUID 35204423
2025-04-30 00:18:32,804 - ethnicity_interaction_visualization - INFO - Added significant interactions for Portugal at DAUID 35204423
2025-04-30 00:18:32,804 - ethnicity_interaction_visualization - INFO - Added significant interactions for Sri Lanka at DAUID 35204423
2025-04-30 00:18:32,804 - ethnicity_interaction_visualization - INFO - Added significant interactions for China at DAUID 35200822
2025-04-30 00:18:32,804 - ethnicity_interaction_visualization - INFO - Added significant interactions for India at DAUID 35200822
2025-04-30 00:18:32,805 - ethnicity_interaction_visualization - INFO - Added significant interactions for Philippines at DAUID 35200822
2025-04-30 00:18:32,805 - ethnicity_interaction_visualization - INFO - Added significant interactions for Portugal at DAUID 35200822
2025-04-30 00:18:32,805 - ethnicity_interaction_visualization - INFO - Added significant interactions for Sri Lanka at DAUID 35200822
2025-04-30 00:18:32,805 - ethnicity_interaction_visualization - INFO - Added significant interactions for China at DAUID 35202947
2025-04-30 00:18:32,805 - ethnicity_interaction_visualization - INFO - Added significant interactions for India at DAUID 35202947
2025-04-30 00:18:32,805 - ethnicity_interaction_visualization - INFO - Added significant interactions for Philippines at DAUID 35202947
2025-04-30 00:18:32,805 - ethnicity_interaction_visualization - INFO - Added significant interactions for Portugal at DAUID 35202947
2025-04-30 00:18:32,805 - ethnicity_interaction_visualization - INFO - Added significant interactions for Sri Lanka at DAUID 35202947
2025-04-30 00:18:32,805 - ethnicity_interaction_visualization - INFO - Added significant interactions for China at DAUID 35202456
2025-04-30 00:18:32,805 - ethnicity_interaction_visualization - INFO - Added significant interactions for India at DAUID 35202456
2025-04-30 00:18:32,805 - ethnicity_interaction_visualization - INFO - Added significant interactions for Philippines at DAUID 35202456
2025-04-30 00:18:32,805 - ethnicity_interaction_visualization - INFO - Added significant interactions for Portugal at DAUID 35202456
2025-04-30 00:18:32,805 - ethnicity_interaction_visualization - INFO - Added significant interactions for Sri Lanka at DAUID 35202456
2025-04-30 00:18:32,805 - ethnicity_interaction_visualization - INFO - Added significant interactions for China at DAUID 35204205
2025-04-30 00:18:32,805 - ethnicity_interaction_visualization - INFO - Added significant interactions for India at DAUID 35204205
2025-04-30 00:18:32,806 - ethnicity_interaction_visualization - INFO - Added significant interactions for Philippines at DAUID 35204205
2025-04-30 00:18:32,806 - ethnicity_interaction_visualization - INFO - Added significant interactions for Portugal at DAUID 35204205
2025-04-30 00:18:32,806 - ethnicity_interaction_visualization - INFO - Added significant interactions for Sri Lanka at DAUID 35204205
2025-04-30 00:18:32,806 - ethnicity_interaction_visualization - INFO - Added significant interactions for China at DAUID 35202954
2025-04-30 00:18:32,806 - ethnicity_interaction_visualization - INFO - Added significant interactions for India at DAUID 35202954
2025-04-30 00:18:32,806 - ethnicity_interaction_visualization - INFO - Added significant interactions for Philippines at DAUID 35202954
2025-04-30 00:18:32,806 - ethnicity_interaction_visualization - INFO - Added significant interactions for Portugal at DAUID 35202954
2025-04-30 00:18:32,806 - ethnicity_interaction_visualization - INFO - Added significant interactions for Sri Lanka at DAUID 35202954
2025-04-30 00:18:32,806 - ethnicity_interaction_visualization - INFO - Added significant interactions for China at DAUID 35201588
2025-04-30 00:18:32,806 - ethnicity_interaction_visualization - INFO - Added significant interactions for India at DAUID 35201588
2025-04-30 00:18:32,806 - ethnicity_interaction_visualization - INFO - Added significant interactions for Philippines at DAUID 35201588
2025-04-30 00:18:32,806 - ethnicity_interaction_visualization - INFO - Added significant interactions for Portugal at DAUID 35201588
2025-04-30 00:18:32,806 - ethnicity_interaction_visualization - INFO - Added significant interactions for Sri Lanka at DAUID 35201588
2025-04-30 00:18:32,806 - ethnicity_interaction_visualization - INFO - Added significant interactions for China at DAUID 35204398
2025-04-30 00:18:32,806 - ethnicity_interaction_visualization - INFO - Added significant interactions for India at DAUID 35204398
2025-04-30 00:18:32,806 - ethnicity_interaction_visualization - INFO - Added significant interactions for Philippines at DAUID 35204398
2025-04-30 00:18:32,806 - ethnicity_interaction_visualization - INFO - Added significant interactions for Portugal at DAUID 35204398
2025-04-30 00:18:32,806 - ethnicity_interaction_visualization - INFO - Added significant interactions for Sri Lanka at DAUID 35204398
2025-04-30 00:18:32,806 - ethnicity_interaction_visualization - INFO - Added significant interactions for China at DAUID 35203574
2025-04-30 00:18:32,806 - ethnicity_interaction_visualization - INFO - Added significant interactions for India at DAUID 35203574
2025-04-30 00:18:32,806 - ethnicity_interaction_visualization - INFO - Added significant interactions for Philippines at DAUID 35203574
2025-04-30 00:18:32,808 - ethnicity_interaction_visualization - INFO - Added significant interactions for Portugal at DAUID 35203574
2025-04-30 00:18:32,808 - ethnicity_interaction_visualization - INFO - Added significant interactions for Sri Lanka at DAUID 35203574
2025-04-30 00:18:32,808 - ethnicity_interaction_visualization - INFO - Added significant interactions for China at DAUID 35201852
2025-04-30 00:18:32,808 - ethnicity_interaction_visualization - INFO - Added significant interactions for India at DAUID 35201852
2025-04-30 00:18:32,808 - ethnicity_interaction_visualization - INFO - Added significant interactions for Philippines at DAUID 35201852
2025-04-30 00:18:32,808 - ethnicity_interaction_visualization - INFO - Added significant interactions for Portugal at DAUID 35201852
2025-04-30 00:18:32,808 - ethnicity_interaction_visualization - INFO - Added significant interactions for Sri Lanka at DAUID 35201852
2025-04-30 00:18:32,808 - ethnicity_interaction_visualization - INFO - Added significant interactions for China at DAUID 35202486
2025-04-30 00:18:32,808 - ethnicity_interaction_visualization - INFO - Added significant interactions for India at DAUID 35202486
2025-04-30 00:18:32,808 - ethnicity_interaction_visualization - INFO - Added significant interactions for Philippines at DAUID 35202486
2025-04-30 00:18:32,808 - ethnicity_interaction_visualization - INFO - Added significant interactions for Portugal at DAUID 35202486
2025-04-30 00:18:32,809 - ethnicity_interaction_visualization - INFO - Added significant interactions for Sri Lanka at DAUID 35202486
2025-04-30 00:18:32,809 - ethnicity_interaction_visualization - INFO - Added significant interactions for China at DAUID 35204541
2025-04-30 00:18:32,809 - ethnicity_interaction_visualization - INFO - Added significant interactions for India at DAUID 35204541
2025-04-30 00:18:32,809 - ethnicity_interaction_visualization - INFO - Added significant interactions for Philippines at DAUID 35204541
2025-04-30 00:18:32,809 - ethnicity_interaction_visualization - INFO - Added significant interactions for Portugal at DAUID 35204541
2025-04-30 00:18:32,809 - ethnicity_interaction_visualization - INFO - Added significant interactions for Sri Lanka at DAUID 35204541
2025-04-30 00:18:32,809 - ethnicity_interaction_visualization - INFO - Added significant interactions for China at DAUID 35202389
2025-04-30 00:18:32,809 - ethnicity_interaction_visualization - INFO - Added significant interactions for India at DAUID 35202389
2025-04-30 00:18:32,809 - ethnicity_interaction_visualization - INFO - Added significant interactions for Philippines at DAUID 35202389
2025-04-30 00:18:32,809 - ethnicity_interaction_visualization - INFO - Added significant interactions for Portugal at DAUID 35202389
2025-04-30 00:18:32,809 - ethnicity_interaction_visualization - INFO - Added significant interactions for Sri Lanka at DAUID 35202389
2025-04-30 00:18:32,810 - ethnicity_interaction_visualization - INFO - Added significant interactions for China at DAUID 35204870
2025-04-30 00:18:32,810 - ethnicity_interaction_visualization - INFO - Added significant interactions for India at DAUID 35204870
2025-04-30 00:18:32,810 - ethnicity_interaction_visualization - INFO - Added significant interactions for Philippines at DAUID 35204870
2025-04-30 00:18:32,810 - ethnicity_interaction_visualization - INFO - Added significant interactions for Portugal at DAUID 35204870
2025-04-30 00:18:32,810 - ethnicity_interaction_visualization - INFO - Added significant interactions for Sri Lanka at DAUID 35204870
2025-04-30 00:18:32,810 - ethnicity_interaction_visualization - INFO - Added significant interactions for China at DAUID 35200798
2025-04-30 00:18:32,810 - ethnicity_interaction_visualization - INFO - Added significant interactions for India at DAUID 35200798
2025-04-30 00:18:32,810 - ethnicity_interaction_visualization - INFO - Added significant interactions for Philippines at DAUID 35200798
2025-04-30 00:18:32,810 - ethnicity_interaction_visualization - INFO - Added significant interactions for Portugal at DAUID 35200798
2025-04-30 00:18:32,810 - ethnicity_interaction_visualization - INFO - Added significant interactions for Sri Lanka at DAUID 35200798
2025-04-30 00:18:32,810 - ethnicity_interaction_visualization - INFO - Added significant interactions for China at DAUID 35203389
2025-04-30 00:18:32,810 - ethnicity_interaction_visualization - INFO - Added significant interactions for India at DAUID 35203389
2025-04-30 00:18:32,810 - ethnicity_interaction_visualization - INFO - Added significant interactions for Philippines at DAUID 35203389
2025-04-30 00:18:32,810 - ethnicity_interaction_visualization - INFO - Added significant interactions for Portugal at DAUID 35203389
2025-04-30 00:18:32,811 - ethnicity_interaction_visualization - INFO - Added significant interactions for Sri Lanka at DAUID 35203389
2025-04-30 00:18:32,811 - ethnicity_interaction_visualization - INFO - Added significant interactions for China at DAUID 35202125
2025-04-30 00:18:32,811 - ethnicity_interaction_visualization - INFO - Added significant interactions for India at DAUID 35202125
2025-04-30 00:18:32,811 - ethnicity_interaction_visualization - INFO - Added significant interactions for Philippines at DAUID 35202125
2025-04-30 00:18:32,811 - ethnicity_interaction_visualization - INFO - Added significant interactions for Portugal at DAUID 35202125
2025-04-30 00:18:32,811 - ethnicity_interaction_visualization - INFO - Added significant interactions for Sri Lanka at DAUID 35202125
2025-04-30 00:18:32,811 - ethnicity_interaction_visualization - INFO - Added significant interactions for China at DAUID 35203753
2025-04-30 00:18:32,811 - ethnicity_interaction_visualization - INFO - Added significant interactions for India at DAUID 35203753
2025-04-30 00:18:32,811 - ethnicity_interaction_visualization - INFO - Added significant interactions for Philippines at DAUID 35203753
2025-04-30 00:18:32,811 - ethnicity_interaction_visualization - INFO - Added significant interactions for Portugal at DAUID 35203753
2025-04-30 00:18:32,811 - ethnicity_interaction_visualization - INFO - Added significant interactions for Sri Lanka at DAUID 35203753
2025-04-30 00:18:32,811 - ethnicity_interaction_visualization - INFO - Added significant interactions for China at DAUID 35202992
2025-04-30 00:18:32,811 - ethnicity_interaction_visualization - INFO - Added significant interactions for India at DAUID 35202992
2025-04-30 00:18:32,811 - ethnicity_interaction_visualization - INFO - Added significant interactions for Philippines at DAUID 35202992
2025-04-30 00:18:32,812 - ethnicity_interaction_visualization - INFO - Added significant interactions for Portugal at DAUID 35202992
2025-04-30 00:18:32,812 - ethnicity_interaction_visualization - INFO - Added significant interactions for Sri Lanka at DAUID 35202992
2025-04-30 00:18:32,812 - ethnicity_interaction_visualization - INFO - Added significant interactions for China at DAUID 35204039
2025-04-30 00:18:32,812 - ethnicity_interaction_visualization - INFO - Added significant interactions for India at DAUID 35204039
2025-04-30 00:18:32,812 - ethnicity_interaction_visualization - INFO - Added significant interactions for Philippines at DAUID 35204039
2025-04-30 00:18:32,812 - ethnicity_interaction_visualization - INFO - Added significant interactions for Portugal at DAUID 35204039
2025-04-30 00:18:32,812 - ethnicity_interaction_visualization - INFO - Added significant interactions for Sri Lanka at DAUID 35204039
2025-04-30 00:18:32,812 - ethnicity_interaction_visualization - INFO - Added significant interactions for China at DAUID 35204291
2025-04-30 00:18:32,812 - ethnicity_interaction_visualization - INFO - Added significant interactions for India at DAUID 35204291
2025-04-30 00:18:32,812 - ethnicity_interaction_visualization - INFO - Added significant interactions for Philippines at DAUID 35204291
2025-04-30 00:18:32,812 - ethnicity_interaction_visualization - INFO - Added significant interactions for Portugal at DAUID 35204291
2025-04-30 00:18:32,813 - ethnicity_interaction_visualization - INFO - Added significant interactions for Sri Lanka at DAUID 35204291
2025-04-30 00:18:32,813 - ethnicity_interaction_visualization - INFO - Added significant interactions for China at DAUID 35202942
2025-04-30 00:18:32,813 - ethnicity_interaction_visualization - INFO - Added significant interactions for India at DAUID 35202942
2025-04-30 00:18:32,813 - ethnicity_interaction_visualization - INFO - Added significant interactions for Philippines at DAUID 35202942
2025-04-30 00:18:32,813 - ethnicity_interaction_visualization - INFO - Added significant interactions for Portugal at DAUID 35202942
2025-04-30 00:18:32,813 - ethnicity_interaction_visualization - INFO - Added significant interactions for Sri Lanka at DAUID 35202942
2025-04-30 00:18:32,813 - ethnicity_interaction_visualization - INFO - Added significant interactions for China at DAUID 35201908
2025-04-30 00:18:32,814 - ethnicity_interaction_visualization - INFO - Added significant interactions for India at DAUID 35201908
2025-04-30 00:18:32,814 - ethnicity_interaction_visualization - INFO - Added significant interactions for Philippines at DAUID 35201908
2025-04-30 00:18:32,814 - ethnicity_interaction_visualization - INFO - Added significant interactions for Portugal at DAUID 35201908
2025-04-30 00:18:32,814 - ethnicity_interaction_visualization - INFO - Added significant interactions for Sri Lanka at DAUID 35201908
2025-04-30 00:18:32,814 - ethnicity_interaction_visualization - INFO - Added significant interactions for China at DAUID 35201872
2025-04-30 00:18:32,814 - ethnicity_interaction_visualization - INFO - Added significant interactions for India at DAUID 35201872
2025-04-30 00:18:32,814 - ethnicity_interaction_visualization - INFO - Added significant interactions for Philippines at DAUID 35201872
2025-04-30 00:18:32,814 - ethnicity_interaction_visualization - INFO - Added significant interactions for Portugal at DAUID 35201872
2025-04-30 00:18:32,814 - ethnicity_interaction_visualization - INFO - Added significant interactions for Sri Lanka at DAUID 35201872
2025-04-30 00:18:32,814 - ethnicity_interaction_visualization - INFO - Added significant interactions for China at DAUID 35200815
2025-04-30 00:18:32,814 - ethnicity_interaction_visualization - INFO - Added significant interactions for India at DAUID 35200815
2025-04-30 00:18:32,814 - ethnicity_interaction_visualization - INFO - Added significant interactions for Philippines at DAUID 35200815
2025-04-30 00:18:32,814 - ethnicity_interaction_visualization - INFO - Added significant interactions for Portugal at DAUID 35200815
2025-04-30 00:18:32,814 - ethnicity_interaction_visualization - INFO - Added significant interactions for Sri Lanka at DAUID 35200815
2025-04-30 00:18:32,814 - ethnicity_interaction_visualization - INFO - Added significant interactions for China at DAUID 35201827
2025-04-30 00:18:32,815 - ethnicity_interaction_visualization - INFO - Added significant interactions for India at DAUID 35201827
2025-04-30 00:18:32,815 - ethnicity_interaction_visualization - INFO - Added significant interactions for Philippines at DAUID 35201827
2025-04-30 00:18:32,815 - ethnicity_interaction_visualization - INFO - Added significant interactions for Portugal at DAUID 35201827
2025-04-30 00:18:32,815 - ethnicity_interaction_visualization - INFO - Added significant interactions for Sri Lanka at DAUID 35201827
2025-04-30 00:18:32,815 - ethnicity_interaction_visualization - INFO - Added significant interactions for China at DAUID 35203334
2025-04-30 00:18:32,815 - ethnicity_interaction_visualization - INFO - Added significant interactions for India at DAUID 35203334
2025-04-30 00:18:32,815 - ethnicity_interaction_visualization - INFO - Added significant interactions for Philippines at DAUID 35203334
2025-04-30 00:18:32,815 - ethnicity_interaction_visualization - INFO - Added significant interactions for Portugal at DAUID 35203334
2025-04-30 00:18:32,815 - ethnicity_interaction_visualization - INFO - Added significant interactions for Sri Lanka at DAUID 35203334
2025-04-30 00:18:32,815 - ethnicity_interaction_visualization - INFO - Added significant interactions for China at DAUID 35202535
2025-04-30 00:18:32,815 - ethnicity_interaction_visualization - INFO - Added significant interactions for India at DAUID 35202535
2025-04-30 00:18:32,815 - ethnicity_interaction_visualization - INFO - Added significant interactions for Philippines at DAUID 35202535
2025-04-30 00:18:32,816 - ethnicity_interaction_visualization - INFO - Added significant interactions for Portugal at DAUID 35202535
2025-04-30 00:18:32,816 - ethnicity_interaction_visualization - INFO - Added significant interactions for Sri Lanka at DAUID 35202535
2025-04-30 00:18:32,816 - ethnicity_interaction_visualization - INFO - Added significant interactions for China at DAUID 35204304
2025-04-30 00:18:32,816 - ethnicity_interaction_visualization - INFO - Added significant interactions for India at DAUID 35204304
2025-04-30 00:18:32,816 - ethnicity_interaction_visualization - INFO - Added significant interactions for Philippines at DAUID 35204304
2025-04-30 00:18:32,816 - ethnicity_interaction_visualization - INFO - Added significant interactions for Portugal at DAUID 35204304
2025-04-30 00:18:32,816 - ethnicity_interaction_visualization - INFO - Added significant interactions for Sri Lanka at DAUID 35204304
2025-04-30 00:18:32,816 - ethnicity_interaction_visualization - INFO - Added significant interactions for China at DAUID 35204061
2025-04-30 00:18:32,817 - ethnicity_interaction_visualization - INFO - Added significant interactions for India at DAUID 35204061
2025-04-30 00:18:32,817 - ethnicity_interaction_visualization - INFO - Added significant interactions for Philippines at DAUID 35204061
2025-04-30 00:18:32,817 - ethnicity_interaction_visualization - INFO - Added significant interactions for Portugal at DAUID 35204061
2025-04-30 00:18:32,817 - ethnicity_interaction_visualization - INFO - Added significant interactions for Sri Lanka at DAUID 35204061
2025-04-30 00:18:32,817 - ethnicity_interaction_visualization - INFO - Added significant interactions for China at DAUID 35202217
2025-04-30 00:18:32,817 - ethnicity_interaction_visualization - INFO - Added significant interactions for India at DAUID 35202217
2025-04-30 00:18:32,817 - ethnicity_interaction_visualization - INFO - Added significant interactions for Philippines at DAUID 35202217
2025-04-30 00:18:32,818 - ethnicity_interaction_visualization - INFO - Added significant interactions for Portugal at DAUID 35202217
2025-04-30 00:18:32,818 - ethnicity_interaction_visualization - INFO - Added significant interactions for Sri Lanka at DAUID 35202217
2025-04-30 00:18:32,818 - ethnicity_interaction_visualization - INFO - Added significant interactions for China at DAUID 35201761
2025-04-30 00:18:32,818 - ethnicity_interaction_visualization - INFO - Added significant interactions for India at DAUID 35201761
2025-04-30 00:18:32,818 - ethnicity_interaction_visualization - INFO - Added significant interactions for Philippines at DAUID 35201761
2025-04-30 00:18:32,818 - ethnicity_interaction_visualization - INFO - Added significant interactions for Portugal at DAUID 35201761
2025-04-30 00:18:32,818 - ethnicity_interaction_visualization - INFO - Added significant interactions for Sri Lanka at DAUID 35201761
2025-04-30 00:18:32,818 - ethnicity_interaction_visualization - INFO - Added significant interactions for China at DAUID 35204565
2025-04-30 00:18:32,818 - ethnicity_interaction_visualization - INFO - Added significant interactions for India at DAUID 35204565
2025-04-30 00:18:32,818 - ethnicity_interaction_visualization - INFO - Added significant interactions for Philippines at DAUID 35204565
2025-04-30 00:18:32,818 - ethnicity_interaction_visualization - INFO - Added significant interactions for Portugal at DAUID 35204565
2025-04-30 00:18:32,818 - ethnicity_interaction_visualization - INFO - Added significant interactions for Sri Lanka at DAUID 35204565
2025-04-30 00:18:32,819 - ethnicity_interaction_visualization - INFO - Added significant interactions for China at DAUID 35201544
2025-04-30 00:18:32,819 - ethnicity_interaction_visualization - INFO - Added significant interactions for India at DAUID 35201544
2025-04-30 00:18:32,819 - ethnicity_interaction_visualization - INFO - Added significant interactions for Philippines at DAUID 35201544
2025-04-30 00:18:32,819 - ethnicity_interaction_visualization - INFO - Added significant interactions for Portugal at DAUID 35201544
2025-04-30 00:18:32,819 - ethnicity_interaction_visualization - INFO - Added significant interactions for Sri Lanka at DAUID 35201544
2025-04-30 00:18:32,819 - ethnicity_interaction_visualization - INFO - Added significant interactions for China at DAUID 35200414
2025-04-30 00:18:32,819 - ethnicity_interaction_visualization - INFO - Added significant interactions for India at DAUID 35200414
2025-04-30 00:18:32,819 - ethnicity_interaction_visualization - INFO - Added significant interactions for Philippines at DAUID 35200414
2025-04-30 00:18:32,819 - ethnicity_interaction_visualization - INFO - Added significant interactions for Portugal at DAUID 35200414
2025-04-30 00:18:32,819 - ethnicity_interaction_visualization - INFO - Added significant interactions for Sri Lanka at DAUID 35200414
2025-04-30 00:18:32,820 - ethnicity_interaction_visualization - INFO - Added significant interactions for China at DAUID 35204664
2025-04-30 00:18:32,820 - ethnicity_interaction_visualization - INFO - Added significant interactions for India at DAUID 35204664
2025-04-30 00:18:32,820 - ethnicity_interaction_visualization - INFO - Added significant interactions for Philippines at DAUID 35204664
2025-04-30 00:18:32,820 - ethnicity_interaction_visualization - INFO - Added significant interactions for Portugal at DAUID 35204664
2025-04-30 00:18:32,820 - ethnicity_interaction_visualization - INFO - Added significant interactions for Sri Lanka at DAUID 35204664
2025-04-30 00:18:32,820 - ethnicity_interaction_visualization - INFO - Added significant interactions for China at DAUID 35203264
2025-04-30 00:18:32,820 - ethnicity_interaction_visualization - INFO - Added significant interactions for India at DAUID 35203264
2025-04-30 00:18:32,820 - ethnicity_interaction_visualization - INFO - Added significant interactions for Philippines at DAUID 35203264
2025-04-30 00:18:32,820 - ethnicity_interaction_visualization - INFO - Added significant interactions for Portugal at DAUID 35203264
2025-04-30 00:18:32,820 - ethnicity_interaction_visualization - INFO - Added significant interactions for Sri Lanka at DAUID 35203264
2025-04-30 00:18:32,820 - ethnicity_interaction_visualization - INFO - Added significant interactions for China at DAUID 35202928
2025-04-30 00:18:32,820 - ethnicity_interaction_visualization - INFO - Added significant interactions for India at DAUID 35202928
2025-04-30 00:18:32,820 - ethnicity_interaction_visualization - INFO - Added significant interactions for Philippines at DAUID 35202928
2025-04-30 00:18:32,820 - ethnicity_interaction_visualization - INFO - Added significant interactions for Portugal at DAUID 35202928
2025-04-30 00:18:32,821 - ethnicity_interaction_visualization - INFO - Added significant interactions for Sri Lanka at DAUID 35202928
2025-04-30 00:18:32,821 - ethnicity_interaction_visualization - INFO - Added significant interactions for China at DAUID 35203849
2025-04-30 00:18:32,821 - ethnicity_interaction_visualization - INFO - Added significant interactions for India at DAUID 35203849
2025-04-30 00:18:32,821 - ethnicity_interaction_visualization - INFO - Added significant interactions for Philippines at DAUID 35203849
2025-04-30 00:18:32,821 - ethnicity_interaction_visualization - INFO - Added significant interactions for Portugal at DAUID 35203849
2025-04-30 00:18:32,821 - ethnicity_interaction_visualization - INFO - Added significant interactions for Sri Lanka at DAUID 35203849
2025-04-30 00:18:32,821 - ethnicity_interaction_visualization - INFO - Added significant interactions for China at DAUID 35200366
2025-04-30 00:18:32,821 - ethnicity_interaction_visualization - INFO - Added significant interactions for India at DAUID 35200366
2025-04-30 00:18:32,821 - ethnicity_interaction_visualization - INFO - Added significant interactions for Philippines at DAUID 35200366
2025-04-30 00:18:32,821 - ethnicity_interaction_visualization - INFO - Added significant interactions for Portugal at DAUID 35200366
2025-04-30 00:18:32,821 - ethnicity_interaction_visualization - INFO - Added significant interactions for Sri Lanka at DAUID 35200366
2025-04-30 00:18:32,821 - ethnicity_interaction_visualization - INFO - Added significant interactions for China at DAUID 35203947
2025-04-30 00:18:32,821 - ethnicity_interaction_visualization - INFO - Added significant interactions for India at DAUID 35203947
2025-04-30 00:18:32,822 - ethnicity_interaction_visualization - INFO - Added significant interactions for Philippines at DAUID 35203947
2025-04-30 00:18:32,822 - ethnicity_interaction_visualization - INFO - Added significant interactions for Portugal at DAUID 35203947
2025-04-30 00:18:32,822 - ethnicity_interaction_visualization - INFO - Added significant interactions for Sri Lanka at DAUID 35203947
2025-04-30 00:18:32,822 - ethnicity_interaction_visualization - INFO - Added significant interactions for China at DAUID 35201826
2025-04-30 00:18:32,822 - ethnicity_interaction_visualization - INFO - Added significant interactions for India at DAUID 35201826
2025-04-30 00:18:32,822 - ethnicity_interaction_visualization - INFO - Added significant interactions for Philippines at DAUID 35201826
2025-04-30 00:18:32,822 - ethnicity_interaction_visualization - INFO - Added significant interactions for Portugal at DAUID 35201826
2025-04-30 00:18:32,822 - ethnicity_interaction_visualization - INFO - Added significant interactions for Sri Lanka at DAUID 35201826
2025-04-30 00:18:32,822 - ethnicity_interaction_visualization - INFO - Added significant interactions for China at DAUID 35200923
2025-04-30 00:18:32,822 - ethnicity_interaction_visualization - INFO - Added significant interactions for India at DAUID 35200923
2025-04-30 00:18:32,822 - ethnicity_interaction_visualization - INFO - Added significant interactions for Philippines at DAUID 35200923
2025-04-30 00:18:32,822 - ethnicity_interaction_visualization - INFO - Added significant interactions for Portugal at DAUID 35200923
2025-04-30 00:18:32,823 - ethnicity_interaction_visualization - INFO - Added significant interactions for Sri Lanka at DAUID 35200923
2025-04-30 00:18:32,823 - ethnicity_interaction_visualization - INFO - Added significant interactions for China at DAUID 35200092
2025-04-30 00:18:32,823 - ethnicity_interaction_visualization - INFO - Added significant interactions for India at DAUID 35200092
2025-04-30 00:18:32,823 - ethnicity_interaction_visualization - INFO - Added significant interactions for Philippines at DAUID 35200092
2025-04-30 00:18:32,823 - ethnicity_interaction_visualization - INFO - Added significant interactions for Portugal at DAUID 35200092
2025-04-30 00:18:32,823 - ethnicity_interaction_visualization - INFO - Added significant interactions for Sri Lanka at DAUID 35200092
2025-04-30 00:18:32,823 - ethnicity_interaction_visualization - INFO - Added significant interactions for China at DAUID 35204678
2025-04-30 00:18:32,823 - ethnicity_interaction_visualization - INFO - Added significant interactions for India at DAUID 35204678
2025-04-30 00:18:32,823 - ethnicity_interaction_visualization - INFO - Added significant interactions for Philippines at DAUID 35204678
2025-04-30 00:18:32,823 - ethnicity_interaction_visualization - INFO - Added significant interactions for Portugal at DAUID 35204678
2025-04-30 00:18:32,823 - ethnicity_interaction_visualization - INFO - Added significant interactions for Sri Lanka at DAUID 35204678
2025-04-30 00:18:32,823 - ethnicity_interaction_visualization - INFO - Added significant interactions for China at DAUID 35203274
2025-04-30 00:18:32,824 - ethnicity_interaction_visualization - INFO - Added significant interactions for India at DAUID 35203274
2025-04-30 00:18:32,824 - ethnicity_interaction_visualization - INFO - Added significant interactions for Philippines at DAUID 35203274
2025-04-30 00:18:32,824 - ethnicity_interaction_visualization - INFO - Added significant interactions for Portugal at DAUID 35203274
2025-04-30 00:18:32,824 - ethnicity_interaction_visualization - INFO - Added significant interactions for Sri Lanka at DAUID 35203274
2025-04-30 00:18:32,824 - ethnicity_interaction_visualization - INFO - Added significant interactions for China at DAUID 35200563
2025-04-30 00:18:32,824 - ethnicity_interaction_visualization - INFO - Added significant interactions for India at DAUID 35200563
2025-04-30 00:18:32,824 - ethnicity_interaction_visualization - INFO - Added significant interactions for Philippines at DAUID 35200563
2025-04-30 00:18:32,824 - ethnicity_interaction_visualization - INFO - Added significant interactions for Portugal at DAUID 35200563
2025-04-30 00:18:32,824 - ethnicity_interaction_visualization - INFO - Added significant interactions for Sri Lanka at DAUID 35200563
2025-04-30 00:18:32,824 - ethnicity_interaction_visualization - INFO - Added significant interactions for China at DAUID 35203285
2025-04-30 00:18:32,824 - ethnicity_interaction_visualization - INFO - Added significant interactions for India at DAUID 35203285
2025-04-30 00:18:32,824 - ethnicity_interaction_visualization - INFO - Added significant interactions for Philippines at DAUID 35203285
2025-04-30 00:18:32,824 - ethnicity_interaction_visualization - INFO - Added significant interactions for Portugal at DAUID 35203285
2025-04-30 00:18:32,825 - ethnicity_interaction_visualization - INFO - Added significant interactions for Sri Lanka at DAUID 35203285
2025-04-30 00:18:32,825 - ethnicity_interaction_visualization - INFO - Added significant interactions for China at DAUID 35203032
2025-04-30 00:18:32,825 - ethnicity_interaction_visualization - INFO - Added significant interactions for India at DAUID 35203032
2025-04-30 00:18:32,825 - ethnicity_interaction_visualization - INFO - Added significant interactions for Philippines at DAUID 35203032
2025-04-30 00:18:32,825 - ethnicity_interaction_visualization - INFO - Added significant interactions for Portugal at DAUID 35203032
2025-04-30 00:18:32,825 - ethnicity_interaction_visualization - INFO - Added significant interactions for Sri Lanka at DAUID 35203032
2025-04-30 00:18:32,825 - ethnicity_interaction_visualization - INFO - Added significant interactions for China at DAUID 35200379
2025-04-30 00:18:32,825 - ethnicity_interaction_visualization - INFO - Added significant interactions for India at DAUID 35200379
2025-04-30 00:18:32,825 - ethnicity_interaction_visualization - INFO - Added significant interactions for Philippines at DAUID 35200379
2025-04-30 00:18:32,825 - ethnicity_interaction_visualization - INFO - Added significant interactions for Portugal at DAUID 35200379
2025-04-30 00:18:32,825 - ethnicity_interaction_visualization - INFO - Added significant interactions for Sri Lanka at DAUID 35200379
2025-04-30 00:18:32,825 - ethnicity_interaction_visualization - INFO - Added significant interactions for China at DAUID 35200307
2025-04-30 00:18:32,825 - ethnicity_interaction_visualization - INFO - Added significant interactions for India at DAUID 35200307
2025-04-30 00:18:32,826 - ethnicity_interaction_visualization - INFO - Added significant interactions for Philippines at DAUID 35200307
2025-04-30 00:18:32,826 - ethnicity_interaction_visualization - INFO - Added significant interactions for Portugal at DAUID 35200307
2025-04-30 00:18:32,826 - ethnicity_interaction_visualization - INFO - Added significant interactions for Sri Lanka at DAUID 35200307
2025-04-30 00:18:32,826 - ethnicity_interaction_visualization - INFO - Added significant interactions for China at DAUID 35204020
2025-04-30 00:18:32,826 - ethnicity_interaction_visualization - INFO - Added significant interactions for India at DAUID 35204020
2025-04-30 00:18:32,826 - ethnicity_interaction_visualization - INFO - Added significant interactions for Philippines at DAUID 35204020
2025-04-30 00:18:32,827 - ethnicity_interaction_visualization - INFO - Added significant interactions for Portugal at DAUID 35204020
2025-04-30 00:18:32,827 - ethnicity_interaction_visualization - INFO - Added significant interactions for Sri Lanka at DAUID 35204020
2025-04-30 00:18:32,827 - ethnicity_interaction_visualization - INFO - Added significant interactions for China at DAUID 35202227
2025-04-30 00:18:32,827 - ethnicity_interaction_visualization - INFO - Added significant interactions for India at DAUID 35202227
2025-04-30 00:18:32,828 - ethnicity_interaction_visualization - INFO - Added significant interactions for Philippines at DAUID 35202227
2025-04-30 00:18:32,828 - ethnicity_interaction_visualization - INFO - Added significant interactions for Portugal at DAUID 35202227
2025-04-30 00:18:32,828 - ethnicity_interaction_visualization - INFO - Added significant interactions for Sri Lanka at DAUID 35202227
2025-04-30 00:18:32,828 - ethnicity_interaction_visualization - INFO - Added significant interactions for China at DAUID 35204169
2025-04-30 00:18:32,829 - ethnicity_interaction_visualization - INFO - Added significant interactions for India at DAUID 35204169
2025-04-30 00:18:32,829 - ethnicity_interaction_visualization - INFO - Added significant interactions for Philippines at DAUID 35204169
2025-04-30 00:18:32,829 - ethnicity_interaction_visualization - INFO - Added significant interactions for Portugal at DAUID 35204169
2025-04-30 00:18:32,829 - ethnicity_interaction_visualization - INFO - Added significant interactions for Sri Lanka at DAUID 35204169
2025-04-30 00:18:32,829 - ethnicity_interaction_visualization - INFO - Added significant interactions for China at DAUID 35201587
2025-04-30 00:18:32,830 - ethnicity_interaction_visualization - INFO - Added significant interactions for India at DAUID 35201587
2025-04-30 00:18:32,830 - ethnicity_interaction_visualization - INFO - Added significant interactions for Philippines at DAUID 35201587
2025-04-30 00:18:32,830 - ethnicity_interaction_visualization - INFO - Added significant interactions for Portugal at DAUID 35201587
2025-04-30 00:18:32,830 - ethnicity_interaction_visualization - INFO - Added significant interactions for Sri Lanka at DAUID 35201587
2025-04-30 00:18:32,831 - ethnicity_interaction_visualization - INFO - Added significant interactions for China at DAUID 35200883
2025-04-30 00:18:32,831 - ethnicity_interaction_visualization - INFO - Added significant interactions for India at DAUID 35200883
2025-04-30 00:18:32,831 - ethnicity_interaction_visualization - INFO - Added significant interactions for Philippines at DAUID 35200883
2025-04-30 00:18:32,832 - ethnicity_interaction_visualization - INFO - Added significant interactions for Portugal at DAUID 35200883
2025-04-30 00:18:32,832 - ethnicity_interaction_visualization - INFO - Added significant interactions for Sri Lanka at DAUID 35200883
2025-04-30 00:18:32,832 - ethnicity_interaction_visualization - INFO - Added significant interactions for China at DAUID 35202166
2025-04-30 00:18:32,832 - ethnicity_interaction_visualization - INFO - Added significant interactions for India at DAUID 35202166
2025-04-30 00:18:32,833 - ethnicity_interaction_visualization - INFO - Added significant interactions for Philippines at DAUID 35202166
2025-04-30 00:18:32,833 - ethnicity_interaction_visualization - INFO - Added significant interactions for Portugal at DAUID 35202166
2025-04-30 00:18:32,833 - ethnicity_interaction_visualization - INFO - Added significant interactions for Sri Lanka at DAUID 35202166
2025-04-30 00:18:32,833 - ethnicity_interaction_visualization - INFO - Added significant interactions for China at DAUID 35205001
2025-04-30 00:18:32,833 - ethnicity_interaction_visualization - INFO - Added significant interactions for India at DAUID 35205001
2025-04-30 00:18:32,834 - ethnicity_interaction_visualization - INFO - Added significant interactions for Philippines at DAUID 35205001
2025-04-30 00:18:32,834 - ethnicity_interaction_visualization - INFO - Added significant interactions for Portugal at DAUID 35205001
2025-04-30 00:18:32,834 - ethnicity_interaction_visualization - INFO - Added significant interactions for Sri Lanka at DAUID 35205001
2025-04-30 00:18:32,834 - ethnicity_interaction_visualization - INFO - Added significant interactions for China at DAUID 35204076
2025-04-30 00:18:32,834 - ethnicity_interaction_visualization - INFO - Added significant interactions for India at DAUID 35204076
2025-04-30 00:18:32,834 - ethnicity_interaction_visualization - INFO - Added significant interactions for Philippines at DAUID 35204076
2025-04-30 00:18:32,834 - ethnicity_interaction_visualization - INFO - Added significant interactions for Portugal at DAUID 35204076
2025-04-30 00:18:32,834 - ethnicity_interaction_visualization - INFO - Added significant interactions for Sri Lanka at DAUID 35204076
2025-04-30 00:18:32,834 - ethnicity_interaction_visualization - INFO - Added significant interactions for China at DAUID 35204690
2025-04-30 00:18:32,834 - ethnicity_interaction_visualization - INFO - Added significant interactions for India at DAUID 35204690
2025-04-30 00:18:32,835 - ethnicity_interaction_visualization - INFO - Added significant interactions for Philippines at DAUID 35204690
2025-04-30 00:18:32,835 - ethnicity_interaction_visualization - INFO - Added significant interactions for Portugal at DAUID 35204690
2025-04-30 00:18:32,835 - ethnicity_interaction_visualization - INFO - Added significant interactions for Sri Lanka at DAUID 35204690
2025-04-30 00:18:32,836 - ethnicity_interaction_visualization - INFO - Added significant interactions for China at DAUID 35203803
2025-04-30 00:18:32,836 - ethnicity_interaction_visualization - INFO - Added significant interactions for India at DAUID 35203803
2025-04-30 00:18:32,836 - ethnicity_interaction_visualization - INFO - Added significant interactions for Philippines at DAUID 35203803
2025-04-30 00:18:32,836 - ethnicity_interaction_visualization - INFO - Added significant interactions for Portugal at DAUID 35203803
2025-04-30 00:18:32,836 - ethnicity_interaction_visualization - INFO - Added significant interactions for Sri Lanka at DAUID 35203803
2025-04-30 00:18:32,837 - ethnicity_interaction_visualization - INFO - Added significant interactions for China at DAUID 35200047
2025-04-30 00:18:32,837 - ethnicity_interaction_visualization - INFO - Added significant interactions for India at DAUID 35200047
2025-04-30 00:18:32,837 - ethnicity_interaction_visualization - INFO - Added significant interactions for Philippines at DAUID 35200047
2025-04-30 00:18:32,837 - ethnicity_interaction_visualization - INFO - Added significant interactions for Portugal at DAUID 35200047
2025-04-30 00:18:32,837 - ethnicity_interaction_visualization - INFO - Added significant interactions for Sri Lanka at DAUID 35200047
2025-04-30 00:18:32,837 - ethnicity_interaction_visualization - INFO - Added significant interactions for China at DAUID 35200269
2025-04-30 00:18:32,837 - ethnicity_interaction_visualization - INFO - Added significant interactions for India at DAUID 35200269
2025-04-30 00:18:32,838 - ethnicity_interaction_visualization - INFO - Added significant interactions for Philippines at DAUID 35200269
2025-04-30 00:18:32,838 - ethnicity_interaction_visualization - INFO - Added significant interactions for Portugal at DAUID 35200269
2025-04-30 00:18:32,838 - ethnicity_interaction_visualization - INFO - Added significant interactions for Sri Lanka at DAUID 35200269
2025-04-30 00:18:32,838 - ethnicity_interaction_visualization - INFO - Added significant interactions for China at DAUID 35202899
2025-04-30 00:18:32,838 - ethnicity_interaction_visualization - INFO - Added significant interactions for India at DAUID 35202899
2025-04-30 00:18:32,838 - ethnicity_interaction_visualization - INFO - Added significant interactions for Philippines at DAUID 35202899
2025-04-30 00:18:32,839 - ethnicity_interaction_visualization - INFO - Added significant interactions for Portugal at DAUID 35202899
2025-04-30 00:18:32,839 - ethnicity_interaction_visualization - INFO - Added significant interactions for Sri Lanka at DAUID 35202899
2025-04-30 00:18:32,839 - ethnicity_interaction_visualization - INFO - Added significant interactions for China at DAUID 35202656
2025-04-30 00:18:32,840 - ethnicity_interaction_visualization - INFO - Added significant interactions for India at DAUID 35202656
2025-04-30 00:18:32,840 - ethnicity_interaction_visualization - INFO - Added significant interactions for Philippines at DAUID 35202656
2025-04-30 00:18:32,840 - ethnicity_interaction_visualization - INFO - Added significant interactions for Portugal at DAUID 35202656
2025-04-30 00:18:32,840 - ethnicity_interaction_visualization - INFO - Added significant interactions for Sri Lanka at DAUID 35202656
2025-04-30 00:18:32,840 - ethnicity_interaction_visualization - INFO - Added significant interactions for China at DAUID 35200725
2025-04-30 00:18:32,840 - ethnicity_interaction_visualization - INFO - Added significant interactions for India at DAUID 35200725
2025-04-30 00:18:32,841 - ethnicity_interaction_visualization - INFO - Added significant interactions for Philippines at DAUID 35200725
2025-04-30 00:18:32,841 - ethnicity_interaction_visualization - INFO - Added significant interactions for Portugal at DAUID 35200725
2025-04-30 00:18:32,841 - ethnicity_interaction_visualization - INFO - Added significant interactions for Sri Lanka at DAUID 35200725
2025-04-30 00:18:32,841 - ethnicity_interaction_visualization - INFO - Added significant interactions for China at DAUID 35204232
2025-04-30 00:18:32,841 - ethnicity_interaction_visualization - INFO - Added significant interactions for India at DAUID 35204232
2025-04-30 00:18:32,841 - ethnicity_interaction_visualization - INFO - Added significant interactions for Philippines at DAUID 35204232
2025-04-30 00:18:32,841 - ethnicity_interaction_visualization - INFO - Added significant interactions for Portugal at DAUID 35204232
2025-04-30 00:18:32,841 - ethnicity_interaction_visualization - INFO - Added significant interactions for Sri Lanka at DAUID 35204232
2025-04-30 00:18:32,841 - ethnicity_interaction_visualization - INFO - Added significant interactions for China at DAUID 35203193
2025-04-30 00:18:32,842 - ethnicity_interaction_visualization - INFO - Added significant interactions for India at DAUID 35203193
2025-04-30 00:18:32,842 - ethnicity_interaction_visualization - INFO - Added significant interactions for Philippines at DAUID 35203193
2025-04-30 00:18:32,842 - ethnicity_interaction_visualization - INFO - Added significant interactions for Portugal at DAUID 35203193
2025-04-30 00:18:32,842 - ethnicity_interaction_visualization - INFO - Added significant interactions for Sri Lanka at DAUID 35203193
2025-04-30 00:18:32,842 - ethnicity_interaction_visualization - INFO - Added significant interactions for China at DAUID 35203683
2025-04-30 00:18:32,842 - ethnicity_interaction_visualization - INFO - Added significant interactions for India at DAUID 35203683
2025-04-30 00:18:32,842 - ethnicity_interaction_visualization - INFO - Added significant interactions for Philippines at DAUID 35203683
2025-04-30 00:18:32,842 - ethnicity_interaction_visualization - INFO - Added significant interactions for Portugal at DAUID 35203683
2025-04-30 00:18:32,842 - ethnicity_interaction_visualization - INFO - Added significant interactions for Sri Lanka at DAUID 35203683
2025-04-30 00:18:32,842 - ethnicity_interaction_visualization - INFO - Added significant interactions for China at DAUID 35201193
2025-04-30 00:18:32,842 - ethnicity_interaction_visualization - INFO - Added significant interactions for India at DAUID 35201193
2025-04-30 00:18:32,843 - ethnicity_interaction_visualization - INFO - Added significant interactions for Philippines at DAUID 35201193
2025-04-30 00:18:32,843 - ethnicity_interaction_visualization - INFO - Added significant interactions for Portugal at DAUID 35201193
2025-04-30 00:18:32,843 - ethnicity_interaction_visualization - INFO - Added significant interactions for Sri Lanka at DAUID 35201193
2025-04-30 00:18:32,843 - ethnicity_interaction_visualization - INFO - Added significant interactions for China at DAUID 35200255
2025-04-30 00:18:32,843 - ethnicity_interaction_visualization - INFO - Added significant interactions for India at DAUID 35200255
2025-04-30 00:18:32,843 - ethnicity_interaction_visualization - INFO - Added significant interactions for Philippines at DAUID 35200255
2025-04-30 00:18:32,843 - ethnicity_interaction_visualization - INFO - Added significant interactions for Portugal at DAUID 35200255
2025-04-30 00:18:32,843 - ethnicity_interaction_visualization - INFO - Added significant interactions for Sri Lanka at DAUID 35200255
2025-04-30 00:18:32,843 - ethnicity_interaction_visualization - INFO - Added significant interactions for China at DAUID 35201834
2025-04-30 00:18:32,843 - ethnicity_interaction_visualization - INFO - Added significant interactions for India at DAUID 35201834
2025-04-30 00:18:32,843 - ethnicity_interaction_visualization - INFO - Added significant interactions for Philippines at DAUID 35201834
2025-04-30 00:18:32,843 - ethnicity_interaction_visualization - INFO - Added significant interactions for Portugal at DAUID 35201834
2025-04-30 00:18:32,844 - ethnicity_interaction_visualization - INFO - Added significant interactions for Sri Lanka at DAUID 35201834
2025-04-30 00:18:32,844 - ethnicity_interaction_visualization - INFO - Added significant interactions for China at DAUID 35200402
2025-04-30 00:18:32,844 - ethnicity_interaction_visualization - INFO - Added significant interactions for India at DAUID 35200402
2025-04-30 00:18:32,844 - ethnicity_interaction_visualization - INFO - Added significant interactions for Philippines at DAUID 35200402
2025-04-30 00:18:32,844 - ethnicity_interaction_visualization - INFO - Added significant interactions for Portugal at DAUID 35200402
2025-04-30 00:18:32,844 - ethnicity_interaction_visualization - INFO - Added significant interactions for Sri Lanka at DAUID 35200402
2025-04-30 00:18:32,845 - ethnicity_interaction_visualization - INFO - Added significant interactions for China at DAUID 35202598
2025-04-30 00:18:32,845 - ethnicity_interaction_visualization - INFO - Added significant interactions for India at DAUID 35202598
2025-04-30 00:18:32,845 - ethnicity_interaction_visualization - INFO - Added significant interactions for Philippines at DAUID 35202598
2025-04-30 00:18:32,845 - ethnicity_interaction_visualization - INFO - Added significant interactions for Portugal at DAUID 35202598
2025-04-30 00:18:32,846 - ethnicity_interaction_visualization - INFO - Added significant interactions for Sri Lanka at DAUID 35202598
2025-04-30 00:18:32,846 - ethnicity_interaction_visualization - INFO - Added significant interactions for China at DAUID 35203043
2025-04-30 00:18:32,846 - ethnicity_interaction_visualization - INFO - Added significant interactions for India at DAUID 35203043
2025-04-30 00:18:32,846 - ethnicity_interaction_visualization - INFO - Added significant interactions for Philippines at DAUID 35203043
2025-04-30 00:18:32,846 - ethnicity_interaction_visualization - INFO - Added significant interactions for Portugal at DAUID 35203043
2025-04-30 00:18:32,848 - ethnicity_interaction_visualization - INFO - Added significant interactions for Sri Lanka at DAUID 35203043
2025-04-30 00:18:32,848 - ethnicity_interaction_visualization - INFO - Added significant interactions for China at DAUID 35204021
2025-04-30 00:18:32,848 - ethnicity_interaction_visualization - INFO - Added significant interactions for India at DAUID 35204021
2025-04-30 00:18:32,848 - ethnicity_interaction_visualization - INFO - Added significant interactions for Philippines at DAUID 35204021
2025-04-30 00:18:32,848 - ethnicity_interaction_visualization - INFO - Added significant interactions for Portugal at DAUID 35204021
2025-04-30 00:18:32,848 - ethnicity_interaction_visualization - INFO - Added significant interactions for Sri Lanka at DAUID 35204021
2025-04-30 00:18:32,848 - ethnicity_interaction_visualization - INFO - Added significant interactions for China at DAUID 35200963
2025-04-30 00:18:32,849 - ethnicity_interaction_visualization - INFO - Added significant interactions for India at DAUID 35200963
2025-04-30 00:18:32,849 - ethnicity_interaction_visualization - INFO - Added significant interactions for Philippines at DAUID 35200963
2025-04-30 00:18:32,849 - ethnicity_interaction_visualization - INFO - Added significant interactions for Portugal at DAUID 35200963
2025-04-30 00:18:32,849 - ethnicity_interaction_visualization - INFO - Added significant interactions for Sri Lanka at DAUID 35200963
2025-04-30 00:18:32,849 - ethnicity_interaction_visualization - INFO - Added significant interactions for China at DAUID 35201617
2025-04-30 00:18:32,849 - ethnicity_interaction_visualization - INFO - Added significant interactions for India at DAUID 35201617
2025-04-30 00:18:32,849 - ethnicity_interaction_visualization - INFO - Added significant interactions for Philippines at DAUID 35201617
2025-04-30 00:18:32,849 - ethnicity_interaction_visualization - INFO - Added significant interactions for Portugal at DAUID 35201617
2025-04-30 00:18:32,849 - ethnicity_interaction_visualization - INFO - Added significant interactions for Sri Lanka at DAUID 35201617
2025-04-30 00:18:32,849 - ethnicity_interaction_visualization - INFO - Added significant interactions for China at DAUID 35204470
2025-04-30 00:18:32,849 - ethnicity_interaction_visualization - INFO - Added significant interactions for India at DAUID 35204470
2025-04-30 00:18:32,850 - ethnicity_interaction_visualization - INFO - Added significant interactions for Philippines at DAUID 35204470
2025-04-30 00:18:32,850 - ethnicity_interaction_visualization - INFO - Added significant interactions for Portugal at DAUID 35204470
2025-04-30 00:18:32,850 - ethnicity_interaction_visualization - INFO - Added significant interactions for Sri Lanka at DAUID 35204470
2025-04-30 00:18:32,850 - ethnicity_interaction_visualization - INFO - Added significant interactions for China at DAUID 35204361
2025-04-30 00:18:32,850 - ethnicity_interaction_visualization - INFO - Added significant interactions for India at DAUID 35204361
2025-04-30 00:18:32,850 - ethnicity_interaction_visualization - INFO - Added significant interactions for Philippines at DAUID 35204361
2025-04-30 00:18:32,850 - ethnicity_interaction_visualization - INFO - Added significant interactions for Portugal at DAUID 35204361
2025-04-30 00:18:32,850 - ethnicity_interaction_visualization - INFO - Added significant interactions for Sri Lanka at DAUID 35204361
2025-04-30 00:18:32,850 - ethnicity_interaction_visualization - INFO - Added significant interactions for China at DAUID 35201913
2025-04-30 00:18:32,850 - ethnicity_interaction_visualization - INFO - Added significant interactions for India at DAUID 35201913
2025-04-30 00:18:32,850 - ethnicity_interaction_visualization - INFO - Added significant interactions for Philippines at DAUID 35201913
2025-04-30 00:18:32,850 - ethnicity_interaction_visualization - INFO - Added significant interactions for Portugal at DAUID 35201913
2025-04-30 00:18:32,851 - ethnicity_interaction_visualization - INFO - Added significant interactions for Sri Lanka at DAUID 35201913
2025-04-30 00:18:32,851 - ethnicity_interaction_visualization - INFO - Added significant interactions for China at DAUID 35202811
2025-04-30 00:18:32,851 - ethnicity_interaction_visualization - INFO - Added significant interactions for India at DAUID 35202811
2025-04-30 00:18:32,851 - ethnicity_interaction_visualization - INFO - Added significant interactions for Philippines at DAUID 35202811
2025-04-30 00:18:32,851 - ethnicity_interaction_visualization - INFO - Added significant interactions for Portugal at DAUID 35202811
2025-04-30 00:18:32,851 - ethnicity_interaction_visualization - INFO - Added significant interactions for Sri Lanka at DAUID 35202811
2025-04-30 00:18:32,851 - ethnicity_interaction_visualization - INFO - Added significant interactions for China at DAUID 35204576
2025-04-30 00:18:32,851 - ethnicity_interaction_visualization - INFO - Added significant interactions for India at DAUID 35204576
2025-04-30 00:18:32,851 - ethnicity_interaction_visualization - INFO - Added significant interactions for Philippines at DAUID 35204576
2025-04-30 00:18:32,851 - ethnicity_interaction_visualization - INFO - Added significant interactions for Portugal at DAUID 35204576
2025-04-30 00:18:32,851 - ethnicity_interaction_visualization - INFO - Added significant interactions for Sri Lanka at DAUID 35204576
2025-04-30 00:18:32,852 - ethnicity_interaction_visualization - INFO - Added significant interactions for China at DAUID 35202305
2025-04-30 00:18:32,852 - ethnicity_interaction_visualization - INFO - Added significant interactions for India at DAUID 35202305
2025-04-30 00:18:32,852 - ethnicity_interaction_visualization - INFO - Added significant interactions for Philippines at DAUID 35202305
2025-04-30 00:18:32,852 - ethnicity_interaction_visualization - INFO - Added significant interactions for Portugal at DAUID 35202305
2025-04-30 00:18:32,852 - ethnicity_interaction_visualization - INFO - Added significant interactions for Sri Lanka at DAUID 35202305
2025-04-30 00:18:32,852 - ethnicity_interaction_visualization - INFO - Added significant interactions for China at DAUID 35204497
2025-04-30 00:18:32,852 - ethnicity_interaction_visualization - INFO - Added significant interactions for India at DAUID 35204497
2025-04-30 00:18:32,852 - ethnicity_interaction_visualization - INFO - Added significant interactions for Philippines at DAUID 35204497
2025-04-30 00:18:32,852 - ethnicity_interaction_visualization - INFO - Added significant interactions for Portugal at DAUID 35204497
2025-04-30 00:18:32,852 - ethnicity_interaction_visualization - INFO - Added significant interactions for Sri Lanka at DAUID 35204497
2025-04-30 00:18:32,852 - ethnicity_interaction_visualization - INFO - Added significant interactions for China at DAUID 35201128
2025-04-30 00:18:32,852 - ethnicity_interaction_visualization - INFO - Added significant interactions for India at DAUID 35201128
2025-04-30 00:18:32,853 - ethnicity_interaction_visualization - INFO - Added significant interactions for Philippines at DAUID 35201128
2025-04-30 00:18:32,853 - ethnicity_interaction_visualization - INFO - Added significant interactions for Portugal at DAUID 35201128
2025-04-30 00:18:32,853 - ethnicity_interaction_visualization - INFO - Added significant interactions for Sri Lanka at DAUID 35201128
2025-04-30 00:18:32,853 - ethnicity_interaction_visualization - INFO - Added significant interactions for China at DAUID 35204952
2025-04-30 00:18:32,853 - ethnicity_interaction_visualization - INFO - Added significant interactions for India at DAUID 35204952
2025-04-30 00:18:32,853 - ethnicity_interaction_visualization - INFO - Added significant interactions for Philippines at DAUID 35204952
2025-04-30 00:18:32,853 - ethnicity_interaction_visualization - INFO - Added significant interactions for Portugal at DAUID 35204952
2025-04-30 00:18:32,853 - ethnicity_interaction_visualization - INFO - Added significant interactions for Sri Lanka at DAUID 35204952
2025-04-30 00:18:32,853 - ethnicity_interaction_visualization - INFO - Added significant interactions for China at DAUID 35200540
2025-04-30 00:18:32,853 - ethnicity_interaction_visualization - INFO - Added significant interactions for India at DAUID 35200540
2025-04-30 00:18:32,853 - ethnicity_interaction_visualization - INFO - Added significant interactions for Philippines at DAUID 35200540
2025-04-30 00:18:32,853 - ethnicity_interaction_visualization - INFO - Added significant interactions for Portugal at DAUID 35200540
2025-04-30 00:18:32,854 - ethnicity_interaction_visualization - INFO - Added significant interactions for Sri Lanka at DAUID 35200540
2025-04-30 00:18:32,854 - ethnicity_interaction_visualization - INFO - Added significant interactions for China at DAUID 35204312
2025-04-30 00:18:32,854 - ethnicity_interaction_visualization - INFO - Added significant interactions for India at DAUID 35204312
2025-04-30 00:18:32,854 - ethnicity_interaction_visualization - INFO - Added significant interactions for Philippines at DAUID 35204312
2025-04-30 00:18:32,854 - ethnicity_interaction_visualization - INFO - Added significant interactions for Portugal at DAUID 35204312
2025-04-30 00:18:32,854 - ethnicity_interaction_visualization - INFO - Added significant interactions for Sri Lanka at DAUID 35204312
2025-04-30 00:18:32,854 - ethnicity_interaction_visualization - INFO - Added significant interactions for China at DAUID 35202886
2025-04-30 00:18:32,854 - ethnicity_interaction_visualization - INFO - Added significant interactions for India at DAUID 35202886
2025-04-30 00:18:32,854 - ethnicity_interaction_visualization - INFO - Added significant interactions for Philippines at DAUID 35202886
2025-04-30 00:18:32,854 - ethnicity_interaction_visualization - INFO - Added significant interactions for Portugal at DAUID 35202886
2025-04-30 00:18:32,854 - ethnicity_interaction_visualization - INFO - Added significant interactions for Sri Lanka at DAUID 35202886
2025-04-30 00:18:32,854 - ethnicity_interaction_visualization - INFO - Added significant interactions for China at DAUID 35202155
2025-04-30 00:18:32,855 - ethnicity_interaction_visualization - INFO - Added significant interactions for India at DAUID 35202155
2025-04-30 00:18:32,855 - ethnicity_interaction_visualization - INFO - Added significant interactions for Philippines at DAUID 35202155
2025-04-30 00:18:32,855 - ethnicity_interaction_visualization - INFO - Added significant interactions for Portugal at DAUID 35202155
2025-04-30 00:18:32,855 - ethnicity_interaction_visualization - INFO - Added significant interactions for Sri Lanka at DAUID 35202155
2025-04-30 00:18:32,855 - ethnicity_interaction_visualization - INFO - Added significant interactions for China at DAUID 35204982
2025-04-30 00:18:32,855 - ethnicity_interaction_visualization - INFO - Added significant interactions for India at DAUID 35204982
2025-04-30 00:18:32,855 - ethnicity_interaction_visualization - INFO - Added significant interactions for Philippines at DAUID 35204982
2025-04-30 00:18:32,855 - ethnicity_interaction_visualization - INFO - Added significant interactions for Portugal at DAUID 35204982
2025-04-30 00:18:32,855 - ethnicity_interaction_visualization - INFO - Added significant interactions for Sri Lanka at DAUID 35204982
2025-04-30 00:18:32,855 - ethnicity_interaction_visualization - INFO - Added significant interactions for China at DAUID 35204730
2025-04-30 00:18:32,856 - ethnicity_interaction_visualization - INFO - Added significant interactions for India at DAUID 35204730
2025-04-30 00:18:32,856 - ethnicity_interaction_visualization - INFO - Added significant interactions for Philippines at DAUID 35204730
2025-04-30 00:18:32,856 - ethnicity_interaction_visualization - INFO - Added significant interactions for Portugal at DAUID 35204730
2025-04-30 00:18:32,856 - ethnicity_interaction_visualization - INFO - Added significant interactions for Sri Lanka at DAUID 35204730
2025-04-30 00:18:32,856 - ethnicity_interaction_visualization - INFO - Added significant interactions for China at DAUID 35201332
2025-04-30 00:18:32,856 - ethnicity_interaction_visualization - INFO - Added significant interactions for India at DAUID 35201332
2025-04-30 00:18:32,856 - ethnicity_interaction_visualization - INFO - Added significant interactions for Philippines at DAUID 35201332
2025-04-30 00:18:32,856 - ethnicity_interaction_visualization - INFO - Added significant interactions for Portugal at DAUID 35201332
2025-04-30 00:18:32,856 - ethnicity_interaction_visualization - INFO - Added significant interactions for Sri Lanka at DAUID 35201332
2025-04-30 00:18:32,856 - ethnicity_interaction_visualization - INFO - Added significant interactions for China at DAUID 35201249
2025-04-30 00:18:32,856 - ethnicity_interaction_visualization - INFO - Added significant interactions for India at DAUID 35201249
2025-04-30 00:18:32,857 - ethnicity_interaction_visualization - INFO - Added significant interactions for Philippines at DAUID 35201249
2025-04-30 00:18:32,857 - ethnicity_interaction_visualization - INFO - Added significant interactions for Portugal at DAUID 35201249
2025-04-30 00:18:32,857 - ethnicity_interaction_visualization - INFO - Added significant interactions for Sri Lanka at DAUID 35201249
2025-04-30 00:18:32,857 - ethnicity_interaction_visualization - INFO - Added significant interactions for China at DAUID 35204333
2025-04-30 00:18:32,857 - ethnicity_interaction_visualization - INFO - Added significant interactions for India at DAUID 35204333
2025-04-30 00:18:32,857 - ethnicity_interaction_visualization - INFO - Added significant interactions for Philippines at DAUID 35204333
2025-04-30 00:18:32,857 - ethnicity_interaction_visualization - INFO - Added significant interactions for Portugal at DAUID 35204333
2025-04-30 00:18:32,857 - ethnicity_interaction_visualization - INFO - Added significant interactions for Sri Lanka at DAUID 35204333
2025-04-30 00:18:32,857 - ethnicity_interaction_visualization - INFO - Added significant interactions for China at DAUID 35203420
2025-04-30 00:18:32,857 - ethnicity_interaction_visualization - INFO - Added significant interactions for India at DAUID 35203420
2025-04-30 00:18:32,857 - ethnicity_interaction_visualization - INFO - Added significant interactions for Philippines at DAUID 35203420
2025-04-30 00:18:32,857 - ethnicity_interaction_visualization - INFO - Added significant interactions for Portugal at DAUID 35203420
2025-04-30 00:18:32,857 - ethnicity_interaction_visualization - INFO - Added significant interactions for Sri Lanka at DAUID 35203420
2025-04-30 00:18:32,857 - ethnicity_interaction_visualization - INFO - Added significant interactions for China at DAUID 35201019
2025-04-30 00:18:32,858 - ethnicity_interaction_visualization - INFO - Added significant interactions for India at DAUID 35201019
2025-04-30 00:18:32,858 - ethnicity_interaction_visualization - INFO - Added significant interactions for Philippines at DAUID 35201019
2025-04-30 00:18:32,858 - ethnicity_interaction_visualization - INFO - Added significant interactions for Portugal at DAUID 35201019
2025-04-30 00:18:32,858 - ethnicity_interaction_visualization - INFO - Added significant interactions for Sri Lanka at DAUID 35201019
2025-04-30 00:18:32,858 - ethnicity_interaction_visualization - INFO - Added significant interactions for China at DAUID 35204214
2025-04-30 00:18:32,858 - ethnicity_interaction_visualization - INFO - Added significant interactions for India at DAUID 35204214
2025-04-30 00:18:32,858 - ethnicity_interaction_visualization - INFO - Added significant interactions for Philippines at DAUID 35204214
2025-04-30 00:18:32,858 - ethnicity_interaction_visualization - INFO - Added significant interactions for Portugal at DAUID 35204214
2025-04-30 00:18:32,858 - ethnicity_interaction_visualization - INFO - Added significant interactions for Sri Lanka at DAUID 35204214
2025-04-30 00:18:32,858 - ethnicity_interaction_visualization - INFO - Added significant interactions for China at DAUID 35200791
2025-04-30 00:18:32,858 - ethnicity_interaction_visualization - INFO - Added significant interactions for India at DAUID 35200791
2025-04-30 00:18:32,858 - ethnicity_interaction_visualization - INFO - Added significant interactions for Philippines at DAUID 35200791
2025-04-30 00:18:32,858 - ethnicity_interaction_visualization - INFO - Added significant interactions for Portugal at DAUID 35200791
2025-04-30 00:18:32,858 - ethnicity_interaction_visualization - INFO - Added significant interactions for Sri Lanka at DAUID 35200791
2025-04-30 00:18:32,859 - ethnicity_interaction_visualization - INFO - Added significant interactions for China at DAUID 35203829
2025-04-30 00:18:32,859 - ethnicity_interaction_visualization - INFO - Added significant interactions for India at DAUID 35203829
2025-04-30 00:18:32,859 - ethnicity_interaction_visualization - INFO - Added significant interactions for Philippines at DAUID 35203829
2025-04-30 00:18:32,859 - ethnicity_interaction_visualization - INFO - Added significant interactions for Portugal at DAUID 35203829
2025-04-30 00:18:32,859 - ethnicity_interaction_visualization - INFO - Added significant interactions for Sri Lanka at DAUID 35203829
2025-04-30 00:18:32,859 - ethnicity_interaction_visualization - INFO - Added significant interactions for China at DAUID 35204190
2025-04-30 00:18:32,859 - ethnicity_interaction_visualization - INFO - Added significant interactions for India at DAUID 35204190
2025-04-30 00:18:32,859 - ethnicity_interaction_visualization - INFO - Added significant interactions for Philippines at DAUID 35204190
2025-04-30 00:18:32,859 - ethnicity_interaction_visualization - INFO - Added significant interactions for Portugal at DAUID 35204190
2025-04-30 00:18:32,859 - ethnicity_interaction_visualization - INFO - Added significant interactions for Sri Lanka at DAUID 35204190
2025-04-30 00:18:32,860 - ethnicity_interaction_visualization - INFO - Added significant interactions for China at DAUID 35202646
2025-04-30 00:18:32,860 - ethnicity_interaction_visualization - INFO - Added significant interactions for India at DAUID 35202646
2025-04-30 00:18:32,860 - ethnicity_interaction_visualization - INFO - Added significant interactions for Philippines at DAUID 35202646
2025-04-30 00:18:32,860 - ethnicity_interaction_visualization - INFO - Added significant interactions for Portugal at DAUID 35202646
2025-04-30 00:18:32,860 - ethnicity_interaction_visualization - INFO - Added significant interactions for Sri Lanka at DAUID 35202646
2025-04-30 00:18:32,860 - ethnicity_interaction_visualization - INFO - Added significant interactions for China at DAUID 35205011
2025-04-30 00:18:32,860 - ethnicity_interaction_visualization - INFO - Added significant interactions for India at DAUID 35205011
2025-04-30 00:18:32,860 - ethnicity_interaction_visualization - INFO - Added significant interactions for Philippines at DAUID 35205011
2025-04-30 00:18:32,860 - ethnicity_interaction_visualization - INFO - Added significant interactions for Portugal at DAUID 35205011
2025-04-30 00:18:32,860 - ethnicity_interaction_visualization - INFO - Added significant interactions for Sri Lanka at DAUID 35205011
2025-04-30 00:18:32,860 - ethnicity_interaction_visualization - INFO - Added significant interactions for China at DAUID 35202372
2025-04-30 00:18:32,860 - ethnicity_interaction_visualization - INFO - Added significant interactions for India at DAUID 35202372
2025-04-30 00:18:32,860 - ethnicity_interaction_visualization - INFO - Added significant interactions for Philippines at DAUID 35202372
2025-04-30 00:18:32,861 - ethnicity_interaction_visualization - INFO - Added significant interactions for Portugal at DAUID 35202372
2025-04-30 00:18:32,861 - ethnicity_interaction_visualization - INFO - Added significant interactions for Sri Lanka at DAUID 35202372
2025-04-30 00:18:32,861 - ethnicity_interaction_visualization - INFO - Added significant interactions for China at DAUID 35202267
2025-04-30 00:18:32,861 - ethnicity_interaction_visualization - INFO - Added significant interactions for India at DAUID 35202267
2025-04-30 00:18:32,861 - ethnicity_interaction_visualization - INFO - Added significant interactions for Philippines at DAUID 35202267
2025-04-30 00:18:32,861 - ethnicity_interaction_visualization - INFO - Added significant interactions for Portugal at DAUID 35202267
2025-04-30 00:18:32,861 - ethnicity_interaction_visualization - INFO - Added significant interactions for Sri Lanka at DAUID 35202267
2025-04-30 00:18:32,861 - ethnicity_interaction_visualization - INFO - Added significant interactions for China at DAUID 35203276
2025-04-30 00:18:32,861 - ethnicity_interaction_visualization - INFO - Added significant interactions for India at DAUID 35203276
2025-04-30 00:18:32,861 - ethnicity_interaction_visualization - INFO - Added significant interactions for Philippines at DAUID 35203276
2025-04-30 00:18:32,861 - ethnicity_interaction_visualization - INFO - Added significant interactions for Portugal at DAUID 35203276
2025-04-30 00:18:32,861 - ethnicity_interaction_visualization - INFO - Added significant interactions for Sri Lanka at DAUID 35203276
2025-04-30 00:18:32,861 - ethnicity_interaction_visualization - INFO - Added significant interactions for China at DAUID 35203893
2025-04-30 00:18:32,861 - ethnicity_interaction_visualization - INFO - Added significant interactions for India at DAUID 35203893
2025-04-30 00:18:32,862 - ethnicity_interaction_visualization - INFO - Added significant interactions for Philippines at DAUID 35203893
2025-04-30 00:18:32,862 - ethnicity_interaction_visualization - INFO - Added significant interactions for Portugal at DAUID 35203893
2025-04-30 00:18:32,862 - ethnicity_interaction_visualization - INFO - Added significant interactions for Sri Lanka at DAUID 35203893
2025-04-30 00:18:32,862 - ethnicity_interaction_visualization - INFO - Added significant interactions for China at DAUID 35204356
2025-04-30 00:18:32,862 - ethnicity_interaction_visualization - INFO - Added significant interactions for India at DAUID 35204356
2025-04-30 00:18:32,862 - ethnicity_interaction_visualization - INFO - Added significant interactions for Philippines at DAUID 35204356
2025-04-30 00:18:32,862 - ethnicity_interaction_visualization - INFO - Added significant interactions for Portugal at DAUID 35204356
2025-04-30 00:18:32,862 - ethnicity_interaction_visualization - INFO - Added significant interactions for Sri Lanka at DAUID 35204356
2025-04-30 00:18:32,862 - ethnicity_interaction_visualization - INFO - Added significant interactions for China at DAUID 35203348
2025-04-30 00:18:32,862 - ethnicity_interaction_visualization - INFO - Added significant interactions for India at DAUID 35203348
2025-04-30 00:18:32,862 - ethnicity_interaction_visualization - INFO - Added significant interactions for Philippines at DAUID 35203348
2025-04-30 00:18:32,863 - ethnicity_interaction_visualization - INFO - Added significant interactions for Portugal at DAUID 35203348
2025-04-30 00:18:32,863 - ethnicity_interaction_visualization - INFO - Added significant interactions for Sri Lanka at DAUID 35203348
2025-04-30 00:18:32,863 - ethnicity_interaction_visualization - INFO - Added significant interactions for China at DAUID 35202119
2025-04-30 00:18:32,863 - ethnicity_interaction_visualization - INFO - Added significant interactions for India at DAUID 35202119
2025-04-30 00:18:32,863 - ethnicity_interaction_visualization - INFO - Added significant interactions for Philippines at DAUID 35202119
2025-04-30 00:18:32,863 - ethnicity_interaction_visualization - INFO - Added significant interactions for Portugal at DAUID 35202119
2025-04-30 00:18:32,863 - ethnicity_interaction_visualization - INFO - Added significant interactions for Sri Lanka at DAUID 35202119
2025-04-30 00:18:32,863 - ethnicity_interaction_visualization - INFO - Added significant interactions for China at DAUID 35201209
2025-04-30 00:18:32,863 - ethnicity_interaction_visualization - INFO - Added significant interactions for India at DAUID 35201209
2025-04-30 00:18:32,863 - ethnicity_interaction_visualization - INFO - Added significant interactions for Philippines at DAUID 35201209
2025-04-30 00:18:32,863 - ethnicity_interaction_visualization - INFO - Added significant interactions for Portugal at DAUID 35201209
2025-04-30 00:18:32,863 - ethnicity_interaction_visualization - INFO - Added significant interactions for Sri Lanka at DAUID 35201209
2025-04-30 00:18:32,864 - ethnicity_interaction_visualization - INFO - Added significant interactions for China at DAUID 35204848
2025-04-30 00:18:32,864 - ethnicity_interaction_visualization - INFO - Added significant interactions for India at DAUID 35204848
2025-04-30 00:18:32,864 - ethnicity_interaction_visualization - INFO - Added significant interactions for Philippines at DAUID 35204848
2025-04-30 00:18:32,864 - ethnicity_interaction_visualization - INFO - Added significant interactions for Portugal at DAUID 35204848
2025-04-30 00:18:32,864 - ethnicity_interaction_visualization - INFO - Added significant interactions for Sri Lanka at DAUID 35204848
2025-04-30 00:18:32,864 - ethnicity_interaction_visualization - INFO - Added significant interactions for China at DAUID 35202300
2025-04-30 00:18:32,864 - ethnicity_interaction_visualization - INFO - Added significant interactions for India at DAUID 35202300
2025-04-30 00:18:32,864 - ethnicity_interaction_visualization - INFO - Added significant interactions for Philippines at DAUID 35202300
2025-04-30 00:18:32,864 - ethnicity_interaction_visualization - INFO - Added significant interactions for Portugal at DAUID 35202300
2025-04-30 00:18:32,864 - ethnicity_interaction_visualization - INFO - Added significant interactions for Sri Lanka at DAUID 35202300
2025-04-30 00:18:32,864 - ethnicity_interaction_visualization - INFO - Added significant interactions for China at DAUID 35203812
2025-04-30 00:18:32,864 - ethnicity_interaction_visualization - INFO - Added significant interactions for India at DAUID 35203812
2025-04-30 00:18:32,864 - ethnicity_interaction_visualization - INFO - Added significant interactions for Philippines at DAUID 35203812
2025-04-30 00:18:32,864 - ethnicity_interaction_visualization - INFO - Added significant interactions for Portugal at DAUID 35203812
2025-04-30 00:18:32,864 - ethnicity_interaction_visualization - INFO - Added significant interactions for Sri Lanka at DAUID 35203812
2025-04-30 00:18:32,865 - ethnicity_interaction_visualization - INFO - Added significant interactions for China at DAUID 35202130
2025-04-30 00:18:32,865 - ethnicity_interaction_visualization - INFO - Added significant interactions for India at DAUID 35202130
2025-04-30 00:18:32,865 - ethnicity_interaction_visualization - INFO - Added significant interactions for Philippines at DAUID 35202130
2025-04-30 00:18:32,865 - ethnicity_interaction_visualization - INFO - Added significant interactions for Portugal at DAUID 35202130
2025-04-30 00:18:32,865 - ethnicity_interaction_visualization - INFO - Added significant interactions for Sri Lanka at DAUID 35202130
2025-04-30 00:18:32,865 - ethnicity_interaction_visualization - INFO - Added significant interactions for China at DAUID 35203448
2025-04-30 00:18:32,865 - ethnicity_interaction_visualization - INFO - Added significant interactions for India at DAUID 35203448
2025-04-30 00:18:32,865 - ethnicity_interaction_visualization - INFO - Added significant interactions for Philippines at DAUID 35203448
2025-04-30 00:18:32,865 - ethnicity_interaction_visualization - INFO - Added significant interactions for Portugal at DAUID 35203448
2025-04-30 00:18:32,865 - ethnicity_interaction_visualization - INFO - Added significant interactions for Sri Lanka at DAUID 35203448
2025-04-30 00:18:33,326 - __main__ - INFO - Loaded shapefile with 3742 geometries
2025-04-30 00:18:33,326 - __main__ - INFO - Analyzing spatial patterns for China
2025-04-30 00:18:33,327 - __main__ - WARNING - Could not find ethnicity China, defaulting to index 0
2025-04-30 00:18:33,327 - __main__ - INFO - Extracted expert weights for 320 DAUIDs for ethnicity index 0
2025-04-30 00:18:33,384 - __main__ - ERROR - Error calculating Moran's I for ethnicity_0_colonization_weight: 'Moran' object has no attribute 'p_value'
2025-04-30 00:18:34,501 - __main__ - INFO - Created colonization expert weight map for ethnicity index 0
2025-04-30 00:18:34,547 - __main__ - ERROR - Error calculating Moran's I for ethnicity_0_jump_weight: 'Moran' object has no attribute 'p_value'
2025-04-30 00:18:35,549 - __main__ - INFO - Created jump expert weight map for ethnicity index 0
2025-04-30 00:18:35,594 - __main__ - ERROR - Error calculating Moran's I for ethnicity_0_decline_weight: 'Moran' object has no attribute 'p_value'
2025-04-30 00:18:36,643 - __main__ - INFO - Created decline expert weight map for ethnicity index 0
2025-04-30 00:18:36,685 - __main__ - ERROR - Error calculating Moran's I for ethnicity_0_pde_weight: 'Moran' object has no attribute 'p_value'
2025-04-30 00:18:37,723 - __main__ - INFO - Created pde expert weight map for ethnicity index 0
2025-04-30 00:18:37,730 - __main__ - INFO - Saved spatial statistics for ethnicity index 0 to ./ethnicity_visualizations\spatial_statistics\spatial_statistics_ethnicity_0.json
2025-04-30 00:18:37,730 - __main__ - INFO - Analyzing spatial patterns for India
2025-04-30 00:18:37,731 - __main__ - WARNING - Could not find ethnicity India, defaulting to index 0
2025-04-30 00:18:37,731 - __main__ - INFO - Extracted expert weights for 320 DAUIDs for ethnicity index 0
2025-04-30 00:18:37,775 - __main__ - ERROR - Error calculating Moran's I for ethnicity_0_colonization_weight: 'Moran' object has no attribute 'p_value'
2025-04-30 00:18:38,742 - __main__ - INFO - Created colonization expert weight map for ethnicity index 0
2025-04-30 00:18:38,785 - __main__ - ERROR - Error calculating Moran's I for ethnicity_0_jump_weight: 'Moran' object has no attribute 'p_value'
2025-04-30 00:18:39,820 - __main__ - INFO - Created jump expert weight map for ethnicity index 0
2025-04-30 00:18:39,866 - __main__ - ERROR - Error calculating Moran's I for ethnicity_0_decline_weight: 'Moran' object has no attribute 'p_value'
2025-04-30 00:18:40,813 - __main__ - INFO - Created decline expert weight map for ethnicity index 0
2025-04-30 00:18:40,936 - __main__ - ERROR - Error calculating Moran's I for ethnicity_0_pde_weight: 'Moran' object has no attribute 'p_value'
2025-04-30 00:18:41,880 - __main__ - INFO - Created pde expert weight map for ethnicity index 0
2025-04-30 00:18:41,882 - __main__ - INFO - Saved spatial statistics for ethnicity index 0 to ./ethnicity_visualizations\spatial_statistics\spatial_statistics_ethnicity_0.json
2025-04-30 00:18:41,882 - __main__ - INFO - Analyzing spatial patterns for Philippines
2025-04-30 00:18:41,883 - __main__ - WARNING - Could not find ethnicity Philippines, defaulting to index 0
2025-04-30 00:18:41,883 - __main__ - INFO - Extracted expert weights for 320 DAUIDs for ethnicity index 0
2025-04-30 00:18:41,926 - __main__ - ERROR - Error calculating Moran's I for ethnicity_0_colonization_weight: 'Moran' object has no attribute 'p_value'
2025-04-30 00:18:42,963 - __main__ - INFO - Created colonization expert weight map for ethnicity index 0
2025-04-30 00:18:43,008 - __main__ - ERROR - Error calculating Moran's I for ethnicity_0_jump_weight: 'Moran' object has no attribute 'p_value'
2025-04-30 00:18:43,949 - __main__ - INFO - Created jump expert weight map for ethnicity index 0
2025-04-30 00:18:44,072 - __main__ - ERROR - Error calculating Moran's I for ethnicity_0_decline_weight: 'Moran' object has no attribute 'p_value'
2025-04-30 00:18:45,023 - __main__ - INFO - Created decline expert weight map for ethnicity index 0
2025-04-30 00:18:45,067 - __main__ - ERROR - Error calculating Moran's I for ethnicity_0_pde_weight: 'Moran' object has no attribute 'p_value'
2025-04-30 00:18:46,105 - __main__ - INFO - Created pde expert weight map for ethnicity index 0
2025-04-30 00:18:46,106 - __main__ - INFO - Saved spatial statistics for ethnicity index 0 to ./ethnicity_visualizations\spatial_statistics\spatial_statistics_ethnicity_0.json
2025-04-30 00:18:46,108 - __main__ - INFO - Analyzing spatial patterns for Portugal
2025-04-30 00:18:46,108 - __main__ - WARNING - Could not find ethnicity Portugal, defaulting to index 0
2025-04-30 00:18:46,109 - __main__ - INFO - Extracted expert weights for 320 DAUIDs for ethnicity index 0
2025-04-30 00:18:46,152 - __main__ - ERROR - Error calculating Moran's I for ethnicity_0_colonization_weight: 'Moran' object has no attribute 'p_value'
2025-04-30 00:22:35,989 - __main__ - INFO - === Starting Ethnicity Interaction Analysis ===
2025-04-30 00:22:35,990 - __main__ - INFO - Arguments: Namespace(interpretation_dir='./interpretations/interpretations', output_dir='./ethnicity_visualizations', data_dir='./data', spatial_dir='./spatial_data', spatial_analysis=True, ethnicity_names=None, da_coordinates_path='./spatial_data/toronto_da.csv', shapefile_path='./spatial_data/da_boundary.shp', colormap=None, threshold=0.05, time_steps=5, scaler='standard', batch_size=32, all=True, network=False, flow=False, spatial=False, temporal=False, metrics=False)
2025-04-30 00:22:36,169 - __main__ - INFO - Imported EthnicityInteractionAnalyzer from ethnicity_interaction_visualization_fix
2025-04-30 00:22:36,169 - __main__ - INFO - Found 10 interpretation files
2025-04-30 00:22:36,174 - __main__ - INFO - Loaded interpretation data from ./interpretations/interpretations\interpretation_batch_0.json
2025-04-30 00:22:36,178 - __main__ - INFO - Loaded interpretation data from ./interpretations/interpretations\interpretation_batch_14.json
2025-04-30 00:22:36,181 - __main__ - INFO - Loaded interpretation data from ./interpretations/interpretations\interpretation_batch_21.json
2025-04-30 00:22:36,184 - __main__ - INFO - Loaded interpretation data from ./interpretations/interpretations\interpretation_batch_28.json
2025-04-30 00:22:36,190 - __main__ - INFO - Loaded interpretation data from ./interpretations/interpretations\interpretation_batch_35.json
2025-04-30 00:22:36,194 - __main__ - INFO - Loaded interpretation data from ./interpretations/interpretations\interpretation_batch_42.json
2025-04-30 00:22:36,198 - __main__ - INFO - Loaded interpretation data from ./interpretations/interpretations\interpretation_batch_49.json
2025-04-30 00:22:36,202 - __main__ - INFO - Loaded interpretation data from ./interpretations/interpretations\interpretation_batch_56.json
2025-04-30 00:22:36,206 - __main__ - INFO - Loaded interpretation data from ./interpretations/interpretations\interpretation_batch_63.json
2025-04-30 00:22:36,209 - __main__ - INFO - Loaded interpretation data from ./interpretations/interpretations\interpretation_batch_7.json
2025-04-30 00:22:36,214 - __main__ - INFO - Loaded DA coordinates from ./spatial_data/toronto_da.csv with 3742 rows
2025-04-30 00:22:36,258 - __main__ - INFO - Created coordinate mapping for 3742 DAUIDs
2025-04-30 00:22:36,258 - __main__ - INFO - Found 5 ethnicities in model architecture
2025-04-30 00:22:36,259 - __main__ - INFO - Loading data from ./data
2025-04-30 00:22:36,262 - __main__ - INFO - Loaded DA coordinates from ./spatial_data/toronto_da.csv
2025-04-30 00:22:36,293 - csrn.data_loader.spatial_data_loader - INFO - Loaded walking matrix with shape (3742, 3742)
2025-04-30 00:22:36,331 - csrn.data_loader.spatial_data_loader - INFO - Loaded transit matrix with shape (3742, 3742)
2025-04-30 00:22:36,369 - csrn.data_loader.spatial_data_loader - INFO - Loaded proximity matrix with shape (3742, 3742)
2025-04-30 00:22:36,373 - csrn.data_loader.spatial_data_loader - INFO - Loaded DA info with 3742 entries
2025-04-30 00:22:36,374 - csrn.data_loader.spatial_data_loader - INFO - Loading multi-ethnic data files...
2025-04-30 00:22:36,411 - csrn.data_loader.spatial_data_loader - INFO - Loaded train_features: 2236 rows
2025-04-30 00:22:36,412 - csrn.data_loader.spatial_data_loader - INFO - Loaded train_pop_2016: 2236 rows
2025-04-30 00:22:36,413 - csrn.data_loader.spatial_data_loader - INFO -   - Contains 5 ethnicities: ['China', 'India', 'Philippines', 'Portugal', 'Sri Lanka']
2025-04-30 00:22:36,413 - csrn.data_loader.spatial_data_loader - INFO - Loaded train_pop_2021: 2236 rows
2025-04-30 00:22:36,415 - csrn.data_loader.spatial_data_loader - INFO -   - Contains 5 ethnicities: ['China', 'India', 'Philippines', 'Portugal', 'Sri Lanka']
2025-04-30 00:22:36,429 - csrn.data_loader.spatial_data_loader - INFO - Loaded val_features: 745 rows
2025-04-30 00:22:36,430 - csrn.data_loader.spatial_data_loader - INFO - Loaded val_pop_2016: 745 rows
2025-04-30 00:22:36,430 - csrn.data_loader.spatial_data_loader - INFO -   - Contains 5 ethnicities: ['China', 'India', 'Philippines', 'Portugal', 'Sri Lanka']
2025-04-30 00:22:36,431 - csrn.data_loader.spatial_data_loader - INFO - Loaded val_pop_2021: 745 rows
2025-04-30 00:22:36,431 - csrn.data_loader.spatial_data_loader - INFO -   - Contains 5 ethnicities: ['China', 'India', 'Philippines', 'Portugal', 'Sri Lanka']
2025-04-30 00:22:36,449 - csrn.data_loader.spatial_data_loader - INFO - Loaded test_features: 746 rows
2025-04-30 00:22:36,450 - csrn.data_loader.spatial_data_loader - INFO - Loaded test_pop_2016: 746 rows
2025-04-30 00:22:36,451 - csrn.data_loader.spatial_data_loader - INFO -   - Contains 5 ethnicities: ['China', 'India', 'Philippines', 'Portugal', 'Sri Lanka']
2025-04-30 00:22:36,452 - csrn.data_loader.spatial_data_loader - INFO - Loaded test_pop_2021: 746 rows
2025-04-30 00:22:36,452 - csrn.data_loader.spatial_data_loader - INFO -   - Contains 5 ethnicities: ['China', 'India', 'Philippines', 'Portugal', 'Sri Lanka']
2025-04-30 00:22:36,452 - csrn.data_loader.spatial_data_loader - INFO - Creating multi-ethnic spatially-aware DataLoaders...
2025-04-30 00:22:36,452 - csrn.data_loader.spatial_data_loader - INFO - Preprocessing features...
2025-04-30 00:22:36,470 - csrn.data_loader.spatial_data_loader - INFO - Feature preprocessing complete.
2025-04-30 00:22:36,474 - csrn.data_loader.spatial_data_loader - INFO - Loaded data with 5 ethnicities: ['China', 'India', 'Philippines', 'Portugal', 'Sri Lanka']
2025-04-30 00:22:36,761 - csrn.data_loader.spatial_data_loader - INFO - Loaded coordinates for 2236 DAs
2025-04-30 00:22:36,763 - csrn.data_loader.spatial_data_loader - INFO - Loaded data with 5 ethnicities: ['China', 'India', 'Philippines', 'Portugal', 'Sri Lanka']
2025-04-30 00:22:36,840 - csrn.data_loader.spatial_data_loader - INFO - Loaded coordinates for 745 DAs
2025-04-30 00:22:36,841 - csrn.data_loader.spatial_data_loader - INFO - Loaded data with 5 ethnicities: ['China', 'India', 'Philippines', 'Portugal', 'Sri Lanka']
2025-04-30 00:22:36,918 - csrn.data_loader.spatial_data_loader - INFO - Loaded coordinates for 746 DAs
2025-04-30 00:22:36,918 - csrn.data_loader.spatial_data_loader - INFO - Created DataLoaders: Train size=2236, Val size=745, Test size=746
2025-04-30 00:22:36,919 - csrn.data_loader.spatial_data_loader - INFO - Number of ethnicities: 5
2025-04-30 00:22:36,919 - __main__ - INFO - Loaded data with 5 ethnicities: ['China', 'India', 'Philippines', 'Portugal', 'Sri Lanka']
2025-04-30 00:22:36,920 - __main__ - INFO - Processed interaction weights with shape (32, 5, 5)
2025-04-30 00:22:36,921 - __main__ - INFO - Processed interaction data from 10 interpretations
2025-04-30 00:22:36,921 - __main__ - INFO - Found data for 320 DAUIDs
2025-04-30 00:22:36,936 - __main__ - INFO - Determined there are 5 ethnicities based on interaction weights
2025-04-30 00:22:36,936 - __main__ - INFO - Using all ethnicity indices from 0 to 4
2025-04-30 00:22:36,936 - __main__ - INFO - Using ethnicity names for visualization: ['Ethnicity 0', 'Ethnicity 1', 'Ethnicity 2', 'Ethnicity 3', 'Ethnicity 4']
2025-04-30 00:22:36,936 - __main__ - INFO - Extracting interaction data
2025-04-30 00:22:36,936 - ethnicity_interaction_visualization - INFO - Keys in interpretation_data: ['interaction_weights', 'interaction_effect', 'ethnicity_interactions_by_dauid', 'interaction_effect_by_dauid', 'dauid_list']
2025-04-30 00:22:36,937 - ethnicity_interaction_visualization - INFO - interaction_weights type: <class 'numpy.ndarray'>
2025-04-30 00:22:36,937 - ethnicity_interaction_visualization - INFO - interaction_weights shape: (32, 5, 5)
2025-04-30 00:22:36,938 - ethnicity_interaction_visualization - INFO - Transformed interaction data for DAUID 35204243: {'China_to_China': 0.5, 'China_to_India': 7.43629580420884e-18, 'China_to_Philippines': 0.0, 'China_to_Portugal': 0.9991108775138855, 'China_to_Sri Lanka': 2.1142453405673985e-25, 'India_to_China': 0.9999661445617676, 'India_to_India': 0.5, 'India_to_Philippines': 0.0, 'India_to_Portugal': 0.0, 'India_to_Sri Lanka': 1.676611866595849e-19, 'Philippines_to_China': 0.990655243396759, 'Philippines_to_India': 1.0, 'Philippines_to_Philippines': 0.5, 'Philippines_to_Portugal': 2.3795393528918135e-19, 'Philippines_to_Sri Lanka': 6.668846420676149e-20, 'Portugal_to_China': 0.0, 'Portugal_to_India': 0.0, 'Portugal_to_Philippines': 0.0, 'Portugal_to_Portugal': 0.5, 'Portugal_to_Sri Lanka': 1.3607850615062454e-26, 'Sri Lanka_to_China': 0.0, 'Sri Lanka_to_India': 6.034757260437527e-36, 'Sri Lanka_to_Philippines': 0.0, 'Sri Lanka_to_Portugal': 1.2073980542481877e-05, 'Sri Lanka_to_Sri Lanka': 0.5}
2025-04-30 00:22:36,938 - ethnicity_interaction_visualization - INFO - Interaction matrix shape: (32, 5, 5)
2025-04-30 00:22:36,938 - ethnicity_interaction_visualization - INFO - Averaging interactions across batch dimension. Result shape: (5, 5)
2025-04-30 00:22:36,938 - ethnicity_interaction_visualization - INFO - Calculated net influence: [-1.19287326  0.52683892 -0.35793671  1.17338785 -0.14941681]
2025-04-30 00:22:36,938 - ethnicity_interaction_visualization - INFO - Calculating spatial flow data
2025-04-30 00:22:36,940 - ethnicity_interaction_visualization - INFO - Number of DAUIDs with interaction data: 320
2025-04-30 00:22:36,940 - ethnicity_interaction_visualization - INFO - Number of DAUIDs with coordinates: 3742
2025-04-30 00:22:36,940 - ethnicity_interaction_visualization - INFO - Number of DAUIDs with both interaction data and coordinates: 320
2025-04-30 00:22:36,940 - ethnicity_interaction_visualization - INFO - Example interactions for DAUID 35203264: {'China_to_China': 0.5, 'China_to_India': 0.9988677501678467, 'China_to_Philippines': 0.03579019755125046, 'China_to_Portugal': 0.7992583513259888, 'China_to_Sri Lanka': 0.19880758225917816, 'India_to_China': 0.0011706816731020808, 'India_to_India': 0.5, 'India_to_Philippines': 0.0003481009625829756, 'India_to_Portugal': 0.00018740425002761185, 'India_to_Sri Lanka': 0.005068294238299131, 'Philippines_to_China': 0.0007381196483038366, 'Philippines_to_India': 0.5455674529075623, 'Philippines_to_Philippines': 0.5, 'Philippines_to_Portugal': 0.4259374439716339, 'Philippines_to_Sri Lanka': 0.007518465630710125, 'Portugal_to_China': 0.0020024555269628763, 'Portugal_to_India': 1.303955741605023e-05, 'Portugal_to_Philippines': 4.702829755842686e-05, 'Portugal_to_Portugal': 0.5, 'Portugal_to_Sri Lanka': 0.08710099756717682, 'Sri Lanka_to_China': 2.7841433620778844e-05, 'Sri Lanka_to_India': 0.0012469793437048793, 'Sri Lanka_to_Philippines': 0.0004411677655298263, 'Sri Lanka_to_Portugal': 0.9401186108589172, 'Sri Lanka_to_Sri Lanka': 0.5}
2025-04-30 00:22:36,940 - ethnicity_interaction_visualization - INFO - Looking for keys like: ['Ethnicity 0_to_Ethnicity 0', 'Ethnicity 0_to_Ethnicity 1', 'Ethnicity 0_to_Ethnicity 2', 'Ethnicity 0_to_Ethnicity 3', 'Ethnicity 0_to_Ethnicity 4']
2025-04-30 00:22:36,940 - ethnicity_interaction_visualization - INFO - No significant interactions found for Ethnicity 0 at DAUID 35203264
2025-04-30 00:22:36,941 - ethnicity_interaction_visualization - INFO - No significant interactions found for Ethnicity 1 at DAUID 35203264
2025-04-30 00:22:36,941 - ethnicity_interaction_visualization - INFO - No significant interactions found for Ethnicity 2 at DAUID 35203264
2025-04-30 00:22:36,941 - ethnicity_interaction_visualization - INFO - No significant interactions found for Ethnicity 3 at DAUID 35203264
2025-04-30 00:22:36,941 - ethnicity_interaction_visualization - INFO - No significant interactions found for Ethnicity 4 at DAUID 35203264
2025-04-30 00:22:36,941 - ethnicity_interaction_visualization - INFO - No significant interactions found for Ethnicity 0 at DAUID 35202217
2025-04-30 00:22:36,941 - ethnicity_interaction_visualization - INFO - No significant interactions found for Ethnicity 1 at DAUID 35202217
2025-04-30 00:22:36,941 - ethnicity_interaction_visualization - INFO - No significant interactions found for Ethnicity 2 at DAUID 35202217
2025-04-30 00:22:36,941 - ethnicity_interaction_visualization - INFO - No significant interactions found for Ethnicity 3 at DAUID 35202217
2025-04-30 00:22:36,941 - ethnicity_interaction_visualization - INFO - No significant interactions found for Ethnicity 4 at DAUID 35202217
2025-04-30 00:22:36,941 - ethnicity_interaction_visualization - INFO - No significant interactions found for Ethnicity 0 at DAUID 35203323
2025-04-30 00:22:36,942 - ethnicity_interaction_visualization - INFO - No significant interactions found for Ethnicity 1 at DAUID 35203323
2025-04-30 00:22:36,942 - ethnicity_interaction_visualization - INFO - No significant interactions found for Ethnicity 2 at DAUID 35203323
2025-04-30 00:22:36,942 - ethnicity_interaction_visualization - INFO - No significant interactions found for Ethnicity 3 at DAUID 35203323
2025-04-30 00:22:36,942 - ethnicity_interaction_visualization - INFO - No significant interactions found for Ethnicity 4 at DAUID 35203323
2025-04-30 00:22:36,942 - ethnicity_interaction_visualization - INFO - No significant interactions found for Ethnicity 0 at DAUID 35202372
2025-04-30 00:22:36,942 - ethnicity_interaction_visualization - INFO - No significant interactions found for Ethnicity 1 at DAUID 35202372
2025-04-30 00:22:36,942 - ethnicity_interaction_visualization - INFO - No significant interactions found for Ethnicity 2 at DAUID 35202372
2025-04-30 00:22:36,942 - ethnicity_interaction_visualization - INFO - No significant interactions found for Ethnicity 3 at DAUID 35202372
2025-04-30 00:22:36,942 - ethnicity_interaction_visualization - INFO - No significant interactions found for Ethnicity 4 at DAUID 35202372
2025-04-30 00:22:36,943 - ethnicity_interaction_visualization - INFO - No significant interactions found for Ethnicity 0 at DAUID 35200798
2025-04-30 00:22:36,943 - ethnicity_interaction_visualization - INFO - No significant interactions found for Ethnicity 1 at DAUID 35200798
2025-04-30 00:22:36,943 - ethnicity_interaction_visualization - INFO - No significant interactions found for Ethnicity 2 at DAUID 35200798
2025-04-30 00:22:36,943 - ethnicity_interaction_visualization - INFO - No significant interactions found for Ethnicity 3 at DAUID 35200798
2025-04-30 00:22:36,943 - ethnicity_interaction_visualization - INFO - No significant interactions found for Ethnicity 4 at DAUID 35200798
2025-04-30 00:22:36,943 - ethnicity_interaction_visualization - INFO - No significant interactions found for Ethnicity 0 at DAUID 35204571
2025-04-30 00:22:36,943 - ethnicity_interaction_visualization - INFO - No significant interactions found for Ethnicity 1 at DAUID 35204571
2025-04-30 00:22:36,943 - ethnicity_interaction_visualization - INFO - No significant interactions found for Ethnicity 2 at DAUID 35204571
2025-04-30 00:22:36,943 - ethnicity_interaction_visualization - INFO - No significant interactions found for Ethnicity 3 at DAUID 35204571
2025-04-30 00:22:36,943 - ethnicity_interaction_visualization - INFO - No significant interactions found for Ethnicity 4 at DAUID 35204571
2025-04-30 00:22:36,943 - ethnicity_interaction_visualization - INFO - No significant interactions found for Ethnicity 0 at DAUID 35203803
2025-04-30 00:22:36,943 - ethnicity_interaction_visualization - INFO - No significant interactions found for Ethnicity 1 at DAUID 35203803
2025-04-30 00:22:36,944 - ethnicity_interaction_visualization - INFO - No significant interactions found for Ethnicity 2 at DAUID 35203803
2025-04-30 00:22:36,944 - ethnicity_interaction_visualization - INFO - No significant interactions found for Ethnicity 3 at DAUID 35203803
2025-04-30 00:22:36,944 - ethnicity_interaction_visualization - INFO - No significant interactions found for Ethnicity 4 at DAUID 35203803
2025-04-30 00:22:36,944 - ethnicity_interaction_visualization - INFO - No significant interactions found for Ethnicity 0 at DAUID 35201805
2025-04-30 00:22:36,944 - ethnicity_interaction_visualization - INFO - No significant interactions found for Ethnicity 1 at DAUID 35201805
2025-04-30 00:22:36,944 - ethnicity_interaction_visualization - INFO - No significant interactions found for Ethnicity 2 at DAUID 35201805
2025-04-30 00:22:36,944 - ethnicity_interaction_visualization - INFO - No significant interactions found for Ethnicity 3 at DAUID 35201805
2025-04-30 00:22:36,944 - ethnicity_interaction_visualization - INFO - No significant interactions found for Ethnicity 4 at DAUID 35201805
2025-04-30 00:22:36,944 - ethnicity_interaction_visualization - INFO - No significant interactions found for Ethnicity 0 at DAUID 35202535
2025-04-30 00:22:36,944 - ethnicity_interaction_visualization - INFO - No significant interactions found for Ethnicity 1 at DAUID 35202535
2025-04-30 00:22:36,944 - ethnicity_interaction_visualization - INFO - No significant interactions found for Ethnicity 2 at DAUID 35202535
2025-04-30 00:22:36,945 - ethnicity_interaction_visualization - INFO - No significant interactions found for Ethnicity 3 at DAUID 35202535
2025-04-30 00:22:36,945 - ethnicity_interaction_visualization - INFO - No significant interactions found for Ethnicity 4 at DAUID 35202535
2025-04-30 00:22:36,945 - ethnicity_interaction_visualization - INFO - No significant interactions found for Ethnicity 0 at DAUID 35203532
2025-04-30 00:22:36,945 - ethnicity_interaction_visualization - INFO - No significant interactions found for Ethnicity 1 at DAUID 35203532
2025-04-30 00:22:36,945 - ethnicity_interaction_visualization - INFO - No significant interactions found for Ethnicity 2 at DAUID 35203532
2025-04-30 00:22:36,945 - ethnicity_interaction_visualization - INFO - No significant interactions found for Ethnicity 3 at DAUID 35203532
2025-04-30 00:22:36,945 - ethnicity_interaction_visualization - INFO - No significant interactions found for Ethnicity 4 at DAUID 35203532
2025-04-30 00:22:36,945 - ethnicity_interaction_visualization - INFO - No significant interactions found for Ethnicity 0 at DAUID 35204908
2025-04-30 00:22:36,945 - ethnicity_interaction_visualization - INFO - No significant interactions found for Ethnicity 1 at DAUID 35204908
2025-04-30 00:22:36,945 - ethnicity_interaction_visualization - INFO - No significant interactions found for Ethnicity 2 at DAUID 35204908
2025-04-30 00:22:36,945 - ethnicity_interaction_visualization - INFO - No significant interactions found for Ethnicity 3 at DAUID 35204908
2025-04-30 00:22:36,945 - ethnicity_interaction_visualization - INFO - No significant interactions found for Ethnicity 4 at DAUID 35204908
2025-04-30 00:22:36,945 - ethnicity_interaction_visualization - INFO - No significant interactions found for Ethnicity 0 at DAUID 35200883
2025-04-30 00:22:36,945 - ethnicity_interaction_visualization - INFO - No significant interactions found for Ethnicity 1 at DAUID 35200883
2025-04-30 00:22:36,946 - ethnicity_interaction_visualization - INFO - No significant interactions found for Ethnicity 2 at DAUID 35200883
2025-04-30 00:22:36,946 - ethnicity_interaction_visualization - INFO - No significant interactions found for Ethnicity 3 at DAUID 35200883
2025-04-30 00:22:36,946 - ethnicity_interaction_visualization - INFO - No significant interactions found for Ethnicity 4 at DAUID 35200883
2025-04-30 00:22:36,946 - ethnicity_interaction_visualization - INFO - No significant interactions found for Ethnicity 0 at DAUID 35202765
2025-04-30 00:22:36,946 - ethnicity_interaction_visualization - INFO - No significant interactions found for Ethnicity 1 at DAUID 35202765
2025-04-30 00:22:36,946 - ethnicity_interaction_visualization - INFO - No significant interactions found for Ethnicity 2 at DAUID 35202765
2025-04-30 00:22:36,946 - ethnicity_interaction_visualization - INFO - No significant interactions found for Ethnicity 3 at DAUID 35202765
2025-04-30 00:22:36,946 - ethnicity_interaction_visualization - INFO - No significant interactions found for Ethnicity 4 at DAUID 35202765
2025-04-30 00:22:36,946 - ethnicity_interaction_visualization - INFO - No significant interactions found for Ethnicity 0 at DAUID 35202982
2025-04-30 00:22:36,946 - ethnicity_interaction_visualization - INFO - No significant interactions found for Ethnicity 1 at DAUID 35202982
2025-04-30 00:22:36,946 - ethnicity_interaction_visualization - INFO - No significant interactions found for Ethnicity 2 at DAUID 35202982
2025-04-30 00:22:36,946 - ethnicity_interaction_visualization - INFO - No significant interactions found for Ethnicity 3 at DAUID 35202982
2025-04-30 00:22:36,946 - ethnicity_interaction_visualization - INFO - No significant interactions found for Ethnicity 4 at DAUID 35202982
2025-04-30 00:22:36,946 - ethnicity_interaction_visualization - INFO - No significant interactions found for Ethnicity 0 at DAUID 35202901
2025-04-30 00:22:36,946 - ethnicity_interaction_visualization - INFO - No significant interactions found for Ethnicity 1 at DAUID 35202901
2025-04-30 00:22:36,946 - ethnicity_interaction_visualization - INFO - No significant interactions found for Ethnicity 2 at DAUID 35202901
2025-04-30 00:22:36,947 - ethnicity_interaction_visualization - INFO - No significant interactions found for Ethnicity 3 at DAUID 35202901
2025-04-30 00:22:36,947 - ethnicity_interaction_visualization - INFO - No significant interactions found for Ethnicity 4 at DAUID 35202901
2025-04-30 00:22:36,947 - ethnicity_interaction_visualization - INFO - No significant interactions found for Ethnicity 0 at DAUID 35200298
2025-04-30 00:22:36,947 - ethnicity_interaction_visualization - INFO - No significant interactions found for Ethnicity 1 at DAUID 35200298
2025-04-30 00:22:36,947 - ethnicity_interaction_visualization - INFO - No significant interactions found for Ethnicity 2 at DAUID 35200298
2025-04-30 00:22:36,947 - ethnicity_interaction_visualization - INFO - No significant interactions found for Ethnicity 3 at DAUID 35200298
2025-04-30 00:22:36,947 - ethnicity_interaction_visualization - INFO - No significant interactions found for Ethnicity 4 at DAUID 35200298
2025-04-30 00:22:36,947 - ethnicity_interaction_visualization - INFO - No significant interactions found for Ethnicity 0 at DAUID 35204664
2025-04-30 00:22:36,947 - ethnicity_interaction_visualization - INFO - No significant interactions found for Ethnicity 1 at DAUID 35204664
2025-04-30 00:22:36,947 - ethnicity_interaction_visualization - INFO - No significant interactions found for Ethnicity 2 at DAUID 35204664
2025-04-30 00:22:36,947 - ethnicity_interaction_visualization - INFO - No significant interactions found for Ethnicity 3 at DAUID 35204664
2025-04-30 00:22:36,947 - ethnicity_interaction_visualization - INFO - No significant interactions found for Ethnicity 4 at DAUID 35204664
2025-04-30 00:22:36,947 - ethnicity_interaction_visualization - INFO - No significant interactions found for Ethnicity 0 at DAUID 35200482
2025-04-30 00:22:36,948 - ethnicity_interaction_visualization - INFO - No significant interactions found for Ethnicity 1 at DAUID 35200482
2025-04-30 00:22:36,948 - ethnicity_interaction_visualization - INFO - No significant interactions found for Ethnicity 2 at DAUID 35200482
2025-04-30 00:22:36,948 - ethnicity_interaction_visualization - INFO - No significant interactions found for Ethnicity 3 at DAUID 35200482
2025-04-30 00:22:36,948 - ethnicity_interaction_visualization - INFO - No significant interactions found for Ethnicity 4 at DAUID 35200482
2025-04-30 00:22:36,948 - ethnicity_interaction_visualization - INFO - No significant interactions found for Ethnicity 0 at DAUID 35202799
2025-04-30 00:22:36,948 - ethnicity_interaction_visualization - INFO - No significant interactions found for Ethnicity 1 at DAUID 35202799
2025-04-30 00:22:36,948 - ethnicity_interaction_visualization - INFO - No significant interactions found for Ethnicity 2 at DAUID 35202799
2025-04-30 00:22:36,948 - ethnicity_interaction_visualization - INFO - No significant interactions found for Ethnicity 3 at DAUID 35202799
2025-04-30 00:22:36,948 - ethnicity_interaction_visualization - INFO - No significant interactions found for Ethnicity 4 at DAUID 35202799
2025-04-30 00:22:36,948 - ethnicity_interaction_visualization - INFO - No significant interactions found for Ethnicity 0 at DAUID 35204076
2025-04-30 00:22:36,948 - ethnicity_interaction_visualization - INFO - No significant interactions found for Ethnicity 1 at DAUID 35204076
2025-04-30 00:22:36,948 - ethnicity_interaction_visualization - INFO - No significant interactions found for Ethnicity 2 at DAUID 35204076
2025-04-30 00:22:36,948 - ethnicity_interaction_visualization - INFO - No significant interactions found for Ethnicity 3 at DAUID 35204076
2025-04-30 00:22:36,949 - ethnicity_interaction_visualization - INFO - No significant interactions found for Ethnicity 4 at DAUID 35204076
2025-04-30 00:22:36,949 - ethnicity_interaction_visualization - INFO - No significant interactions found for Ethnicity 0 at DAUID 35203812
2025-04-30 00:22:36,949 - ethnicity_interaction_visualization - INFO - No significant interactions found for Ethnicity 1 at DAUID 35203812
2025-04-30 00:22:36,949 - ethnicity_interaction_visualization - INFO - No significant interactions found for Ethnicity 2 at DAUID 35203812
2025-04-30 00:22:36,949 - ethnicity_interaction_visualization - INFO - No significant interactions found for Ethnicity 3 at DAUID 35203812
2025-04-30 00:22:36,949 - ethnicity_interaction_visualization - INFO - No significant interactions found for Ethnicity 4 at DAUID 35203812
2025-04-30 00:22:36,949 - ethnicity_interaction_visualization - INFO - No significant interactions found for Ethnicity 0 at DAUID 35202389
2025-04-30 00:22:36,949 - ethnicity_interaction_visualization - INFO - No significant interactions found for Ethnicity 1 at DAUID 35202389
2025-04-30 00:22:36,949 - ethnicity_interaction_visualization - INFO - No significant interactions found for Ethnicity 2 at DAUID 35202389
2025-04-30 00:22:36,949 - ethnicity_interaction_visualization - INFO - No significant interactions found for Ethnicity 3 at DAUID 35202389
2025-04-30 00:22:36,949 - ethnicity_interaction_visualization - INFO - No significant interactions found for Ethnicity 4 at DAUID 35202389
2025-04-30 00:22:36,949 - ethnicity_interaction_visualization - INFO - No significant interactions found for Ethnicity 0 at DAUID 35200379
2025-04-30 00:22:36,949 - ethnicity_interaction_visualization - INFO - No significant interactions found for Ethnicity 1 at DAUID 35200379
2025-04-30 00:22:36,949 - ethnicity_interaction_visualization - INFO - No significant interactions found for Ethnicity 2 at DAUID 35200379
2025-04-30 00:22:36,950 - ethnicity_interaction_visualization - INFO - No significant interactions found for Ethnicity 3 at DAUID 35200379
2025-04-30 00:22:36,950 - ethnicity_interaction_visualization - INFO - No significant interactions found for Ethnicity 4 at DAUID 35200379
2025-04-30 00:22:36,950 - ethnicity_interaction_visualization - INFO - No significant interactions found for Ethnicity 0 at DAUID 35200138
2025-04-30 00:22:36,950 - ethnicity_interaction_visualization - INFO - No significant interactions found for Ethnicity 1 at DAUID 35200138
2025-04-30 00:22:36,950 - ethnicity_interaction_visualization - INFO - No significant interactions found for Ethnicity 2 at DAUID 35200138
2025-04-30 00:22:36,950 - ethnicity_interaction_visualization - INFO - No significant interactions found for Ethnicity 3 at DAUID 35200138
2025-04-30 00:22:36,950 - ethnicity_interaction_visualization - INFO - No significant interactions found for Ethnicity 4 at DAUID 35200138
2025-04-30 00:22:36,950 - ethnicity_interaction_visualization - INFO - No significant interactions found for Ethnicity 0 at DAUID 35204397
2025-04-30 00:22:36,950 - ethnicity_interaction_visualization - INFO - No significant interactions found for Ethnicity 1 at DAUID 35204397
2025-04-30 00:22:36,950 - ethnicity_interaction_visualization - INFO - No significant interactions found for Ethnicity 2 at DAUID 35204397
2025-04-30 00:22:36,950 - ethnicity_interaction_visualization - INFO - No significant interactions found for Ethnicity 3 at DAUID 35204397
2025-04-30 00:22:36,950 - ethnicity_interaction_visualization - INFO - No significant interactions found for Ethnicity 4 at DAUID 35204397
2025-04-30 00:22:36,950 - ethnicity_interaction_visualization - INFO - No significant interactions found for Ethnicity 0 at DAUID 35200186
2025-04-30 00:22:36,950 - ethnicity_interaction_visualization - INFO - No significant interactions found for Ethnicity 1 at DAUID 35200186
2025-04-30 00:22:36,950 - ethnicity_interaction_visualization - INFO - No significant interactions found for Ethnicity 2 at DAUID 35200186
2025-04-30 00:22:36,951 - ethnicity_interaction_visualization - INFO - No significant interactions found for Ethnicity 3 at DAUID 35200186
2025-04-30 00:22:36,951 - ethnicity_interaction_visualization - INFO - No significant interactions found for Ethnicity 4 at DAUID 35200186
2025-04-30 00:22:36,951 - ethnicity_interaction_visualization - INFO - No significant interactions found for Ethnicity 0 at DAUID 35204333
2025-04-30 00:22:36,951 - ethnicity_interaction_visualization - INFO - No significant interactions found for Ethnicity 1 at DAUID 35204333
2025-04-30 00:22:36,951 - ethnicity_interaction_visualization - INFO - No significant interactions found for Ethnicity 2 at DAUID 35204333
2025-04-30 00:22:36,951 - ethnicity_interaction_visualization - INFO - No significant interactions found for Ethnicity 3 at DAUID 35204333
2025-04-30 00:22:36,951 - ethnicity_interaction_visualization - INFO - No significant interactions found for Ethnicity 4 at DAUID 35204333
2025-04-30 00:22:36,951 - ethnicity_interaction_visualization - INFO - No significant interactions found for Ethnicity 0 at DAUID 35200255
2025-04-30 00:22:36,951 - ethnicity_interaction_visualization - INFO - No significant interactions found for Ethnicity 1 at DAUID 35200255
2025-04-30 00:22:36,951 - ethnicity_interaction_visualization - INFO - No significant interactions found for Ethnicity 2 at DAUID 35200255
2025-04-30 00:22:36,951 - ethnicity_interaction_visualization - INFO - No significant interactions found for Ethnicity 3 at DAUID 35200255
2025-04-30 00:22:36,951 - ethnicity_interaction_visualization - INFO - No significant interactions found for Ethnicity 4 at DAUID 35200255
2025-04-30 00:22:36,952 - ethnicity_interaction_visualization - INFO - No significant interactions found for Ethnicity 0 at DAUID 35200725
2025-04-30 00:22:36,952 - ethnicity_interaction_visualization - INFO - No significant interactions found for Ethnicity 1 at DAUID 35200725
2025-04-30 00:22:36,952 - ethnicity_interaction_visualization - INFO - No significant interactions found for Ethnicity 2 at DAUID 35200725
2025-04-30 00:22:36,952 - ethnicity_interaction_visualization - INFO - No significant interactions found for Ethnicity 3 at DAUID 35200725
2025-04-30 00:22:36,952 - ethnicity_interaction_visualization - INFO - No significant interactions found for Ethnicity 4 at DAUID 35200725
2025-04-30 00:22:36,952 - ethnicity_interaction_visualization - INFO - No significant interactions found for Ethnicity 0 at DAUID 35201612
2025-04-30 00:22:36,952 - ethnicity_interaction_visualization - INFO - No significant interactions found for Ethnicity 1 at DAUID 35201612
2025-04-30 00:22:36,952 - ethnicity_interaction_visualization - INFO - No significant interactions found for Ethnicity 2 at DAUID 35201612
2025-04-30 00:22:36,952 - ethnicity_interaction_visualization - INFO - No significant interactions found for Ethnicity 3 at DAUID 35201612
2025-04-30 00:22:36,952 - ethnicity_interaction_visualization - INFO - No significant interactions found for Ethnicity 4 at DAUID 35201612
2025-04-30 00:22:36,952 - ethnicity_interaction_visualization - INFO - No significant interactions found for Ethnicity 0 at DAUID 35201067
2025-04-30 00:22:36,953 - ethnicity_interaction_visualization - INFO - No significant interactions found for Ethnicity 1 at DAUID 35201067
2025-04-30 00:22:36,953 - ethnicity_interaction_visualization - INFO - No significant interactions found for Ethnicity 2 at DAUID 35201067
2025-04-30 00:22:36,953 - ethnicity_interaction_visualization - INFO - No significant interactions found for Ethnicity 3 at DAUID 35201067
2025-04-30 00:22:36,953 - ethnicity_interaction_visualization - INFO - No significant interactions found for Ethnicity 4 at DAUID 35201067
2025-04-30 00:22:36,953 - ethnicity_interaction_visualization - INFO - No significant interactions found for Ethnicity 0 at DAUID 35200454
2025-04-30 00:22:36,953 - ethnicity_interaction_visualization - INFO - No significant interactions found for Ethnicity 1 at DAUID 35200454
2025-04-30 00:22:36,953 - ethnicity_interaction_visualization - INFO - No significant interactions found for Ethnicity 2 at DAUID 35200454
2025-04-30 00:22:36,953 - ethnicity_interaction_visualization - INFO - No significant interactions found for Ethnicity 3 at DAUID 35200454
2025-04-30 00:22:36,953 - ethnicity_interaction_visualization - INFO - No significant interactions found for Ethnicity 4 at DAUID 35200454
2025-04-30 00:22:36,953 - ethnicity_interaction_visualization - INFO - No significant interactions found for Ethnicity 0 at DAUID 35200118
2025-04-30 00:22:36,953 - ethnicity_interaction_visualization - INFO - No significant interactions found for Ethnicity 1 at DAUID 35200118
2025-04-30 00:22:36,953 - ethnicity_interaction_visualization - INFO - No significant interactions found for Ethnicity 2 at DAUID 35200118
2025-04-30 00:22:36,953 - ethnicity_interaction_visualization - INFO - No significant interactions found for Ethnicity 3 at DAUID 35200118
2025-04-30 00:22:36,953 - ethnicity_interaction_visualization - INFO - No significant interactions found for Ethnicity 4 at DAUID 35200118
2025-04-30 00:22:36,953 - ethnicity_interaction_visualization - INFO - No significant interactions found for Ethnicity 0 at DAUID 35202614
2025-04-30 00:22:36,954 - ethnicity_interaction_visualization - INFO - No significant interactions found for Ethnicity 1 at DAUID 35202614
2025-04-30 00:22:36,954 - ethnicity_interaction_visualization - INFO - No significant interactions found for Ethnicity 2 at DAUID 35202614
2025-04-30 00:22:36,954 - ethnicity_interaction_visualization - INFO - No significant interactions found for Ethnicity 3 at DAUID 35202614
2025-04-30 00:22:36,954 - ethnicity_interaction_visualization - INFO - No significant interactions found for Ethnicity 4 at DAUID 35202614
2025-04-30 00:22:36,954 - ethnicity_interaction_visualization - INFO - No significant interactions found for Ethnicity 0 at DAUID 35201573
2025-04-30 00:22:36,954 - ethnicity_interaction_visualization - INFO - No significant interactions found for Ethnicity 1 at DAUID 35201573
2025-04-30 00:22:36,954 - ethnicity_interaction_visualization - INFO - No significant interactions found for Ethnicity 2 at DAUID 35201573
2025-04-30 00:22:36,954 - ethnicity_interaction_visualization - INFO - No significant interactions found for Ethnicity 3 at DAUID 35201573
2025-04-30 00:22:36,954 - ethnicity_interaction_visualization - INFO - No significant interactions found for Ethnicity 4 at DAUID 35201573
2025-04-30 00:22:36,954 - ethnicity_interaction_visualization - INFO - No significant interactions found for Ethnicity 0 at DAUID 35204127
2025-04-30 00:22:36,954 - ethnicity_interaction_visualization - INFO - No significant interactions found for Ethnicity 1 at DAUID 35204127
2025-04-30 00:22:36,954 - ethnicity_interaction_visualization - INFO - No significant interactions found for Ethnicity 2 at DAUID 35204127
2025-04-30 00:22:36,954 - ethnicity_interaction_visualization - INFO - No significant interactions found for Ethnicity 3 at DAUID 35204127
2025-04-30 00:22:36,954 - ethnicity_interaction_visualization - INFO - No significant interactions found for Ethnicity 4 at DAUID 35204127
2025-04-30 00:22:36,954 - ethnicity_interaction_visualization - INFO - No significant interactions found for Ethnicity 0 at DAUID 35201006
2025-04-30 00:22:36,954 - ethnicity_interaction_visualization - INFO - No significant interactions found for Ethnicity 1 at DAUID 35201006
2025-04-30 00:22:36,955 - ethnicity_interaction_visualization - INFO - No significant interactions found for Ethnicity 2 at DAUID 35201006
2025-04-30 00:22:36,955 - ethnicity_interaction_visualization - INFO - No significant interactions found for Ethnicity 3 at DAUID 35201006
2025-04-30 00:22:36,955 - ethnicity_interaction_visualization - INFO - No significant interactions found for Ethnicity 4 at DAUID 35201006
2025-04-30 00:22:36,955 - ethnicity_interaction_visualization - INFO - No significant interactions found for Ethnicity 0 at DAUID 35204660
2025-04-30 00:22:36,955 - ethnicity_interaction_visualization - INFO - No significant interactions found for Ethnicity 1 at DAUID 35204660
2025-04-30 00:22:36,955 - ethnicity_interaction_visualization - INFO - No significant interactions found for Ethnicity 2 at DAUID 35204660
2025-04-30 00:22:36,955 - ethnicity_interaction_visualization - INFO - No significant interactions found for Ethnicity 3 at DAUID 35204660
2025-04-30 00:22:36,955 - ethnicity_interaction_visualization - INFO - No significant interactions found for Ethnicity 4 at DAUID 35204660
2025-04-30 00:22:36,955 - ethnicity_interaction_visualization - INFO - No significant interactions found for Ethnicity 0 at DAUID 35201019
2025-04-30 00:22:36,955 - ethnicity_interaction_visualization - INFO - No significant interactions found for Ethnicity 1 at DAUID 35201019
2025-04-30 00:22:36,955 - ethnicity_interaction_visualization - INFO - No significant interactions found for Ethnicity 2 at DAUID 35201019
2025-04-30 00:22:36,955 - ethnicity_interaction_visualization - INFO - No significant interactions found for Ethnicity 3 at DAUID 35201019
2025-04-30 00:22:36,956 - ethnicity_interaction_visualization - INFO - No significant interactions found for Ethnicity 4 at DAUID 35201019
2025-04-30 00:22:36,956 - ethnicity_interaction_visualization - INFO - No significant interactions found for Ethnicity 0 at DAUID 35203301
2025-04-30 00:22:36,956 - ethnicity_interaction_visualization - INFO - No significant interactions found for Ethnicity 1 at DAUID 35203301
2025-04-30 00:22:36,956 - ethnicity_interaction_visualization - INFO - No significant interactions found for Ethnicity 2 at DAUID 35203301
2025-04-30 00:22:36,956 - ethnicity_interaction_visualization - INFO - No significant interactions found for Ethnicity 3 at DAUID 35203301
2025-04-30 00:22:36,956 - ethnicity_interaction_visualization - INFO - No significant interactions found for Ethnicity 4 at DAUID 35203301
2025-04-30 00:22:36,956 - ethnicity_interaction_visualization - INFO - No significant interactions found for Ethnicity 0 at DAUID 35202988
2025-04-30 00:22:36,956 - ethnicity_interaction_visualization - INFO - No significant interactions found for Ethnicity 1 at DAUID 35202988
2025-04-30 00:22:36,956 - ethnicity_interaction_visualization - INFO - No significant interactions found for Ethnicity 2 at DAUID 35202988
2025-04-30 00:22:36,956 - ethnicity_interaction_visualization - INFO - No significant interactions found for Ethnicity 3 at DAUID 35202988
2025-04-30 00:22:36,956 - ethnicity_interaction_visualization - INFO - No significant interactions found for Ethnicity 4 at DAUID 35202988
2025-04-30 00:22:36,956 - ethnicity_interaction_visualization - INFO - No significant interactions found for Ethnicity 0 at DAUID 35200366
2025-04-30 00:22:36,957 - ethnicity_interaction_visualization - INFO - No significant interactions found for Ethnicity 1 at DAUID 35200366
2025-04-30 00:22:36,957 - ethnicity_interaction_visualization - INFO - No significant interactions found for Ethnicity 2 at DAUID 35200366
2025-04-30 00:22:36,957 - ethnicity_interaction_visualization - INFO - No significant interactions found for Ethnicity 3 at DAUID 35200366
2025-04-30 00:22:36,957 - ethnicity_interaction_visualization - INFO - No significant interactions found for Ethnicity 4 at DAUID 35200366
2025-04-30 00:22:36,957 - ethnicity_interaction_visualization - INFO - No significant interactions found for Ethnicity 0 at DAUID 35202787
2025-04-30 00:22:36,957 - ethnicity_interaction_visualization - INFO - No significant interactions found for Ethnicity 1 at DAUID 35202787
2025-04-30 00:22:36,957 - ethnicity_interaction_visualization - INFO - No significant interactions found for Ethnicity 2 at DAUID 35202787
2025-04-30 00:22:36,957 - ethnicity_interaction_visualization - INFO - No significant interactions found for Ethnicity 3 at DAUID 35202787
2025-04-30 00:22:36,957 - ethnicity_interaction_visualization - INFO - No significant interactions found for Ethnicity 4 at DAUID 35202787
2025-04-30 00:22:36,957 - ethnicity_interaction_visualization - INFO - No significant interactions found for Ethnicity 0 at DAUID 35204053
2025-04-30 00:22:36,958 - ethnicity_interaction_visualization - INFO - No significant interactions found for Ethnicity 1 at DAUID 35204053
2025-04-30 00:22:36,958 - ethnicity_interaction_visualization - INFO - No significant interactions found for Ethnicity 2 at DAUID 35204053
2025-04-30 00:22:36,958 - ethnicity_interaction_visualization - INFO - No significant interactions found for Ethnicity 3 at DAUID 35204053
2025-04-30 00:22:36,958 - ethnicity_interaction_visualization - INFO - No significant interactions found for Ethnicity 4 at DAUID 35204053
2025-04-30 00:22:36,958 - ethnicity_interaction_visualization - INFO - No significant interactions found for Ethnicity 0 at DAUID 35200054
2025-04-30 00:22:36,958 - ethnicity_interaction_visualization - INFO - No significant interactions found for Ethnicity 1 at DAUID 35200054
2025-04-30 00:22:36,958 - ethnicity_interaction_visualization - INFO - No significant interactions found for Ethnicity 2 at DAUID 35200054
2025-04-30 00:22:36,958 - ethnicity_interaction_visualization - INFO - No significant interactions found for Ethnicity 3 at DAUID 35200054
2025-04-30 00:22:36,958 - ethnicity_interaction_visualization - INFO - No significant interactions found for Ethnicity 4 at DAUID 35200054
2025-04-30 00:22:36,958 - ethnicity_interaction_visualization - INFO - No significant interactions found for Ethnicity 0 at DAUID 35203947
2025-04-30 00:22:36,958 - ethnicity_interaction_visualization - INFO - No significant interactions found for Ethnicity 1 at DAUID 35203947
2025-04-30 00:22:36,958 - ethnicity_interaction_visualization - INFO - No significant interactions found for Ethnicity 2 at DAUID 35203947
2025-04-30 00:22:36,958 - ethnicity_interaction_visualization - INFO - No significant interactions found for Ethnicity 3 at DAUID 35203947
2025-04-30 00:22:36,958 - ethnicity_interaction_visualization - INFO - No significant interactions found for Ethnicity 4 at DAUID 35203947
2025-04-30 00:22:36,958 - ethnicity_interaction_visualization - INFO - No significant interactions found for Ethnicity 0 at DAUID 35203143
2025-04-30 00:22:36,958 - ethnicity_interaction_visualization - INFO - No significant interactions found for Ethnicity 1 at DAUID 35203143
2025-04-30 00:22:36,958 - ethnicity_interaction_visualization - INFO - No significant interactions found for Ethnicity 2 at DAUID 35203143
2025-04-30 00:22:36,958 - ethnicity_interaction_visualization - INFO - No significant interactions found for Ethnicity 3 at DAUID 35203143
2025-04-30 00:22:36,958 - ethnicity_interaction_visualization - INFO - No significant interactions found for Ethnicity 4 at DAUID 35203143
2025-04-30 00:22:36,959 - ethnicity_interaction_visualization - INFO - No significant interactions found for Ethnicity 0 at DAUID 35203873
2025-04-30 00:22:36,959 - ethnicity_interaction_visualization - INFO - No significant interactions found for Ethnicity 1 at DAUID 35203873
2025-04-30 00:22:36,959 - ethnicity_interaction_visualization - INFO - No significant interactions found for Ethnicity 2 at DAUID 35203873
2025-04-30 00:22:36,959 - ethnicity_interaction_visualization - INFO - No significant interactions found for Ethnicity 3 at DAUID 35203873
2025-04-30 00:22:36,959 - ethnicity_interaction_visualization - INFO - No significant interactions found for Ethnicity 4 at DAUID 35203873
2025-04-30 00:22:36,959 - ethnicity_interaction_visualization - INFO - No significant interactions found for Ethnicity 0 at DAUID 35200694
2025-04-30 00:22:36,959 - ethnicity_interaction_visualization - INFO - No significant interactions found for Ethnicity 1 at DAUID 35200694
2025-04-30 00:22:36,959 - ethnicity_interaction_visualization - INFO - No significant interactions found for Ethnicity 2 at DAUID 35200694
2025-04-30 00:22:36,959 - ethnicity_interaction_visualization - INFO - No significant interactions found for Ethnicity 3 at DAUID 35200694
2025-04-30 00:22:36,959 - ethnicity_interaction_visualization - INFO - No significant interactions found for Ethnicity 4 at DAUID 35200694
2025-04-30 00:22:36,959 - ethnicity_interaction_visualization - INFO - No significant interactions found for Ethnicity 0 at DAUID 35203849
2025-04-30 00:22:36,960 - ethnicity_interaction_visualization - INFO - No significant interactions found for Ethnicity 1 at DAUID 35203849
2025-04-30 00:22:36,960 - ethnicity_interaction_visualization - INFO - No significant interactions found for Ethnicity 2 at DAUID 35203849
2025-04-30 00:22:36,960 - ethnicity_interaction_visualization - INFO - No significant interactions found for Ethnicity 3 at DAUID 35203849
2025-04-30 00:22:36,960 - ethnicity_interaction_visualization - INFO - No significant interactions found for Ethnicity 4 at DAUID 35203849
2025-04-30 00:22:36,960 - ethnicity_interaction_visualization - INFO - No significant interactions found for Ethnicity 0 at DAUID 35203829
2025-04-30 00:22:36,960 - ethnicity_interaction_visualization - INFO - No significant interactions found for Ethnicity 1 at DAUID 35203829
2025-04-30 00:22:36,960 - ethnicity_interaction_visualization - INFO - No significant interactions found for Ethnicity 2 at DAUID 35203829
2025-04-30 00:22:36,960 - ethnicity_interaction_visualization - INFO - No significant interactions found for Ethnicity 3 at DAUID 35203829
2025-04-30 00:22:36,960 - ethnicity_interaction_visualization - INFO - No significant interactions found for Ethnicity 4 at DAUID 35203829
2025-04-30 00:22:36,960 - ethnicity_interaction_visualization - INFO - No significant interactions found for Ethnicity 0 at DAUID 35202491
2025-04-30 00:22:36,960 - ethnicity_interaction_visualization - INFO - No significant interactions found for Ethnicity 1 at DAUID 35202491
2025-04-30 00:22:36,960 - ethnicity_interaction_visualization - INFO - No significant interactions found for Ethnicity 2 at DAUID 35202491
2025-04-30 00:22:36,961 - ethnicity_interaction_visualization - INFO - No significant interactions found for Ethnicity 3 at DAUID 35202491
2025-04-30 00:22:36,961 - ethnicity_interaction_visualization - INFO - No significant interactions found for Ethnicity 4 at DAUID 35202491
2025-04-30 00:22:36,961 - ethnicity_interaction_visualization - INFO - No significant interactions found for Ethnicity 0 at DAUID 35203330
2025-04-30 00:22:36,961 - ethnicity_interaction_visualization - INFO - No significant interactions found for Ethnicity 1 at DAUID 35203330
2025-04-30 00:22:36,961 - ethnicity_interaction_visualization - INFO - No significant interactions found for Ethnicity 2 at DAUID 35203330
2025-04-30 00:22:36,961 - ethnicity_interaction_visualization - INFO - No significant interactions found for Ethnicity 3 at DAUID 35203330
2025-04-30 00:22:36,961 - ethnicity_interaction_visualization - INFO - No significant interactions found for Ethnicity 4 at DAUID 35203330
2025-04-30 00:22:36,961 - ethnicity_interaction_visualization - INFO - No significant interactions found for Ethnicity 0 at DAUID 35200307
2025-04-30 00:22:36,961 - ethnicity_interaction_visualization - INFO - No significant interactions found for Ethnicity 1 at DAUID 35200307
2025-04-30 00:22:36,961 - ethnicity_interaction_visualization - INFO - No significant interactions found for Ethnicity 2 at DAUID 35200307
2025-04-30 00:22:36,961 - ethnicity_interaction_visualization - INFO - No significant interactions found for Ethnicity 3 at DAUID 35200307
2025-04-30 00:22:36,961 - ethnicity_interaction_visualization - INFO - No significant interactions found for Ethnicity 4 at DAUID 35200307
2025-04-30 00:22:36,961 - ethnicity_interaction_visualization - INFO - No significant interactions found for Ethnicity 0 at DAUID 35201408
2025-04-30 00:22:36,962 - ethnicity_interaction_visualization - INFO - No significant interactions found for Ethnicity 1 at DAUID 35201408
2025-04-30 00:22:36,962 - ethnicity_interaction_visualization - INFO - No significant interactions found for Ethnicity 2 at DAUID 35201408
2025-04-30 00:22:36,962 - ethnicity_interaction_visualization - INFO - No significant interactions found for Ethnicity 3 at DAUID 35201408
2025-04-30 00:22:36,962 - ethnicity_interaction_visualization - INFO - No significant interactions found for Ethnicity 4 at DAUID 35201408
2025-04-30 00:22:36,962 - ethnicity_interaction_visualization - INFO - No significant interactions found for Ethnicity 0 at DAUID 35202574
2025-04-30 00:22:36,962 - ethnicity_interaction_visualization - INFO - No significant interactions found for Ethnicity 1 at DAUID 35202574
2025-04-30 00:22:36,962 - ethnicity_interaction_visualization - INFO - No significant interactions found for Ethnicity 2 at DAUID 35202574
2025-04-30 00:22:36,962 - ethnicity_interaction_visualization - INFO - No significant interactions found for Ethnicity 3 at DAUID 35202574
2025-04-30 00:22:36,962 - ethnicity_interaction_visualization - INFO - No significant interactions found for Ethnicity 4 at DAUID 35202574
2025-04-30 00:22:36,962 - ethnicity_interaction_visualization - INFO - No significant interactions found for Ethnicity 0 at DAUID 35204029
2025-04-30 00:22:36,962 - ethnicity_interaction_visualization - INFO - No significant interactions found for Ethnicity 1 at DAUID 35204029
2025-04-30 00:22:36,962 - ethnicity_interaction_visualization - INFO - No significant interactions found for Ethnicity 2 at DAUID 35204029
2025-04-30 00:22:36,962 - ethnicity_interaction_visualization - INFO - No significant interactions found for Ethnicity 3 at DAUID 35204029
2025-04-30 00:22:36,963 - ethnicity_interaction_visualization - INFO - No significant interactions found for Ethnicity 4 at DAUID 35204029
2025-04-30 00:22:36,963 - ethnicity_interaction_visualization - INFO - No significant interactions found for Ethnicity 0 at DAUID 35202227
2025-04-30 00:22:36,963 - ethnicity_interaction_visualization - INFO - No significant interactions found for Ethnicity 1 at DAUID 35202227
2025-04-30 00:22:36,963 - ethnicity_interaction_visualization - INFO - No significant interactions found for Ethnicity 2 at DAUID 35202227
2025-04-30 00:22:36,963 - ethnicity_interaction_visualization - INFO - No significant interactions found for Ethnicity 3 at DAUID 35202227
2025-04-30 00:22:36,963 - ethnicity_interaction_visualization - INFO - No significant interactions found for Ethnicity 4 at DAUID 35202227
2025-04-30 00:22:36,963 - ethnicity_interaction_visualization - INFO - No significant interactions found for Ethnicity 0 at DAUID 35200178
2025-04-30 00:22:36,963 - ethnicity_interaction_visualization - INFO - No significant interactions found for Ethnicity 1 at DAUID 35200178
2025-04-30 00:22:36,963 - ethnicity_interaction_visualization - INFO - No significant interactions found for Ethnicity 2 at DAUID 35200178
2025-04-30 00:22:36,963 - ethnicity_interaction_visualization - INFO - No significant interactions found for Ethnicity 3 at DAUID 35200178
2025-04-30 00:22:36,963 - ethnicity_interaction_visualization - INFO - No significant interactions found for Ethnicity 4 at DAUID 35200178
2025-04-30 00:22:36,964 - ethnicity_interaction_visualization - INFO - No significant interactions found for Ethnicity 0 at DAUID 35202249
2025-04-30 00:22:36,964 - ethnicity_interaction_visualization - INFO - No significant interactions found for Ethnicity 1 at DAUID 35202249
2025-04-30 00:22:36,964 - ethnicity_interaction_visualization - INFO - No significant interactions found for Ethnicity 2 at DAUID 35202249
2025-04-30 00:22:36,964 - ethnicity_interaction_visualization - INFO - No significant interactions found for Ethnicity 3 at DAUID 35202249
2025-04-30 00:22:36,964 - ethnicity_interaction_visualization - INFO - No significant interactions found for Ethnicity 4 at DAUID 35202249
2025-04-30 00:22:36,964 - ethnicity_interaction_visualization - INFO - No significant interactions found for Ethnicity 0 at DAUID 35203458
2025-04-30 00:22:36,964 - ethnicity_interaction_visualization - INFO - No significant interactions found for Ethnicity 1 at DAUID 35203458
2025-04-30 00:22:36,964 - ethnicity_interaction_visualization - INFO - No significant interactions found for Ethnicity 2 at DAUID 35203458
2025-04-30 00:22:36,964 - ethnicity_interaction_visualization - INFO - No significant interactions found for Ethnicity 3 at DAUID 35203458
2025-04-30 00:22:36,964 - ethnicity_interaction_visualization - INFO - No significant interactions found for Ethnicity 4 at DAUID 35203458
2025-04-30 00:22:36,964 - ethnicity_interaction_visualization - INFO - No significant interactions found for Ethnicity 0 at DAUID 35203637
2025-04-30 00:22:36,964 - ethnicity_interaction_visualization - INFO - No significant interactions found for Ethnicity 1 at DAUID 35203637
2025-04-30 00:22:36,965 - ethnicity_interaction_visualization - INFO - No significant interactions found for Ethnicity 2 at DAUID 35203637
2025-04-30 00:22:36,965 - ethnicity_interaction_visualization - INFO - No significant interactions found for Ethnicity 3 at DAUID 35203637
2025-04-30 00:22:36,965 - ethnicity_interaction_visualization - INFO - No significant interactions found for Ethnicity 4 at DAUID 35203637
2025-04-30 00:22:36,965 - ethnicity_interaction_visualization - INFO - No significant interactions found for Ethnicity 0 at DAUID 35202036
2025-04-30 00:22:36,965 - ethnicity_interaction_visualization - INFO - No significant interactions found for Ethnicity 1 at DAUID 35202036
2025-04-30 00:22:36,965 - ethnicity_interaction_visualization - INFO - No significant interactions found for Ethnicity 2 at DAUID 35202036
2025-04-30 00:22:36,965 - ethnicity_interaction_visualization - INFO - No significant interactions found for Ethnicity 3 at DAUID 35202036
2025-04-30 00:22:36,965 - ethnicity_interaction_visualization - INFO - No significant interactions found for Ethnicity 4 at DAUID 35202036
2025-04-30 00:22:36,965 - ethnicity_interaction_visualization - INFO - No significant interactions found for Ethnicity 0 at DAUID 35203604
2025-04-30 00:22:36,965 - ethnicity_interaction_visualization - INFO - No significant interactions found for Ethnicity 1 at DAUID 35203604
2025-04-30 00:22:36,965 - ethnicity_interaction_visualization - INFO - No significant interactions found for Ethnicity 2 at DAUID 35203604
2025-04-30 00:22:36,965 - ethnicity_interaction_visualization - INFO - No significant interactions found for Ethnicity 3 at DAUID 35203604
2025-04-30 00:22:36,965 - ethnicity_interaction_visualization - INFO - No significant interactions found for Ethnicity 4 at DAUID 35203604
2025-04-30 00:22:36,966 - ethnicity_interaction_visualization - INFO - No significant interactions found for Ethnicity 0 at DAUID 35201150
2025-04-30 00:22:36,966 - ethnicity_interaction_visualization - INFO - No significant interactions found for Ethnicity 1 at DAUID 35201150
2025-04-30 00:22:36,966 - ethnicity_interaction_visualization - INFO - No significant interactions found for Ethnicity 2 at DAUID 35201150
2025-04-30 00:22:36,966 - ethnicity_interaction_visualization - INFO - No significant interactions found for Ethnicity 3 at DAUID 35201150
2025-04-30 00:22:36,966 - ethnicity_interaction_visualization - INFO - No significant interactions found for Ethnicity 4 at DAUID 35201150
2025-04-30 00:22:36,966 - ethnicity_interaction_visualization - INFO - No significant interactions found for Ethnicity 0 at DAUID 35204330
2025-04-30 00:22:36,966 - ethnicity_interaction_visualization - INFO - No significant interactions found for Ethnicity 1 at DAUID 35204330
2025-04-30 00:22:36,966 - ethnicity_interaction_visualization - INFO - No significant interactions found for Ethnicity 2 at DAUID 35204330
2025-04-30 00:22:36,966 - ethnicity_interaction_visualization - INFO - No significant interactions found for Ethnicity 3 at DAUID 35204330
2025-04-30 00:22:36,966 - ethnicity_interaction_visualization - INFO - No significant interactions found for Ethnicity 4 at DAUID 35204330
2025-04-30 00:22:36,966 - ethnicity_interaction_visualization - INFO - No significant interactions found for Ethnicity 0 at DAUID 35203448
2025-04-30 00:22:36,966 - ethnicity_interaction_visualization - INFO - No significant interactions found for Ethnicity 1 at DAUID 35203448
2025-04-30 00:22:36,966 - ethnicity_interaction_visualization - INFO - No significant interactions found for Ethnicity 2 at DAUID 35203448
2025-04-30 00:22:36,966 - ethnicity_interaction_visualization - INFO - No significant interactions found for Ethnicity 3 at DAUID 35203448
2025-04-30 00:22:36,966 - ethnicity_interaction_visualization - INFO - No significant interactions found for Ethnicity 4 at DAUID 35203448
2025-04-30 00:22:36,966 - ethnicity_interaction_visualization - INFO - No significant interactions found for Ethnicity 0 at DAUID 35203734
2025-04-30 00:22:36,966 - ethnicity_interaction_visualization - INFO - No significant interactions found for Ethnicity 1 at DAUID 35203734
2025-04-30 00:22:36,966 - ethnicity_interaction_visualization - INFO - No significant interactions found for Ethnicity 2 at DAUID 35203734
2025-04-30 00:22:36,966 - ethnicity_interaction_visualization - INFO - No significant interactions found for Ethnicity 3 at DAUID 35203734
2025-04-30 00:22:36,966 - ethnicity_interaction_visualization - INFO - No significant interactions found for Ethnicity 4 at DAUID 35203734
2025-04-30 00:22:36,968 - ethnicity_interaction_visualization - INFO - No significant interactions found for Ethnicity 0 at DAUID 35202058
2025-04-30 00:22:36,968 - ethnicity_interaction_visualization - INFO - No significant interactions found for Ethnicity 1 at DAUID 35202058
2025-04-30 00:22:36,968 - ethnicity_interaction_visualization - INFO - No significant interactions found for Ethnicity 2 at DAUID 35202058
2025-04-30 00:22:36,968 - ethnicity_interaction_visualization - INFO - No significant interactions found for Ethnicity 3 at DAUID 35202058
2025-04-30 00:22:36,968 - ethnicity_interaction_visualization - INFO - No significant interactions found for Ethnicity 4 at DAUID 35202058
2025-04-30 00:22:36,968 - ethnicity_interaction_visualization - INFO - No significant interactions found for Ethnicity 0 at DAUID 35203745
2025-04-30 00:22:36,968 - ethnicity_interaction_visualization - INFO - No significant interactions found for Ethnicity 1 at DAUID 35203745
2025-04-30 00:22:36,968 - ethnicity_interaction_visualization - INFO - No significant interactions found for Ethnicity 2 at DAUID 35203745
2025-04-30 00:22:36,968 - ethnicity_interaction_visualization - INFO - No significant interactions found for Ethnicity 3 at DAUID 35203745
2025-04-30 00:22:36,968 - ethnicity_interaction_visualization - INFO - No significant interactions found for Ethnicity 4 at DAUID 35203745
2025-04-30 00:22:36,968 - ethnicity_interaction_visualization - INFO - No significant interactions found for Ethnicity 0 at DAUID 35202772
2025-04-30 00:22:36,968 - ethnicity_interaction_visualization - INFO - No significant interactions found for Ethnicity 1 at DAUID 35202772
2025-04-30 00:22:36,969 - ethnicity_interaction_visualization - INFO - No significant interactions found for Ethnicity 2 at DAUID 35202772
2025-04-30 00:22:36,969 - ethnicity_interaction_visualization - INFO - No significant interactions found for Ethnicity 3 at DAUID 35202772
2025-04-30 00:22:36,969 - ethnicity_interaction_visualization - INFO - No significant interactions found for Ethnicity 4 at DAUID 35202772
2025-04-30 00:22:36,969 - ethnicity_interaction_visualization - INFO - No significant interactions found for Ethnicity 0 at DAUID 35202947
2025-04-30 00:22:36,969 - ethnicity_interaction_visualization - INFO - No significant interactions found for Ethnicity 1 at DAUID 35202947
2025-04-30 00:22:36,969 - ethnicity_interaction_visualization - INFO - No significant interactions found for Ethnicity 2 at DAUID 35202947
2025-04-30 00:22:36,969 - ethnicity_interaction_visualization - INFO - No significant interactions found for Ethnicity 3 at DAUID 35202947
2025-04-30 00:22:36,969 - ethnicity_interaction_visualization - INFO - No significant interactions found for Ethnicity 4 at DAUID 35202947
2025-04-30 00:22:36,969 - ethnicity_interaction_visualization - INFO - No significant interactions found for Ethnicity 0 at DAUID 35203976
2025-04-30 00:22:36,969 - ethnicity_interaction_visualization - INFO - No significant interactions found for Ethnicity 1 at DAUID 35203976
2025-04-30 00:22:36,969 - ethnicity_interaction_visualization - INFO - No significant interactions found for Ethnicity 2 at DAUID 35203976
2025-04-30 00:22:36,969 - ethnicity_interaction_visualization - INFO - No significant interactions found for Ethnicity 3 at DAUID 35203976
2025-04-30 00:22:36,970 - ethnicity_interaction_visualization - INFO - No significant interactions found for Ethnicity 4 at DAUID 35203976
2025-04-30 00:22:36,970 - ethnicity_interaction_visualization - INFO - No significant interactions found for Ethnicity 0 at DAUID 35203236
2025-04-30 00:22:36,970 - ethnicity_interaction_visualization - INFO - No significant interactions found for Ethnicity 1 at DAUID 35203236
2025-04-30 00:22:36,970 - ethnicity_interaction_visualization - INFO - No significant interactions found for Ethnicity 2 at DAUID 35203236
2025-04-30 00:22:36,970 - ethnicity_interaction_visualization - INFO - No significant interactions found for Ethnicity 3 at DAUID 35203236
2025-04-30 00:22:36,970 - ethnicity_interaction_visualization - INFO - No significant interactions found for Ethnicity 4 at DAUID 35203236
2025-04-30 00:22:36,970 - ethnicity_interaction_visualization - INFO - No significant interactions found for Ethnicity 0 at DAUID 35200906
2025-04-30 00:22:36,970 - ethnicity_interaction_visualization - INFO - No significant interactions found for Ethnicity 1 at DAUID 35200906
2025-04-30 00:22:36,970 - ethnicity_interaction_visualization - INFO - No significant interactions found for Ethnicity 2 at DAUID 35200906
2025-04-30 00:22:36,970 - ethnicity_interaction_visualization - INFO - No significant interactions found for Ethnicity 3 at DAUID 35200906
2025-04-30 00:22:36,970 - ethnicity_interaction_visualization - INFO - No significant interactions found for Ethnicity 4 at DAUID 35200906
2025-04-30 00:22:36,970 - ethnicity_interaction_visualization - INFO - No significant interactions found for Ethnicity 0 at DAUID 35204232
2025-04-30 00:22:36,970 - ethnicity_interaction_visualization - INFO - No significant interactions found for Ethnicity 1 at DAUID 35204232
2025-04-30 00:22:36,970 - ethnicity_interaction_visualization - INFO - No significant interactions found for Ethnicity 2 at DAUID 35204232
2025-04-30 00:22:36,971 - ethnicity_interaction_visualization - INFO - No significant interactions found for Ethnicity 3 at DAUID 35204232
2025-04-30 00:22:36,971 - ethnicity_interaction_visualization - INFO - No significant interactions found for Ethnicity 4 at DAUID 35204232
2025-04-30 00:22:36,971 - ethnicity_interaction_visualization - INFO - No significant interactions found for Ethnicity 0 at DAUID 35202237
2025-04-30 00:22:36,971 - ethnicity_interaction_visualization - INFO - No significant interactions found for Ethnicity 1 at DAUID 35202237
2025-04-30 00:22:36,971 - ethnicity_interaction_visualization - INFO - No significant interactions found for Ethnicity 2 at DAUID 35202237
2025-04-30 00:22:36,971 - ethnicity_interaction_visualization - INFO - No significant interactions found for Ethnicity 3 at DAUID 35202237
2025-04-30 00:22:36,971 - ethnicity_interaction_visualization - INFO - No significant interactions found for Ethnicity 4 at DAUID 35202237
2025-04-30 00:22:36,971 - ethnicity_interaction_visualization - INFO - No significant interactions found for Ethnicity 0 at DAUID 35204554
2025-04-30 00:22:36,971 - ethnicity_interaction_visualization - INFO - No significant interactions found for Ethnicity 1 at DAUID 35204554
2025-04-30 00:22:36,971 - ethnicity_interaction_visualization - INFO - No significant interactions found for Ethnicity 2 at DAUID 35204554
2025-04-30 00:22:36,971 - ethnicity_interaction_visualization - INFO - No significant interactions found for Ethnicity 3 at DAUID 35204554
2025-04-30 00:22:36,971 - ethnicity_interaction_visualization - INFO - No significant interactions found for Ethnicity 4 at DAUID 35204554
2025-04-30 00:22:36,971 - ethnicity_interaction_visualization - INFO - No significant interactions found for Ethnicity 0 at DAUID 35204243
2025-04-30 00:22:36,971 - ethnicity_interaction_visualization - INFO - No significant interactions found for Ethnicity 1 at DAUID 35204243
2025-04-30 00:22:36,971 - ethnicity_interaction_visualization - INFO - No significant interactions found for Ethnicity 2 at DAUID 35204243
2025-04-30 00:22:36,972 - ethnicity_interaction_visualization - INFO - No significant interactions found for Ethnicity 3 at DAUID 35204243
2025-04-30 00:22:36,972 - ethnicity_interaction_visualization - INFO - No significant interactions found for Ethnicity 4 at DAUID 35204243
2025-04-30 00:22:36,972 - ethnicity_interaction_visualization - INFO - No significant interactions found for Ethnicity 0 at DAUID 35204450
2025-04-30 00:22:36,972 - ethnicity_interaction_visualization - INFO - No significant interactions found for Ethnicity 1 at DAUID 35204450
2025-04-30 00:22:36,972 - ethnicity_interaction_visualization - INFO - No significant interactions found for Ethnicity 2 at DAUID 35204450
2025-04-30 00:22:36,972 - ethnicity_interaction_visualization - INFO - No significant interactions found for Ethnicity 3 at DAUID 35204450
2025-04-30 00:22:36,972 - ethnicity_interaction_visualization - INFO - No significant interactions found for Ethnicity 4 at DAUID 35204450
2025-04-30 00:22:36,972 - ethnicity_interaction_visualization - INFO - No significant interactions found for Ethnicity 0 at DAUID 35200540
2025-04-30 00:22:36,972 - ethnicity_interaction_visualization - INFO - No significant interactions found for Ethnicity 1 at DAUID 35200540
2025-04-30 00:22:36,972 - ethnicity_interaction_visualization - INFO - No significant interactions found for Ethnicity 2 at DAUID 35200540
2025-04-30 00:22:36,972 - ethnicity_interaction_visualization - INFO - No significant interactions found for Ethnicity 3 at DAUID 35200540
2025-04-30 00:22:36,972 - ethnicity_interaction_visualization - INFO - No significant interactions found for Ethnicity 4 at DAUID 35200540
2025-04-30 00:22:36,972 - ethnicity_interaction_visualization - INFO - No significant interactions found for Ethnicity 0 at DAUID 35202510
2025-04-30 00:22:36,973 - ethnicity_interaction_visualization - INFO - No significant interactions found for Ethnicity 1 at DAUID 35202510
2025-04-30 00:22:36,973 - ethnicity_interaction_visualization - INFO - No significant interactions found for Ethnicity 2 at DAUID 35202510
2025-04-30 00:22:36,973 - ethnicity_interaction_visualization - INFO - No significant interactions found for Ethnicity 3 at DAUID 35202510
2025-04-30 00:22:36,973 - ethnicity_interaction_visualization - INFO - No significant interactions found for Ethnicity 4 at DAUID 35202510
2025-04-30 00:22:36,973 - ethnicity_interaction_visualization - INFO - No significant interactions found for Ethnicity 0 at DAUID 35201544
2025-04-30 00:22:36,973 - ethnicity_interaction_visualization - INFO - No significant interactions found for Ethnicity 1 at DAUID 35201544
2025-04-30 00:22:36,973 - ethnicity_interaction_visualization - INFO - No significant interactions found for Ethnicity 2 at DAUID 35201544
2025-04-30 00:22:36,973 - ethnicity_interaction_visualization - INFO - No significant interactions found for Ethnicity 3 at DAUID 35201544
2025-04-30 00:22:36,973 - ethnicity_interaction_visualization - INFO - No significant interactions found for Ethnicity 4 at DAUID 35201544
2025-04-30 00:22:36,973 - ethnicity_interaction_visualization - INFO - No significant interactions found for Ethnicity 0 at DAUID 35204284
2025-04-30 00:22:36,973 - ethnicity_interaction_visualization - INFO - No significant interactions found for Ethnicity 1 at DAUID 35204284
2025-04-30 00:22:36,973 - ethnicity_interaction_visualization - INFO - No significant interactions found for Ethnicity 2 at DAUID 35204284
2025-04-30 00:22:36,973 - ethnicity_interaction_visualization - INFO - No significant interactions found for Ethnicity 3 at DAUID 35204284
2025-04-30 00:22:36,974 - ethnicity_interaction_visualization - INFO - No significant interactions found for Ethnicity 4 at DAUID 35204284
2025-04-30 00:22:36,974 - ethnicity_interaction_visualization - INFO - No significant interactions found for Ethnicity 0 at DAUID 35200606
2025-04-30 00:22:36,974 - ethnicity_interaction_visualization - INFO - No significant interactions found for Ethnicity 1 at DAUID 35200606
2025-04-30 00:22:36,974 - ethnicity_interaction_visualization - INFO - No significant interactions found for Ethnicity 2 at DAUID 35200606
2025-04-30 00:22:36,974 - ethnicity_interaction_visualization - INFO - No significant interactions found for Ethnicity 3 at DAUID 35200606
2025-04-30 00:22:36,974 - ethnicity_interaction_visualization - INFO - No significant interactions found for Ethnicity 4 at DAUID 35200606
2025-04-30 00:22:36,974 - ethnicity_interaction_visualization - INFO - No significant interactions found for Ethnicity 0 at DAUID 35202571
2025-04-30 00:22:36,974 - ethnicity_interaction_visualization - INFO - No significant interactions found for Ethnicity 1 at DAUID 35202571
2025-04-30 00:22:36,974 - ethnicity_interaction_visualization - INFO - No significant interactions found for Ethnicity 2 at DAUID 35202571
2025-04-30 00:22:36,974 - ethnicity_interaction_visualization - INFO - No significant interactions found for Ethnicity 3 at DAUID 35202571
2025-04-30 00:22:36,974 - ethnicity_interaction_visualization - INFO - No significant interactions found for Ethnicity 4 at DAUID 35202571
2025-04-30 00:22:36,974 - ethnicity_interaction_visualization - INFO - No significant interactions found for Ethnicity 0 at DAUID 35201128
2025-04-30 00:22:36,974 - ethnicity_interaction_visualization - INFO - No significant interactions found for Ethnicity 1 at DAUID 35201128
2025-04-30 00:22:36,974 - ethnicity_interaction_visualization - INFO - No significant interactions found for Ethnicity 2 at DAUID 35201128
2025-04-30 00:22:36,975 - ethnicity_interaction_visualization - INFO - No significant interactions found for Ethnicity 3 at DAUID 35201128
2025-04-30 00:22:36,975 - ethnicity_interaction_visualization - INFO - No significant interactions found for Ethnicity 4 at DAUID 35201128
2025-04-30 00:22:36,975 - ethnicity_interaction_visualization - INFO - No significant interactions found for Ethnicity 0 at DAUID 35201761
2025-04-30 00:22:36,975 - ethnicity_interaction_visualization - INFO - No significant interactions found for Ethnicity 1 at DAUID 35201761
2025-04-30 00:22:36,975 - ethnicity_interaction_visualization - INFO - No significant interactions found for Ethnicity 2 at DAUID 35201761
2025-04-30 00:22:36,975 - ethnicity_interaction_visualization - INFO - No significant interactions found for Ethnicity 3 at DAUID 35201761
2025-04-30 00:22:36,975 - ethnicity_interaction_visualization - INFO - No significant interactions found for Ethnicity 4 at DAUID 35201761
2025-04-30 00:22:36,975 - ethnicity_interaction_visualization - INFO - No significant interactions found for Ethnicity 0 at DAUID 35202147
2025-04-30 00:22:36,975 - ethnicity_interaction_visualization - INFO - No significant interactions found for Ethnicity 1 at DAUID 35202147
2025-04-30 00:22:36,975 - ethnicity_interaction_visualization - INFO - No significant interactions found for Ethnicity 2 at DAUID 35202147
2025-04-30 00:22:36,975 - ethnicity_interaction_visualization - INFO - No significant interactions found for Ethnicity 3 at DAUID 35202147
2025-04-30 00:22:36,975 - ethnicity_interaction_visualization - INFO - No significant interactions found for Ethnicity 4 at DAUID 35202147
2025-04-30 00:22:36,975 - ethnicity_interaction_visualization - INFO - No significant interactions found for Ethnicity 0 at DAUID 35203387
2025-04-30 00:22:36,975 - ethnicity_interaction_visualization - INFO - No significant interactions found for Ethnicity 1 at DAUID 35203387
2025-04-30 00:22:36,975 - ethnicity_interaction_visualization - INFO - No significant interactions found for Ethnicity 2 at DAUID 35203387
2025-04-30 00:22:36,976 - ethnicity_interaction_visualization - INFO - No significant interactions found for Ethnicity 3 at DAUID 35203387
2025-04-30 00:22:36,976 - ethnicity_interaction_visualization - INFO - No significant interactions found for Ethnicity 4 at DAUID 35203387
2025-04-30 00:22:36,976 - ethnicity_interaction_visualization - INFO - No significant interactions found for Ethnicity 0 at DAUID 35204287
2025-04-30 00:22:36,976 - ethnicity_interaction_visualization - INFO - No significant interactions found for Ethnicity 1 at DAUID 35204287
2025-04-30 00:22:36,976 - ethnicity_interaction_visualization - INFO - No significant interactions found for Ethnicity 2 at DAUID 35204287
2025-04-30 00:22:36,976 - ethnicity_interaction_visualization - INFO - No significant interactions found for Ethnicity 3 at DAUID 35204287
2025-04-30 00:22:36,976 - ethnicity_interaction_visualization - INFO - No significant interactions found for Ethnicity 4 at DAUID 35204287
2025-04-30 00:22:36,976 - ethnicity_interaction_visualization - INFO - No significant interactions found for Ethnicity 0 at DAUID 35200066
2025-04-30 00:22:36,976 - ethnicity_interaction_visualization - INFO - No significant interactions found for Ethnicity 1 at DAUID 35200066
2025-04-30 00:22:36,976 - ethnicity_interaction_visualization - INFO - No significant interactions found for Ethnicity 2 at DAUID 35200066
2025-04-30 00:22:36,976 - ethnicity_interaction_visualization - INFO - No significant interactions found for Ethnicity 3 at DAUID 35200066
2025-04-30 00:22:36,976 - ethnicity_interaction_visualization - INFO - No significant interactions found for Ethnicity 4 at DAUID 35200066
2025-04-30 00:22:36,976 - ethnicity_interaction_visualization - INFO - No significant interactions found for Ethnicity 0 at DAUID 35200957
2025-04-30 00:22:36,976 - ethnicity_interaction_visualization - INFO - No significant interactions found for Ethnicity 1 at DAUID 35200957
2025-04-30 00:22:36,977 - ethnicity_interaction_visualization - INFO - No significant interactions found for Ethnicity 2 at DAUID 35200957
2025-04-30 00:22:36,977 - ethnicity_interaction_visualization - INFO - No significant interactions found for Ethnicity 3 at DAUID 35200957
2025-04-30 00:22:36,977 - ethnicity_interaction_visualization - INFO - No significant interactions found for Ethnicity 4 at DAUID 35200957
2025-04-30 00:22:36,977 - ethnicity_interaction_visualization - INFO - No significant interactions found for Ethnicity 0 at DAUID 35204800
2025-04-30 00:22:36,977 - ethnicity_interaction_visualization - INFO - No significant interactions found for Ethnicity 1 at DAUID 35204800
2025-04-30 00:22:36,977 - ethnicity_interaction_visualization - INFO - No significant interactions found for Ethnicity 2 at DAUID 35204800
2025-04-30 00:22:36,977 - ethnicity_interaction_visualization - INFO - No significant interactions found for Ethnicity 3 at DAUID 35204800
2025-04-30 00:22:36,977 - ethnicity_interaction_visualization - INFO - No significant interactions found for Ethnicity 4 at DAUID 35204800
2025-04-30 00:22:36,977 - ethnicity_interaction_visualization - INFO - No significant interactions found for Ethnicity 0 at DAUID 35201350
2025-04-30 00:22:36,977 - ethnicity_interaction_visualization - INFO - No significant interactions found for Ethnicity 1 at DAUID 35201350
2025-04-30 00:22:36,977 - ethnicity_interaction_visualization - INFO - No significant interactions found for Ethnicity 2 at DAUID 35201350
2025-04-30 00:22:36,977 - ethnicity_interaction_visualization - INFO - No significant interactions found for Ethnicity 3 at DAUID 35201350
2025-04-30 00:22:36,977 - ethnicity_interaction_visualization - INFO - No significant interactions found for Ethnicity 4 at DAUID 35201350
2025-04-30 00:22:36,978 - ethnicity_interaction_visualization - INFO - No significant interactions found for Ethnicity 0 at DAUID 35202125
2025-04-30 00:22:36,978 - ethnicity_interaction_visualization - INFO - No significant interactions found for Ethnicity 1 at DAUID 35202125
2025-04-30 00:22:36,978 - ethnicity_interaction_visualization - INFO - No significant interactions found for Ethnicity 2 at DAUID 35202125
2025-04-30 00:22:36,978 - ethnicity_interaction_visualization - INFO - No significant interactions found for Ethnicity 3 at DAUID 35202125
2025-04-30 00:22:36,978 - ethnicity_interaction_visualization - INFO - No significant interactions found for Ethnicity 4 at DAUID 35202125
2025-04-30 00:22:36,978 - ethnicity_interaction_visualization - INFO - No significant interactions found for Ethnicity 0 at DAUID 35204498
2025-04-30 00:22:36,978 - ethnicity_interaction_visualization - INFO - No significant interactions found for Ethnicity 1 at DAUID 35204498
2025-04-30 00:22:36,978 - ethnicity_interaction_visualization - INFO - No significant interactions found for Ethnicity 2 at DAUID 35204498
2025-04-30 00:22:36,978 - ethnicity_interaction_visualization - INFO - No significant interactions found for Ethnicity 3 at DAUID 35204498
2025-04-30 00:22:36,978 - ethnicity_interaction_visualization - INFO - No significant interactions found for Ethnicity 4 at DAUID 35204498
2025-04-30 00:22:36,978 - ethnicity_interaction_visualization - INFO - No significant interactions found for Ethnicity 0 at DAUID 35203617
2025-04-30 00:22:36,978 - ethnicity_interaction_visualization - INFO - No significant interactions found for Ethnicity 1 at DAUID 35203617
2025-04-30 00:22:36,978 - ethnicity_interaction_visualization - INFO - No significant interactions found for Ethnicity 2 at DAUID 35203617
2025-04-30 00:22:36,978 - ethnicity_interaction_visualization - INFO - No significant interactions found for Ethnicity 3 at DAUID 35203617
2025-04-30 00:22:36,978 - ethnicity_interaction_visualization - INFO - No significant interactions found for Ethnicity 4 at DAUID 35203617
2025-04-30 00:22:36,978 - ethnicity_interaction_visualization - INFO - No significant interactions found for Ethnicity 0 at DAUID 35202644
2025-04-30 00:22:36,978 - ethnicity_interaction_visualization - INFO - No significant interactions found for Ethnicity 1 at DAUID 35202644
2025-04-30 00:22:36,978 - ethnicity_interaction_visualization - INFO - No significant interactions found for Ethnicity 2 at DAUID 35202644
2025-04-30 00:22:36,979 - ethnicity_interaction_visualization - INFO - No significant interactions found for Ethnicity 3 at DAUID 35202644
2025-04-30 00:22:36,979 - ethnicity_interaction_visualization - INFO - No significant interactions found for Ethnicity 4 at DAUID 35202644
2025-04-30 00:22:36,979 - ethnicity_interaction_visualization - INFO - No significant interactions found for Ethnicity 0 at DAUID 35202704
2025-04-30 00:22:36,979 - ethnicity_interaction_visualization - INFO - No significant interactions found for Ethnicity 1 at DAUID 35202704
2025-04-30 00:22:36,979 - ethnicity_interaction_visualization - INFO - No significant interactions found for Ethnicity 2 at DAUID 35202704
2025-04-30 00:22:36,979 - ethnicity_interaction_visualization - INFO - No significant interactions found for Ethnicity 3 at DAUID 35202704
2025-04-30 00:22:36,979 - ethnicity_interaction_visualization - INFO - No significant interactions found for Ethnicity 4 at DAUID 35202704
2025-04-30 00:22:36,979 - ethnicity_interaction_visualization - INFO - No significant interactions found for Ethnicity 0 at DAUID 35200813
2025-04-30 00:22:36,979 - ethnicity_interaction_visualization - INFO - No significant interactions found for Ethnicity 1 at DAUID 35200813
2025-04-30 00:22:36,979 - ethnicity_interaction_visualization - INFO - No significant interactions found for Ethnicity 2 at DAUID 35200813
2025-04-30 00:22:36,979 - ethnicity_interaction_visualization - INFO - No significant interactions found for Ethnicity 3 at DAUID 35200813
2025-04-30 00:22:36,979 - ethnicity_interaction_visualization - INFO - No significant interactions found for Ethnicity 4 at DAUID 35200813
2025-04-30 00:22:36,979 - ethnicity_interaction_visualization - INFO - No significant interactions found for Ethnicity 0 at DAUID 35202456
2025-04-30 00:22:36,980 - ethnicity_interaction_visualization - INFO - No significant interactions found for Ethnicity 1 at DAUID 35202456
2025-04-30 00:22:36,980 - ethnicity_interaction_visualization - INFO - No significant interactions found for Ethnicity 2 at DAUID 35202456
2025-04-30 00:22:36,980 - ethnicity_interaction_visualization - INFO - No significant interactions found for Ethnicity 3 at DAUID 35202456
2025-04-30 00:22:36,980 - ethnicity_interaction_visualization - INFO - No significant interactions found for Ethnicity 4 at DAUID 35202456
2025-04-30 00:22:36,980 - ethnicity_interaction_visualization - INFO - No significant interactions found for Ethnicity 0 at DAUID 35200918
2025-04-30 00:22:36,980 - ethnicity_interaction_visualization - INFO - No significant interactions found for Ethnicity 1 at DAUID 35200918
2025-04-30 00:22:36,980 - ethnicity_interaction_visualization - INFO - No significant interactions found for Ethnicity 2 at DAUID 35200918
2025-04-30 00:22:36,980 - ethnicity_interaction_visualization - INFO - No significant interactions found for Ethnicity 3 at DAUID 35200918
2025-04-30 00:22:36,981 - ethnicity_interaction_visualization - INFO - No significant interactions found for Ethnicity 4 at DAUID 35200918
2025-04-30 00:22:36,981 - ethnicity_interaction_visualization - INFO - No significant interactions found for Ethnicity 0 at DAUID 35200705
2025-04-30 00:22:36,981 - ethnicity_interaction_visualization - INFO - No significant interactions found for Ethnicity 1 at DAUID 35200705
2025-04-30 00:22:36,981 - ethnicity_interaction_visualization - INFO - No significant interactions found for Ethnicity 2 at DAUID 35200705
2025-04-30 00:22:36,981 - ethnicity_interaction_visualization - INFO - No significant interactions found for Ethnicity 3 at DAUID 35200705
2025-04-30 00:22:36,981 - ethnicity_interaction_visualization - INFO - No significant interactions found for Ethnicity 4 at DAUID 35200705
2025-04-30 00:22:36,981 - ethnicity_interaction_visualization - INFO - No significant interactions found for Ethnicity 0 at DAUID 35203108
2025-04-30 00:22:36,981 - ethnicity_interaction_visualization - INFO - No significant interactions found for Ethnicity 1 at DAUID 35203108
2025-04-30 00:22:36,981 - ethnicity_interaction_visualization - INFO - No significant interactions found for Ethnicity 2 at DAUID 35203108
2025-04-30 00:22:36,981 - ethnicity_interaction_visualization - INFO - No significant interactions found for Ethnicity 3 at DAUID 35203108
2025-04-30 00:22:36,981 - ethnicity_interaction_visualization - INFO - No significant interactions found for Ethnicity 4 at DAUID 35203108
2025-04-30 00:22:36,981 - ethnicity_interaction_visualization - INFO - No significant interactions found for Ethnicity 0 at DAUID 35203881
2025-04-30 00:22:36,981 - ethnicity_interaction_visualization - INFO - No significant interactions found for Ethnicity 1 at DAUID 35203881
2025-04-30 00:22:36,982 - ethnicity_interaction_visualization - INFO - No significant interactions found for Ethnicity 2 at DAUID 35203881
2025-04-30 00:22:36,982 - ethnicity_interaction_visualization - INFO - No significant interactions found for Ethnicity 3 at DAUID 35203881
2025-04-30 00:22:36,982 - ethnicity_interaction_visualization - INFO - No significant interactions found for Ethnicity 4 at DAUID 35203881
2025-04-30 00:22:36,982 - ethnicity_interaction_visualization - INFO - No significant interactions found for Ethnicity 0 at DAUID 35202156
2025-04-30 00:22:36,982 - ethnicity_interaction_visualization - INFO - No significant interactions found for Ethnicity 1 at DAUID 35202156
2025-04-30 00:22:36,982 - ethnicity_interaction_visualization - INFO - No significant interactions found for Ethnicity 2 at DAUID 35202156
2025-04-30 00:22:36,982 - ethnicity_interaction_visualization - INFO - No significant interactions found for Ethnicity 3 at DAUID 35202156
2025-04-30 00:22:36,982 - ethnicity_interaction_visualization - INFO - No significant interactions found for Ethnicity 4 at DAUID 35202156
2025-04-30 00:22:36,982 - ethnicity_interaction_visualization - INFO - No significant interactions found for Ethnicity 0 at DAUID 35202942
2025-04-30 00:22:36,982 - ethnicity_interaction_visualization - INFO - No significant interactions found for Ethnicity 1 at DAUID 35202942
2025-04-30 00:22:36,982 - ethnicity_interaction_visualization - INFO - No significant interactions found for Ethnicity 2 at DAUID 35202942
2025-04-30 00:22:36,982 - ethnicity_interaction_visualization - INFO - No significant interactions found for Ethnicity 3 at DAUID 35202942
2025-04-30 00:22:36,982 - ethnicity_interaction_visualization - INFO - No significant interactions found for Ethnicity 4 at DAUID 35202942
2025-04-30 00:22:36,982 - ethnicity_interaction_visualization - INFO - No significant interactions found for Ethnicity 0 at DAUID 35203032
2025-04-30 00:22:36,982 - ethnicity_interaction_visualization - INFO - No significant interactions found for Ethnicity 1 at DAUID 35203032
2025-04-30 00:22:36,983 - ethnicity_interaction_visualization - INFO - No significant interactions found for Ethnicity 2 at DAUID 35203032
2025-04-30 00:22:36,983 - ethnicity_interaction_visualization - INFO - No significant interactions found for Ethnicity 3 at DAUID 35203032
2025-04-30 00:22:36,983 - ethnicity_interaction_visualization - INFO - No significant interactions found for Ethnicity 4 at DAUID 35203032
2025-04-30 00:22:36,983 - ethnicity_interaction_visualization - INFO - No significant interactions found for Ethnicity 0 at DAUID 35200082
2025-04-30 00:22:36,983 - ethnicity_interaction_visualization - INFO - No significant interactions found for Ethnicity 1 at DAUID 35200082
2025-04-30 00:22:36,983 - ethnicity_interaction_visualization - INFO - No significant interactions found for Ethnicity 2 at DAUID 35200082
2025-04-30 00:22:36,983 - ethnicity_interaction_visualization - INFO - No significant interactions found for Ethnicity 3 at DAUID 35200082
2025-04-30 00:22:36,983 - ethnicity_interaction_visualization - INFO - No significant interactions found for Ethnicity 4 at DAUID 35200082
2025-04-30 00:22:36,983 - ethnicity_interaction_visualization - INFO - No significant interactions found for Ethnicity 0 at DAUID 35201834
2025-04-30 00:22:36,983 - ethnicity_interaction_visualization - INFO - No significant interactions found for Ethnicity 1 at DAUID 35201834
2025-04-30 00:22:36,983 - ethnicity_interaction_visualization - INFO - No significant interactions found for Ethnicity 2 at DAUID 35201834
2025-04-30 00:22:36,983 - ethnicity_interaction_visualization - INFO - No significant interactions found for Ethnicity 3 at DAUID 35201834
2025-04-30 00:22:36,983 - ethnicity_interaction_visualization - INFO - No significant interactions found for Ethnicity 4 at DAUID 35201834
2025-04-30 00:22:36,983 - ethnicity_interaction_visualization - INFO - No significant interactions found for Ethnicity 0 at DAUID 35204339
2025-04-30 00:22:36,983 - ethnicity_interaction_visualization - INFO - No significant interactions found for Ethnicity 1 at DAUID 35204339
2025-04-30 00:22:36,983 - ethnicity_interaction_visualization - INFO - No significant interactions found for Ethnicity 2 at DAUID 35204339
2025-04-30 00:22:36,983 - ethnicity_interaction_visualization - INFO - No significant interactions found for Ethnicity 3 at DAUID 35204339
2025-04-30 00:22:36,984 - ethnicity_interaction_visualization - INFO - No significant interactions found for Ethnicity 4 at DAUID 35204339
2025-04-30 00:22:36,984 - ethnicity_interaction_visualization - INFO - No significant interactions found for Ethnicity 0 at DAUID 35202149
2025-04-30 00:22:36,984 - ethnicity_interaction_visualization - INFO - No significant interactions found for Ethnicity 1 at DAUID 35202149
2025-04-30 00:22:36,984 - ethnicity_interaction_visualization - INFO - No significant interactions found for Ethnicity 2 at DAUID 35202149
2025-04-30 00:22:36,984 - ethnicity_interaction_visualization - INFO - No significant interactions found for Ethnicity 3 at DAUID 35202149
2025-04-30 00:22:36,984 - ethnicity_interaction_visualization - INFO - No significant interactions found for Ethnicity 4 at DAUID 35202149
2025-04-30 00:22:36,984 - ethnicity_interaction_visualization - INFO - No significant interactions found for Ethnicity 0 at DAUID 35200070
2025-04-30 00:22:36,984 - ethnicity_interaction_visualization - INFO - No significant interactions found for Ethnicity 1 at DAUID 35200070
2025-04-30 00:22:36,984 - ethnicity_interaction_visualization - INFO - No significant interactions found for Ethnicity 2 at DAUID 35200070
2025-04-30 00:22:36,984 - ethnicity_interaction_visualization - INFO - No significant interactions found for Ethnicity 3 at DAUID 35200070
2025-04-30 00:22:36,984 - ethnicity_interaction_visualization - INFO - No significant interactions found for Ethnicity 4 at DAUID 35200070
2025-04-30 00:22:36,984 - ethnicity_interaction_visualization - INFO - No significant interactions found for Ethnicity 0 at DAUID 35200610
2025-04-30 00:22:36,984 - ethnicity_interaction_visualization - INFO - No significant interactions found for Ethnicity 1 at DAUID 35200610
2025-04-30 00:22:36,984 - ethnicity_interaction_visualization - INFO - No significant interactions found for Ethnicity 2 at DAUID 35200610
2025-04-30 00:22:36,985 - ethnicity_interaction_visualization - INFO - No significant interactions found for Ethnicity 3 at DAUID 35200610
2025-04-30 00:22:36,985 - ethnicity_interaction_visualization - INFO - No significant interactions found for Ethnicity 4 at DAUID 35200610
2025-04-30 00:22:36,985 - ethnicity_interaction_visualization - INFO - No significant interactions found for Ethnicity 0 at DAUID 35204930
2025-04-30 00:22:36,985 - ethnicity_interaction_visualization - INFO - No significant interactions found for Ethnicity 1 at DAUID 35204930
2025-04-30 00:22:36,985 - ethnicity_interaction_visualization - INFO - No significant interactions found for Ethnicity 2 at DAUID 35204930
2025-04-30 00:22:36,985 - ethnicity_interaction_visualization - INFO - No significant interactions found for Ethnicity 3 at DAUID 35204930
2025-04-30 00:22:36,985 - ethnicity_interaction_visualization - INFO - No significant interactions found for Ethnicity 4 at DAUID 35204930
2025-04-30 00:22:36,985 - ethnicity_interaction_visualization - INFO - No significant interactions found for Ethnicity 0 at DAUID 35202448
2025-04-30 00:22:36,985 - ethnicity_interaction_visualization - INFO - No significant interactions found for Ethnicity 1 at DAUID 35202448
2025-04-30 00:22:36,985 - ethnicity_interaction_visualization - INFO - No significant interactions found for Ethnicity 2 at DAUID 35202448
2025-04-30 00:22:36,985 - ethnicity_interaction_visualization - INFO - No significant interactions found for Ethnicity 3 at DAUID 35202448
2025-04-30 00:22:36,985 - ethnicity_interaction_visualization - INFO - No significant interactions found for Ethnicity 4 at DAUID 35202448
2025-04-30 00:22:36,986 - ethnicity_interaction_visualization - INFO - No significant interactions found for Ethnicity 0 at DAUID 35204356
2025-04-30 00:22:36,986 - ethnicity_interaction_visualization - INFO - No significant interactions found for Ethnicity 1 at DAUID 35204356
2025-04-30 00:22:36,986 - ethnicity_interaction_visualization - INFO - No significant interactions found for Ethnicity 2 at DAUID 35204356
2025-04-30 00:22:36,986 - ethnicity_interaction_visualization - INFO - No significant interactions found for Ethnicity 3 at DAUID 35204356
2025-04-30 00:22:36,986 - ethnicity_interaction_visualization - INFO - No significant interactions found for Ethnicity 4 at DAUID 35204356
2025-04-30 00:22:36,986 - ethnicity_interaction_visualization - INFO - No significant interactions found for Ethnicity 0 at DAUID 35204839
2025-04-30 00:22:36,986 - ethnicity_interaction_visualization - INFO - No significant interactions found for Ethnicity 1 at DAUID 35204839
2025-04-30 00:22:36,986 - ethnicity_interaction_visualization - INFO - No significant interactions found for Ethnicity 2 at DAUID 35204839
2025-04-30 00:22:36,986 - ethnicity_interaction_visualization - INFO - No significant interactions found for Ethnicity 3 at DAUID 35204839
2025-04-30 00:22:36,986 - ethnicity_interaction_visualization - INFO - No significant interactions found for Ethnicity 4 at DAUID 35204839
2025-04-30 00:22:36,986 - ethnicity_interaction_visualization - INFO - No significant interactions found for Ethnicity 0 at DAUID 35204661
2025-04-30 00:22:36,986 - ethnicity_interaction_visualization - INFO - No significant interactions found for Ethnicity 1 at DAUID 35204661
2025-04-30 00:22:36,986 - ethnicity_interaction_visualization - INFO - No significant interactions found for Ethnicity 2 at DAUID 35204661
2025-04-30 00:22:36,987 - ethnicity_interaction_visualization - INFO - No significant interactions found for Ethnicity 3 at DAUID 35204661
2025-04-30 00:22:36,987 - ethnicity_interaction_visualization - INFO - No significant interactions found for Ethnicity 4 at DAUID 35204661
2025-04-30 00:22:36,987 - ethnicity_interaction_visualization - INFO - No significant interactions found for Ethnicity 0 at DAUID 35200996
2025-04-30 00:22:36,987 - ethnicity_interaction_visualization - INFO - No significant interactions found for Ethnicity 1 at DAUID 35200996
2025-04-30 00:22:36,987 - ethnicity_interaction_visualization - INFO - No significant interactions found for Ethnicity 2 at DAUID 35200996
2025-04-30 00:22:36,987 - ethnicity_interaction_visualization - INFO - No significant interactions found for Ethnicity 3 at DAUID 35200996
2025-04-30 00:22:36,987 - ethnicity_interaction_visualization - INFO - No significant interactions found for Ethnicity 4 at DAUID 35200996
2025-04-30 00:22:36,987 - ethnicity_interaction_visualization - INFO - No significant interactions found for Ethnicity 0 at DAUID 35204394
2025-04-30 00:22:36,987 - ethnicity_interaction_visualization - INFO - No significant interactions found for Ethnicity 1 at DAUID 35204394
2025-04-30 00:22:36,987 - ethnicity_interaction_visualization - INFO - No significant interactions found for Ethnicity 2 at DAUID 35204394
2025-04-30 00:22:36,987 - ethnicity_interaction_visualization - INFO - No significant interactions found for Ethnicity 3 at DAUID 35204394
2025-04-30 00:22:36,987 - ethnicity_interaction_visualization - INFO - No significant interactions found for Ethnicity 4 at DAUID 35204394
2025-04-30 00:22:36,987 - ethnicity_interaction_visualization - INFO - No significant interactions found for Ethnicity 0 at DAUID 35202155
2025-04-30 00:22:36,988 - ethnicity_interaction_visualization - INFO - No significant interactions found for Ethnicity 1 at DAUID 35202155
2025-04-30 00:22:36,988 - ethnicity_interaction_visualization - INFO - No significant interactions found for Ethnicity 2 at DAUID 35202155
2025-04-30 00:22:36,988 - ethnicity_interaction_visualization - INFO - No significant interactions found for Ethnicity 3 at DAUID 35202155
2025-04-30 00:22:36,988 - ethnicity_interaction_visualization - INFO - No significant interactions found for Ethnicity 4 at DAUID 35202155
2025-04-30 00:22:36,988 - ethnicity_interaction_visualization - INFO - No significant interactions found for Ethnicity 0 at DAUID 35201331
2025-04-30 00:22:36,988 - ethnicity_interaction_visualization - INFO - No significant interactions found for Ethnicity 1 at DAUID 35201331
2025-04-30 00:22:36,988 - ethnicity_interaction_visualization - INFO - No significant interactions found for Ethnicity 2 at DAUID 35201331
2025-04-30 00:22:36,988 - ethnicity_interaction_visualization - INFO - No significant interactions found for Ethnicity 3 at DAUID 35201331
2025-04-30 00:22:36,989 - ethnicity_interaction_visualization - INFO - No significant interactions found for Ethnicity 4 at DAUID 35201331
2025-04-30 00:22:36,989 - ethnicity_interaction_visualization - INFO - No significant interactions found for Ethnicity 0 at DAUID 35204423
2025-04-30 00:22:36,989 - ethnicity_interaction_visualization - INFO - No significant interactions found for Ethnicity 1 at DAUID 35204423
2025-04-30 00:22:36,989 - ethnicity_interaction_visualization - INFO - No significant interactions found for Ethnicity 2 at DAUID 35204423
2025-04-30 00:22:36,989 - ethnicity_interaction_visualization - INFO - No significant interactions found for Ethnicity 3 at DAUID 35204423
2025-04-30 00:22:36,989 - ethnicity_interaction_visualization - INFO - No significant interactions found for Ethnicity 4 at DAUID 35204423
2025-04-30 00:22:36,989 - ethnicity_interaction_visualization - INFO - No significant interactions found for Ethnicity 0 at DAUID 35203579
2025-04-30 00:22:36,989 - ethnicity_interaction_visualization - INFO - No significant interactions found for Ethnicity 1 at DAUID 35203579
2025-04-30 00:22:36,989 - ethnicity_interaction_visualization - INFO - No significant interactions found for Ethnicity 2 at DAUID 35203579
2025-04-30 00:22:36,989 - ethnicity_interaction_visualization - INFO - No significant interactions found for Ethnicity 3 at DAUID 35203579
2025-04-30 00:22:36,990 - ethnicity_interaction_visualization - INFO - No significant interactions found for Ethnicity 4 at DAUID 35203579
2025-04-30 00:22:36,990 - ethnicity_interaction_visualization - INFO - No significant interactions found for Ethnicity 0 at DAUID 35201939
2025-04-30 00:22:36,990 - ethnicity_interaction_visualization - INFO - No significant interactions found for Ethnicity 1 at DAUID 35201939
2025-04-30 00:22:36,990 - ethnicity_interaction_visualization - INFO - No significant interactions found for Ethnicity 2 at DAUID 35201939
2025-04-30 00:22:36,990 - ethnicity_interaction_visualization - INFO - No significant interactions found for Ethnicity 3 at DAUID 35201939
2025-04-30 00:22:36,990 - ethnicity_interaction_visualization - INFO - No significant interactions found for Ethnicity 4 at DAUID 35201939
2025-04-30 00:22:36,990 - ethnicity_interaction_visualization - INFO - No significant interactions found for Ethnicity 0 at DAUID 35204825
2025-04-30 00:22:36,990 - ethnicity_interaction_visualization - INFO - No significant interactions found for Ethnicity 1 at DAUID 35204825
2025-04-30 00:22:36,990 - ethnicity_interaction_visualization - INFO - No significant interactions found for Ethnicity 2 at DAUID 35204825
2025-04-30 00:22:36,990 - ethnicity_interaction_visualization - INFO - No significant interactions found for Ethnicity 3 at DAUID 35204825
2025-04-30 00:22:36,990 - ethnicity_interaction_visualization - INFO - No significant interactions found for Ethnicity 4 at DAUID 35204825
2025-04-30 00:22:36,991 - ethnicity_interaction_visualization - INFO - No significant interactions found for Ethnicity 0 at DAUID 35203576
2025-04-30 00:22:36,991 - ethnicity_interaction_visualization - INFO - No significant interactions found for Ethnicity 1 at DAUID 35203576
2025-04-30 00:22:36,991 - ethnicity_interaction_visualization - INFO - No significant interactions found for Ethnicity 2 at DAUID 35203576
2025-04-30 00:22:36,991 - ethnicity_interaction_visualization - INFO - No significant interactions found for Ethnicity 3 at DAUID 35203576
2025-04-30 00:22:36,991 - ethnicity_interaction_visualization - INFO - No significant interactions found for Ethnicity 4 at DAUID 35203576
2025-04-30 00:22:36,991 - ethnicity_interaction_visualization - INFO - No significant interactions found for Ethnicity 0 at DAUID 35201011
2025-04-30 00:22:36,991 - ethnicity_interaction_visualization - INFO - No significant interactions found for Ethnicity 1 at DAUID 35201011
2025-04-30 00:22:36,991 - ethnicity_interaction_visualization - INFO - No significant interactions found for Ethnicity 2 at DAUID 35201011
2025-04-30 00:22:36,991 - ethnicity_interaction_visualization - INFO - No significant interactions found for Ethnicity 3 at DAUID 35201011
2025-04-30 00:22:36,991 - ethnicity_interaction_visualization - INFO - No significant interactions found for Ethnicity 4 at DAUID 35201011
2025-04-30 00:22:36,991 - ethnicity_interaction_visualization - INFO - No significant interactions found for Ethnicity 0 at DAUID 35205002
2025-04-30 00:22:36,991 - ethnicity_interaction_visualization - INFO - No significant interactions found for Ethnicity 1 at DAUID 35205002
2025-04-30 00:22:36,991 - ethnicity_interaction_visualization - INFO - No significant interactions found for Ethnicity 2 at DAUID 35205002
2025-04-30 00:22:36,992 - ethnicity_interaction_visualization - INFO - No significant interactions found for Ethnicity 3 at DAUID 35205002
2025-04-30 00:22:36,992 - ethnicity_interaction_visualization - INFO - No significant interactions found for Ethnicity 4 at DAUID 35205002
2025-04-30 00:22:36,992 - ethnicity_interaction_visualization - INFO - No significant interactions found for Ethnicity 0 at DAUID 35204576
2025-04-30 00:22:36,992 - ethnicity_interaction_visualization - INFO - No significant interactions found for Ethnicity 1 at DAUID 35204576
2025-04-30 00:22:36,992 - ethnicity_interaction_visualization - INFO - No significant interactions found for Ethnicity 2 at DAUID 35204576
2025-04-30 00:22:36,992 - ethnicity_interaction_visualization - INFO - No significant interactions found for Ethnicity 3 at DAUID 35204576
2025-04-30 00:22:36,992 - ethnicity_interaction_visualization - INFO - No significant interactions found for Ethnicity 4 at DAUID 35204576
2025-04-30 00:22:36,992 - ethnicity_interaction_visualization - INFO - No significant interactions found for Ethnicity 0 at DAUID 35204497
2025-04-30 00:22:36,992 - ethnicity_interaction_visualization - INFO - No significant interactions found for Ethnicity 1 at DAUID 35204497
2025-04-30 00:22:36,992 - ethnicity_interaction_visualization - INFO - No significant interactions found for Ethnicity 2 at DAUID 35204497
2025-04-30 00:22:36,992 - ethnicity_interaction_visualization - INFO - No significant interactions found for Ethnicity 3 at DAUID 35204497
2025-04-30 00:22:36,992 - ethnicity_interaction_visualization - INFO - No significant interactions found for Ethnicity 4 at DAUID 35204497
2025-04-30 00:22:36,993 - ethnicity_interaction_visualization - INFO - No significant interactions found for Ethnicity 0 at DAUID 35203170
2025-04-30 00:22:36,993 - ethnicity_interaction_visualization - INFO - No significant interactions found for Ethnicity 1 at DAUID 35203170
2025-04-30 00:22:36,993 - ethnicity_interaction_visualization - INFO - No significant interactions found for Ethnicity 2 at DAUID 35203170
2025-04-30 00:22:36,993 - ethnicity_interaction_visualization - INFO - No significant interactions found for Ethnicity 3 at DAUID 35203170
2025-04-30 00:22:36,993 - ethnicity_interaction_visualization - INFO - No significant interactions found for Ethnicity 4 at DAUID 35203170
2025-04-30 00:22:36,993 - ethnicity_interaction_visualization - INFO - No significant interactions found for Ethnicity 0 at DAUID 35204776
2025-04-30 00:22:36,993 - ethnicity_interaction_visualization - INFO - No significant interactions found for Ethnicity 1 at DAUID 35204776
2025-04-30 00:22:36,993 - ethnicity_interaction_visualization - INFO - No significant interactions found for Ethnicity 2 at DAUID 35204776
2025-04-30 00:22:36,993 - ethnicity_interaction_visualization - INFO - No significant interactions found for Ethnicity 3 at DAUID 35204776
2025-04-30 00:22:36,993 - ethnicity_interaction_visualization - INFO - No significant interactions found for Ethnicity 4 at DAUID 35204776
2025-04-30 00:22:36,993 - ethnicity_interaction_visualization - INFO - No significant interactions found for Ethnicity 0 at DAUID 35201832
2025-04-30 00:22:36,993 - ethnicity_interaction_visualization - INFO - No significant interactions found for Ethnicity 1 at DAUID 35201832
2025-04-30 00:22:36,993 - ethnicity_interaction_visualization - INFO - No significant interactions found for Ethnicity 2 at DAUID 35201832
2025-04-30 00:22:36,994 - ethnicity_interaction_visualization - INFO - No significant interactions found for Ethnicity 3 at DAUID 35201832
2025-04-30 00:22:36,994 - ethnicity_interaction_visualization - INFO - No significant interactions found for Ethnicity 4 at DAUID 35201832
2025-04-30 00:22:36,994 - ethnicity_interaction_visualization - INFO - No significant interactions found for Ethnicity 0 at DAUID 35204214
2025-04-30 00:22:36,994 - ethnicity_interaction_visualization - INFO - No significant interactions found for Ethnicity 1 at DAUID 35204214
2025-04-30 00:22:36,994 - ethnicity_interaction_visualization - INFO - No significant interactions found for Ethnicity 2 at DAUID 35204214
2025-04-30 00:22:36,994 - ethnicity_interaction_visualization - INFO - No significant interactions found for Ethnicity 3 at DAUID 35204214
2025-04-30 00:22:36,994 - ethnicity_interaction_visualization - INFO - No significant interactions found for Ethnicity 4 at DAUID 35204214
2025-04-30 00:22:36,994 - ethnicity_interaction_visualization - INFO - No significant interactions found for Ethnicity 0 at DAUID 35202481
2025-04-30 00:22:36,994 - ethnicity_interaction_visualization - INFO - No significant interactions found for Ethnicity 1 at DAUID 35202481
2025-04-30 00:22:36,994 - ethnicity_interaction_visualization - INFO - No significant interactions found for Ethnicity 2 at DAUID 35202481
2025-04-30 00:22:36,994 - ethnicity_interaction_visualization - INFO - No significant interactions found for Ethnicity 3 at DAUID 35202481
2025-04-30 00:22:36,994 - ethnicity_interaction_visualization - INFO - No significant interactions found for Ethnicity 4 at DAUID 35202481
2025-04-30 00:22:36,994 - ethnicity_interaction_visualization - INFO - No significant interactions found for Ethnicity 0 at DAUID 35203342
2025-04-30 00:22:36,995 - ethnicity_interaction_visualization - INFO - No significant interactions found for Ethnicity 1 at DAUID 35203342
2025-04-30 00:22:36,995 - ethnicity_interaction_visualization - INFO - No significant interactions found for Ethnicity 2 at DAUID 35203342
2025-04-30 00:22:36,995 - ethnicity_interaction_visualization - INFO - No significant interactions found for Ethnicity 3 at DAUID 35203342
2025-04-30 00:22:36,995 - ethnicity_interaction_visualization - INFO - No significant interactions found for Ethnicity 4 at DAUID 35203342
2025-04-30 00:22:36,995 - ethnicity_interaction_visualization - INFO - No significant interactions found for Ethnicity 0 at DAUID 35201913
2025-04-30 00:22:36,995 - ethnicity_interaction_visualization - INFO - No significant interactions found for Ethnicity 1 at DAUID 35201913
2025-04-30 00:22:36,995 - ethnicity_interaction_visualization - INFO - No significant interactions found for Ethnicity 2 at DAUID 35201913
2025-04-30 00:22:36,995 - ethnicity_interaction_visualization - INFO - No significant interactions found for Ethnicity 3 at DAUID 35201913
2025-04-30 00:22:36,995 - ethnicity_interaction_visualization - INFO - No significant interactions found for Ethnicity 4 at DAUID 35201913
2025-04-30 00:22:36,995 - ethnicity_interaction_visualization - INFO - No significant interactions found for Ethnicity 0 at DAUID 35203418
2025-04-30 00:22:36,995 - ethnicity_interaction_visualization - INFO - No significant interactions found for Ethnicity 1 at DAUID 35203418
2025-04-30 00:22:36,995 - ethnicity_interaction_visualization - INFO - No significant interactions found for Ethnicity 2 at DAUID 35203418
2025-04-30 00:22:36,995 - ethnicity_interaction_visualization - INFO - No significant interactions found for Ethnicity 3 at DAUID 35203418
2025-04-30 00:22:36,995 - ethnicity_interaction_visualization - INFO - No significant interactions found for Ethnicity 4 at DAUID 35203418
2025-04-30 00:22:36,995 - ethnicity_interaction_visualization - INFO - No significant interactions found for Ethnicity 0 at DAUID 35200897
2025-04-30 00:22:36,995 - ethnicity_interaction_visualization - INFO - No significant interactions found for Ethnicity 1 at DAUID 35200897
2025-04-30 00:22:36,995 - ethnicity_interaction_visualization - INFO - No significant interactions found for Ethnicity 2 at DAUID 35200897
2025-04-30 00:22:36,996 - ethnicity_interaction_visualization - INFO - No significant interactions found for Ethnicity 3 at DAUID 35200897
2025-04-30 00:22:36,996 - ethnicity_interaction_visualization - INFO - No significant interactions found for Ethnicity 4 at DAUID 35200897
2025-04-30 00:22:36,996 - ethnicity_interaction_visualization - INFO - No significant interactions found for Ethnicity 0 at DAUID 35200036
2025-04-30 00:22:36,996 - ethnicity_interaction_visualization - INFO - No significant interactions found for Ethnicity 1 at DAUID 35200036
2025-04-30 00:22:36,996 - ethnicity_interaction_visualization - INFO - No significant interactions found for Ethnicity 2 at DAUID 35200036
2025-04-30 00:22:36,996 - ethnicity_interaction_visualization - INFO - No significant interactions found for Ethnicity 3 at DAUID 35200036
2025-04-30 00:22:36,996 - ethnicity_interaction_visualization - INFO - No significant interactions found for Ethnicity 4 at DAUID 35200036
2025-04-30 00:22:36,996 - ethnicity_interaction_visualization - INFO - No significant interactions found for Ethnicity 0 at DAUID 35204987
2025-04-30 00:22:36,996 - ethnicity_interaction_visualization - INFO - No significant interactions found for Ethnicity 1 at DAUID 35204987
2025-04-30 00:22:36,996 - ethnicity_interaction_visualization - INFO - No significant interactions found for Ethnicity 2 at DAUID 35204987
2025-04-30 00:22:36,996 - ethnicity_interaction_visualization - INFO - No significant interactions found for Ethnicity 3 at DAUID 35204987
2025-04-30 00:22:36,996 - ethnicity_interaction_visualization - INFO - No significant interactions found for Ethnicity 4 at DAUID 35204987
2025-04-30 00:22:36,996 - ethnicity_interaction_visualization - INFO - No significant interactions found for Ethnicity 0 at DAUID 35202418
2025-04-30 00:22:36,996 - ethnicity_interaction_visualization - INFO - No significant interactions found for Ethnicity 1 at DAUID 35202418
2025-04-30 00:22:36,997 - ethnicity_interaction_visualization - INFO - No significant interactions found for Ethnicity 2 at DAUID 35202418
2025-04-30 00:22:36,997 - ethnicity_interaction_visualization - INFO - No significant interactions found for Ethnicity 3 at DAUID 35202418
2025-04-30 00:22:36,997 - ethnicity_interaction_visualization - INFO - No significant interactions found for Ethnicity 4 at DAUID 35202418
2025-04-30 00:22:36,997 - ethnicity_interaction_visualization - INFO - No significant interactions found for Ethnicity 0 at DAUID 35203683
2025-04-30 00:22:36,997 - ethnicity_interaction_visualization - INFO - No significant interactions found for Ethnicity 1 at DAUID 35203683
2025-04-30 00:22:36,997 - ethnicity_interaction_visualization - INFO - No significant interactions found for Ethnicity 2 at DAUID 35203683
2025-04-30 00:22:36,997 - ethnicity_interaction_visualization - INFO - No significant interactions found for Ethnicity 3 at DAUID 35203683
2025-04-30 00:22:36,997 - ethnicity_interaction_visualization - INFO - No significant interactions found for Ethnicity 4 at DAUID 35203683
2025-04-30 00:22:36,997 - ethnicity_interaction_visualization - INFO - No significant interactions found for Ethnicity 0 at DAUID 35203911
2025-04-30 00:22:36,997 - ethnicity_interaction_visualization - INFO - No significant interactions found for Ethnicity 1 at DAUID 35203911
2025-04-30 00:22:36,997 - ethnicity_interaction_visualization - INFO - No significant interactions found for Ethnicity 2 at DAUID 35203911
2025-04-30 00:22:36,997 - ethnicity_interaction_visualization - INFO - No significant interactions found for Ethnicity 3 at DAUID 35203911
2025-04-30 00:22:36,997 - ethnicity_interaction_visualization - INFO - No significant interactions found for Ethnicity 4 at DAUID 35203911
2025-04-30 00:22:36,997 - ethnicity_interaction_visualization - INFO - No significant interactions found for Ethnicity 0 at DAUID 35204312
2025-04-30 00:22:36,997 - ethnicity_interaction_visualization - INFO - No significant interactions found for Ethnicity 1 at DAUID 35204312
2025-04-30 00:22:36,997 - ethnicity_interaction_visualization - INFO - No significant interactions found for Ethnicity 2 at DAUID 35204312
2025-04-30 00:22:36,997 - ethnicity_interaction_visualization - INFO - No significant interactions found for Ethnicity 3 at DAUID 35204312
2025-04-30 00:22:36,997 - ethnicity_interaction_visualization - INFO - No significant interactions found for Ethnicity 4 at DAUID 35204312
2025-04-30 00:22:36,998 - ethnicity_interaction_visualization - INFO - No significant interactions found for Ethnicity 0 at DAUID 35201592
2025-04-30 00:22:36,998 - ethnicity_interaction_visualization - INFO - No significant interactions found for Ethnicity 1 at DAUID 35201592
2025-04-30 00:22:36,998 - ethnicity_interaction_visualization - INFO - No significant interactions found for Ethnicity 2 at DAUID 35201592
2025-04-30 00:22:36,998 - ethnicity_interaction_visualization - INFO - No significant interactions found for Ethnicity 3 at DAUID 35201592
2025-04-30 00:22:36,998 - ethnicity_interaction_visualization - INFO - No significant interactions found for Ethnicity 4 at DAUID 35201592
2025-04-30 00:22:36,998 - ethnicity_interaction_visualization - INFO - No significant interactions found for Ethnicity 0 at DAUID 35202345
2025-04-30 00:22:36,998 - ethnicity_interaction_visualization - INFO - No significant interactions found for Ethnicity 1 at DAUID 35202345
2025-04-30 00:22:36,998 - ethnicity_interaction_visualization - INFO - No significant interactions found for Ethnicity 2 at DAUID 35202345
2025-04-30 00:22:36,998 - ethnicity_interaction_visualization - INFO - No significant interactions found for Ethnicity 3 at DAUID 35202345
2025-04-30 00:22:36,998 - ethnicity_interaction_visualization - INFO - No significant interactions found for Ethnicity 4 at DAUID 35202345
2025-04-30 00:22:36,998 - ethnicity_interaction_visualization - INFO - No significant interactions found for Ethnicity 0 at DAUID 35203058
2025-04-30 00:22:36,998 - ethnicity_interaction_visualization - INFO - No significant interactions found for Ethnicity 1 at DAUID 35203058
2025-04-30 00:22:36,999 - ethnicity_interaction_visualization - INFO - No significant interactions found for Ethnicity 2 at DAUID 35203058
2025-04-30 00:22:36,999 - ethnicity_interaction_visualization - INFO - No significant interactions found for Ethnicity 3 at DAUID 35203058
2025-04-30 00:22:36,999 - ethnicity_interaction_visualization - INFO - No significant interactions found for Ethnicity 4 at DAUID 35203058
2025-04-30 00:22:36,999 - ethnicity_interaction_visualization - INFO - No significant interactions found for Ethnicity 0 at DAUID 35203218
2025-04-30 00:22:36,999 - ethnicity_interaction_visualization - INFO - No significant interactions found for Ethnicity 1 at DAUID 35203218
2025-04-30 00:22:36,999 - ethnicity_interaction_visualization - INFO - No significant interactions found for Ethnicity 2 at DAUID 35203218
2025-04-30 00:22:36,999 - ethnicity_interaction_visualization - INFO - No significant interactions found for Ethnicity 3 at DAUID 35203218
2025-04-30 00:22:36,999 - ethnicity_interaction_visualization - INFO - No significant interactions found for Ethnicity 4 at DAUID 35203218
2025-04-30 00:22:36,999 - ethnicity_interaction_visualization - INFO - No significant interactions found for Ethnicity 0 at DAUID 35204205
2025-04-30 00:22:36,999 - ethnicity_interaction_visualization - INFO - No significant interactions found for Ethnicity 1 at DAUID 35204205
2025-04-30 00:22:36,999 - ethnicity_interaction_visualization - INFO - No significant interactions found for Ethnicity 2 at DAUID 35204205
2025-04-30 00:22:36,999 - ethnicity_interaction_visualization - INFO - No significant interactions found for Ethnicity 3 at DAUID 35204205
2025-04-30 00:22:36,999 - ethnicity_interaction_visualization - INFO - No significant interactions found for Ethnicity 4 at DAUID 35204205
2025-04-30 00:22:36,999 - ethnicity_interaction_visualization - INFO - No significant interactions found for Ethnicity 0 at DAUID 35204181
2025-04-30 00:22:36,999 - ethnicity_interaction_visualization - INFO - No significant interactions found for Ethnicity 1 at DAUID 35204181
2025-04-30 00:22:36,999 - ethnicity_interaction_visualization - INFO - No significant interactions found for Ethnicity 2 at DAUID 35204181
2025-04-30 00:22:37,000 - ethnicity_interaction_visualization - INFO - No significant interactions found for Ethnicity 3 at DAUID 35204181
2025-04-30 00:22:37,000 - ethnicity_interaction_visualization - INFO - No significant interactions found for Ethnicity 4 at DAUID 35204181
2025-04-30 00:22:37,000 - ethnicity_interaction_visualization - INFO - No significant interactions found for Ethnicity 0 at DAUID 35204513
2025-04-30 00:22:37,000 - ethnicity_interaction_visualization - INFO - No significant interactions found for Ethnicity 1 at DAUID 35204513
2025-04-30 00:22:37,000 - ethnicity_interaction_visualization - INFO - No significant interactions found for Ethnicity 2 at DAUID 35204513
2025-04-30 00:22:37,000 - ethnicity_interaction_visualization - INFO - No significant interactions found for Ethnicity 3 at DAUID 35204513
2025-04-30 00:22:37,000 - ethnicity_interaction_visualization - INFO - No significant interactions found for Ethnicity 4 at DAUID 35204513
2025-04-30 00:22:37,000 - ethnicity_interaction_visualization - INFO - No significant interactions found for Ethnicity 0 at DAUID 35201732
2025-04-30 00:22:37,000 - ethnicity_interaction_visualization - INFO - No significant interactions found for Ethnicity 1 at DAUID 35201732
2025-04-30 00:22:37,000 - ethnicity_interaction_visualization - INFO - No significant interactions found for Ethnicity 2 at DAUID 35201732
2025-04-30 00:22:37,000 - ethnicity_interaction_visualization - INFO - No significant interactions found for Ethnicity 3 at DAUID 35201732
2025-04-30 00:22:37,000 - ethnicity_interaction_visualization - INFO - No significant interactions found for Ethnicity 4 at DAUID 35201732
2025-04-30 00:22:37,000 - ethnicity_interaction_visualization - INFO - No significant interactions found for Ethnicity 0 at DAUID 35200047
2025-04-30 00:22:37,000 - ethnicity_interaction_visualization - INFO - No significant interactions found for Ethnicity 1 at DAUID 35200047
2025-04-30 00:22:37,000 - ethnicity_interaction_visualization - INFO - No significant interactions found for Ethnicity 2 at DAUID 35200047
2025-04-30 00:22:37,000 - ethnicity_interaction_visualization - INFO - No significant interactions found for Ethnicity 3 at DAUID 35200047
2025-04-30 00:22:37,001 - ethnicity_interaction_visualization - INFO - No significant interactions found for Ethnicity 4 at DAUID 35200047
2025-04-30 00:22:37,001 - ethnicity_interaction_visualization - INFO - No significant interactions found for Ethnicity 0 at DAUID 35204565
2025-04-30 00:22:37,001 - ethnicity_interaction_visualization - INFO - No significant interactions found for Ethnicity 1 at DAUID 35204565
2025-04-30 00:22:37,001 - ethnicity_interaction_visualization - INFO - No significant interactions found for Ethnicity 2 at DAUID 35204565
2025-04-30 00:22:37,001 - ethnicity_interaction_visualization - INFO - No significant interactions found for Ethnicity 3 at DAUID 35204565
2025-04-30 00:22:37,001 - ethnicity_interaction_visualization - INFO - No significant interactions found for Ethnicity 4 at DAUID 35204565
2025-04-30 00:22:37,001 - ethnicity_interaction_visualization - INFO - No significant interactions found for Ethnicity 0 at DAUID 35202486
2025-04-30 00:22:37,001 - ethnicity_interaction_visualization - INFO - No significant interactions found for Ethnicity 1 at DAUID 35202486
2025-04-30 00:22:37,001 - ethnicity_interaction_visualization - INFO - No significant interactions found for Ethnicity 2 at DAUID 35202486
2025-04-30 00:22:37,001 - ethnicity_interaction_visualization - INFO - No significant interactions found for Ethnicity 3 at DAUID 35202486
2025-04-30 00:22:37,002 - ethnicity_interaction_visualization - INFO - No significant interactions found for Ethnicity 4 at DAUID 35202486
2025-04-30 00:22:37,002 - ethnicity_interaction_visualization - INFO - No significant interactions found for Ethnicity 0 at DAUID 35201604
2025-04-30 00:22:37,002 - ethnicity_interaction_visualization - INFO - No significant interactions found for Ethnicity 1 at DAUID 35201604
2025-04-30 00:22:37,002 - ethnicity_interaction_visualization - INFO - No significant interactions found for Ethnicity 2 at DAUID 35201604
2025-04-30 00:22:37,002 - ethnicity_interaction_visualization - INFO - No significant interactions found for Ethnicity 3 at DAUID 35201604
2025-04-30 00:22:37,002 - ethnicity_interaction_visualization - INFO - No significant interactions found for Ethnicity 4 at DAUID 35201604
2025-04-30 00:22:37,002 - ethnicity_interaction_visualization - INFO - No significant interactions found for Ethnicity 0 at DAUID 35202392
2025-04-30 00:22:37,002 - ethnicity_interaction_visualization - INFO - No significant interactions found for Ethnicity 1 at DAUID 35202392
2025-04-30 00:22:37,002 - ethnicity_interaction_visualization - INFO - No significant interactions found for Ethnicity 2 at DAUID 35202392
2025-04-30 00:22:37,002 - ethnicity_interaction_visualization - INFO - No significant interactions found for Ethnicity 3 at DAUID 35202392
2025-04-30 00:22:37,002 - ethnicity_interaction_visualization - INFO - No significant interactions found for Ethnicity 4 at DAUID 35202392
2025-04-30 00:22:37,002 - ethnicity_interaction_visualization - INFO - No significant interactions found for Ethnicity 0 at DAUID 35200563
2025-04-30 00:22:37,002 - ethnicity_interaction_visualization - INFO - No significant interactions found for Ethnicity 1 at DAUID 35200563
2025-04-30 00:22:37,003 - ethnicity_interaction_visualization - INFO - No significant interactions found for Ethnicity 2 at DAUID 35200563
2025-04-30 00:22:37,003 - ethnicity_interaction_visualization - INFO - No significant interactions found for Ethnicity 3 at DAUID 35200563
2025-04-30 00:22:37,003 - ethnicity_interaction_visualization - INFO - No significant interactions found for Ethnicity 4 at DAUID 35200563
2025-04-30 00:22:37,003 - ethnicity_interaction_visualization - INFO - No significant interactions found for Ethnicity 0 at DAUID 35202299
2025-04-30 00:22:37,003 - ethnicity_interaction_visualization - INFO - No significant interactions found for Ethnicity 1 at DAUID 35202299
2025-04-30 00:22:37,003 - ethnicity_interaction_visualization - INFO - No significant interactions found for Ethnicity 2 at DAUID 35202299
2025-04-30 00:22:37,003 - ethnicity_interaction_visualization - INFO - No significant interactions found for Ethnicity 3 at DAUID 35202299
2025-04-30 00:22:37,003 - ethnicity_interaction_visualization - INFO - No significant interactions found for Ethnicity 4 at DAUID 35202299
2025-04-30 00:22:37,003 - ethnicity_interaction_visualization - INFO - No significant interactions found for Ethnicity 0 at DAUID 35203389
2025-04-30 00:22:37,003 - ethnicity_interaction_visualization - INFO - No significant interactions found for Ethnicity 1 at DAUID 35203389
2025-04-30 00:22:37,003 - ethnicity_interaction_visualization - INFO - No significant interactions found for Ethnicity 2 at DAUID 35203389
2025-04-30 00:22:37,003 - ethnicity_interaction_visualization - INFO - No significant interactions found for Ethnicity 3 at DAUID 35203389
2025-04-30 00:22:37,003 - ethnicity_interaction_visualization - INFO - No significant interactions found for Ethnicity 4 at DAUID 35203389
2025-04-30 00:22:37,003 - ethnicity_interaction_visualization - INFO - No significant interactions found for Ethnicity 0 at DAUID 35203285
2025-04-30 00:22:37,003 - ethnicity_interaction_visualization - INFO - No significant interactions found for Ethnicity 1 at DAUID 35203285
2025-04-30 00:22:37,003 - ethnicity_interaction_visualization - INFO - No significant interactions found for Ethnicity 2 at DAUID 35203285
2025-04-30 00:22:37,004 - ethnicity_interaction_visualization - INFO - No significant interactions found for Ethnicity 3 at DAUID 35203285
2025-04-30 00:22:37,004 - ethnicity_interaction_visualization - INFO - No significant interactions found for Ethnicity 4 at DAUID 35203285
2025-04-30 00:22:37,004 - ethnicity_interaction_visualization - INFO - No significant interactions found for Ethnicity 0 at DAUID 35204361
2025-04-30 00:22:37,004 - ethnicity_interaction_visualization - INFO - No significant interactions found for Ethnicity 1 at DAUID 35204361
2025-04-30 00:22:37,004 - ethnicity_interaction_visualization - INFO - No significant interactions found for Ethnicity 2 at DAUID 35204361
2025-04-30 00:22:37,004 - ethnicity_interaction_visualization - INFO - No significant interactions found for Ethnicity 3 at DAUID 35204361
2025-04-30 00:22:37,004 - ethnicity_interaction_visualization - INFO - No significant interactions found for Ethnicity 4 at DAUID 35204361
2025-04-30 00:22:37,004 - ethnicity_interaction_visualization - INFO - No significant interactions found for Ethnicity 0 at DAUID 35201279
2025-04-30 00:22:37,004 - ethnicity_interaction_visualization - INFO - No significant interactions found for Ethnicity 1 at DAUID 35201279
2025-04-30 00:22:37,004 - ethnicity_interaction_visualization - INFO - No significant interactions found for Ethnicity 2 at DAUID 35201279
2025-04-30 00:22:37,004 - ethnicity_interaction_visualization - INFO - No significant interactions found for Ethnicity 3 at DAUID 35201279
2025-04-30 00:22:37,004 - ethnicity_interaction_visualization - INFO - No significant interactions found for Ethnicity 4 at DAUID 35201279
2025-04-30 00:22:37,004 - ethnicity_interaction_visualization - INFO - No significant interactions found for Ethnicity 0 at DAUID 35201852
2025-04-30 00:22:37,004 - ethnicity_interaction_visualization - INFO - No significant interactions found for Ethnicity 1 at DAUID 35201852
2025-04-30 00:22:37,004 - ethnicity_interaction_visualization - INFO - No significant interactions found for Ethnicity 2 at DAUID 35201852
2025-04-30 00:22:37,004 - ethnicity_interaction_visualization - INFO - No significant interactions found for Ethnicity 3 at DAUID 35201852
2025-04-30 00:22:37,004 - ethnicity_interaction_visualization - INFO - No significant interactions found for Ethnicity 4 at DAUID 35201852
2025-04-30 00:22:37,004 - ethnicity_interaction_visualization - INFO - No significant interactions found for Ethnicity 0 at DAUID 35204863
2025-04-30 00:22:37,005 - ethnicity_interaction_visualization - INFO - No significant interactions found for Ethnicity 1 at DAUID 35204863
2025-04-30 00:22:37,005 - ethnicity_interaction_visualization - INFO - No significant interactions found for Ethnicity 2 at DAUID 35204863
2025-04-30 00:22:37,005 - ethnicity_interaction_visualization - INFO - No significant interactions found for Ethnicity 3 at DAUID 35204863
2025-04-30 00:22:37,005 - ethnicity_interaction_visualization - INFO - No significant interactions found for Ethnicity 4 at DAUID 35204863
2025-04-30 00:22:37,005 - ethnicity_interaction_visualization - INFO - No significant interactions found for Ethnicity 0 at DAUID 35203913
2025-04-30 00:22:37,005 - ethnicity_interaction_visualization - INFO - No significant interactions found for Ethnicity 1 at DAUID 35203913
2025-04-30 00:22:37,005 - ethnicity_interaction_visualization - INFO - No significant interactions found for Ethnicity 2 at DAUID 35203913
2025-04-30 00:22:37,005 - ethnicity_interaction_visualization - INFO - No significant interactions found for Ethnicity 3 at DAUID 35203913
2025-04-30 00:22:37,005 - ethnicity_interaction_visualization - INFO - No significant interactions found for Ethnicity 4 at DAUID 35203913
2025-04-30 00:22:37,005 - ethnicity_interaction_visualization - INFO - No significant interactions found for Ethnicity 0 at DAUID 35202954
2025-04-30 00:22:37,005 - ethnicity_interaction_visualization - INFO - No significant interactions found for Ethnicity 1 at DAUID 35202954
2025-04-30 00:22:37,005 - ethnicity_interaction_visualization - INFO - No significant interactions found for Ethnicity 2 at DAUID 35202954
2025-04-30 00:22:37,005 - ethnicity_interaction_visualization - INFO - No significant interactions found for Ethnicity 3 at DAUID 35202954
2025-04-30 00:22:37,005 - ethnicity_interaction_visualization - INFO - No significant interactions found for Ethnicity 4 at DAUID 35202954
2025-04-30 00:22:37,006 - ethnicity_interaction_visualization - INFO - No significant interactions found for Ethnicity 0 at DAUID 35202940
2025-04-30 00:22:37,006 - ethnicity_interaction_visualization - INFO - No significant interactions found for Ethnicity 1 at DAUID 35202940
2025-04-30 00:22:37,006 - ethnicity_interaction_visualization - INFO - No significant interactions found for Ethnicity 2 at DAUID 35202940
2025-04-30 00:22:37,006 - ethnicity_interaction_visualization - INFO - No significant interactions found for Ethnicity 3 at DAUID 35202940
2025-04-30 00:22:37,006 - ethnicity_interaction_visualization - INFO - No significant interactions found for Ethnicity 4 at DAUID 35202940
2025-04-30 00:22:37,006 - ethnicity_interaction_visualization - INFO - No significant interactions found for Ethnicity 0 at DAUID 35202930
2025-04-30 00:22:37,006 - ethnicity_interaction_visualization - INFO - No significant interactions found for Ethnicity 1 at DAUID 35202930
2025-04-30 00:22:37,006 - ethnicity_interaction_visualization - INFO - No significant interactions found for Ethnicity 2 at DAUID 35202930
2025-04-30 00:22:37,006 - ethnicity_interaction_visualization - INFO - No significant interactions found for Ethnicity 3 at DAUID 35202930
2025-04-30 00:22:37,006 - ethnicity_interaction_visualization - INFO - No significant interactions found for Ethnicity 4 at DAUID 35202930
2025-04-30 00:22:37,006 - ethnicity_interaction_visualization - INFO - No significant interactions found for Ethnicity 0 at DAUID 35202886
2025-04-30 00:22:37,007 - ethnicity_interaction_visualization - INFO - No significant interactions found for Ethnicity 1 at DAUID 35202886
2025-04-30 00:22:37,007 - ethnicity_interaction_visualization - INFO - No significant interactions found for Ethnicity 2 at DAUID 35202886
2025-04-30 00:22:37,007 - ethnicity_interaction_visualization - INFO - No significant interactions found for Ethnicity 3 at DAUID 35202886
2025-04-30 00:22:37,007 - ethnicity_interaction_visualization - INFO - No significant interactions found for Ethnicity 4 at DAUID 35202886
2025-04-30 00:22:37,007 - ethnicity_interaction_visualization - INFO - No significant interactions found for Ethnicity 0 at DAUID 35200488
2025-04-30 00:22:37,007 - ethnicity_interaction_visualization - INFO - No significant interactions found for Ethnicity 1 at DAUID 35200488
2025-04-30 00:22:37,007 - ethnicity_interaction_visualization - INFO - No significant interactions found for Ethnicity 2 at DAUID 35200488
2025-04-30 00:22:37,007 - ethnicity_interaction_visualization - INFO - No significant interactions found for Ethnicity 3 at DAUID 35200488
2025-04-30 00:22:37,007 - ethnicity_interaction_visualization - INFO - No significant interactions found for Ethnicity 4 at DAUID 35200488
2025-04-30 00:22:37,008 - ethnicity_interaction_visualization - INFO - No significant interactions found for Ethnicity 0 at DAUID 35202618
2025-04-30 00:22:37,008 - ethnicity_interaction_visualization - INFO - No significant interactions found for Ethnicity 1 at DAUID 35202618
2025-04-30 00:22:37,008 - ethnicity_interaction_visualization - INFO - No significant interactions found for Ethnicity 2 at DAUID 35202618
2025-04-30 00:22:37,008 - ethnicity_interaction_visualization - INFO - No significant interactions found for Ethnicity 3 at DAUID 35202618
2025-04-30 00:22:37,008 - ethnicity_interaction_visualization - INFO - No significant interactions found for Ethnicity 4 at DAUID 35202618
2025-04-30 00:22:37,008 - ethnicity_interaction_visualization - INFO - No significant interactions found for Ethnicity 0 at DAUID 35204952
2025-04-30 00:22:37,008 - ethnicity_interaction_visualization - INFO - No significant interactions found for Ethnicity 1 at DAUID 35204952
2025-04-30 00:22:37,008 - ethnicity_interaction_visualization - INFO - No significant interactions found for Ethnicity 2 at DAUID 35204952
2025-04-30 00:22:37,008 - ethnicity_interaction_visualization - INFO - No significant interactions found for Ethnicity 3 at DAUID 35204952
2025-04-30 00:22:37,008 - ethnicity_interaction_visualization - INFO - No significant interactions found for Ethnicity 4 at DAUID 35204952
2025-04-30 00:22:37,008 - ethnicity_interaction_visualization - INFO - No significant interactions found for Ethnicity 0 at DAUID 35201405
2025-04-30 00:22:37,008 - ethnicity_interaction_visualization - INFO - No significant interactions found for Ethnicity 1 at DAUID 35201405
2025-04-30 00:22:37,008 - ethnicity_interaction_visualization - INFO - No significant interactions found for Ethnicity 2 at DAUID 35201405
2025-04-30 00:22:37,008 - ethnicity_interaction_visualization - INFO - No significant interactions found for Ethnicity 3 at DAUID 35201405
2025-04-30 00:22:37,008 - ethnicity_interaction_visualization - INFO - No significant interactions found for Ethnicity 4 at DAUID 35201405
2025-04-30 00:22:37,008 - ethnicity_interaction_visualization - INFO - No significant interactions found for Ethnicity 0 at DAUID 35200414
2025-04-30 00:22:37,008 - ethnicity_interaction_visualization - INFO - No significant interactions found for Ethnicity 1 at DAUID 35200414
2025-04-30 00:22:37,009 - ethnicity_interaction_visualization - INFO - No significant interactions found for Ethnicity 2 at DAUID 35200414
2025-04-30 00:22:37,009 - ethnicity_interaction_visualization - INFO - No significant interactions found for Ethnicity 3 at DAUID 35200414
2025-04-30 00:22:37,009 - ethnicity_interaction_visualization - INFO - No significant interactions found for Ethnicity 4 at DAUID 35200414
2025-04-30 00:22:37,009 - ethnicity_interaction_visualization - INFO - No significant interactions found for Ethnicity 0 at DAUID 35203889
2025-04-30 00:22:37,009 - ethnicity_interaction_visualization - INFO - No significant interactions found for Ethnicity 1 at DAUID 35203889
2025-04-30 00:22:37,009 - ethnicity_interaction_visualization - INFO - No significant interactions found for Ethnicity 2 at DAUID 35203889
2025-04-30 00:22:37,009 - ethnicity_interaction_visualization - INFO - No significant interactions found for Ethnicity 3 at DAUID 35203889
2025-04-30 00:22:37,009 - ethnicity_interaction_visualization - INFO - No significant interactions found for Ethnicity 4 at DAUID 35203889
2025-04-30 00:22:37,009 - ethnicity_interaction_visualization - INFO - No significant interactions found for Ethnicity 0 at DAUID 35201674
2025-04-30 00:22:37,009 - ethnicity_interaction_visualization - INFO - No significant interactions found for Ethnicity 1 at DAUID 35201674
2025-04-30 00:22:37,009 - ethnicity_interaction_visualization - INFO - No significant interactions found for Ethnicity 2 at DAUID 35201674
2025-04-30 00:22:37,009 - ethnicity_interaction_visualization - INFO - No significant interactions found for Ethnicity 3 at DAUID 35201674
2025-04-30 00:22:37,010 - ethnicity_interaction_visualization - INFO - No significant interactions found for Ethnicity 4 at DAUID 35201674
2025-04-30 00:22:37,010 - ethnicity_interaction_visualization - INFO - No significant interactions found for Ethnicity 0 at DAUID 35204730
2025-04-30 00:22:37,010 - ethnicity_interaction_visualization - INFO - No significant interactions found for Ethnicity 1 at DAUID 35204730
2025-04-30 00:22:37,010 - ethnicity_interaction_visualization - INFO - No significant interactions found for Ethnicity 2 at DAUID 35204730
2025-04-30 00:22:37,010 - ethnicity_interaction_visualization - INFO - No significant interactions found for Ethnicity 3 at DAUID 35204730
2025-04-30 00:22:37,010 - ethnicity_interaction_visualization - INFO - No significant interactions found for Ethnicity 4 at DAUID 35204730
2025-04-30 00:22:37,010 - ethnicity_interaction_visualization - INFO - No significant interactions found for Ethnicity 0 at DAUID 35205029
2025-04-30 00:22:37,010 - ethnicity_interaction_visualization - INFO - No significant interactions found for Ethnicity 1 at DAUID 35205029
2025-04-30 00:22:37,010 - ethnicity_interaction_visualization - INFO - No significant interactions found for Ethnicity 2 at DAUID 35205029
2025-04-30 00:22:37,010 - ethnicity_interaction_visualization - INFO - No significant interactions found for Ethnicity 3 at DAUID 35205029
2025-04-30 00:22:37,010 - ethnicity_interaction_visualization - INFO - No significant interactions found for Ethnicity 4 at DAUID 35205029
2025-04-30 00:22:37,010 - ethnicity_interaction_visualization - INFO - No significant interactions found for Ethnicity 0 at DAUID 35200094
2025-04-30 00:22:37,011 - ethnicity_interaction_visualization - INFO - No significant interactions found for Ethnicity 1 at DAUID 35200094
2025-04-30 00:22:37,011 - ethnicity_interaction_visualization - INFO - No significant interactions found for Ethnicity 2 at DAUID 35200094
2025-04-30 00:22:37,011 - ethnicity_interaction_visualization - INFO - No significant interactions found for Ethnicity 3 at DAUID 35200094
2025-04-30 00:22:37,011 - ethnicity_interaction_visualization - INFO - No significant interactions found for Ethnicity 4 at DAUID 35200094
2025-04-30 00:22:37,011 - ethnicity_interaction_visualization - INFO - No significant interactions found for Ethnicity 0 at DAUID 35201826
2025-04-30 00:22:37,011 - ethnicity_interaction_visualization - INFO - No significant interactions found for Ethnicity 1 at DAUID 35201826
2025-04-30 00:22:37,011 - ethnicity_interaction_visualization - INFO - No significant interactions found for Ethnicity 2 at DAUID 35201826
2025-04-30 00:22:37,011 - ethnicity_interaction_visualization - INFO - No significant interactions found for Ethnicity 3 at DAUID 35201826
2025-04-30 00:22:37,011 - ethnicity_interaction_visualization - INFO - No significant interactions found for Ethnicity 4 at DAUID 35201826
2025-04-30 00:22:37,011 - ethnicity_interaction_visualization - INFO - No significant interactions found for Ethnicity 0 at DAUID 35202646
2025-04-30 00:22:37,011 - ethnicity_interaction_visualization - INFO - No significant interactions found for Ethnicity 1 at DAUID 35202646
2025-04-30 00:22:37,011 - ethnicity_interaction_visualization - INFO - No significant interactions found for Ethnicity 2 at DAUID 35202646
2025-04-30 00:22:37,011 - ethnicity_interaction_visualization - INFO - No significant interactions found for Ethnicity 3 at DAUID 35202646
2025-04-30 00:22:37,012 - ethnicity_interaction_visualization - INFO - No significant interactions found for Ethnicity 4 at DAUID 35202646
2025-04-30 00:22:37,012 - ethnicity_interaction_visualization - INFO - No significant interactions found for Ethnicity 0 at DAUID 35200731
2025-04-30 00:22:37,012 - ethnicity_interaction_visualization - INFO - No significant interactions found for Ethnicity 1 at DAUID 35200731
2025-04-30 00:22:37,012 - ethnicity_interaction_visualization - INFO - No significant interactions found for Ethnicity 2 at DAUID 35200731
2025-04-30 00:22:37,012 - ethnicity_interaction_visualization - INFO - No significant interactions found for Ethnicity 3 at DAUID 35200731
2025-04-30 00:22:37,012 - ethnicity_interaction_visualization - INFO - No significant interactions found for Ethnicity 4 at DAUID 35200731
2025-04-30 00:22:37,012 - ethnicity_interaction_visualization - INFO - No significant interactions found for Ethnicity 0 at DAUID 35203574
2025-04-30 00:22:37,012 - ethnicity_interaction_visualization - INFO - No significant interactions found for Ethnicity 1 at DAUID 35203574
2025-04-30 00:22:37,012 - ethnicity_interaction_visualization - INFO - No significant interactions found for Ethnicity 2 at DAUID 35203574
2025-04-30 00:22:37,012 - ethnicity_interaction_visualization - INFO - No significant interactions found for Ethnicity 3 at DAUID 35203574
2025-04-30 00:22:37,012 - ethnicity_interaction_visualization - INFO - No significant interactions found for Ethnicity 4 at DAUID 35203574
2025-04-30 00:22:37,012 - ethnicity_interaction_visualization - INFO - No significant interactions found for Ethnicity 0 at DAUID 35201617
2025-04-30 00:22:37,012 - ethnicity_interaction_visualization - INFO - No significant interactions found for Ethnicity 1 at DAUID 35201617
2025-04-30 00:22:37,012 - ethnicity_interaction_visualization - INFO - No significant interactions found for Ethnicity 2 at DAUID 35201617
2025-04-30 00:22:37,013 - ethnicity_interaction_visualization - INFO - No significant interactions found for Ethnicity 3 at DAUID 35201617
2025-04-30 00:22:37,013 - ethnicity_interaction_visualization - INFO - No significant interactions found for Ethnicity 4 at DAUID 35201617
2025-04-30 00:22:37,013 - ethnicity_interaction_visualization - INFO - No significant interactions found for Ethnicity 0 at DAUID 35202300
2025-04-30 00:22:37,013 - ethnicity_interaction_visualization - INFO - No significant interactions found for Ethnicity 1 at DAUID 35202300
2025-04-30 00:22:37,013 - ethnicity_interaction_visualization - INFO - No significant interactions found for Ethnicity 2 at DAUID 35202300
2025-04-30 00:22:37,013 - ethnicity_interaction_visualization - INFO - No significant interactions found for Ethnicity 3 at DAUID 35202300
2025-04-30 00:22:37,013 - ethnicity_interaction_visualization - INFO - No significant interactions found for Ethnicity 4 at DAUID 35202300
2025-04-30 00:22:37,013 - ethnicity_interaction_visualization - INFO - No significant interactions found for Ethnicity 0 at DAUID 35204327
2025-04-30 00:22:37,013 - ethnicity_interaction_visualization - INFO - No significant interactions found for Ethnicity 1 at DAUID 35204327
2025-04-30 00:22:37,013 - ethnicity_interaction_visualization - INFO - No significant interactions found for Ethnicity 2 at DAUID 35204327
2025-04-30 00:22:37,013 - ethnicity_interaction_visualization - INFO - No significant interactions found for Ethnicity 3 at DAUID 35204327
2025-04-30 00:22:37,013 - ethnicity_interaction_visualization - INFO - No significant interactions found for Ethnicity 4 at DAUID 35204327
2025-04-30 00:22:37,013 - ethnicity_interaction_visualization - INFO - No significant interactions found for Ethnicity 0 at DAUID 35204169
2025-04-30 00:22:37,013 - ethnicity_interaction_visualization - INFO - No significant interactions found for Ethnicity 1 at DAUID 35204169
2025-04-30 00:22:37,014 - ethnicity_interaction_visualization - INFO - No significant interactions found for Ethnicity 2 at DAUID 35204169
2025-04-30 00:22:37,014 - ethnicity_interaction_visualization - INFO - No significant interactions found for Ethnicity 3 at DAUID 35204169
2025-04-30 00:22:37,014 - ethnicity_interaction_visualization - INFO - No significant interactions found for Ethnicity 4 at DAUID 35204169
2025-04-30 00:22:37,014 - ethnicity_interaction_visualization - INFO - No significant interactions found for Ethnicity 0 at DAUID 35200822
2025-04-30 00:22:37,014 - ethnicity_interaction_visualization - INFO - No significant interactions found for Ethnicity 1 at DAUID 35200822
2025-04-30 00:22:37,014 - ethnicity_interaction_visualization - INFO - No significant interactions found for Ethnicity 2 at DAUID 35200822
2025-04-30 00:22:37,014 - ethnicity_interaction_visualization - INFO - No significant interactions found for Ethnicity 3 at DAUID 35200822
2025-04-30 00:22:37,014 - ethnicity_interaction_visualization - INFO - No significant interactions found for Ethnicity 4 at DAUID 35200822
2025-04-30 00:22:37,014 - ethnicity_interaction_visualization - INFO - No significant interactions found for Ethnicity 0 at DAUID 35202811
2025-04-30 00:22:37,014 - ethnicity_interaction_visualization - INFO - No significant interactions found for Ethnicity 1 at DAUID 35202811
2025-04-30 00:22:37,014 - ethnicity_interaction_visualization - INFO - No significant interactions found for Ethnicity 2 at DAUID 35202811
2025-04-30 00:22:37,014 - ethnicity_interaction_visualization - INFO - No significant interactions found for Ethnicity 3 at DAUID 35202811
2025-04-30 00:22:37,014 - ethnicity_interaction_visualization - INFO - No significant interactions found for Ethnicity 4 at DAUID 35202811
2025-04-30 00:22:37,015 - ethnicity_interaction_visualization - INFO - No significant interactions found for Ethnicity 0 at DAUID 35202750
2025-04-30 00:22:37,015 - ethnicity_interaction_visualization - INFO - No significant interactions found for Ethnicity 1 at DAUID 35202750
2025-04-30 00:22:37,015 - ethnicity_interaction_visualization - INFO - No significant interactions found for Ethnicity 2 at DAUID 35202750
2025-04-30 00:22:37,015 - ethnicity_interaction_visualization - INFO - No significant interactions found for Ethnicity 3 at DAUID 35202750
2025-04-30 00:22:37,015 - ethnicity_interaction_visualization - INFO - No significant interactions found for Ethnicity 4 at DAUID 35202750
2025-04-30 00:22:37,015 - ethnicity_interaction_visualization - INFO - No significant interactions found for Ethnicity 0 at DAUID 35201209
2025-04-30 00:22:37,015 - ethnicity_interaction_visualization - INFO - No significant interactions found for Ethnicity 1 at DAUID 35201209
2025-04-30 00:22:37,015 - ethnicity_interaction_visualization - INFO - No significant interactions found for Ethnicity 2 at DAUID 35201209
2025-04-30 00:22:37,015 - ethnicity_interaction_visualization - INFO - No significant interactions found for Ethnicity 3 at DAUID 35201209
2025-04-30 00:22:37,015 - ethnicity_interaction_visualization - INFO - No significant interactions found for Ethnicity 4 at DAUID 35201209
2025-04-30 00:22:37,015 - ethnicity_interaction_visualization - INFO - No significant interactions found for Ethnicity 0 at DAUID 35203000
2025-04-30 00:22:37,015 - ethnicity_interaction_visualization - INFO - No significant interactions found for Ethnicity 1 at DAUID 35203000
2025-04-30 00:22:37,015 - ethnicity_interaction_visualization - INFO - No significant interactions found for Ethnicity 2 at DAUID 35203000
2025-04-30 00:22:37,015 - ethnicity_interaction_visualization - INFO - No significant interactions found for Ethnicity 3 at DAUID 35203000
2025-04-30 00:22:37,016 - ethnicity_interaction_visualization - INFO - No significant interactions found for Ethnicity 4 at DAUID 35203000
2025-04-30 00:22:37,016 - ethnicity_interaction_visualization - INFO - No significant interactions found for Ethnicity 0 at DAUID 35202447
2025-04-30 00:22:37,016 - ethnicity_interaction_visualization - INFO - No significant interactions found for Ethnicity 1 at DAUID 35202447
2025-04-30 00:22:37,016 - ethnicity_interaction_visualization - INFO - No significant interactions found for Ethnicity 2 at DAUID 35202447
2025-04-30 00:22:37,016 - ethnicity_interaction_visualization - INFO - No significant interactions found for Ethnicity 3 at DAUID 35202447
2025-04-30 00:22:37,016 - ethnicity_interaction_visualization - INFO - No significant interactions found for Ethnicity 4 at DAUID 35202447
2025-04-30 00:22:37,016 - ethnicity_interaction_visualization - INFO - No significant interactions found for Ethnicity 0 at DAUID 35203406
2025-04-30 00:22:37,016 - ethnicity_interaction_visualization - INFO - No significant interactions found for Ethnicity 1 at DAUID 35203406
2025-04-30 00:22:37,016 - ethnicity_interaction_visualization - INFO - No significant interactions found for Ethnicity 2 at DAUID 35203406
2025-04-30 00:22:37,016 - ethnicity_interaction_visualization - INFO - No significant interactions found for Ethnicity 3 at DAUID 35203406
2025-04-30 00:22:37,016 - ethnicity_interaction_visualization - INFO - No significant interactions found for Ethnicity 4 at DAUID 35203406
2025-04-30 00:22:37,016 - ethnicity_interaction_visualization - INFO - No significant interactions found for Ethnicity 0 at DAUID 35203958
2025-04-30 00:22:37,016 - ethnicity_interaction_visualization - INFO - No significant interactions found for Ethnicity 1 at DAUID 35203958
2025-04-30 00:22:37,016 - ethnicity_interaction_visualization - INFO - No significant interactions found for Ethnicity 2 at DAUID 35203958
2025-04-30 00:22:37,016 - ethnicity_interaction_visualization - INFO - No significant interactions found for Ethnicity 3 at DAUID 35203958
2025-04-30 00:22:37,017 - ethnicity_interaction_visualization - INFO - No significant interactions found for Ethnicity 4 at DAUID 35203958
2025-04-30 00:22:37,017 - ethnicity_interaction_visualization - INFO - No significant interactions found for Ethnicity 0 at DAUID 35203416
2025-04-30 00:22:37,017 - ethnicity_interaction_visualization - INFO - No significant interactions found for Ethnicity 1 at DAUID 35203416
2025-04-30 00:22:37,017 - ethnicity_interaction_visualization - INFO - No significant interactions found for Ethnicity 2 at DAUID 35203416
2025-04-30 00:22:37,017 - ethnicity_interaction_visualization - INFO - No significant interactions found for Ethnicity 3 at DAUID 35203416
2025-04-30 00:22:37,017 - ethnicity_interaction_visualization - INFO - No significant interactions found for Ethnicity 4 at DAUID 35203416
2025-04-30 00:22:37,017 - ethnicity_interaction_visualization - INFO - No significant interactions found for Ethnicity 0 at DAUID 35204355
2025-04-30 00:22:37,017 - ethnicity_interaction_visualization - INFO - No significant interactions found for Ethnicity 1 at DAUID 35204355
2025-04-30 00:22:37,017 - ethnicity_interaction_visualization - INFO - No significant interactions found for Ethnicity 2 at DAUID 35204355
2025-04-30 00:22:37,017 - ethnicity_interaction_visualization - INFO - No significant interactions found for Ethnicity 3 at DAUID 35204355
2025-04-30 00:22:37,017 - ethnicity_interaction_visualization - INFO - No significant interactions found for Ethnicity 4 at DAUID 35204355
2025-04-30 00:22:37,017 - ethnicity_interaction_visualization - INFO - No significant interactions found for Ethnicity 0 at DAUID 35202119
2025-04-30 00:22:37,017 - ethnicity_interaction_visualization - INFO - No significant interactions found for Ethnicity 1 at DAUID 35202119
2025-04-30 00:22:37,018 - ethnicity_interaction_visualization - INFO - No significant interactions found for Ethnicity 2 at DAUID 35202119
2025-04-30 00:22:37,018 - ethnicity_interaction_visualization - INFO - No significant interactions found for Ethnicity 3 at DAUID 35202119
2025-04-30 00:22:37,018 - ethnicity_interaction_visualization - INFO - No significant interactions found for Ethnicity 4 at DAUID 35202119
2025-04-30 00:22:37,018 - ethnicity_interaction_visualization - INFO - No significant interactions found for Ethnicity 0 at DAUID 35201471
2025-04-30 00:22:37,018 - ethnicity_interaction_visualization - INFO - No significant interactions found for Ethnicity 1 at DAUID 35201471
2025-04-30 00:22:37,018 - ethnicity_interaction_visualization - INFO - No significant interactions found for Ethnicity 2 at DAUID 35201471
2025-04-30 00:22:37,018 - ethnicity_interaction_visualization - INFO - No significant interactions found for Ethnicity 3 at DAUID 35201471
2025-04-30 00:22:37,018 - ethnicity_interaction_visualization - INFO - No significant interactions found for Ethnicity 4 at DAUID 35201471
2025-04-30 00:22:37,018 - ethnicity_interaction_visualization - INFO - No significant interactions found for Ethnicity 0 at DAUID 35204870
2025-04-30 00:22:37,018 - ethnicity_interaction_visualization - INFO - No significant interactions found for Ethnicity 1 at DAUID 35204870
2025-04-30 00:22:37,018 - ethnicity_interaction_visualization - INFO - No significant interactions found for Ethnicity 2 at DAUID 35204870
2025-04-30 00:22:37,018 - ethnicity_interaction_visualization - INFO - No significant interactions found for Ethnicity 3 at DAUID 35204870
2025-04-30 00:22:37,018 - ethnicity_interaction_visualization - INFO - No significant interactions found for Ethnicity 4 at DAUID 35204870
2025-04-30 00:22:37,019 - ethnicity_interaction_visualization - INFO - No significant interactions found for Ethnicity 0 at DAUID 35201827
2025-04-30 00:22:37,019 - ethnicity_interaction_visualization - INFO - No significant interactions found for Ethnicity 1 at DAUID 35201827
2025-04-30 00:22:37,019 - ethnicity_interaction_visualization - INFO - No significant interactions found for Ethnicity 2 at DAUID 35201827
2025-04-30 00:22:37,019 - ethnicity_interaction_visualization - INFO - No significant interactions found for Ethnicity 3 at DAUID 35201827
2025-04-30 00:22:37,019 - ethnicity_interaction_visualization - INFO - No significant interactions found for Ethnicity 4 at DAUID 35201827
2025-04-30 00:22:37,019 - ethnicity_interaction_visualization - INFO - No significant interactions found for Ethnicity 0 at DAUID 35204068
2025-04-30 00:22:37,019 - ethnicity_interaction_visualization - INFO - No significant interactions found for Ethnicity 1 at DAUID 35204068
2025-04-30 00:22:37,019 - ethnicity_interaction_visualization - INFO - No significant interactions found for Ethnicity 2 at DAUID 35204068
2025-04-30 00:22:37,019 - ethnicity_interaction_visualization - INFO - No significant interactions found for Ethnicity 3 at DAUID 35204068
2025-04-30 00:22:37,019 - ethnicity_interaction_visualization - INFO - No significant interactions found for Ethnicity 4 at DAUID 35204068
2025-04-30 00:22:37,019 - ethnicity_interaction_visualization - INFO - No significant interactions found for Ethnicity 0 at DAUID 35201908
2025-04-30 00:22:37,019 - ethnicity_interaction_visualization - INFO - No significant interactions found for Ethnicity 1 at DAUID 35201908
2025-04-30 00:22:37,019 - ethnicity_interaction_visualization - INFO - No significant interactions found for Ethnicity 2 at DAUID 35201908
2025-04-30 00:22:37,020 - ethnicity_interaction_visualization - INFO - No significant interactions found for Ethnicity 3 at DAUID 35201908
2025-04-30 00:22:37,020 - ethnicity_interaction_visualization - INFO - No significant interactions found for Ethnicity 4 at DAUID 35201908
2025-04-30 00:22:37,020 - ethnicity_interaction_visualization - INFO - No significant interactions found for Ethnicity 0 at DAUID 35202974
2025-04-30 00:22:37,020 - ethnicity_interaction_visualization - INFO - No significant interactions found for Ethnicity 1 at DAUID 35202974
2025-04-30 00:22:37,020 - ethnicity_interaction_visualization - INFO - No significant interactions found for Ethnicity 2 at DAUID 35202974
2025-04-30 00:22:37,020 - ethnicity_interaction_visualization - INFO - No significant interactions found for Ethnicity 3 at DAUID 35202974
2025-04-30 00:22:37,020 - ethnicity_interaction_visualization - INFO - No significant interactions found for Ethnicity 4 at DAUID 35202974
2025-04-30 00:22:37,020 - ethnicity_interaction_visualization - INFO - No significant interactions found for Ethnicity 0 at DAUID 35204272
2025-04-30 00:22:37,020 - ethnicity_interaction_visualization - INFO - No significant interactions found for Ethnicity 1 at DAUID 35204272
2025-04-30 00:22:37,020 - ethnicity_interaction_visualization - INFO - No significant interactions found for Ethnicity 2 at DAUID 35204272
2025-04-30 00:22:37,020 - ethnicity_interaction_visualization - INFO - No significant interactions found for Ethnicity 3 at DAUID 35204272
2025-04-30 00:22:37,020 - ethnicity_interaction_visualization - INFO - No significant interactions found for Ethnicity 4 at DAUID 35204272
2025-04-30 00:22:37,020 - ethnicity_interaction_visualization - INFO - No significant interactions found for Ethnicity 0 at DAUID 35205011
2025-04-30 00:22:37,020 - ethnicity_interaction_visualization - INFO - No significant interactions found for Ethnicity 1 at DAUID 35205011
2025-04-30 00:22:37,020 - ethnicity_interaction_visualization - INFO - No significant interactions found for Ethnicity 2 at DAUID 35205011
2025-04-30 00:22:37,021 - ethnicity_interaction_visualization - INFO - No significant interactions found for Ethnicity 3 at DAUID 35205011
2025-04-30 00:22:37,021 - ethnicity_interaction_visualization - INFO - No significant interactions found for Ethnicity 4 at DAUID 35205011
2025-04-30 00:22:37,021 - ethnicity_interaction_visualization - INFO - No significant interactions found for Ethnicity 0 at DAUID 35203054
2025-04-30 00:22:37,021 - ethnicity_interaction_visualization - INFO - No significant interactions found for Ethnicity 1 at DAUID 35203054
2025-04-30 00:22:37,021 - ethnicity_interaction_visualization - INFO - No significant interactions found for Ethnicity 2 at DAUID 35203054
2025-04-30 00:22:37,021 - ethnicity_interaction_visualization - INFO - No significant interactions found for Ethnicity 3 at DAUID 35203054
2025-04-30 00:22:37,021 - ethnicity_interaction_visualization - INFO - No significant interactions found for Ethnicity 4 at DAUID 35203054
2025-04-30 00:22:37,021 - ethnicity_interaction_visualization - INFO - No significant interactions found for Ethnicity 0 at DAUID 35203682
2025-04-30 00:22:37,021 - ethnicity_interaction_visualization - INFO - No significant interactions found for Ethnicity 1 at DAUID 35203682
2025-04-30 00:22:37,021 - ethnicity_interaction_visualization - INFO - No significant interactions found for Ethnicity 2 at DAUID 35203682
2025-04-30 00:22:37,021 - ethnicity_interaction_visualization - INFO - No significant interactions found for Ethnicity 3 at DAUID 35203682
2025-04-30 00:22:37,021 - ethnicity_interaction_visualization - INFO - No significant interactions found for Ethnicity 4 at DAUID 35203682
2025-04-30 00:22:37,021 - ethnicity_interaction_visualization - INFO - No significant interactions found for Ethnicity 0 at DAUID 35203668
2025-04-30 00:22:37,022 - ethnicity_interaction_visualization - INFO - No significant interactions found for Ethnicity 1 at DAUID 35203668
2025-04-30 00:22:37,022 - ethnicity_interaction_visualization - INFO - No significant interactions found for Ethnicity 2 at DAUID 35203668
2025-04-30 00:22:37,022 - ethnicity_interaction_visualization - INFO - No significant interactions found for Ethnicity 3 at DAUID 35203668
2025-04-30 00:22:37,022 - ethnicity_interaction_visualization - INFO - No significant interactions found for Ethnicity 4 at DAUID 35203668
2025-04-30 00:22:37,022 - ethnicity_interaction_visualization - INFO - No significant interactions found for Ethnicity 0 at DAUID 35202656
2025-04-30 00:22:37,022 - ethnicity_interaction_visualization - INFO - No significant interactions found for Ethnicity 1 at DAUID 35202656
2025-04-30 00:22:37,022 - ethnicity_interaction_visualization - INFO - No significant interactions found for Ethnicity 2 at DAUID 35202656
2025-04-30 00:22:37,022 - ethnicity_interaction_visualization - INFO - No significant interactions found for Ethnicity 3 at DAUID 35202656
2025-04-30 00:22:37,022 - ethnicity_interaction_visualization - INFO - No significant interactions found for Ethnicity 4 at DAUID 35202656
2025-04-30 00:22:37,022 - ethnicity_interaction_visualization - INFO - No significant interactions found for Ethnicity 0 at DAUID 35200717
2025-04-30 00:22:37,022 - ethnicity_interaction_visualization - INFO - No significant interactions found for Ethnicity 1 at DAUID 35200717
2025-04-30 00:22:37,022 - ethnicity_interaction_visualization - INFO - No significant interactions found for Ethnicity 2 at DAUID 35200717
2025-04-30 00:22:37,022 - ethnicity_interaction_visualization - INFO - No significant interactions found for Ethnicity 3 at DAUID 35200717
2025-04-30 00:22:37,023 - ethnicity_interaction_visualization - INFO - No significant interactions found for Ethnicity 4 at DAUID 35200717
2025-04-30 00:22:37,023 - ethnicity_interaction_visualization - INFO - No significant interactions found for Ethnicity 0 at DAUID 35203276
2025-04-30 00:22:37,023 - ethnicity_interaction_visualization - INFO - No significant interactions found for Ethnicity 1 at DAUID 35203276
2025-04-30 00:22:37,023 - ethnicity_interaction_visualization - INFO - No significant interactions found for Ethnicity 2 at DAUID 35203276
2025-04-30 00:22:37,023 - ethnicity_interaction_visualization - INFO - No significant interactions found for Ethnicity 3 at DAUID 35203276
2025-04-30 00:22:37,023 - ethnicity_interaction_visualization - INFO - No significant interactions found for Ethnicity 4 at DAUID 35203276
2025-04-30 00:22:37,023 - ethnicity_interaction_visualization - INFO - No significant interactions found for Ethnicity 0 at DAUID 35200711
2025-04-30 00:22:37,023 - ethnicity_interaction_visualization - INFO - No significant interactions found for Ethnicity 1 at DAUID 35200711
2025-04-30 00:22:37,023 - ethnicity_interaction_visualization - INFO - No significant interactions found for Ethnicity 2 at DAUID 35200711
2025-04-30 00:22:37,023 - ethnicity_interaction_visualization - INFO - No significant interactions found for Ethnicity 3 at DAUID 35200711
2025-04-30 00:22:37,023 - ethnicity_interaction_visualization - INFO - No significant interactions found for Ethnicity 4 at DAUID 35200711
2025-04-30 00:22:37,023 - ethnicity_interaction_visualization - INFO - No significant interactions found for Ethnicity 0 at DAUID 35201294
2025-04-30 00:22:37,023 - ethnicity_interaction_visualization - INFO - No significant interactions found for Ethnicity 1 at DAUID 35201294
2025-04-30 00:22:37,023 - ethnicity_interaction_visualization - INFO - No significant interactions found for Ethnicity 2 at DAUID 35201294
2025-04-30 00:22:37,023 - ethnicity_interaction_visualization - INFO - No significant interactions found for Ethnicity 3 at DAUID 35201294
2025-04-30 00:22:37,023 - ethnicity_interaction_visualization - INFO - No significant interactions found for Ethnicity 4 at DAUID 35201294
2025-04-30 00:22:37,025 - ethnicity_interaction_visualization - INFO - No significant interactions found for Ethnicity 0 at DAUID 35200520
2025-04-30 00:22:37,025 - ethnicity_interaction_visualization - INFO - No significant interactions found for Ethnicity 1 at DAUID 35200520
2025-04-30 00:22:37,025 - ethnicity_interaction_visualization - INFO - No significant interactions found for Ethnicity 2 at DAUID 35200520
2025-04-30 00:22:37,025 - ethnicity_interaction_visualization - INFO - No significant interactions found for Ethnicity 3 at DAUID 35200520
2025-04-30 00:22:37,025 - ethnicity_interaction_visualization - INFO - No significant interactions found for Ethnicity 4 at DAUID 35200520
2025-04-30 00:22:37,025 - ethnicity_interaction_visualization - INFO - No significant interactions found for Ethnicity 0 at DAUID 35203274
2025-04-30 00:22:37,025 - ethnicity_interaction_visualization - INFO - No significant interactions found for Ethnicity 1 at DAUID 35203274
2025-04-30 00:22:37,025 - ethnicity_interaction_visualization - INFO - No significant interactions found for Ethnicity 2 at DAUID 35203274
2025-04-30 00:22:37,025 - ethnicity_interaction_visualization - INFO - No significant interactions found for Ethnicity 3 at DAUID 35203274
2025-04-30 00:22:37,025 - ethnicity_interaction_visualization - INFO - No significant interactions found for Ethnicity 4 at DAUID 35203274
2025-04-30 00:22:37,025 - ethnicity_interaction_visualization - INFO - No significant interactions found for Ethnicity 0 at DAUID 35200480
2025-04-30 00:22:37,025 - ethnicity_interaction_visualization - INFO - No significant interactions found for Ethnicity 1 at DAUID 35200480
2025-04-30 00:22:37,025 - ethnicity_interaction_visualization - INFO - No significant interactions found for Ethnicity 2 at DAUID 35200480
2025-04-30 00:22:37,025 - ethnicity_interaction_visualization - INFO - No significant interactions found for Ethnicity 3 at DAUID 35200480
2025-04-30 00:22:37,026 - ethnicity_interaction_visualization - INFO - No significant interactions found for Ethnicity 4 at DAUID 35200480
2025-04-30 00:22:37,026 - ethnicity_interaction_visualization - INFO - No significant interactions found for Ethnicity 0 at DAUID 35201193
2025-04-30 00:22:37,026 - ethnicity_interaction_visualization - INFO - No significant interactions found for Ethnicity 1 at DAUID 35201193
2025-04-30 00:22:37,026 - ethnicity_interaction_visualization - INFO - No significant interactions found for Ethnicity 2 at DAUID 35201193
2025-04-30 00:22:37,026 - ethnicity_interaction_visualization - INFO - No significant interactions found for Ethnicity 3 at DAUID 35201193
2025-04-30 00:22:37,026 - ethnicity_interaction_visualization - INFO - No significant interactions found for Ethnicity 4 at DAUID 35201193
2025-04-30 00:22:37,026 - ethnicity_interaction_visualization - INFO - No significant interactions found for Ethnicity 0 at DAUID 35202018
2025-04-30 00:22:37,026 - ethnicity_interaction_visualization - INFO - No significant interactions found for Ethnicity 1 at DAUID 35202018
2025-04-30 00:22:37,026 - ethnicity_interaction_visualization - INFO - No significant interactions found for Ethnicity 2 at DAUID 35202018
2025-04-30 00:22:37,026 - ethnicity_interaction_visualization - INFO - No significant interactions found for Ethnicity 3 at DAUID 35202018
2025-04-30 00:22:37,026 - ethnicity_interaction_visualization - INFO - No significant interactions found for Ethnicity 4 at DAUID 35202018
2025-04-30 00:22:37,027 - ethnicity_interaction_visualization - INFO - No significant interactions found for Ethnicity 0 at DAUID 35201332
2025-04-30 00:22:37,027 - ethnicity_interaction_visualization - INFO - No significant interactions found for Ethnicity 1 at DAUID 35201332
2025-04-30 00:22:37,027 - ethnicity_interaction_visualization - INFO - No significant interactions found for Ethnicity 2 at DAUID 35201332
2025-04-30 00:22:37,027 - ethnicity_interaction_visualization - INFO - No significant interactions found for Ethnicity 3 at DAUID 35201332
2025-04-30 00:22:37,027 - ethnicity_interaction_visualization - INFO - No significant interactions found for Ethnicity 4 at DAUID 35201332
2025-04-30 00:22:37,027 - ethnicity_interaction_visualization - INFO - No significant interactions found for Ethnicity 0 at DAUID 35204518
2025-04-30 00:22:37,027 - ethnicity_interaction_visualization - INFO - No significant interactions found for Ethnicity 1 at DAUID 35204518
2025-04-30 00:22:37,027 - ethnicity_interaction_visualization - INFO - No significant interactions found for Ethnicity 2 at DAUID 35204518
2025-04-30 00:22:37,027 - ethnicity_interaction_visualization - INFO - No significant interactions found for Ethnicity 3 at DAUID 35204518
2025-04-30 00:22:37,027 - ethnicity_interaction_visualization - INFO - No significant interactions found for Ethnicity 4 at DAUID 35204518
2025-04-30 00:22:37,027 - ethnicity_interaction_visualization - INFO - No significant interactions found for Ethnicity 0 at DAUID 35201872
2025-04-30 00:22:37,027 - ethnicity_interaction_visualization - INFO - No significant interactions found for Ethnicity 1 at DAUID 35201872
2025-04-30 00:22:37,027 - ethnicity_interaction_visualization - INFO - No significant interactions found for Ethnicity 2 at DAUID 35201872
2025-04-30 00:22:37,027 - ethnicity_interaction_visualization - INFO - No significant interactions found for Ethnicity 3 at DAUID 35201872
2025-04-30 00:22:37,027 - ethnicity_interaction_visualization - INFO - No significant interactions found for Ethnicity 4 at DAUID 35201872
2025-04-30 00:22:37,027 - ethnicity_interaction_visualization - INFO - No significant interactions found for Ethnicity 0 at DAUID 35200963
2025-04-30 00:22:37,027 - ethnicity_interaction_visualization - INFO - No significant interactions found for Ethnicity 1 at DAUID 35200963
2025-04-30 00:22:37,027 - ethnicity_interaction_visualization - INFO - No significant interactions found for Ethnicity 2 at DAUID 35200963
2025-04-30 00:22:37,027 - ethnicity_interaction_visualization - INFO - No significant interactions found for Ethnicity 3 at DAUID 35200963
2025-04-30 00:22:37,028 - ethnicity_interaction_visualization - INFO - No significant interactions found for Ethnicity 4 at DAUID 35200963
2025-04-30 00:22:37,028 - ethnicity_interaction_visualization - INFO - No significant interactions found for Ethnicity 0 at DAUID 35204690
2025-04-30 00:22:37,028 - ethnicity_interaction_visualization - INFO - No significant interactions found for Ethnicity 1 at DAUID 35204690
2025-04-30 00:22:37,028 - ethnicity_interaction_visualization - INFO - No significant interactions found for Ethnicity 2 at DAUID 35204690
2025-04-30 00:22:37,028 - ethnicity_interaction_visualization - INFO - No significant interactions found for Ethnicity 3 at DAUID 35204690
2025-04-30 00:22:37,028 - ethnicity_interaction_visualization - INFO - No significant interactions found for Ethnicity 4 at DAUID 35204690
2025-04-30 00:22:37,028 - ethnicity_interaction_visualization - INFO - No significant interactions found for Ethnicity 0 at DAUID 35203540
2025-04-30 00:22:37,028 - ethnicity_interaction_visualization - INFO - No significant interactions found for Ethnicity 1 at DAUID 35203540
2025-04-30 00:22:37,028 - ethnicity_interaction_visualization - INFO - No significant interactions found for Ethnicity 2 at DAUID 35203540
2025-04-30 00:22:37,028 - ethnicity_interaction_visualization - INFO - No significant interactions found for Ethnicity 3 at DAUID 35203540
2025-04-30 00:22:37,028 - ethnicity_interaction_visualization - INFO - No significant interactions found for Ethnicity 4 at DAUID 35203540
2025-04-30 00:22:37,028 - ethnicity_interaction_visualization - INFO - No significant interactions found for Ethnicity 0 at DAUID 35204922
2025-04-30 00:22:37,028 - ethnicity_interaction_visualization - INFO - No significant interactions found for Ethnicity 1 at DAUID 35204922
2025-04-30 00:22:37,029 - ethnicity_interaction_visualization - INFO - No significant interactions found for Ethnicity 2 at DAUID 35204922
2025-04-30 00:22:37,029 - ethnicity_interaction_visualization - INFO - No significant interactions found for Ethnicity 3 at DAUID 35204922
2025-04-30 00:22:37,029 - ethnicity_interaction_visualization - INFO - No significant interactions found for Ethnicity 4 at DAUID 35204922
2025-04-30 00:22:37,029 - ethnicity_interaction_visualization - INFO - No significant interactions found for Ethnicity 0 at DAUID 35200815
2025-04-30 00:22:37,029 - ethnicity_interaction_visualization - INFO - No significant interactions found for Ethnicity 1 at DAUID 35200815
2025-04-30 00:22:37,029 - ethnicity_interaction_visualization - INFO - No significant interactions found for Ethnicity 2 at DAUID 35200815
2025-04-30 00:22:37,029 - ethnicity_interaction_visualization - INFO - No significant interactions found for Ethnicity 3 at DAUID 35200815
2025-04-30 00:22:37,029 - ethnicity_interaction_visualization - INFO - No significant interactions found for Ethnicity 4 at DAUID 35200815
2025-04-30 00:22:37,029 - ethnicity_interaction_visualization - INFO - No significant interactions found for Ethnicity 0 at DAUID 35204483
2025-04-30 00:22:37,029 - ethnicity_interaction_visualization - INFO - No significant interactions found for Ethnicity 1 at DAUID 35204483
2025-04-30 00:22:37,029 - ethnicity_interaction_visualization - INFO - No significant interactions found for Ethnicity 2 at DAUID 35204483
2025-04-30 00:22:37,029 - ethnicity_interaction_visualization - INFO - No significant interactions found for Ethnicity 3 at DAUID 35204483
2025-04-30 00:22:37,029 - ethnicity_interaction_visualization - INFO - No significant interactions found for Ethnicity 4 at DAUID 35204483
2025-04-30 00:22:37,029 - ethnicity_interaction_visualization - INFO - No significant interactions found for Ethnicity 0 at DAUID 35200386
2025-04-30 00:22:37,030 - ethnicity_interaction_visualization - INFO - No significant interactions found for Ethnicity 1 at DAUID 35200386
2025-04-30 00:22:37,030 - ethnicity_interaction_visualization - INFO - No significant interactions found for Ethnicity 2 at DAUID 35200386
2025-04-30 00:22:37,030 - ethnicity_interaction_visualization - INFO - No significant interactions found for Ethnicity 3 at DAUID 35200386
2025-04-30 00:22:37,030 - ethnicity_interaction_visualization - INFO - No significant interactions found for Ethnicity 4 at DAUID 35200386
2025-04-30 00:22:37,030 - ethnicity_interaction_visualization - INFO - No significant interactions found for Ethnicity 0 at DAUID 35204061
2025-04-30 00:22:37,030 - ethnicity_interaction_visualization - INFO - No significant interactions found for Ethnicity 1 at DAUID 35204061
2025-04-30 00:22:37,030 - ethnicity_interaction_visualization - INFO - No significant interactions found for Ethnicity 2 at DAUID 35204061
2025-04-30 00:22:37,030 - ethnicity_interaction_visualization - INFO - No significant interactions found for Ethnicity 3 at DAUID 35204061
2025-04-30 00:22:37,030 - ethnicity_interaction_visualization - INFO - No significant interactions found for Ethnicity 4 at DAUID 35204061
2025-04-30 00:22:37,030 - ethnicity_interaction_visualization - INFO - No significant interactions found for Ethnicity 0 at DAUID 35204225
2025-04-30 00:22:37,030 - ethnicity_interaction_visualization - INFO - No significant interactions found for Ethnicity 1 at DAUID 35204225
2025-04-30 00:22:37,030 - ethnicity_interaction_visualization - INFO - No significant interactions found for Ethnicity 2 at DAUID 35204225
2025-04-30 00:22:37,030 - ethnicity_interaction_visualization - INFO - No significant interactions found for Ethnicity 3 at DAUID 35204225
2025-04-30 00:22:37,030 - ethnicity_interaction_visualization - INFO - No significant interactions found for Ethnicity 4 at DAUID 35204225
2025-04-30 00:22:37,030 - ethnicity_interaction_visualization - INFO - No significant interactions found for Ethnicity 0 at DAUID 35202928
2025-04-30 00:22:37,030 - ethnicity_interaction_visualization - INFO - No significant interactions found for Ethnicity 1 at DAUID 35202928
2025-04-30 00:22:37,030 - ethnicity_interaction_visualization - INFO - No significant interactions found for Ethnicity 2 at DAUID 35202928
2025-04-30 00:22:37,030 - ethnicity_interaction_visualization - INFO - No significant interactions found for Ethnicity 3 at DAUID 35202928
2025-04-30 00:22:37,032 - ethnicity_interaction_visualization - INFO - No significant interactions found for Ethnicity 4 at DAUID 35202928
2025-04-30 00:22:37,032 - ethnicity_interaction_visualization - INFO - No significant interactions found for Ethnicity 0 at DAUID 35200455
2025-04-30 00:22:37,032 - ethnicity_interaction_visualization - INFO - No significant interactions found for Ethnicity 1 at DAUID 35200455
2025-04-30 00:22:37,032 - ethnicity_interaction_visualization - INFO - No significant interactions found for Ethnicity 2 at DAUID 35200455
2025-04-30 00:22:37,032 - ethnicity_interaction_visualization - INFO - No significant interactions found for Ethnicity 3 at DAUID 35200455
2025-04-30 00:22:37,032 - ethnicity_interaction_visualization - INFO - No significant interactions found for Ethnicity 4 at DAUID 35200455
2025-04-30 00:22:37,032 - ethnicity_interaction_visualization - INFO - No significant interactions found for Ethnicity 0 at DAUID 35202267
2025-04-30 00:22:37,032 - ethnicity_interaction_visualization - INFO - No significant interactions found for Ethnicity 1 at DAUID 35202267
2025-04-30 00:22:37,032 - ethnicity_interaction_visualization - INFO - No significant interactions found for Ethnicity 2 at DAUID 35202267
2025-04-30 00:22:37,032 - ethnicity_interaction_visualization - INFO - No significant interactions found for Ethnicity 3 at DAUID 35202267
2025-04-30 00:22:37,032 - ethnicity_interaction_visualization - INFO - No significant interactions found for Ethnicity 4 at DAUID 35202267
2025-04-30 00:22:37,032 - ethnicity_interaction_visualization - INFO - No significant interactions found for Ethnicity 0 at DAUID 35204538
2025-04-30 00:22:37,033 - ethnicity_interaction_visualization - INFO - No significant interactions found for Ethnicity 1 at DAUID 35204538
2025-04-30 00:22:37,033 - ethnicity_interaction_visualization - INFO - No significant interactions found for Ethnicity 2 at DAUID 35204538
2025-04-30 00:22:37,033 - ethnicity_interaction_visualization - INFO - No significant interactions found for Ethnicity 3 at DAUID 35204538
2025-04-30 00:22:37,033 - ethnicity_interaction_visualization - INFO - No significant interactions found for Ethnicity 4 at DAUID 35204538
2025-04-30 00:22:37,033 - ethnicity_interaction_visualization - INFO - No significant interactions found for Ethnicity 0 at DAUID 35204982
2025-04-30 00:22:37,033 - ethnicity_interaction_visualization - INFO - No significant interactions found for Ethnicity 1 at DAUID 35204982
2025-04-30 00:22:37,033 - ethnicity_interaction_visualization - INFO - No significant interactions found for Ethnicity 2 at DAUID 35204982
2025-04-30 00:22:37,033 - ethnicity_interaction_visualization - INFO - No significant interactions found for Ethnicity 3 at DAUID 35204982
2025-04-30 00:22:37,033 - ethnicity_interaction_visualization - INFO - No significant interactions found for Ethnicity 4 at DAUID 35204982
2025-04-30 00:22:37,034 - ethnicity_interaction_visualization - INFO - No significant interactions found for Ethnicity 0 at DAUID 35203334
2025-04-30 00:22:37,034 - ethnicity_interaction_visualization - INFO - No significant interactions found for Ethnicity 1 at DAUID 35203334
2025-04-30 00:22:37,034 - ethnicity_interaction_visualization - INFO - No significant interactions found for Ethnicity 2 at DAUID 35203334
2025-04-30 00:22:37,034 - ethnicity_interaction_visualization - INFO - No significant interactions found for Ethnicity 3 at DAUID 35203334
2025-04-30 00:22:37,034 - ethnicity_interaction_visualization - INFO - No significant interactions found for Ethnicity 4 at DAUID 35203334
2025-04-30 00:22:37,034 - ethnicity_interaction_visualization - INFO - No significant interactions found for Ethnicity 0 at DAUID 35200911
2025-04-30 00:22:37,034 - ethnicity_interaction_visualization - INFO - No significant interactions found for Ethnicity 1 at DAUID 35200911
2025-04-30 00:22:37,034 - ethnicity_interaction_visualization - INFO - No significant interactions found for Ethnicity 2 at DAUID 35200911
2025-04-30 00:22:37,034 - ethnicity_interaction_visualization - INFO - No significant interactions found for Ethnicity 3 at DAUID 35200911
2025-04-30 00:22:37,034 - ethnicity_interaction_visualization - INFO - No significant interactions found for Ethnicity 4 at DAUID 35200911
2025-04-30 00:22:37,034 - ethnicity_interaction_visualization - INFO - No significant interactions found for Ethnicity 0 at DAUID 35205001
2025-04-30 00:22:37,034 - ethnicity_interaction_visualization - INFO - No significant interactions found for Ethnicity 1 at DAUID 35205001
2025-04-30 00:22:37,034 - ethnicity_interaction_visualization - INFO - No significant interactions found for Ethnicity 2 at DAUID 35205001
2025-04-30 00:22:37,034 - ethnicity_interaction_visualization - INFO - No significant interactions found for Ethnicity 3 at DAUID 35205001
2025-04-30 00:22:37,034 - ethnicity_interaction_visualization - INFO - No significant interactions found for Ethnicity 4 at DAUID 35205001
2025-04-30 00:22:37,034 - ethnicity_interaction_visualization - INFO - No significant interactions found for Ethnicity 0 at DAUID 35204799
2025-04-30 00:22:37,035 - ethnicity_interaction_visualization - INFO - No significant interactions found for Ethnicity 1 at DAUID 35204799
2025-04-30 00:22:37,035 - ethnicity_interaction_visualization - INFO - No significant interactions found for Ethnicity 2 at DAUID 35204799
2025-04-30 00:22:37,035 - ethnicity_interaction_visualization - INFO - No significant interactions found for Ethnicity 3 at DAUID 35204799
2025-04-30 00:22:37,035 - ethnicity_interaction_visualization - INFO - No significant interactions found for Ethnicity 4 at DAUID 35204799
2025-04-30 00:22:37,035 - ethnicity_interaction_visualization - INFO - No significant interactions found for Ethnicity 0 at DAUID 35202413
2025-04-30 00:22:37,035 - ethnicity_interaction_visualization - INFO - No significant interactions found for Ethnicity 1 at DAUID 35202413
2025-04-30 00:22:37,035 - ethnicity_interaction_visualization - INFO - No significant interactions found for Ethnicity 2 at DAUID 35202413
2025-04-30 00:22:37,035 - ethnicity_interaction_visualization - INFO - No significant interactions found for Ethnicity 3 at DAUID 35202413
2025-04-30 00:22:37,035 - ethnicity_interaction_visualization - INFO - No significant interactions found for Ethnicity 4 at DAUID 35202413
2025-04-30 00:22:37,035 - ethnicity_interaction_visualization - INFO - No significant interactions found for Ethnicity 0 at DAUID 35203348
2025-04-30 00:22:37,036 - ethnicity_interaction_visualization - INFO - No significant interactions found for Ethnicity 1 at DAUID 35203348
2025-04-30 00:22:37,036 - ethnicity_interaction_visualization - INFO - No significant interactions found for Ethnicity 2 at DAUID 35203348
2025-04-30 00:22:37,036 - ethnicity_interaction_visualization - INFO - No significant interactions found for Ethnicity 3 at DAUID 35203348
2025-04-30 00:22:37,036 - ethnicity_interaction_visualization - INFO - No significant interactions found for Ethnicity 4 at DAUID 35203348
2025-04-30 00:22:37,036 - ethnicity_interaction_visualization - INFO - No significant interactions found for Ethnicity 0 at DAUID 35202356
2025-04-30 00:22:37,036 - ethnicity_interaction_visualization - INFO - No significant interactions found for Ethnicity 1 at DAUID 35202356
2025-04-30 00:22:37,036 - ethnicity_interaction_visualization - INFO - No significant interactions found for Ethnicity 2 at DAUID 35202356
2025-04-30 00:22:37,036 - ethnicity_interaction_visualization - INFO - No significant interactions found for Ethnicity 3 at DAUID 35202356
2025-04-30 00:22:37,036 - ethnicity_interaction_visualization - INFO - No significant interactions found for Ethnicity 4 at DAUID 35202356
2025-04-30 00:22:37,036 - ethnicity_interaction_visualization - INFO - No significant interactions found for Ethnicity 0 at DAUID 35204678
2025-04-30 00:22:37,036 - ethnicity_interaction_visualization - INFO - No significant interactions found for Ethnicity 1 at DAUID 35204678
2025-04-30 00:22:37,036 - ethnicity_interaction_visualization - INFO - No significant interactions found for Ethnicity 2 at DAUID 35204678
2025-04-30 00:22:37,037 - ethnicity_interaction_visualization - INFO - No significant interactions found for Ethnicity 3 at DAUID 35204678
2025-04-30 00:22:37,037 - ethnicity_interaction_visualization - INFO - No significant interactions found for Ethnicity 4 at DAUID 35204678
2025-04-30 00:22:37,037 - ethnicity_interaction_visualization - INFO - No significant interactions found for Ethnicity 0 at DAUID 35200269
2025-04-30 00:22:37,037 - ethnicity_interaction_visualization - INFO - No significant interactions found for Ethnicity 1 at DAUID 35200269
2025-04-30 00:22:37,037 - ethnicity_interaction_visualization - INFO - No significant interactions found for Ethnicity 2 at DAUID 35200269
2025-04-30 00:22:37,037 - ethnicity_interaction_visualization - INFO - No significant interactions found for Ethnicity 3 at DAUID 35200269
2025-04-30 00:22:37,037 - ethnicity_interaction_visualization - INFO - No significant interactions found for Ethnicity 4 at DAUID 35200269
2025-04-30 00:22:37,037 - ethnicity_interaction_visualization - INFO - No significant interactions found for Ethnicity 0 at DAUID 35204813
2025-04-30 00:22:37,037 - ethnicity_interaction_visualization - INFO - No significant interactions found for Ethnicity 1 at DAUID 35204813
2025-04-30 00:22:37,037 - ethnicity_interaction_visualization - INFO - No significant interactions found for Ethnicity 2 at DAUID 35204813
2025-04-30 00:22:37,037 - ethnicity_interaction_visualization - INFO - No significant interactions found for Ethnicity 3 at DAUID 35204813
2025-04-30 00:22:37,037 - ethnicity_interaction_visualization - INFO - No significant interactions found for Ethnicity 4 at DAUID 35204813
2025-04-30 00:22:37,037 - ethnicity_interaction_visualization - INFO - No significant interactions found for Ethnicity 0 at DAUID 35202166
2025-04-30 00:22:37,037 - ethnicity_interaction_visualization - INFO - No significant interactions found for Ethnicity 1 at DAUID 35202166
2025-04-30 00:22:37,037 - ethnicity_interaction_visualization - INFO - No significant interactions found for Ethnicity 2 at DAUID 35202166
2025-04-30 00:22:37,037 - ethnicity_interaction_visualization - INFO - No significant interactions found for Ethnicity 3 at DAUID 35202166
2025-04-30 00:22:37,037 - ethnicity_interaction_visualization - INFO - No significant interactions found for Ethnicity 4 at DAUID 35202166
2025-04-30 00:22:37,037 - ethnicity_interaction_visualization - INFO - No significant interactions found for Ethnicity 0 at DAUID 35204190
2025-04-30 00:22:37,037 - ethnicity_interaction_visualization - INFO - No significant interactions found for Ethnicity 1 at DAUID 35204190
2025-04-30 00:22:37,037 - ethnicity_interaction_visualization - INFO - No significant interactions found for Ethnicity 2 at DAUID 35204190
2025-04-30 00:22:37,037 - ethnicity_interaction_visualization - INFO - No significant interactions found for Ethnicity 3 at DAUID 35204190
2025-04-30 00:22:37,037 - ethnicity_interaction_visualization - INFO - No significant interactions found for Ethnicity 4 at DAUID 35204190
2025-04-30 00:22:37,038 - ethnicity_interaction_visualization - INFO - No significant interactions found for Ethnicity 0 at DAUID 35204404
2025-04-30 00:22:37,038 - ethnicity_interaction_visualization - INFO - No significant interactions found for Ethnicity 1 at DAUID 35204404
2025-04-30 00:22:37,038 - ethnicity_interaction_visualization - INFO - No significant interactions found for Ethnicity 2 at DAUID 35204404
2025-04-30 00:22:37,038 - ethnicity_interaction_visualization - INFO - No significant interactions found for Ethnicity 3 at DAUID 35204404
2025-04-30 00:22:37,038 - ethnicity_interaction_visualization - INFO - No significant interactions found for Ethnicity 4 at DAUID 35204404
2025-04-30 00:22:37,038 - ethnicity_interaction_visualization - INFO - No significant interactions found for Ethnicity 0 at DAUID 35202130
2025-04-30 00:22:37,038 - ethnicity_interaction_visualization - INFO - No significant interactions found for Ethnicity 1 at DAUID 35202130
2025-04-30 00:22:37,038 - ethnicity_interaction_visualization - INFO - No significant interactions found for Ethnicity 2 at DAUID 35202130
2025-04-30 00:22:37,038 - ethnicity_interaction_visualization - INFO - No significant interactions found for Ethnicity 3 at DAUID 35202130
2025-04-30 00:22:37,038 - ethnicity_interaction_visualization - INFO - No significant interactions found for Ethnicity 4 at DAUID 35202130
2025-04-30 00:22:37,038 - ethnicity_interaction_visualization - INFO - No significant interactions found for Ethnicity 0 at DAUID 35204844
2025-04-30 00:22:37,038 - ethnicity_interaction_visualization - INFO - No significant interactions found for Ethnicity 1 at DAUID 35204844
2025-04-30 00:22:37,038 - ethnicity_interaction_visualization - INFO - No significant interactions found for Ethnicity 2 at DAUID 35204844
2025-04-30 00:22:37,038 - ethnicity_interaction_visualization - INFO - No significant interactions found for Ethnicity 3 at DAUID 35204844
2025-04-30 00:22:37,039 - ethnicity_interaction_visualization - INFO - No significant interactions found for Ethnicity 4 at DAUID 35204844
2025-04-30 00:22:37,039 - ethnicity_interaction_visualization - INFO - No significant interactions found for Ethnicity 0 at DAUID 35204039
2025-04-30 00:22:37,039 - ethnicity_interaction_visualization - INFO - No significant interactions found for Ethnicity 1 at DAUID 35204039
2025-04-30 00:22:37,039 - ethnicity_interaction_visualization - INFO - No significant interactions found for Ethnicity 2 at DAUID 35204039
2025-04-30 00:22:37,039 - ethnicity_interaction_visualization - INFO - No significant interactions found for Ethnicity 3 at DAUID 35204039
2025-04-30 00:22:37,039 - ethnicity_interaction_visualization - INFO - No significant interactions found for Ethnicity 4 at DAUID 35204039
2025-04-30 00:22:37,039 - ethnicity_interaction_visualization - INFO - No significant interactions found for Ethnicity 0 at DAUID 35202598
2025-04-30 00:22:37,039 - ethnicity_interaction_visualization - INFO - No significant interactions found for Ethnicity 1 at DAUID 35202598
2025-04-30 00:22:37,039 - ethnicity_interaction_visualization - INFO - No significant interactions found for Ethnicity 2 at DAUID 35202598
2025-04-30 00:22:37,039 - ethnicity_interaction_visualization - INFO - No significant interactions found for Ethnicity 3 at DAUID 35202598
2025-04-30 00:22:37,039 - ethnicity_interaction_visualization - INFO - No significant interactions found for Ethnicity 4 at DAUID 35202598
2025-04-30 00:22:37,039 - ethnicity_interaction_visualization - INFO - No significant interactions found for Ethnicity 0 at DAUID 35203753
2025-04-30 00:22:37,039 - ethnicity_interaction_visualization - INFO - No significant interactions found for Ethnicity 1 at DAUID 35203753
2025-04-30 00:22:37,039 - ethnicity_interaction_visualization - INFO - No significant interactions found for Ethnicity 2 at DAUID 35203753
2025-04-30 00:22:37,039 - ethnicity_interaction_visualization - INFO - No significant interactions found for Ethnicity 3 at DAUID 35203753
2025-04-30 00:22:37,039 - ethnicity_interaction_visualization - INFO - No significant interactions found for Ethnicity 4 at DAUID 35203753
2025-04-30 00:22:37,040 - ethnicity_interaction_visualization - INFO - No significant interactions found for Ethnicity 0 at DAUID 35204810
2025-04-30 00:22:37,040 - ethnicity_interaction_visualization - INFO - No significant interactions found for Ethnicity 1 at DAUID 35204810
2025-04-30 00:22:37,040 - ethnicity_interaction_visualization - INFO - No significant interactions found for Ethnicity 2 at DAUID 35204810
2025-04-30 00:22:37,040 - ethnicity_interaction_visualization - INFO - No significant interactions found for Ethnicity 3 at DAUID 35204810
2025-04-30 00:22:37,040 - ethnicity_interaction_visualization - INFO - No significant interactions found for Ethnicity 4 at DAUID 35204810
2025-04-30 00:22:37,040 - ethnicity_interaction_visualization - INFO - No significant interactions found for Ethnicity 0 at DAUID 35201219
2025-04-30 00:22:37,040 - ethnicity_interaction_visualization - INFO - No significant interactions found for Ethnicity 1 at DAUID 35201219
2025-04-30 00:22:37,040 - ethnicity_interaction_visualization - INFO - No significant interactions found for Ethnicity 2 at DAUID 35201219
2025-04-30 00:22:37,040 - ethnicity_interaction_visualization - INFO - No significant interactions found for Ethnicity 3 at DAUID 35201219
2025-04-30 00:22:37,040 - ethnicity_interaction_visualization - INFO - No significant interactions found for Ethnicity 4 at DAUID 35201219
2025-04-30 00:22:37,040 - ethnicity_interaction_visualization - INFO - No significant interactions found for Ethnicity 0 at DAUID 35200707
2025-04-30 00:22:37,040 - ethnicity_interaction_visualization - INFO - No significant interactions found for Ethnicity 1 at DAUID 35200707
2025-04-30 00:22:37,040 - ethnicity_interaction_visualization - INFO - No significant interactions found for Ethnicity 2 at DAUID 35200707
2025-04-30 00:22:37,040 - ethnicity_interaction_visualization - INFO - No significant interactions found for Ethnicity 3 at DAUID 35200707
2025-04-30 00:22:37,040 - ethnicity_interaction_visualization - INFO - No significant interactions found for Ethnicity 4 at DAUID 35200707
2025-04-30 00:22:37,040 - ethnicity_interaction_visualization - INFO - No significant interactions found for Ethnicity 0 at DAUID 35202305
2025-04-30 00:22:37,041 - ethnicity_interaction_visualization - INFO - No significant interactions found for Ethnicity 1 at DAUID 35202305
2025-04-30 00:22:37,041 - ethnicity_interaction_visualization - INFO - No significant interactions found for Ethnicity 2 at DAUID 35202305
2025-04-30 00:22:37,041 - ethnicity_interaction_visualization - INFO - No significant interactions found for Ethnicity 3 at DAUID 35202305
2025-04-30 00:22:37,041 - ethnicity_interaction_visualization - INFO - No significant interactions found for Ethnicity 4 at DAUID 35202305
2025-04-30 00:22:37,041 - ethnicity_interaction_visualization - INFO - No significant interactions found for Ethnicity 0 at DAUID 35204020
2025-04-30 00:22:37,041 - ethnicity_interaction_visualization - INFO - No significant interactions found for Ethnicity 1 at DAUID 35204020
2025-04-30 00:22:37,041 - ethnicity_interaction_visualization - INFO - No significant interactions found for Ethnicity 2 at DAUID 35204020
2025-04-30 00:22:37,041 - ethnicity_interaction_visualization - INFO - No significant interactions found for Ethnicity 3 at DAUID 35204020
2025-04-30 00:22:37,041 - ethnicity_interaction_visualization - INFO - No significant interactions found for Ethnicity 4 at DAUID 35204020
2025-04-30 00:22:37,041 - ethnicity_interaction_visualization - INFO - No significant interactions found for Ethnicity 0 at DAUID 35201015
2025-04-30 00:22:37,041 - ethnicity_interaction_visualization - INFO - No significant interactions found for Ethnicity 1 at DAUID 35201015
2025-04-30 00:22:37,041 - ethnicity_interaction_visualization - INFO - No significant interactions found for Ethnicity 2 at DAUID 35201015
2025-04-30 00:22:37,041 - ethnicity_interaction_visualization - INFO - No significant interactions found for Ethnicity 3 at DAUID 35201015
2025-04-30 00:22:37,041 - ethnicity_interaction_visualization - INFO - No significant interactions found for Ethnicity 4 at DAUID 35201015
2025-04-30 00:22:37,041 - ethnicity_interaction_visualization - INFO - No significant interactions found for Ethnicity 0 at DAUID 35202478
2025-04-30 00:22:37,042 - ethnicity_interaction_visualization - INFO - No significant interactions found for Ethnicity 1 at DAUID 35202478
2025-04-30 00:22:37,042 - ethnicity_interaction_visualization - INFO - No significant interactions found for Ethnicity 2 at DAUID 35202478
2025-04-30 00:22:37,042 - ethnicity_interaction_visualization - INFO - No significant interactions found for Ethnicity 3 at DAUID 35202478
2025-04-30 00:22:37,042 - ethnicity_interaction_visualization - INFO - No significant interactions found for Ethnicity 4 at DAUID 35202478
2025-04-30 00:22:37,042 - ethnicity_interaction_visualization - INFO - No significant interactions found for Ethnicity 0 at DAUID 35204304
2025-04-30 00:22:37,042 - ethnicity_interaction_visualization - INFO - No significant interactions found for Ethnicity 1 at DAUID 35204304
2025-04-30 00:22:37,042 - ethnicity_interaction_visualization - INFO - No significant interactions found for Ethnicity 2 at DAUID 35204304
2025-04-30 00:22:37,042 - ethnicity_interaction_visualization - INFO - No significant interactions found for Ethnicity 3 at DAUID 35204304
2025-04-30 00:22:37,042 - ethnicity_interaction_visualization - INFO - No significant interactions found for Ethnicity 4 at DAUID 35204304
2025-04-30 00:22:37,042 - ethnicity_interaction_visualization - INFO - No significant interactions found for Ethnicity 0 at DAUID 35201126
2025-04-30 00:22:37,042 - ethnicity_interaction_visualization - INFO - No significant interactions found for Ethnicity 1 at DAUID 35201126
2025-04-30 00:22:37,043 - ethnicity_interaction_visualization - INFO - No significant interactions found for Ethnicity 2 at DAUID 35201126
2025-04-30 00:22:37,043 - ethnicity_interaction_visualization - INFO - No significant interactions found for Ethnicity 3 at DAUID 35201126
2025-04-30 00:22:37,043 - ethnicity_interaction_visualization - INFO - No significant interactions found for Ethnicity 4 at DAUID 35201126
2025-04-30 00:22:37,043 - ethnicity_interaction_visualization - INFO - No significant interactions found for Ethnicity 0 at DAUID 35204927
2025-04-30 00:22:37,043 - ethnicity_interaction_visualization - INFO - No significant interactions found for Ethnicity 1 at DAUID 35204927
2025-04-30 00:22:37,043 - ethnicity_interaction_visualization - INFO - No significant interactions found for Ethnicity 2 at DAUID 35204927
2025-04-30 00:22:37,043 - ethnicity_interaction_visualization - INFO - No significant interactions found for Ethnicity 3 at DAUID 35204927
2025-04-30 00:22:37,043 - ethnicity_interaction_visualization - INFO - No significant interactions found for Ethnicity 4 at DAUID 35204927
2025-04-30 00:22:37,043 - ethnicity_interaction_visualization - INFO - No significant interactions found for Ethnicity 0 at DAUID 35205024
2025-04-30 00:22:37,043 - ethnicity_interaction_visualization - INFO - No significant interactions found for Ethnicity 1 at DAUID 35205024
2025-04-30 00:22:37,043 - ethnicity_interaction_visualization - INFO - No significant interactions found for Ethnicity 2 at DAUID 35205024
2025-04-30 00:22:37,043 - ethnicity_interaction_visualization - INFO - No significant interactions found for Ethnicity 3 at DAUID 35205024
2025-04-30 00:22:37,043 - ethnicity_interaction_visualization - INFO - No significant interactions found for Ethnicity 4 at DAUID 35205024
2025-04-30 00:22:37,043 - ethnicity_interaction_visualization - INFO - No significant interactions found for Ethnicity 0 at DAUID 35204398
2025-04-30 00:22:37,043 - ethnicity_interaction_visualization - INFO - No significant interactions found for Ethnicity 1 at DAUID 35204398
2025-04-30 00:22:37,043 - ethnicity_interaction_visualization - INFO - No significant interactions found for Ethnicity 2 at DAUID 35204398
2025-04-30 00:22:37,044 - ethnicity_interaction_visualization - INFO - No significant interactions found for Ethnicity 3 at DAUID 35204398
2025-04-30 00:22:37,044 - ethnicity_interaction_visualization - INFO - No significant interactions found for Ethnicity 4 at DAUID 35204398
2025-04-30 00:22:37,044 - ethnicity_interaction_visualization - INFO - No significant interactions found for Ethnicity 0 at DAUID 35204544
2025-04-30 00:22:37,044 - ethnicity_interaction_visualization - INFO - No significant interactions found for Ethnicity 1 at DAUID 35204544
2025-04-30 00:22:37,044 - ethnicity_interaction_visualization - INFO - No significant interactions found for Ethnicity 2 at DAUID 35204544
2025-04-30 00:22:37,044 - ethnicity_interaction_visualization - INFO - No significant interactions found for Ethnicity 3 at DAUID 35204544
2025-04-30 00:22:37,044 - ethnicity_interaction_visualization - INFO - No significant interactions found for Ethnicity 4 at DAUID 35204544
2025-04-30 00:22:37,044 - ethnicity_interaction_visualization - INFO - No significant interactions found for Ethnicity 0 at DAUID 35201839
2025-04-30 00:22:37,044 - ethnicity_interaction_visualization - INFO - No significant interactions found for Ethnicity 1 at DAUID 35201839
2025-04-30 00:22:37,044 - ethnicity_interaction_visualization - INFO - No significant interactions found for Ethnicity 2 at DAUID 35201839
2025-04-30 00:22:37,044 - ethnicity_interaction_visualization - INFO - No significant interactions found for Ethnicity 3 at DAUID 35201839
2025-04-30 00:22:37,044 - ethnicity_interaction_visualization - INFO - No significant interactions found for Ethnicity 4 at DAUID 35201839
2025-04-30 00:22:37,044 - ethnicity_interaction_visualization - INFO - No significant interactions found for Ethnicity 0 at DAUID 35203657
2025-04-30 00:22:37,044 - ethnicity_interaction_visualization - INFO - No significant interactions found for Ethnicity 1 at DAUID 35203657
2025-04-30 00:22:37,044 - ethnicity_interaction_visualization - INFO - No significant interactions found for Ethnicity 2 at DAUID 35203657
2025-04-30 00:22:37,044 - ethnicity_interaction_visualization - INFO - No significant interactions found for Ethnicity 3 at DAUID 35203657
2025-04-30 00:22:37,044 - ethnicity_interaction_visualization - INFO - No significant interactions found for Ethnicity 4 at DAUID 35203657
2025-04-30 00:22:37,045 - ethnicity_interaction_visualization - INFO - No significant interactions found for Ethnicity 0 at DAUID 35203893
2025-04-30 00:22:37,045 - ethnicity_interaction_visualization - INFO - No significant interactions found for Ethnicity 1 at DAUID 35203893
2025-04-30 00:22:37,045 - ethnicity_interaction_visualization - INFO - No significant interactions found for Ethnicity 2 at DAUID 35203893
2025-04-30 00:22:37,045 - ethnicity_interaction_visualization - INFO - No significant interactions found for Ethnicity 3 at DAUID 35203893
2025-04-30 00:22:37,045 - ethnicity_interaction_visualization - INFO - No significant interactions found for Ethnicity 4 at DAUID 35203893
2025-04-30 00:22:37,045 - ethnicity_interaction_visualization - INFO - No significant interactions found for Ethnicity 0 at DAUID 35202992
2025-04-30 00:22:37,045 - ethnicity_interaction_visualization - INFO - No significant interactions found for Ethnicity 1 at DAUID 35202992
2025-04-30 00:22:37,045 - ethnicity_interaction_visualization - INFO - No significant interactions found for Ethnicity 2 at DAUID 35202992
2025-04-30 00:22:37,045 - ethnicity_interaction_visualization - INFO - No significant interactions found for Ethnicity 3 at DAUID 35202992
2025-04-30 00:22:37,045 - ethnicity_interaction_visualization - INFO - No significant interactions found for Ethnicity 4 at DAUID 35202992
2025-04-30 00:22:37,045 - ethnicity_interaction_visualization - INFO - No significant interactions found for Ethnicity 0 at DAUID 35204466
2025-04-30 00:22:37,045 - ethnicity_interaction_visualization - INFO - No significant interactions found for Ethnicity 1 at DAUID 35204466
2025-04-30 00:22:37,045 - ethnicity_interaction_visualization - INFO - No significant interactions found for Ethnicity 2 at DAUID 35204466
2025-04-30 00:22:37,045 - ethnicity_interaction_visualization - INFO - No significant interactions found for Ethnicity 3 at DAUID 35204466
2025-04-30 00:22:37,045 - ethnicity_interaction_visualization - INFO - No significant interactions found for Ethnicity 4 at DAUID 35204466
2025-04-30 00:22:37,045 - ethnicity_interaction_visualization - INFO - No significant interactions found for Ethnicity 0 at DAUID 35200516
2025-04-30 00:22:37,046 - ethnicity_interaction_visualization - INFO - No significant interactions found for Ethnicity 1 at DAUID 35200516
2025-04-30 00:22:37,046 - ethnicity_interaction_visualization - INFO - No significant interactions found for Ethnicity 2 at DAUID 35200516
2025-04-30 00:22:37,046 - ethnicity_interaction_visualization - INFO - No significant interactions found for Ethnicity 3 at DAUID 35200516
2025-04-30 00:22:37,046 - ethnicity_interaction_visualization - INFO - No significant interactions found for Ethnicity 4 at DAUID 35200516
2025-04-30 00:22:37,046 - ethnicity_interaction_visualization - INFO - No significant interactions found for Ethnicity 0 at DAUID 35200402
2025-04-30 00:22:37,046 - ethnicity_interaction_visualization - INFO - No significant interactions found for Ethnicity 1 at DAUID 35200402
2025-04-30 00:22:37,046 - ethnicity_interaction_visualization - INFO - No significant interactions found for Ethnicity 2 at DAUID 35200402
2025-04-30 00:22:37,046 - ethnicity_interaction_visualization - INFO - No significant interactions found for Ethnicity 3 at DAUID 35200402
2025-04-30 00:22:37,046 - ethnicity_interaction_visualization - INFO - No significant interactions found for Ethnicity 4 at DAUID 35200402
2025-04-30 00:22:37,046 - ethnicity_interaction_visualization - INFO - No significant interactions found for Ethnicity 0 at DAUID 35204918
2025-04-30 00:22:37,046 - ethnicity_interaction_visualization - INFO - No significant interactions found for Ethnicity 1 at DAUID 35204918
2025-04-30 00:22:37,046 - ethnicity_interaction_visualization - INFO - No significant interactions found for Ethnicity 2 at DAUID 35204918
2025-04-30 00:22:37,046 - ethnicity_interaction_visualization - INFO - No significant interactions found for Ethnicity 3 at DAUID 35204918
2025-04-30 00:22:37,046 - ethnicity_interaction_visualization - INFO - No significant interactions found for Ethnicity 4 at DAUID 35204918
2025-04-30 00:22:37,047 - ethnicity_interaction_visualization - INFO - No significant interactions found for Ethnicity 0 at DAUID 35200772
2025-04-30 00:22:37,047 - ethnicity_interaction_visualization - INFO - No significant interactions found for Ethnicity 1 at DAUID 35200772
2025-04-30 00:22:37,047 - ethnicity_interaction_visualization - INFO - No significant interactions found for Ethnicity 2 at DAUID 35200772
2025-04-30 00:22:37,047 - ethnicity_interaction_visualization - INFO - No significant interactions found for Ethnicity 3 at DAUID 35200772
2025-04-30 00:22:37,047 - ethnicity_interaction_visualization - INFO - No significant interactions found for Ethnicity 4 at DAUID 35200772
2025-04-30 00:22:37,047 - ethnicity_interaction_visualization - INFO - No significant interactions found for Ethnicity 0 at DAUID 35200691
2025-04-30 00:22:37,047 - ethnicity_interaction_visualization - INFO - No significant interactions found for Ethnicity 1 at DAUID 35200691
2025-04-30 00:22:37,047 - ethnicity_interaction_visualization - INFO - No significant interactions found for Ethnicity 2 at DAUID 35200691
2025-04-30 00:22:37,047 - ethnicity_interaction_visualization - INFO - No significant interactions found for Ethnicity 3 at DAUID 35200691
2025-04-30 00:22:37,047 - ethnicity_interaction_visualization - INFO - No significant interactions found for Ethnicity 4 at DAUID 35200691
2025-04-30 00:22:37,047 - ethnicity_interaction_visualization - INFO - No significant interactions found for Ethnicity 0 at DAUID 35203315
2025-04-30 00:22:37,048 - ethnicity_interaction_visualization - INFO - No significant interactions found for Ethnicity 1 at DAUID 35203315
2025-04-30 00:22:37,048 - ethnicity_interaction_visualization - INFO - No significant interactions found for Ethnicity 2 at DAUID 35203315
2025-04-30 00:22:37,048 - ethnicity_interaction_visualization - INFO - No significant interactions found for Ethnicity 3 at DAUID 35203315
2025-04-30 00:22:37,048 - ethnicity_interaction_visualization - INFO - No significant interactions found for Ethnicity 4 at DAUID 35203315
2025-04-30 00:22:37,048 - ethnicity_interaction_visualization - INFO - No significant interactions found for Ethnicity 0 at DAUID 35200923
2025-04-30 00:22:37,048 - ethnicity_interaction_visualization - INFO - No significant interactions found for Ethnicity 1 at DAUID 35200923
2025-04-30 00:22:37,048 - ethnicity_interaction_visualization - INFO - No significant interactions found for Ethnicity 2 at DAUID 35200923
2025-04-30 00:22:37,048 - ethnicity_interaction_visualization - INFO - No significant interactions found for Ethnicity 3 at DAUID 35200923
2025-04-30 00:22:37,048 - ethnicity_interaction_visualization - INFO - No significant interactions found for Ethnicity 4 at DAUID 35200923
2025-04-30 00:22:37,048 - ethnicity_interaction_visualization - INFO - No significant interactions found for Ethnicity 0 at DAUID 35202568
2025-04-30 00:22:37,048 - ethnicity_interaction_visualization - INFO - No significant interactions found for Ethnicity 1 at DAUID 35202568
2025-04-30 00:22:37,048 - ethnicity_interaction_visualization - INFO - No significant interactions found for Ethnicity 2 at DAUID 35202568
2025-04-30 00:22:37,048 - ethnicity_interaction_visualization - INFO - No significant interactions found for Ethnicity 3 at DAUID 35202568
2025-04-30 00:22:37,048 - ethnicity_interaction_visualization - INFO - No significant interactions found for Ethnicity 4 at DAUID 35202568
2025-04-30 00:22:37,048 - ethnicity_interaction_visualization - INFO - No significant interactions found for Ethnicity 0 at DAUID 35201587
2025-04-30 00:22:37,048 - ethnicity_interaction_visualization - INFO - No significant interactions found for Ethnicity 1 at DAUID 35201587
2025-04-30 00:22:37,049 - ethnicity_interaction_visualization - INFO - No significant interactions found for Ethnicity 2 at DAUID 35201587
2025-04-30 00:22:37,049 - ethnicity_interaction_visualization - INFO - No significant interactions found for Ethnicity 3 at DAUID 35201587
2025-04-30 00:22:37,049 - ethnicity_interaction_visualization - INFO - No significant interactions found for Ethnicity 4 at DAUID 35201587
2025-04-30 00:22:37,049 - ethnicity_interaction_visualization - INFO - No significant interactions found for Ethnicity 0 at DAUID 35204935
2025-04-30 00:22:37,049 - ethnicity_interaction_visualization - INFO - No significant interactions found for Ethnicity 1 at DAUID 35204935
2025-04-30 00:22:37,049 - ethnicity_interaction_visualization - INFO - No significant interactions found for Ethnicity 2 at DAUID 35204935
2025-04-30 00:22:37,049 - ethnicity_interaction_visualization - INFO - No significant interactions found for Ethnicity 3 at DAUID 35204935
2025-04-30 00:22:37,049 - ethnicity_interaction_visualization - INFO - No significant interactions found for Ethnicity 4 at DAUID 35204935
2025-04-30 00:22:37,049 - ethnicity_interaction_visualization - INFO - No significant interactions found for Ethnicity 0 at DAUID 35202685
2025-04-30 00:22:37,049 - ethnicity_interaction_visualization - INFO - No significant interactions found for Ethnicity 1 at DAUID 35202685
2025-04-30 00:22:37,049 - ethnicity_interaction_visualization - INFO - No significant interactions found for Ethnicity 2 at DAUID 35202685
2025-04-30 00:22:37,049 - ethnicity_interaction_visualization - INFO - No significant interactions found for Ethnicity 3 at DAUID 35202685
2025-04-30 00:22:37,049 - ethnicity_interaction_visualization - INFO - No significant interactions found for Ethnicity 4 at DAUID 35202685
2025-04-30 00:22:37,049 - ethnicity_interaction_visualization - INFO - No significant interactions found for Ethnicity 0 at DAUID 35202899
2025-04-30 00:22:37,050 - ethnicity_interaction_visualization - INFO - No significant interactions found for Ethnicity 1 at DAUID 35202899
2025-04-30 00:22:37,050 - ethnicity_interaction_visualization - INFO - No significant interactions found for Ethnicity 2 at DAUID 35202899
2025-04-30 00:22:37,050 - ethnicity_interaction_visualization - INFO - No significant interactions found for Ethnicity 3 at DAUID 35202899
2025-04-30 00:22:37,050 - ethnicity_interaction_visualization - INFO - No significant interactions found for Ethnicity 4 at DAUID 35202899
2025-04-30 00:22:37,050 - ethnicity_interaction_visualization - INFO - No significant interactions found for Ethnicity 0 at DAUID 35204021
2025-04-30 00:22:37,050 - ethnicity_interaction_visualization - INFO - No significant interactions found for Ethnicity 1 at DAUID 35204021
2025-04-30 00:22:37,050 - ethnicity_interaction_visualization - INFO - No significant interactions found for Ethnicity 2 at DAUID 35204021
2025-04-30 00:22:37,050 - ethnicity_interaction_visualization - INFO - No significant interactions found for Ethnicity 3 at DAUID 35204021
2025-04-30 00:22:37,050 - ethnicity_interaction_visualization - INFO - No significant interactions found for Ethnicity 4 at DAUID 35204021
2025-04-30 00:22:37,050 - ethnicity_interaction_visualization - INFO - No significant interactions found for Ethnicity 0 at DAUID 35202511
2025-04-30 00:22:37,050 - ethnicity_interaction_visualization - INFO - No significant interactions found for Ethnicity 1 at DAUID 35202511
2025-04-30 00:22:37,050 - ethnicity_interaction_visualization - INFO - No significant interactions found for Ethnicity 2 at DAUID 35202511
2025-04-30 00:22:37,050 - ethnicity_interaction_visualization - INFO - No significant interactions found for Ethnicity 3 at DAUID 35202511
2025-04-30 00:22:37,050 - ethnicity_interaction_visualization - INFO - No significant interactions found for Ethnicity 4 at DAUID 35202511
2025-04-30 00:22:37,050 - ethnicity_interaction_visualization - INFO - No significant interactions found for Ethnicity 0 at DAUID 35202675
2025-04-30 00:22:37,050 - ethnicity_interaction_visualization - INFO - No significant interactions found for Ethnicity 1 at DAUID 35202675
2025-04-30 00:22:37,051 - ethnicity_interaction_visualization - INFO - No significant interactions found for Ethnicity 2 at DAUID 35202675
2025-04-30 00:22:37,051 - ethnicity_interaction_visualization - INFO - No significant interactions found for Ethnicity 3 at DAUID 35202675
2025-04-30 00:22:37,051 - ethnicity_interaction_visualization - INFO - No significant interactions found for Ethnicity 4 at DAUID 35202675
2025-04-30 00:22:37,051 - ethnicity_interaction_visualization - INFO - No significant interactions found for Ethnicity 0 at DAUID 35201588
2025-04-30 00:22:37,051 - ethnicity_interaction_visualization - INFO - No significant interactions found for Ethnicity 1 at DAUID 35201588
2025-04-30 00:22:37,051 - ethnicity_interaction_visualization - INFO - No significant interactions found for Ethnicity 2 at DAUID 35201588
2025-04-30 00:22:37,051 - ethnicity_interaction_visualization - INFO - No significant interactions found for Ethnicity 3 at DAUID 35201588
2025-04-30 00:22:37,051 - ethnicity_interaction_visualization - INFO - No significant interactions found for Ethnicity 4 at DAUID 35201588
2025-04-30 00:22:37,051 - ethnicity_interaction_visualization - INFO - No significant interactions found for Ethnicity 0 at DAUID 35201278
2025-04-30 00:22:37,051 - ethnicity_interaction_visualization - INFO - No significant interactions found for Ethnicity 1 at DAUID 35201278
2025-04-30 00:22:37,051 - ethnicity_interaction_visualization - INFO - No significant interactions found for Ethnicity 2 at DAUID 35201278
2025-04-30 00:22:37,051 - ethnicity_interaction_visualization - INFO - No significant interactions found for Ethnicity 3 at DAUID 35201278
2025-04-30 00:22:37,051 - ethnicity_interaction_visualization - INFO - No significant interactions found for Ethnicity 4 at DAUID 35201278
2025-04-30 00:22:37,051 - ethnicity_interaction_visualization - INFO - No significant interactions found for Ethnicity 0 at DAUID 35204509
2025-04-30 00:22:37,051 - ethnicity_interaction_visualization - INFO - No significant interactions found for Ethnicity 1 at DAUID 35204509
2025-04-30 00:22:37,052 - ethnicity_interaction_visualization - INFO - No significant interactions found for Ethnicity 2 at DAUID 35204509
2025-04-30 00:22:37,052 - ethnicity_interaction_visualization - INFO - No significant interactions found for Ethnicity 3 at DAUID 35204509
2025-04-30 00:22:37,052 - ethnicity_interaction_visualization - INFO - No significant interactions found for Ethnicity 4 at DAUID 35204509
2025-04-30 00:22:37,052 - ethnicity_interaction_visualization - INFO - No significant interactions found for Ethnicity 0 at DAUID 35204291
2025-04-30 00:22:37,052 - ethnicity_interaction_visualization - INFO - No significant interactions found for Ethnicity 1 at DAUID 35204291
2025-04-30 00:22:37,052 - ethnicity_interaction_visualization - INFO - No significant interactions found for Ethnicity 2 at DAUID 35204291
2025-04-30 00:22:37,052 - ethnicity_interaction_visualization - INFO - No significant interactions found for Ethnicity 3 at DAUID 35204291
2025-04-30 00:22:37,052 - ethnicity_interaction_visualization - INFO - No significant interactions found for Ethnicity 4 at DAUID 35204291
2025-04-30 00:22:37,052 - ethnicity_interaction_visualization - INFO - No significant interactions found for Ethnicity 0 at DAUID 35204042
2025-04-30 00:22:37,052 - ethnicity_interaction_visualization - INFO - No significant interactions found for Ethnicity 1 at DAUID 35204042
2025-04-30 00:22:37,052 - ethnicity_interaction_visualization - INFO - No significant interactions found for Ethnicity 2 at DAUID 35204042
2025-04-30 00:22:37,053 - ethnicity_interaction_visualization - INFO - No significant interactions found for Ethnicity 3 at DAUID 35204042
2025-04-30 00:22:37,053 - ethnicity_interaction_visualization - INFO - No significant interactions found for Ethnicity 4 at DAUID 35204042
2025-04-30 00:22:37,053 - ethnicity_interaction_visualization - INFO - No significant interactions found for Ethnicity 0 at DAUID 35204808
2025-04-30 00:22:37,053 - ethnicity_interaction_visualization - INFO - No significant interactions found for Ethnicity 1 at DAUID 35204808
2025-04-30 00:22:37,053 - ethnicity_interaction_visualization - INFO - No significant interactions found for Ethnicity 2 at DAUID 35204808
2025-04-30 00:22:37,053 - ethnicity_interaction_visualization - INFO - No significant interactions found for Ethnicity 3 at DAUID 35204808
2025-04-30 00:22:37,053 - ethnicity_interaction_visualization - INFO - No significant interactions found for Ethnicity 4 at DAUID 35204808
2025-04-30 00:22:37,053 - ethnicity_interaction_visualization - INFO - No significant interactions found for Ethnicity 0 at DAUID 35200373
2025-04-30 00:22:37,053 - ethnicity_interaction_visualization - INFO - No significant interactions found for Ethnicity 1 at DAUID 35200373
2025-04-30 00:22:37,053 - ethnicity_interaction_visualization - INFO - No significant interactions found for Ethnicity 2 at DAUID 35200373
2025-04-30 00:22:37,053 - ethnicity_interaction_visualization - INFO - No significant interactions found for Ethnicity 3 at DAUID 35200373
2025-04-30 00:22:37,053 - ethnicity_interaction_visualization - INFO - No significant interactions found for Ethnicity 4 at DAUID 35200373
2025-04-30 00:22:37,053 - ethnicity_interaction_visualization - INFO - No significant interactions found for Ethnicity 0 at DAUID 35203043
2025-04-30 00:22:37,053 - ethnicity_interaction_visualization - INFO - No significant interactions found for Ethnicity 1 at DAUID 35203043
2025-04-30 00:22:37,053 - ethnicity_interaction_visualization - INFO - No significant interactions found for Ethnicity 2 at DAUID 35203043
2025-04-30 00:22:37,054 - ethnicity_interaction_visualization - INFO - No significant interactions found for Ethnicity 3 at DAUID 35203043
2025-04-30 00:22:37,054 - ethnicity_interaction_visualization - INFO - No significant interactions found for Ethnicity 4 at DAUID 35203043
2025-04-30 00:22:37,054 - ethnicity_interaction_visualization - INFO - No significant interactions found for Ethnicity 0 at DAUID 35204321
2025-04-30 00:22:37,054 - ethnicity_interaction_visualization - INFO - No significant interactions found for Ethnicity 1 at DAUID 35204321
2025-04-30 00:22:37,054 - ethnicity_interaction_visualization - INFO - No significant interactions found for Ethnicity 2 at DAUID 35204321
2025-04-30 00:22:37,054 - ethnicity_interaction_visualization - INFO - No significant interactions found for Ethnicity 3 at DAUID 35204321
2025-04-30 00:22:37,054 - ethnicity_interaction_visualization - INFO - No significant interactions found for Ethnicity 4 at DAUID 35204321
2025-04-30 00:22:37,054 - ethnicity_interaction_visualization - INFO - No significant interactions found for Ethnicity 0 at DAUID 35203029
2025-04-30 00:22:37,054 - ethnicity_interaction_visualization - INFO - No significant interactions found for Ethnicity 1 at DAUID 35203029
2025-04-30 00:22:37,054 - ethnicity_interaction_visualization - INFO - No significant interactions found for Ethnicity 2 at DAUID 35203029
2025-04-30 00:22:37,054 - ethnicity_interaction_visualization - INFO - No significant interactions found for Ethnicity 3 at DAUID 35203029
2025-04-30 00:22:37,054 - ethnicity_interaction_visualization - INFO - No significant interactions found for Ethnicity 4 at DAUID 35203029
2025-04-30 00:22:37,054 - ethnicity_interaction_visualization - INFO - No significant interactions found for Ethnicity 0 at DAUID 35204848
2025-04-30 00:22:37,054 - ethnicity_interaction_visualization - INFO - No significant interactions found for Ethnicity 1 at DAUID 35204848
2025-04-30 00:22:37,054 - ethnicity_interaction_visualization - INFO - No significant interactions found for Ethnicity 2 at DAUID 35204848
2025-04-30 00:22:37,054 - ethnicity_interaction_visualization - INFO - No significant interactions found for Ethnicity 3 at DAUID 35204848
2025-04-30 00:22:37,055 - ethnicity_interaction_visualization - INFO - No significant interactions found for Ethnicity 4 at DAUID 35204848
2025-04-30 00:22:37,055 - ethnicity_interaction_visualization - INFO - No significant interactions found for Ethnicity 0 at DAUID 35202409
2025-04-30 00:22:37,055 - ethnicity_interaction_visualization - INFO - No significant interactions found for Ethnicity 1 at DAUID 35202409
2025-04-30 00:22:37,055 - ethnicity_interaction_visualization - INFO - No significant interactions found for Ethnicity 2 at DAUID 35202409
2025-04-30 00:22:37,055 - ethnicity_interaction_visualization - INFO - No significant interactions found for Ethnicity 3 at DAUID 35202409
2025-04-30 00:22:37,055 - ethnicity_interaction_visualization - INFO - No significant interactions found for Ethnicity 4 at DAUID 35202409
2025-04-30 00:22:37,055 - ethnicity_interaction_visualization - INFO - No significant interactions found for Ethnicity 0 at DAUID 35200092
2025-04-30 00:22:37,055 - ethnicity_interaction_visualization - INFO - No significant interactions found for Ethnicity 1 at DAUID 35200092
2025-04-30 00:22:37,055 - ethnicity_interaction_visualization - INFO - No significant interactions found for Ethnicity 2 at DAUID 35200092
2025-04-30 00:22:37,055 - ethnicity_interaction_visualization - INFO - No significant interactions found for Ethnicity 3 at DAUID 35200092
2025-04-30 00:22:37,055 - ethnicity_interaction_visualization - INFO - No significant interactions found for Ethnicity 4 at DAUID 35200092
2025-04-30 00:22:37,055 - ethnicity_interaction_visualization - INFO - No significant interactions found for Ethnicity 0 at DAUID 35203420
2025-04-30 00:22:37,055 - ethnicity_interaction_visualization - INFO - No significant interactions found for Ethnicity 1 at DAUID 35203420
2025-04-30 00:22:37,055 - ethnicity_interaction_visualization - INFO - No significant interactions found for Ethnicity 2 at DAUID 35203420
2025-04-30 00:22:37,056 - ethnicity_interaction_visualization - INFO - No significant interactions found for Ethnicity 3 at DAUID 35203420
2025-04-30 00:22:37,056 - ethnicity_interaction_visualization - INFO - No significant interactions found for Ethnicity 4 at DAUID 35203420
2025-04-30 00:22:37,056 - ethnicity_interaction_visualization - INFO - No significant interactions found for Ethnicity 0 at DAUID 35202891
2025-04-30 00:22:37,056 - ethnicity_interaction_visualization - INFO - No significant interactions found for Ethnicity 1 at DAUID 35202891
2025-04-30 00:22:37,056 - ethnicity_interaction_visualization - INFO - No significant interactions found for Ethnicity 2 at DAUID 35202891
2025-04-30 00:22:37,056 - ethnicity_interaction_visualization - INFO - No significant interactions found for Ethnicity 3 at DAUID 35202891
2025-04-30 00:22:37,056 - ethnicity_interaction_visualization - INFO - No significant interactions found for Ethnicity 4 at DAUID 35202891
2025-04-30 00:22:37,056 - ethnicity_interaction_visualization - INFO - No significant interactions found for Ethnicity 0 at DAUID 35202653
2025-04-30 00:22:37,056 - ethnicity_interaction_visualization - INFO - No significant interactions found for Ethnicity 1 at DAUID 35202653
2025-04-30 00:22:37,056 - ethnicity_interaction_visualization - INFO - No significant interactions found for Ethnicity 2 at DAUID 35202653
2025-04-30 00:22:37,056 - ethnicity_interaction_visualization - INFO - No significant interactions found for Ethnicity 3 at DAUID 35202653
2025-04-30 00:22:37,056 - ethnicity_interaction_visualization - INFO - No significant interactions found for Ethnicity 4 at DAUID 35202653
2025-04-30 00:22:37,056 - ethnicity_interaction_visualization - INFO - No significant interactions found for Ethnicity 0 at DAUID 35204378
2025-04-30 00:22:37,056 - ethnicity_interaction_visualization - INFO - No significant interactions found for Ethnicity 1 at DAUID 35204378
2025-04-30 00:22:37,056 - ethnicity_interaction_visualization - INFO - No significant interactions found for Ethnicity 2 at DAUID 35204378
2025-04-30 00:22:37,056 - ethnicity_interaction_visualization - INFO - No significant interactions found for Ethnicity 3 at DAUID 35204378
2025-04-30 00:22:37,056 - ethnicity_interaction_visualization - INFO - No significant interactions found for Ethnicity 4 at DAUID 35204378
2025-04-30 00:22:37,056 - ethnicity_interaction_visualization - INFO - No significant interactions found for Ethnicity 0 at DAUID 35204541
2025-04-30 00:22:37,056 - ethnicity_interaction_visualization - INFO - No significant interactions found for Ethnicity 1 at DAUID 35204541
2025-04-30 00:22:37,056 - ethnicity_interaction_visualization - INFO - No significant interactions found for Ethnicity 2 at DAUID 35204541
2025-04-30 00:22:37,056 - ethnicity_interaction_visualization - INFO - No significant interactions found for Ethnicity 3 at DAUID 35204541
2025-04-30 00:22:37,056 - ethnicity_interaction_visualization - INFO - No significant interactions found for Ethnicity 4 at DAUID 35204541
2025-04-30 00:22:37,058 - ethnicity_interaction_visualization - INFO - No significant interactions found for Ethnicity 0 at DAUID 35202951
2025-04-30 00:22:37,058 - ethnicity_interaction_visualization - INFO - No significant interactions found for Ethnicity 1 at DAUID 35202951
2025-04-30 00:22:37,058 - ethnicity_interaction_visualization - INFO - No significant interactions found for Ethnicity 2 at DAUID 35202951
2025-04-30 00:22:37,058 - ethnicity_interaction_visualization - INFO - No significant interactions found for Ethnicity 3 at DAUID 35202951
2025-04-30 00:22:37,058 - ethnicity_interaction_visualization - INFO - No significant interactions found for Ethnicity 4 at DAUID 35202951
2025-04-30 00:22:37,058 - ethnicity_interaction_visualization - INFO - No significant interactions found for Ethnicity 0 at DAUID 35204470
2025-04-30 00:22:37,058 - ethnicity_interaction_visualization - INFO - No significant interactions found for Ethnicity 1 at DAUID 35204470
2025-04-30 00:22:37,058 - ethnicity_interaction_visualization - INFO - No significant interactions found for Ethnicity 2 at DAUID 35204470
2025-04-30 00:22:37,058 - ethnicity_interaction_visualization - INFO - No significant interactions found for Ethnicity 3 at DAUID 35204470
2025-04-30 00:22:37,058 - ethnicity_interaction_visualization - INFO - No significant interactions found for Ethnicity 4 at DAUID 35204470
2025-04-30 00:22:37,058 - ethnicity_interaction_visualization - INFO - No significant interactions found for Ethnicity 0 at DAUID 35203842
2025-04-30 00:22:37,058 - ethnicity_interaction_visualization - INFO - No significant interactions found for Ethnicity 1 at DAUID 35203842
2025-04-30 00:22:37,058 - ethnicity_interaction_visualization - INFO - No significant interactions found for Ethnicity 2 at DAUID 35203842
2025-04-30 00:22:37,058 - ethnicity_interaction_visualization - INFO - No significant interactions found for Ethnicity 3 at DAUID 35203842
2025-04-30 00:22:37,058 - ethnicity_interaction_visualization - INFO - No significant interactions found for Ethnicity 4 at DAUID 35203842
2025-04-30 00:22:37,058 - ethnicity_interaction_visualization - INFO - No significant interactions found for Ethnicity 0 at DAUID 35203269
2025-04-30 00:22:37,059 - ethnicity_interaction_visualization - INFO - No significant interactions found for Ethnicity 1 at DAUID 35203269
2025-04-30 00:22:37,059 - ethnicity_interaction_visualization - INFO - No significant interactions found for Ethnicity 2 at DAUID 35203269
2025-04-30 00:22:37,059 - ethnicity_interaction_visualization - INFO - No significant interactions found for Ethnicity 3 at DAUID 35203269
2025-04-30 00:22:37,059 - ethnicity_interaction_visualization - INFO - No significant interactions found for Ethnicity 4 at DAUID 35203269
2025-04-30 00:22:37,059 - ethnicity_interaction_visualization - INFO - No significant interactions found for Ethnicity 0 at DAUID 35200791
2025-04-30 00:22:37,059 - ethnicity_interaction_visualization - INFO - No significant interactions found for Ethnicity 1 at DAUID 35200791
2025-04-30 00:22:37,059 - ethnicity_interaction_visualization - INFO - No significant interactions found for Ethnicity 2 at DAUID 35200791
2025-04-30 00:22:37,059 - ethnicity_interaction_visualization - INFO - No significant interactions found for Ethnicity 3 at DAUID 35200791
2025-04-30 00:22:37,059 - ethnicity_interaction_visualization - INFO - No significant interactions found for Ethnicity 4 at DAUID 35200791
2025-04-30 00:22:37,059 - ethnicity_interaction_visualization - INFO - No significant interactions found for Ethnicity 0 at DAUID 35202325
2025-04-30 00:22:37,059 - ethnicity_interaction_visualization - INFO - No significant interactions found for Ethnicity 1 at DAUID 35202325
2025-04-30 00:22:37,059 - ethnicity_interaction_visualization - INFO - No significant interactions found for Ethnicity 2 at DAUID 35202325
2025-04-30 00:22:37,059 - ethnicity_interaction_visualization - INFO - No significant interactions found for Ethnicity 3 at DAUID 35202325
2025-04-30 00:22:37,059 - ethnicity_interaction_visualization - INFO - No significant interactions found for Ethnicity 4 at DAUID 35202325
2025-04-30 00:22:37,059 - ethnicity_interaction_visualization - INFO - No significant interactions found for Ethnicity 0 at DAUID 35203690
2025-04-30 00:22:37,060 - ethnicity_interaction_visualization - INFO - No significant interactions found for Ethnicity 1 at DAUID 35203690
2025-04-30 00:22:37,060 - ethnicity_interaction_visualization - INFO - No significant interactions found for Ethnicity 2 at DAUID 35203690
2025-04-30 00:22:37,060 - ethnicity_interaction_visualization - INFO - No significant interactions found for Ethnicity 3 at DAUID 35203690
2025-04-30 00:22:37,060 - ethnicity_interaction_visualization - INFO - No significant interactions found for Ethnicity 4 at DAUID 35203690
2025-04-30 00:22:37,060 - ethnicity_interaction_visualization - INFO - No significant interactions found for Ethnicity 0 at DAUID 35203193
2025-04-30 00:22:37,060 - ethnicity_interaction_visualization - INFO - No significant interactions found for Ethnicity 1 at DAUID 35203193
2025-04-30 00:22:37,060 - ethnicity_interaction_visualization - INFO - No significant interactions found for Ethnicity 2 at DAUID 35203193
2025-04-30 00:22:37,060 - ethnicity_interaction_visualization - INFO - No significant interactions found for Ethnicity 3 at DAUID 35203193
2025-04-30 00:22:37,060 - ethnicity_interaction_visualization - INFO - No significant interactions found for Ethnicity 4 at DAUID 35203193
2025-04-30 00:22:37,060 - ethnicity_interaction_visualization - INFO - No significant interactions found for Ethnicity 0 at DAUID 35201597
2025-04-30 00:22:37,061 - ethnicity_interaction_visualization - INFO - No significant interactions found for Ethnicity 1 at DAUID 35201597
2025-04-30 00:22:37,061 - ethnicity_interaction_visualization - INFO - No significant interactions found for Ethnicity 2 at DAUID 35201597
2025-04-30 00:22:37,061 - ethnicity_interaction_visualization - INFO - No significant interactions found for Ethnicity 3 at DAUID 35201597
2025-04-30 00:22:37,061 - ethnicity_interaction_visualization - INFO - No significant interactions found for Ethnicity 4 at DAUID 35201597
2025-04-30 00:22:37,061 - ethnicity_interaction_visualization - INFO - No significant interactions found for Ethnicity 0 at DAUID 35201249
2025-04-30 00:22:37,061 - ethnicity_interaction_visualization - INFO - No significant interactions found for Ethnicity 1 at DAUID 35201249
2025-04-30 00:22:37,061 - ethnicity_interaction_visualization - INFO - No significant interactions found for Ethnicity 2 at DAUID 35201249
2025-04-30 00:22:37,061 - ethnicity_interaction_visualization - INFO - No significant interactions found for Ethnicity 3 at DAUID 35201249
2025-04-30 00:22:37,061 - ethnicity_interaction_visualization - INFO - No significant interactions found for Ethnicity 4 at DAUID 35201249
2025-04-30 00:22:37,061 - ethnicity_interaction_visualization - WARNING - No flow data for ethnicities: ['Ethnicity 0', 'Ethnicity 1', 'Ethnicity 2', 'Ethnicity 3', 'Ethnicity 4']
2025-04-30 00:22:37,501 - __main__ - INFO - Loaded shapefile with 3742 geometries
2025-04-30 00:22:37,502 - __main__ - INFO - Analyzing spatial patterns for ethnicity index 0
2025-04-30 00:22:37,503 - __main__ - INFO - Using ethnicity at index 0
2025-04-30 00:22:37,503 - __main__ - INFO - Extracted expert weights for 320 DAUIDs for ethnicity index 0
2025-04-30 00:22:37,529 - __main__ - INFO - Found 196 islands in spatial weights matrix. There are 244 disconnected components.
2025-04-30 00:22:37,560 - __main__ - INFO - Moran's I for ethnicity_0_colonization_weight: -0.0122 (p-value: 0.465)
2025-04-30 00:22:38,696 - __main__ - INFO - Created colonization expert weight map for ethnicity index 0
2025-04-30 00:22:38,723 - __main__ - INFO - Found 196 islands in spatial weights matrix. There are 244 disconnected components.
2025-04-30 00:22:38,746 - __main__ - INFO - Moran's I for ethnicity_0_jump_weight: 0.4353 (p-value: 0.002)
2025-04-30 00:22:39,722 - __main__ - INFO - Created jump expert weight map for ethnicity index 0
2025-04-30 00:22:39,824 - __main__ - INFO - Found 196 islands in spatial weights matrix. There are 244 disconnected components.
2025-04-30 00:22:39,857 - __main__ - INFO - Moran's I for ethnicity_0_decline_weight: 0.2093 (p-value: 0.018)
2025-04-30 00:22:40,826 - __main__ - INFO - Created decline expert weight map for ethnicity index 0
2025-04-30 00:22:40,851 - __main__ - INFO - Found 196 islands in spatial weights matrix. There are 244 disconnected components.
2025-04-30 00:22:40,876 - __main__ - INFO - Moran's I for ethnicity_0_pde_weight: 0.1058 (p-value: 0.164)
2025-04-30 00:22:41,928 - __main__ - INFO - Created pde expert weight map for ethnicity index 0
2025-04-30 00:22:41,930 - __main__ - INFO - Saved spatial statistics for ethnicity index 0 to ./ethnicity_visualizations\spatial_statistics\spatial_statistics_ethnicity_0.json
2025-04-30 00:22:41,930 - __main__ - INFO - Analyzing spatial patterns for ethnicity index 1
2025-04-30 00:22:41,931 - __main__ - INFO - Using ethnicity at index 1
2025-04-30 00:22:41,932 - __main__ - INFO - Extracted expert weights for 320 DAUIDs for ethnicity index 1
2025-04-30 00:22:41,956 - __main__ - INFO - Found 196 islands in spatial weights matrix. There are 244 disconnected components.
2025-04-30 00:22:41,980 - __main__ - INFO - Moran's I for ethnicity_1_colonization_weight: 0.2673 (p-value: 0.007)
2025-04-30 00:22:42,937 - __main__ - INFO - Created colonization expert weight map for ethnicity index 1
2025-04-30 00:22:43,038 - __main__ - INFO - Found 196 islands in spatial weights matrix. There are 244 disconnected components.
2025-04-30 00:22:43,062 - __main__ - INFO - Moran's I for ethnicity_1_jump_weight: 0.7106 (p-value: 0.001)
2025-04-30 00:22:44,013 - __main__ - INFO - Created jump expert weight map for ethnicity index 1
2025-04-30 00:22:44,037 - __main__ - INFO - Found 196 islands in spatial weights matrix. There are 244 disconnected components.
2025-04-30 00:22:44,062 - __main__ - INFO - Moran's I for ethnicity_1_decline_weight: 0.1255 (p-value: 0.153)
2025-04-30 00:22:45,116 - __main__ - INFO - Created decline expert weight map for ethnicity index 1
2025-04-30 00:22:45,141 - __main__ - INFO - Found 196 islands in spatial weights matrix. There are 244 disconnected components.
2025-04-30 00:22:45,165 - __main__ - INFO - Moran's I for ethnicity_1_pde_weight: 0.2102 (p-value: 0.024)
2025-04-30 00:22:46,136 - __main__ - INFO - Created pde expert weight map for ethnicity index 1
2025-04-30 00:22:46,137 - __main__ - INFO - Saved spatial statistics for ethnicity index 1 to ./ethnicity_visualizations\spatial_statistics\spatial_statistics_ethnicity_1.json
2025-04-30 00:22:46,138 - __main__ - INFO - Analyzing spatial patterns for ethnicity index 2
2025-04-30 00:22:46,139 - __main__ - INFO - Using ethnicity at index 2
2025-04-30 00:22:46,139 - __main__ - INFO - Extracted expert weights for 320 DAUIDs for ethnicity index 2
2025-04-30 00:22:46,163 - __main__ - INFO - Found 196 islands in spatial weights matrix. There are 244 disconnected components.
2025-04-30 00:22:46,188 - __main__ - INFO - Moran's I for ethnicity_2_colonization_weight: 0.1526 (p-value: 0.103)
2025-04-30 00:22:47,230 - __main__ - INFO - Created colonization expert weight map for ethnicity index 2
2025-04-30 00:22:47,256 - __main__ - INFO - Found 196 islands in spatial weights matrix. There are 244 disconnected components.
2025-04-30 00:22:47,282 - __main__ - INFO - Moran's I for ethnicity_2_jump_weight: 0.1618 (p-value: 0.082)
2025-04-30 00:22:48,301 - __main__ - INFO - Created jump expert weight map for ethnicity index 2
2025-04-30 00:22:48,327 - __main__ - INFO - Found 196 islands in spatial weights matrix. There are 244 disconnected components.
2025-04-30 00:22:48,351 - __main__ - INFO - Moran's I for ethnicity_2_decline_weight: 0.1958 (p-value: 0.051)
2025-04-30 00:22:49,313 - __main__ - INFO - Created decline expert weight map for ethnicity index 2
2025-04-30 00:22:49,414 - __main__ - INFO - Found 196 islands in spatial weights matrix. There are 244 disconnected components.
2025-04-30 00:22:49,439 - __main__ - INFO - Moran's I for ethnicity_2_pde_weight: 0.1381 (p-value: 0.106)
2025-04-30 00:22:50,396 - __main__ - INFO - Created pde expert weight map for ethnicity index 2
2025-04-30 00:22:50,398 - __main__ - INFO - Saved spatial statistics for ethnicity index 2 to ./ethnicity_visualizations\spatial_statistics\spatial_statistics_ethnicity_2.json
2025-04-30 00:22:50,398 - __main__ - INFO - Analyzing spatial patterns for ethnicity index 3
2025-04-30 00:22:50,399 - __main__ - INFO - Using ethnicity at index 3
2025-04-30 00:22:50,399 - __main__ - INFO - Extracted expert weights for 320 DAUIDs for ethnicity index 3
2025-04-30 00:22:50,424 - __main__ - INFO - Found 196 islands in spatial weights matrix. There are 244 disconnected components.
2025-04-30 00:22:50,449 - __main__ - INFO - Moran's I for ethnicity_3_colonization_weight: 0.3224 (p-value: 0.002)
2025-04-30 00:22:51,497 - __main__ - INFO - Created colonization expert weight map for ethnicity index 3
2025-04-30 00:22:51,521 - __main__ - INFO - Found 196 islands in spatial weights matrix. There are 244 disconnected components.
2025-04-30 00:22:51,548 - __main__ - INFO - Moran's I for ethnicity_3_jump_weight: 0.4662 (p-value: 0.003)
2025-04-30 00:22:52,507 - __main__ - INFO - Created jump expert weight map for ethnicity index 3
2025-04-30 00:22:52,534 - __main__ - INFO - Found 196 islands in spatial weights matrix. There are 244 disconnected components.
2025-04-30 00:22:52,559 - __main__ - INFO - Moran's I for ethnicity_3_decline_weight: 0.3308 (p-value: 0.005)
2025-04-30 00:22:53,633 - __main__ - INFO - Created decline expert weight map for ethnicity index 3
2025-04-30 00:22:53,657 - __main__ - INFO - Found 196 islands in spatial weights matrix. There are 244 disconnected components.
2025-04-30 00:22:53,682 - __main__ - INFO - Moran's I for ethnicity_3_pde_weight: 0.3106 (p-value: 0.003)
2025-04-30 00:22:54,683 - __main__ - INFO - Created pde expert weight map for ethnicity index 3
2025-04-30 00:22:54,685 - __main__ - INFO - Saved spatial statistics for ethnicity index 3 to ./ethnicity_visualizations\spatial_statistics\spatial_statistics_ethnicity_3.json
2025-04-30 00:22:54,685 - __main__ - INFO - Analyzing spatial patterns for ethnicity index 4
2025-04-30 00:22:54,686 - __main__ - INFO - Using ethnicity at index 4
2025-04-30 00:22:54,686 - __main__ - INFO - Extracted expert weights for 320 DAUIDs for ethnicity index 4
2025-04-30 00:22:54,796 - __main__ - INFO - Found 196 islands in spatial weights matrix. There are 244 disconnected components.
2025-04-30 00:22:54,826 - __main__ - INFO - Moran's I for ethnicity_4_colonization_weight: 0.4219 (p-value: 0.002)
2025-04-30 00:22:55,805 - __main__ - INFO - Created colonization expert weight map for ethnicity index 4
2025-04-30 00:22:55,830 - __main__ - INFO - Found 196 islands in spatial weights matrix. There are 244 disconnected components.
2025-04-30 00:22:55,855 - __main__ - INFO - Moran's I for ethnicity_4_jump_weight: 0.6597 (p-value: 0.001)
2025-04-30 00:22:56,914 - __main__ - INFO - Created jump expert weight map for ethnicity index 4
2025-04-30 00:22:56,939 - __main__ - INFO - Found 196 islands in spatial weights matrix. There are 244 disconnected components.
2025-04-30 00:22:56,963 - __main__ - INFO - Moran's I for ethnicity_4_decline_weight: 0.2127 (p-value: 0.026)
