2025-04-25 14:00:03,248 - __main__ - INFO - Creating Optuna study: multi_ethnic_moe_20250425_140003
2025-04-25 14:00:03,796 - __main__ - INFO - Using 1 GPUs for hyperparameter optimization
2025-04-25 14:00:07,198 - __mp_main__ - INFO - Running trial 0 on device cuda:0
2025-04-25 14:00:07,198 - __mp_main__ - INFO - Loaded global parameters from ./data/global_parameters.json
2025-04-25 14:00:07,203 - __mp_main__ - INFO - Loaded DA coordinates from ./data/toronto_da.csv
2025-04-25 14:00:07,249 - csrn.data_loader.spatial_data_loader - INFO - Loaded walking matrix with shape (3742, 3742)
2025-04-25 14:00:07,296 - csrn.data_loader.spatial_data_loader - INFO - Loaded transit matrix with shape (3742, 3742)
2025-04-25 14:00:07,339 - csrn.data_loader.spatial_data_loader - INFO - Loaded proximity matrix with shape (3742, 3742)
2025-04-25 14:00:07,345 - csrn.data_loader.spatial_data_loader - INFO - Loaded DA info with 3742 entries
2025-04-25 14:00:07,346 - csrn.data_loader.spatial_data_loader - INFO - Loading multi-ethnic data files...
2025-04-25 14:00:07,428 - csrn.data_loader.spatial_data_loader - INFO - Loaded train_features: 2236 rows
2025-04-25 14:00:07,431 - csrn.data_loader.spatial_data_loader - INFO - Loaded train_pop_2016: 2236 rows
2025-04-25 14:00:07,431 - csrn.data_loader.spatial_data_loader - INFO -   - Contains 5 ethnicities: ['China', 'India', 'Philippines', 'Portugal', 'Sri Lanka']
2025-04-25 14:00:07,433 - csrn.data_loader.spatial_data_loader - INFO - Loaded train_pop_2021: 2236 rows
2025-04-25 14:00:07,433 - csrn.data_loader.spatial_data_loader - INFO -   - Contains 5 ethnicities: ['China', 'India', 'Philippines', 'Portugal', 'Sri Lanka']
2025-04-25 14:00:07,459 - csrn.data_loader.spatial_data_loader - INFO - Loaded val_features: 745 rows
2025-04-25 14:00:07,460 - csrn.data_loader.spatial_data_loader - INFO - Loaded val_pop_2016: 745 rows
2025-04-25 14:00:07,460 - csrn.data_loader.spatial_data_loader - INFO -   - Contains 5 ethnicities: ['China', 'India', 'Philippines', 'Portugal', 'Sri Lanka']
2025-04-25 14:00:07,462 - csrn.data_loader.spatial_data_loader - INFO - Loaded val_pop_2021: 745 rows
2025-04-25 14:00:07,462 - csrn.data_loader.spatial_data_loader - INFO -   - Contains 5 ethnicities: ['China', 'India', 'Philippines', 'Portugal', 'Sri Lanka']
2025-04-25 14:00:07,486 - csrn.data_loader.spatial_data_loader - INFO - Loaded test_features: 746 rows
2025-04-25 14:00:07,487 - csrn.data_loader.spatial_data_loader - INFO - Loaded test_pop_2016: 746 rows
2025-04-25 14:00:07,488 - csrn.data_loader.spatial_data_loader - INFO -   - Contains 5 ethnicities: ['China', 'India', 'Philippines', 'Portugal', 'Sri Lanka']
2025-04-25 14:00:07,489 - csrn.data_loader.spatial_data_loader - INFO - Loaded test_pop_2021: 746 rows
2025-04-25 14:00:07,489 - csrn.data_loader.spatial_data_loader - INFO -   - Contains 5 ethnicities: ['China', 'India', 'Philippines', 'Portugal', 'Sri Lanka']
2025-04-25 14:00:07,489 - csrn.data_loader.spatial_data_loader - INFO - Creating multi-ethnic spatially-aware DataLoaders...
2025-04-25 14:00:07,489 - csrn.data_loader.spatial_data_loader - INFO - Preprocessing features...
2025-04-25 14:00:07,518 - csrn.data_loader.spatial_data_loader - INFO - Feature preprocessing complete.
2025-04-25 14:00:07,521 - csrn.data_loader.spatial_data_loader - INFO - Loaded data with 5 ethnicities: ['China', 'India', 'Philippines', 'Portugal', 'Sri Lanka']
2025-04-25 14:00:08,251 - csrn.data_loader.spatial_data_loader - INFO - Loaded coordinates for 2236 DAs
2025-04-25 14:00:08,253 - csrn.data_loader.spatial_data_loader - INFO - Loaded data with 5 ethnicities: ['China', 'India', 'Philippines', 'Portugal', 'Sri Lanka']
2025-04-25 14:00:08,499 - csrn.data_loader.spatial_data_loader - INFO - Loaded coordinates for 745 DAs
2025-04-25 14:00:08,501 - csrn.data_loader.spatial_data_loader - INFO - Loaded data with 5 ethnicities: ['China', 'India', 'Philippines', 'Portugal', 'Sri Lanka']
2025-04-25 14:00:08,739 - csrn.data_loader.spatial_data_loader - INFO - Loaded coordinates for 746 DAs
2025-04-25 14:00:08,739 - csrn.data_loader.spatial_data_loader - INFO - Created DataLoaders: Train size=2236, Val size=745, Test size=746
2025-04-25 14:00:08,740 - csrn.data_loader.spatial_data_loader - INFO - Number of ethnicities: 5
2025-04-25 14:00:08,740 - __mp_main__ - INFO - Loaded data with 5 ethnicities
2025-04-25 14:00:08,864 - __mp_main__ - INFO - Using adjusted dimensions - hidden_dims: [93, 39, 18], coord_embed_dim: 9
2025-04-25 14:00:08,920 - spatial_moe_trainer - INFO - Multi-Ethnic Spatial MoE model initialized on cuda:0
2025-04-25 14:00:08,920 - spatial_moe_trainer - INFO - Model will predict 5 ethnicities: ['China', 'India', 'Philippines', 'Portugal', 'Sri Lanka']
2025-04-25 14:00:08,943 - __mp_main__ - INFO - Testing model forward pass before training...
2025-04-25 14:00:09,227 - __mp_main__ - INFO - Test forward pass successful. Output shape: torch.Size([64, 5])
2025-04-25 14:00:09,227 - spatial_moe_trainer - INFO - Starting multi-ethnic spatial MoE model training with learnable expert router...
2025-04-25 14:00:09,228 - spatial_moe_trainer - INFO - Using colonization_weight=6.41003510568888, jump_weight=9.72918866945795, decline_weight=2.636424704863906, pde_weight=3.7381801866358395
2025-04-25 14:00:34,440 - spatial_moe_trainer - INFO - Epoch 1/100 - Train Loss: 1829.1595 (Col: 1040.0132, Jump: 1051.7220, Decline: 226.1222, PDE: 6239.2647, Reg: 53283.7024), Eth Losses: China: 2669.7068, India: 2090.3795, Philippines: 2855.3140... (more ethnicities), Val Loss: 1860.9389, Val MAE: 21.7490, Val R2: 0.4308
2025-04-25 14:00:58,230 - spatial_moe_trainer - INFO - Epoch 2/100 - Train Loss: 1497.8989 (Col: 747.1937, Jump: 798.9731, Decline: 200.1995, PDE: 5283.4584, Reg: 56762.3070), Eth Losses: China: 2271.8350, India: 1842.2254, Philippines: 2236.3320... (more ethnicities), Val Loss: 1531.4114, Val MAE: 17.8981, Val R2: 0.5316
2025-04-25 14:01:21,951 - spatial_moe_trainer - INFO - Epoch 3/100 - Train Loss: 1299.6717 (Col: 618.7232, Jump: 651.9281, Decline: 184.6510, PDE: 4697.5532, Reg: 22046.6625), Eth Losses: China: 1863.9660, India: 1674.7331, Philippines: 1894.8485... (more ethnicities), Val Loss: 1402.5658, Val MAE: 16.4864, Val R2: 0.5710
2025-04-25 14:01:45,553 - spatial_moe_trainer - INFO - Epoch 4/100 - Train Loss: 1116.9773 (Col: 513.8188, Jump: 515.5905, Decline: 172.1514, PDE: 4110.8669, Reg: 34494.5610), Eth Losses: China: 1538.2481, India: 1438.2020, Philippines: 1633.8725... (more ethnicities), Val Loss: 1333.2707, Val MAE: 16.1169, Val R2: 0.5922
2025-04-25 14:02:09,326 - spatial_moe_trainer - INFO - Epoch 5/100 - Train Loss: 1054.4086 (Col: 446.1092, Jump: 506.4916, Decline: 165.9366, PDE: 4007.4627, Reg: 18624.9297), Eth Losses: China: 1376.9689, India: 1336.8350, Philippines: 1541.0501... (more ethnicities), Val Loss: 1269.0831, Val MAE: 15.7475, Val R2: 0.6118
2025-04-25 14:02:32,959 - spatial_moe_trainer - INFO - Epoch 6/100 - Train Loss: 973.5228 (Col: 369.9619, Jump: 334.3624, Decline: 160.2361, PDE: 3727.1984, Reg: 38653.7655), Eth Losses: China: 1333.0247, India: 1191.8512, Philippines: 1387.7729... (more ethnicities), Val Loss: 1207.0681, Val MAE: 15.7000, Val R2: 0.6308
2025-04-25 14:02:56,714 - spatial_moe_trainer - INFO - Epoch 7/100 - Train Loss: 927.3444 (Col: 341.1829, Jump: 451.7898, Decline: 157.7293, PDE: 3665.0027, Reg: 17713.6124), Eth Losses: China: 1388.6184, India: 1130.5114, Philippines: 1211.7830... (more ethnicities), Val Loss: 1180.6174, Val MAE: 15.5029, Val R2: 0.6389
2025-04-25 14:03:20,350 - spatial_moe_trainer - INFO - Epoch 8/100 - Train Loss: 879.9041 (Col: 326.6081, Jump: 342.8254, Decline: 152.9149, PDE: 3421.9788, Reg: 31645.0164), Eth Losses: China: 1351.0467, India: 1036.6474, Philippines: 1130.9170... (more ethnicities), Val Loss: 1135.9645, Val MAE: 15.2191, Val R2: 0.6525
2025-04-25 14:03:43,893 - spatial_moe_trainer - INFO - Epoch 9/100 - Train Loss: 875.2263 (Col: 291.0271, Jump: 273.2210, Decline: 151.6693, PDE: 3580.9149, Reg: 18187.3222), Eth Losses: China: 1222.2461, India: 985.9600, Philippines: 1241.1726... (more ethnicities), Val Loss: 1167.7926, Val MAE: 14.9810, Val R2: 0.6428
2025-04-25 14:04:07,547 - spatial_moe_trainer - INFO - Epoch 10/100 - Train Loss: 825.7542 (Col: 269.9098, Jump: 279.5509, Decline: 144.9901, PDE: 3328.3765, Reg: 20914.8378), Eth Losses: China: 1154.3043, India: 965.0985, Philippines: 1131.3835... (more ethnicities), Val Loss: 1122.8276, Val MAE: 15.0425, Val R2: 0.6566
2025-04-25 14:04:31,193 - spatial_moe_trainer - INFO - Epoch 11/100 - Train Loss: 819.0436 (Col: 260.5859, Jump: 336.5070, Decline: 148.7986, PDE: 3325.6831, Reg: 12607.1358), Eth Losses: China: 1199.6568, India: 963.3924, Philippines: 1068.8794... (more ethnicities), Val Loss: 1107.4347, Val MAE: 15.0072, Val R2: 0.6613
2025-04-25 14:04:54,893 - spatial_moe_trainer - INFO - Epoch 12/100 - Train Loss: 790.6365 (Col: 235.6123, Jump: 300.7360, Decline: 140.2943, PDE: 3219.1313, Reg: 21883.0581), Eth Losses: China: 1105.3775, India: 920.9504, Philippines: 1043.9908... (more ethnicities), Val Loss: 1087.1469, Val MAE: 14.6717, Val R2: 0.6675
2025-04-25 14:05:18,565 - spatial_moe_trainer - INFO - Epoch 13/100 - Train Loss: 749.2241 (Col: 211.5415, Jump: 289.6543, Decline: 142.9180, PDE: 3100.0287, Reg: 12706.0176), Eth Losses: China: 970.9689, India: 899.3308, Philippines: 997.2153... (more ethnicities), Val Loss: 1068.1608, Val MAE: 14.9383, Val R2: 0.6733
2025-04-25 14:05:42,157 - spatial_moe_trainer - INFO - Epoch 14/100 - Train Loss: 742.7995 (Col: 234.3930, Jump: 269.8170, Decline: 136.2227, PDE: 2997.6619, Reg: 24650.9610), Eth Losses: China: 978.8377, India: 916.6541, Philippines: 960.0506... (more ethnicities), Val Loss: 1053.0502, Val MAE: 14.8472, Val R2: 0.6779
2025-04-25 14:06:05,812 - spatial_moe_trainer - INFO - Epoch 15/100 - Train Loss: 725.0227 (Col: 187.7560, Jump: 310.6671, Decline: 129.4009, PDE: 3066.3776, Reg: 18371.6175), Eth Losses: China: 916.1273, India: 841.0282, Philippines: 1021.4273... (more ethnicities), Val Loss: 988.8962, Val MAE: 14.2989, Val R2: 0.6975
2025-04-25 14:06:29,201 - spatial_moe_trainer - INFO - Epoch 16/100 - Train Loss: 714.2087 (Col: 189.2381, Jump: 265.3079, Decline: 130.7826, PDE: 2954.9775, Reg: 26692.5277), Eth Losses: China: 954.0646, India: 858.4120, Philippines: 896.3627... (more ethnicities), Val Loss: 988.2538, Val MAE: 14.0497, Val R2: 0.6977
2025-04-25 14:06:52,693 - spatial_moe_trainer - INFO - Epoch 17/100 - Train Loss: 696.6696 (Col: 209.8897, Jump: 279.3680, Decline: 129.0815, PDE: 2839.4302, Reg: 15971.4685), Eth Losses: China: 917.8691, India: 835.4188, Philippines: 912.4195... (more ethnicities), Val Loss: 963.9569, Val MAE: 14.1351, Val R2: 0.7051
2025-04-25 14:07:16,388 - spatial_moe_trainer - INFO - Epoch 18/100 - Train Loss: 686.9153 (Col: 221.6390, Jump: 265.9720, Decline: 128.0057, PDE: 2714.9629, Reg: 19315.5861), Eth Losses: China: 833.5632, India: 941.0901, Philippines: 855.6279... (more ethnicities), Val Loss: 971.0327, Val MAE: 13.8794, Val R2: 0.7030
2025-04-25 14:07:40,176 - spatial_moe_trainer - INFO - Epoch 19/100 - Train Loss: 645.5401 (Col: 167.0872, Jump: 282.3310, Decline: 123.7711, PDE: 2628.7170, Reg: 41896.1961), Eth Losses: China: 828.4367, India: 794.3379, Philippines: 777.4545... (more ethnicities), Val Loss: 935.7160, Val MAE: 13.9121, Val R2: 0.7138
2025-04-25 14:08:03,881 - spatial_moe_trainer - INFO - Epoch 20/100 - Train Loss: 618.8441 (Col: 175.2850, Jump: 270.7633, Decline: 123.2625, PDE: 2572.6393, Reg: 13495.9926), Eth Losses: China: 692.0677, India: 741.7123, Philippines: 810.9394... (more ethnicities), Val Loss: 882.6924, Val MAE: 13.6242, Val R2: 0.7300
2025-04-25 14:08:27,298 - spatial_moe_trainer - INFO - Epoch 21/100 - Train Loss: 596.7965 (Col: 174.9669, Jump: 192.5321, Decline: 123.8637, PDE: 2425.6899, Reg: 11895.4774), Eth Losses: China: 673.5209, India: 731.2232, Philippines: 775.8508... (more ethnicities), Val Loss: 894.4668, Val MAE: 13.5785, Val R2: 0.7264
2025-04-25 14:08:51,076 - spatial_moe_trainer - INFO - Epoch 22/100 - Train Loss: 617.6924 (Col: 183.5344, Jump: 193.9371, Decline: 117.8458, PDE: 2466.1485, Reg: 31467.8771), Eth Losses: China: 768.5124, India: 754.2921, Philippines: 748.6819... (more ethnicities), Val Loss: 901.3386, Val MAE: 13.6853, Val R2: 0.7243
2025-04-25 14:09:14,680 - spatial_moe_trainer - INFO - Epoch 23/100 - Train Loss: 611.4322 (Col: 197.6104, Jump: 174.4259, Decline: 124.9874, PDE: 2359.6627, Reg: 20477.1483), Eth Losses: China: 676.6436, India: 817.0898, Philippines: 766.3358... (more ethnicities), Val Loss: 854.3701, Val MAE: 13.5099, Val R2: 0.7387
2025-04-25 14:09:38,240 - spatial_moe_trainer - INFO - Epoch 24/100 - Train Loss: 579.3000 (Col: 175.2784, Jump: 191.1010, Decline: 119.2066, PDE: 2344.3506, Reg: 12388.8817), Eth Losses: China: 636.8668, India: 730.9848, Philippines: 760.5304... (more ethnicities), Val Loss: 886.3501, Val MAE: 13.6318, Val R2: 0.7289
2025-04-25 14:10:01,895 - spatial_moe_trainer - INFO - Epoch 25/100 - Train Loss: 591.4424 (Col: 179.1683, Jump: 191.1506, Decline: 123.0244, PDE: 2297.6678, Reg: 39487.8583), Eth Losses: China: 736.1947, India: 706.7139, Philippines: 710.7780... (more ethnicities), Val Loss: 862.7762, Val MAE: 13.6898, Val R2: 0.7361
2025-04-25 14:10:25,462 - spatial_moe_trainer - INFO - Epoch 26/100 - Train Loss: 584.2520 (Col: 155.3482, Jump: 192.2182, Decline: 121.1829, PDE: 2446.3124, Reg: 15836.9759), Eth Losses: China: 738.7609, India: 663.0997, Philippines: 755.8493... (more ethnicities), Val Loss: 865.9453, Val MAE: 13.4508, Val R2: 0.7351
2025-04-25 14:10:49,047 - spatial_moe_trainer - INFO - Epoch 27/100 - Train Loss: 552.9002 (Col: 146.4054, Jump: 173.0010, Decline: 120.1824, PDE: 2242.0685, Reg: 18529.4775), Eth Losses: China: 678.3770, India: 630.3653, Philippines: 712.1145... (more ethnicities), Val Loss: 877.7496, Val MAE: 13.4668, Val R2: 0.7315
2025-04-25 14:11:12,818 - spatial_moe_trainer - INFO - Epoch 28/100 - Train Loss: 536.4542 (Col: 165.0981, Jump: 165.1410, Decline: 125.5967, PDE: 2107.2796, Reg: 31234.1968), Eth Losses: China: 629.8055, India: 656.2656, Philippines: 660.4909... (more ethnicities), Val Loss: 922.6661, Val MAE: 13.4965, Val R2: 0.7178
2025-04-25 14:11:36,294 - spatial_moe_trainer - INFO - Epoch 29/100 - Train Loss: 552.8279 (Col: 166.2406, Jump: 180.0554, Decline: 126.1136, PDE: 2172.5857, Reg: 23989.5163), Eth Losses: China: 728.5174, India: 645.9753, Philippines: 658.6809... (more ethnicities), Val Loss: 892.3323, Val MAE: 13.3919, Val R2: 0.7271
2025-04-25 14:11:59,786 - spatial_moe_trainer - INFO - Epoch 30/100 - Train Loss: 563.6068 (Col: 168.2420, Jump: 215.2287, Decline: 127.1543, PDE: 2185.1447, Reg: 42385.6789), Eth Losses: China: 700.8249, India: 646.1910, Philippines: 723.1777... (more ethnicities), Val Loss: 872.3469, Val MAE: 13.3193, Val R2: 0.7332
2025-04-25 14:12:23,327 - spatial_moe_trainer - INFO - Epoch 31/100 - Train Loss: 515.4539 (Col: 140.9336, Jump: 194.9305, Decline: 122.5853, PDE: 2078.0205, Reg: 15812.5454), Eth Losses: China: 636.8442, India: 587.0955, Philippines: 638.1431... (more ethnicities), Val Loss: 891.4478, Val MAE: 13.3756, Val R2: 0.7273
2025-04-25 14:12:46,801 - spatial_moe_trainer - INFO - Epoch 32/100 - Train Loss: 515.5199 (Col: 142.4790, Jump: 172.3594, Decline: 120.0347, PDE: 2077.9234, Reg: 17550.5330), Eth Losses: China: 614.4109, India: 579.2905, Philippines: 650.3502... (more ethnicities), Val Loss: 881.1829, Val MAE: 13.2452, Val R2: 0.7305
2025-04-25 14:13:10,398 - spatial_moe_trainer - INFO - Epoch 33/100 - Train Loss: 506.1017 (Col: 137.1999, Jump: 185.5987, Decline: 120.9081, PDE: 2060.4161, Reg: 14721.2650), Eth Losses: China: 604.3827, India: 565.4872, Philippines: 651.6491... (more ethnicities), Val Loss: 865.2135, Val MAE: 13.2450, Val R2: 0.7353
2025-04-25 14:13:10,398 - spatial_moe_trainer - INFO - Early stopping at epoch 33
2025-04-25 14:13:10,416 - spatial_moe_trainer - INFO - Saving metrics to ./optuna_results/trial_0/metrics
2025-04-25 14:13:10,420 - spatial_moe_trainer - INFO - Training metrics saved to ./optuna_results/trial_0/metrics/training_metrics.csv
2025-04-25 14:13:10,423 - spatial_moe_trainer - INFO - Validation metrics saved to ./optuna_results/trial_0/metrics/validation_metrics.csv
2025-04-25 14:13:10,462 - spatial_moe_trainer - INFO - Multi-Ethnic Spatial MoE model saved to ./optuna_results/trial_0/model.pt
2025-04-25 14:13:10,497 - __mp_main__ - INFO - Running trial 1 on device cuda:0
2025-04-25 14:13:10,513 - __main__ - INFO - Trial 0 completed with value: 854.370098
2025-04-25 14:13:10,617 - __mp_main__ - INFO - Using adjusted dimensions - hidden_dims: [93, 39, 18], coord_embed_dim: 9
2025-04-25 14:13:10,667 - spatial_moe_trainer - INFO - Multi-Ethnic Spatial MoE model initialized on cuda:0
2025-04-25 14:13:10,667 - spatial_moe_trainer - INFO - Model will predict 5 ethnicities: ['China', 'India', 'Philippines', 'Portugal', 'Sri Lanka']
2025-04-25 14:13:10,688 - __mp_main__ - INFO - Testing model forward pass before training...
2025-04-25 14:13:10,856 - __mp_main__ - INFO - Test forward pass successful. Output shape: torch.Size([64, 5])
2025-04-25 14:13:10,856 - spatial_moe_trainer - INFO - Starting multi-ethnic spatial MoE model training with learnable expert router...
2025-04-25 14:13:10,856 - spatial_moe_trainer - INFO - Using colonization_weight=6.41003510568888, jump_weight=9.72918866945795, decline_weight=2.636424704863906, pde_weight=3.7381801866358395
2025-04-25 14:13:34,433 - spatial_moe_trainer - INFO - Epoch 1/100 - Train Loss: 1978.8169 (Col: 1171.8214, Jump: 1130.6734, Decline: 227.4299, PDE: 6607.2814, Reg: 68307.2997), Eth Losses: China: 2672.6113, India: 2368.1201, Philippines: 2991.2162... (more ethnicities), Val Loss: 1909.0732, Val MAE: 23.0840, Val R2: 0.4161
2025-04-25 14:13:57,885 - spatial_moe_trainer - INFO - Epoch 2/100 - Train Loss: 1564.4033 (Col: 778.5310, Jump: 930.1678, Decline: 206.6742, PDE: 5710.1043, Reg: 37015.4442), Eth Losses: China: 2116.1876, India: 2052.8316, Philippines: 2295.5669... (more ethnicities), Val Loss: 1605.3736, Val MAE: 18.3115, Val R2: 0.5089
2025-04-25 14:14:21,474 - spatial_moe_trainer - INFO - Epoch 3/100 - Train Loss: 1385.8438 (Col: 658.2462, Jump: 772.8511, Decline: 198.5714, PDE: 5077.6782, Reg: 26555.6165), Eth Losses: China: 1775.8714, India: 1841.2441, Philippines: 2066.2149... (more ethnicities), Val Loss: 1460.5439, Val MAE: 17.1932, Val R2: 0.5533
2025-04-25 14:14:45,059 - spatial_moe_trainer - INFO - Epoch 4/100 - Train Loss: 1217.6519 (Col: 553.2776, Jump: 544.4778, Decline: 189.4597, PDE: 4565.6474, Reg: 23460.0492), Eth Losses: China: 1439.1902, India: 1653.9384, Philippines: 1802.5232... (more ethnicities), Val Loss: 1413.0743, Val MAE: 16.7580, Val R2: 0.5678
2025-04-25 14:15:08,641 - spatial_moe_trainer - INFO - Epoch 5/100 - Train Loss: 1117.2642 (Col: 504.7231, Jump: 636.4528, Decline: 183.1193, PDE: 4149.3862, Reg: 16149.3686), Eth Losses: China: 1308.9374, India: 1540.6429, Philippines: 1575.2772... (more ethnicities), Val Loss: 1367.0309, Val MAE: 16.4281, Val R2: 0.5819
2025-04-25 14:15:32,271 - spatial_moe_trainer - INFO - Epoch 6/100 - Train Loss: 1035.1385 (Col: 406.3633, Jump: 583.3538, Decline: 174.7381, PDE: 4037.9679, Reg: 18451.1386), Eth Losses: China: 1208.2841, India: 1363.9615, Philippines: 1478.5080... (more ethnicities), Val Loss: 1329.9430, Val MAE: 16.1907, Val R2: 0.5932
2025-04-25 14:15:55,778 - spatial_moe_trainer - INFO - Epoch 7/100 - Train Loss: 990.3534 (Col: 343.1807, Jump: 523.9545, Decline: 170.3869, PDE: 3926.8900, Reg: 23191.1460), Eth Losses: China: 1237.8477, India: 1319.2782, Philippines: 1288.3039... (more ethnicities), Val Loss: 1293.2973, Val MAE: 16.1210, Val R2: 0.6044
2025-04-25 14:16:19,482 - spatial_moe_trainer - INFO - Epoch 8/100 - Train Loss: 928.4763 (Col: 286.5806, Jump: 536.7699, Decline: 165.2972, PDE: 3795.0333, Reg: 17348.2142), Eth Losses: China: 1117.9509, India: 1253.7714, Philippines: 1190.5268... (more ethnicities), Val Loss: 1288.9308, Val MAE: 15.9462, Val R2: 0.6057
2025-04-25 14:16:43,185 - spatial_moe_trainer - INFO - Epoch 9/100 - Train Loss: 877.9712 (Col: 252.8004, Jump: 436.7063, Decline: 160.3476, PDE: 3672.4502, Reg: 18205.1905), Eth Losses: China: 1042.2296, India: 1209.2150, Philippines: 1143.6601... (more ethnicities), Val Loss: 1219.8870, Val MAE: 15.5854, Val R2: 0.6269
2025-04-25 14:17:06,826 - spatial_moe_trainer - INFO - Epoch 10/100 - Train Loss: 858.5882 (Col: 236.6940, Jump: 564.2445, Decline: 159.0853, PDE: 3595.8857, Reg: 18245.3473), Eth Losses: China: 929.7363, India: 1173.4679, Philippines: 1163.8859... (more ethnicities), Val Loss: 1194.7726, Val MAE: 15.6255, Val R2: 0.6345
2025-04-25 14:17:30,592 - spatial_moe_trainer - INFO - Epoch 11/100 - Train Loss: 806.5002 (Col: 217.3477, Jump: 454.0316, Decline: 149.3640, PDE: 3366.2338, Reg: 23090.7156), Eth Losses: China: 953.8107, India: 1104.8107, Philippines: 955.1227... (more ethnicities), Val Loss: 1136.8501, Val MAE: 15.0665, Val R2: 0.6523
2025-04-25 14:17:54,386 - spatial_moe_trainer - INFO - Epoch 12/100 - Train Loss: 781.4072 (Col: 234.1931, Jump: 360.6310, Decline: 147.6727, PDE: 3199.9242, Reg: 14511.0436), Eth Losses: China: 879.7656, India: 1185.4978, Philippines: 916.5335... (more ethnicities), Val Loss: 1118.6696, Val MAE: 15.0106, Val R2: 0.6578
2025-04-25 14:18:18,156 - spatial_moe_trainer - INFO - Epoch 13/100 - Train Loss: 754.7839 (Col: 195.2002, Jump: 312.5519, Decline: 145.1293, PDE: 3120.6505, Reg: 27738.4360), Eth Losses: China: 850.3736, India: 1030.0095, Philippines: 931.7029... (more ethnicities), Val Loss: 1071.0728, Val MAE: 14.7460, Val R2: 0.6724
2025-04-25 14:18:41,601 - spatial_moe_trainer - INFO - Epoch 14/100 - Train Loss: 747.5019 (Col: 202.1662, Jump: 332.1170, Decline: 140.2096, PDE: 3092.8340, Reg: 17888.0109), Eth Losses: China: 846.3595, India: 993.7996, Philippines: 984.4677... (more ethnicities), Val Loss: 1034.0326, Val MAE: 14.6215, Val R2: 0.6837
2025-04-25 14:19:05,143 - spatial_moe_trainer - INFO - Epoch 15/100 - Train Loss: 718.6995 (Col: 220.4868, Jump: 353.4146, Decline: 135.8742, PDE: 2915.1202, Reg: 18401.9517), Eth Losses: China: 744.9817, India: 1031.6834, Philippines: 911.3367... (more ethnicities), Val Loss: 1032.1452, Val MAE: 14.5252, Val R2: 0.6843
2025-04-25 14:19:28,841 - spatial_moe_trainer - INFO - Epoch 16/100 - Train Loss: 687.3644 (Col: 183.6649, Jump: 328.8365, Decline: 133.0380, PDE: 2863.6639, Reg: 19670.9291), Eth Losses: China: 768.0845, India: 918.0202, Philippines: 849.7955... (more ethnicities), Val Loss: 1010.9568, Val MAE: 14.7301, Val R2: 0.6908
2025-04-25 14:19:52,402 - spatial_moe_trainer - INFO - Epoch 17/100 - Train Loss: 659.0453 (Col: 167.5051, Jump: 276.3887, Decline: 134.4557, PDE: 2759.6075, Reg: 17125.3967), Eth Losses: China: 692.8217, India: 894.7580, Philippines: 827.0101... (more ethnicities), Val Loss: 990.5838, Val MAE: 14.3574, Val R2: 0.6970
2025-04-25 14:20:16,121 - spatial_moe_trainer - INFO - Epoch 18/100 - Train Loss: 653.5919 (Col: 185.6881, Jump: 248.8601, Decline: 127.9327, PDE: 2692.5813, Reg: 18118.7590), Eth Losses: China: 722.3743, India: 866.0763, Philippines: 815.2643... (more ethnicities), Val Loss: 926.0905, Val MAE: 14.1511, Val R2: 0.7167
2025-04-25 14:20:39,644 - spatial_moe_trainer - INFO - Epoch 19/100 - Train Loss: 644.3632 (Col: 189.5325, Jump: 267.0215, Decline: 126.7747, PDE: 2650.0052, Reg: 14317.9705), Eth Losses: China: 667.8389, India: 840.0346, Philippines: 868.8923... (more ethnicities), Val Loss: 950.8542, Val MAE: 14.1523, Val R2: 0.7092
2025-04-25 14:21:03,157 - spatial_moe_trainer - INFO - Epoch 20/100 - Train Loss: 624.4393 (Col: 187.3948, Jump: 237.1940, Decline: 127.0170, PDE: 2504.8805, Reg: 16039.8321), Eth Losses: China: 622.5811, India: 864.2555, Philippines: 801.5945... (more ethnicities), Val Loss: 910.8217, Val MAE: 14.0723, Val R2: 0.7214
2025-04-25 14:21:26,686 - spatial_moe_trainer - INFO - Epoch 21/100 - Train Loss: 605.2712 (Col: 180.7519, Jump: 223.1579, Decline: 120.6113, PDE: 2467.3766, Reg: 10888.1508), Eth Losses: China: 627.0090, India: 786.3968, Philippines: 782.6918... (more ethnicities), Val Loss: 903.8265, Val MAE: 14.0666, Val R2: 0.7235
2025-04-25 14:21:50,239 - spatial_moe_trainer - INFO - Epoch 22/100 - Train Loss: 581.2160 (Col: 173.1440, Jump: 192.9154, Decline: 125.0742, PDE: 2317.0531, Reg: 26012.9688), Eth Losses: China: 638.2383, India: 767.5628, Philippines: 712.7928... (more ethnicities), Val Loss: 944.9438, Val MAE: 13.9233, Val R2: 0.7110
2025-04-25 14:22:13,894 - spatial_moe_trainer - INFO - Epoch 23/100 - Train Loss: 592.3281 (Col: 199.7820, Jump: 228.9342, Decline: 116.3240, PDE: 2342.1525, Reg: 13607.1220), Eth Losses: China: 607.3679, India: 831.6750, Philippines: 737.4949... (more ethnicities), Val Loss: 910.0377, Val MAE: 13.7033, Val R2: 0.7216
2025-04-25 14:22:37,620 - spatial_moe_trainer - INFO - Epoch 24/100 - Train Loss: 529.8271 (Col: 173.8660, Jump: 198.7623, Decline: 115.3219, PDE: 2124.6391, Reg: 8959.2481), Eth Losses: China: 550.0828, India: 646.3181, Philippines: 671.9005... (more ethnicities), Val Loss: 870.7826, Val MAE: 13.3657, Val R2: 0.7336
2025-04-25 14:23:01,334 - spatial_moe_trainer - INFO - Epoch 25/100 - Train Loss: 546.0039 (Col: 166.3469, Jump: 218.5698, Decline: 115.6902, PDE: 2179.0249, Reg: 18477.0059), Eth Losses: China: 614.1832, India: 657.5348, Philippines: 704.5570... (more ethnicities), Val Loss: 866.1782, Val MAE: 13.5009, Val R2: 0.7351
2025-04-25 14:23:24,905 - spatial_moe_trainer - INFO - Epoch 26/100 - Train Loss: 547.0547 (Col: 159.3815, Jump: 219.0190, Decline: 115.2704, PDE: 2182.7678, Reg: 21429.7609), Eth Losses: China: 643.9561, India: 601.0292, Philippines: 739.2300... (more ethnicities), Val Loss: 834.9573, Val MAE: 13.2031, Val R2: 0.7446
2025-04-25 14:23:48,541 - spatial_moe_trainer - INFO - Epoch 27/100 - Train Loss: 523.2602 (Col: 153.3090, Jump: 207.8110, Decline: 119.4648, PDE: 2145.0853, Reg: 9775.0385), Eth Losses: China: 542.4371, India: 618.9928, Philippines: 717.4723... (more ethnicities), Val Loss: 837.5317, Val MAE: 13.1677, Val R2: 0.7438
2025-04-25 14:24:11,964 - spatial_moe_trainer - INFO - Epoch 28/100 - Train Loss: 506.3061 (Col: 158.3832, Jump: 225.5335, Decline: 120.1328, PDE: 2024.0868, Reg: 12139.0990), Eth Losses: China: 546.6812, India: 608.8115, Philippines: 638.8526... (more ethnicities), Val Loss: 858.3198, Val MAE: 13.1856, Val R2: 0.7375
2025-04-25 14:24:35,287 - spatial_moe_trainer - INFO - Epoch 29/100 - Train Loss: 489.7695 (Col: 148.0271, Jump: 184.6004, Decline: 120.5147, PDE: 1927.1383, Reg: 14141.4426), Eth Losses: China: 557.1439, India: 589.9912, Philippines: 616.3362... (more ethnicities), Val Loss: 827.6612, Val MAE: 13.0789, Val R2: 0.7468
2025-04-25 14:24:58,459 - spatial_moe_trainer - INFO - Epoch 30/100 - Train Loss: 485.5410 (Col: 150.0749, Jump: 177.0367, Decline: 121.8956, PDE: 1880.2052, Reg: 22988.4435), Eth Losses: China: 536.8025, India: 594.0977, Philippines: 621.6658... (more ethnicities), Val Loss: 876.9149, Val MAE: 13.1789, Val R2: 0.7318
2025-04-25 14:25:21,906 - spatial_moe_trainer - INFO - Epoch 31/100 - Train Loss: 489.2687 (Col: 151.6814, Jump: 217.4496, Decline: 121.0533, PDE: 1930.4860, Reg: 8343.2507), Eth Losses: China: 537.4366, India: 602.3200, Philippines: 616.1477... (more ethnicities), Val Loss: 846.9795, Val MAE: 13.0541, Val R2: 0.7409
2025-04-25 14:25:45,292 - spatial_moe_trainer - INFO - Epoch 32/100 - Train Loss: 489.8007 (Col: 175.1572, Jump: 203.6619, Decline: 116.3900, PDE: 1862.4592, Reg: 13778.5072), Eth Losses: China: 565.2159, India: 570.2837, Philippines: 691.9753... (more ethnicities), Val Loss: 837.0769, Val MAE: 12.9489, Val R2: 0.7440
2025-04-25 14:26:08,661 - spatial_moe_trainer - INFO - Epoch 33/100 - Train Loss: 454.5148 (Col: 143.1429, Jump: 223.4160, Decline: 118.4003, PDE: 1790.7778, Reg: 6790.6119), Eth Losses: China: 488.1092, India: 552.0970, Philippines: 603.2305... (more ethnicities), Val Loss: 836.7146, Val MAE: 12.9151, Val R2: 0.7441
2025-04-25 14:26:32,083 - spatial_moe_trainer - INFO - Epoch 34/100 - Train Loss: 473.1245 (Col: 145.7717, Jump: 200.8984, Decline: 118.4276, PDE: 1849.5801, Reg: 14657.0048), Eth Losses: China: 530.1523, India: 554.6714, Philippines: 634.3331... (more ethnicities), Val Loss: 829.1856, Val MAE: 13.0132, Val R2: 0.7464
2025-04-25 14:26:55,411 - spatial_moe_trainer - INFO - Epoch 35/100 - Train Loss: 452.9113 (Col: 146.9079, Jump: 204.4163, Decline: 118.2637, PDE: 1733.2597, Reg: 16495.9828), Eth Losses: China: 566.6899, India: 494.3806, Philippines: 562.9387... (more ethnicities), Val Loss: 788.5564, Val MAE: 12.7264, Val R2: 0.7588
2025-04-25 14:27:18,765 - spatial_moe_trainer - INFO - Epoch 36/100 - Train Loss: 465.9611 (Col: 157.4902, Jump: 208.5022, Decline: 120.3268, PDE: 1793.1768, Reg: 6860.2510), Eth Losses: China: 485.0688, India: 570.1565, Philippines: 632.8058... (more ethnicities), Val Loss: 786.2917, Val MAE: 12.6614, Val R2: 0.7595
2025-04-25 14:27:41,969 - spatial_moe_trainer - INFO - Epoch 37/100 - Train Loss: 458.6005 (Col: 184.5949, Jump: 172.0585, Decline: 119.3125, PDE: 1737.5198, Reg: 6699.9458), Eth Losses: China: 565.6555, India: 503.1189, Philippines: 586.7694... (more ethnicities), Val Loss: 772.7172, Val MAE: 12.6450, Val R2: 0.7636
2025-04-25 14:28:04,842 - spatial_moe_trainer - INFO - Epoch 38/100 - Train Loss: 432.3651 (Col: 139.7970, Jump: 168.5517, Decline: 114.7864, PDE: 1680.5279, Reg: 9682.3864), Eth Losses: China: 479.0527, India: 518.5322, Philippines: 555.9282... (more ethnicities), Val Loss: 796.7962, Val MAE: 12.8013, Val R2: 0.7563
2025-04-25 14:28:27,784 - spatial_moe_trainer - INFO - Epoch 39/100 - Train Loss: 452.9483 (Col: 141.3951, Jump: 171.8252, Decline: 115.7010, PDE: 1838.1300, Reg: 5565.7406), Eth Losses: China: 468.3297, India: 552.3351, Philippines: 641.9112... (more ethnicities), Val Loss: 790.1257, Val MAE: 12.6980, Val R2: 0.7583
2025-04-25 14:28:50,767 - spatial_moe_trainer - INFO - Epoch 40/100 - Train Loss: 434.1168 (Col: 138.1475, Jump: 187.8706, Decline: 114.5812, PDE: 1697.7381, Reg: 11369.8849), Eth Losses: China: 509.9561, India: 472.4870, Philippines: 594.3851... (more ethnicities), Val Loss: 788.6387, Val MAE: 12.5596, Val R2: 0.7588
2025-04-25 14:29:13,560 - spatial_moe_trainer - INFO - Epoch 41/100 - Train Loss: 406.5592 (Col: 112.3657, Jump: 190.4769, Decline: 110.7317, PDE: 1648.8663, Reg: 5721.9006), Eth Losses: China: 444.1587, India: 480.2071, Philippines: 562.9877... (more ethnicities), Val Loss: 778.9768, Val MAE: 12.4527, Val R2: 0.7617
2025-04-25 14:29:36,148 - spatial_moe_trainer - INFO - Epoch 42/100 - Train Loss: 413.7909 (Col: 134.2111, Jump: 181.7182, Decline: 112.3607, PDE: 1618.9226, Reg: 9552.5519), Eth Losses: China: 456.2878, India: 502.3221, Philippines: 552.6590... (more ethnicities), Val Loss: 790.1129, Val MAE: 12.4275, Val R2: 0.7583
2025-04-25 14:29:58,631 - spatial_moe_trainer - INFO - Epoch 43/100 - Train Loss: 421.1880 (Col: 120.2145, Jump: 194.9984, Decline: 112.7661, PDE: 1630.7474, Reg: 20551.8578), Eth Losses: China: 516.3609, India: 503.7131, Philippines: 549.5639... (more ethnicities), Val Loss: 791.4096, Val MAE: 12.6842, Val R2: 0.7579
2025-04-25 14:30:21,141 - spatial_moe_trainer - INFO - Epoch 44/100 - Train Loss: 406.2810 (Col: 128.5865, Jump: 174.3126, Decline: 118.5519, PDE: 1565.2224, Reg: 14649.0135), Eth Losses: China: 468.3933, India: 485.7946, Philippines: 557.2045... (more ethnicities), Val Loss: 780.0521, Val MAE: 12.4804, Val R2: 0.7614
2025-04-25 14:30:43,671 - spatial_moe_trainer - INFO - Epoch 45/100 - Train Loss: 416.6483 (Col: 141.8972, Jump: 175.5902, Decline: 113.5890, PDE: 1576.3085, Reg: 13023.0426), Eth Losses: China: 497.5660, India: 533.9633, Philippines: 516.6346... (more ethnicities), Val Loss: 764.0287, Val MAE: 12.3936, Val R2: 0.7663
2025-04-25 14:31:06,374 - spatial_moe_trainer - INFO - Epoch 46/100 - Train Loss: 395.8954 (Col: 117.8614, Jump: 174.0960, Decline: 117.7102, PDE: 1493.1855, Reg: 23073.7294), Eth Losses: China: 474.4812, India: 456.2182, Philippines: 529.9748... (more ethnicities), Val Loss: 746.2174, Val MAE: 12.2862, Val R2: 0.7717
2025-04-25 14:31:28,805 - spatial_moe_trainer - INFO - Epoch 47/100 - Train Loss: 383.4555 (Col: 106.5857, Jump: 208.3118, Decline: 111.9498, PDE: 1526.9261, Reg: 11302.2397), Eth Losses: China: 432.7781, India: 457.0624, Philippines: 519.0133... (more ethnicities), Val Loss: 755.1981, Val MAE: 12.2950, Val R2: 0.7690
2025-04-25 14:31:51,228 - spatial_moe_trainer - INFO - Epoch 48/100 - Train Loss: 380.4539 (Col: 98.5710, Jump: 172.4281, Decline: 112.4846, PDE: 1534.0574, Reg: 3757.9133), Eth Losses: China: 425.4104, India: 447.3367, Philippines: 533.5877... (more ethnicities), Val Loss: 753.5033, Val MAE: 12.2867, Val R2: 0.7695
2025-04-25 14:32:13,862 - spatial_moe_trainer - INFO - Epoch 49/100 - Train Loss: 380.9065 (Col: 93.0560, Jump: 157.6259, Decline: 117.1393, PDE: 1521.0784, Reg: 7546.4911), Eth Losses: China: 445.3668, India: 461.2557, Philippines: 502.0040... (more ethnicities), Val Loss: 760.7164, Val MAE: 12.2873, Val R2: 0.7673
2025-04-25 14:32:36,377 - spatial_moe_trainer - INFO - Epoch 50/100 - Train Loss: 387.8581 (Col: 104.7511, Jump: 177.9972, Decline: 116.2473, PDE: 1538.0757, Reg: 14988.4467), Eth Losses: China: 485.3326, India: 446.6384, Philippines: 504.9477... (more ethnicities), Val Loss: 774.0452, Val MAE: 12.4153, Val R2: 0.7632
2025-04-25 14:32:58,819 - spatial_moe_trainer - INFO - Epoch 51/100 - Train Loss: 370.0199 (Col: 100.3076, Jump: 167.3549, Decline: 110.6884, PDE: 1420.0101, Reg: 23181.9864), Eth Losses: China: 499.6796, India: 438.6340, Philippines: 445.9790... (more ethnicities), Val Loss: 764.0809, Val MAE: 12.3247, Val R2: 0.7663
2025-04-25 14:33:21,556 - spatial_moe_trainer - INFO - Epoch 52/100 - Train Loss: 377.8363 (Col: 100.0715, Jump: 195.1766, Decline: 113.2526, PDE: 1481.5100, Reg: 19111.2769), Eth Losses: China: 440.4331, India: 496.2534, Philippines: 469.7725... (more ethnicities), Val Loss: 775.6218, Val MAE: 12.4213, Val R2: 0.7628
2025-04-25 14:33:44,184 - spatial_moe_trainer - INFO - Epoch 53/100 - Train Loss: 375.9096 (Col: 90.1806, Jump: 175.8381, Decline: 112.9233, PDE: 1517.0161, Reg: 17150.6279), Eth Losses: China: 459.9554, India: 434.0707, Philippines: 494.8619... (more ethnicities), Val Loss: 759.6917, Val MAE: 12.2425, Val R2: 0.7676
2025-04-25 14:34:06,792 - spatial_moe_trainer - INFO - Epoch 54/100 - Train Loss: 356.1108 (Col: 90.6732, Jump: 177.6455, Decline: 111.1872, PDE: 1441.0451, Reg: 7380.9813), Eth Losses: China: 395.5630, India: 432.6270, Philippines: 497.3466... (more ethnicities), Val Loss: 764.1452, Val MAE: 12.2571, Val R2: 0.7663
2025-04-25 14:34:29,330 - spatial_moe_trainer - INFO - Epoch 55/100 - Train Loss: 365.7932 (Col: 110.2117, Jump: 179.7620, Decline: 109.6503, PDE: 1437.3607, Reg: 8243.4415), Eth Losses: China: 452.9389, India: 433.7951, Philippines: 484.0022... (more ethnicities), Val Loss: 769.3988, Val MAE: 12.1825, Val R2: 0.7647
2025-04-25 14:34:51,855 - spatial_moe_trainer - INFO - Epoch 56/100 - Train Loss: 360.0486 (Col: 97.5751, Jump: 163.7469, Decline: 112.0260, PDE: 1447.4183, Reg: 7661.5419), Eth Losses: China: 429.6516, India: 428.7603, Philippines: 456.9162... (more ethnicities), Val Loss: 761.4345, Val MAE: 12.2438, Val R2: 0.7671
2025-04-25 14:34:51,855 - spatial_moe_trainer - INFO - Early stopping at epoch 56
2025-04-25 14:34:51,876 - spatial_moe_trainer - INFO - Saving metrics to ./optuna_results/trial_1/metrics
2025-04-25 14:34:51,879 - spatial_moe_trainer - INFO - Training metrics saved to ./optuna_results/trial_1/metrics/training_metrics.csv
2025-04-25 14:34:51,883 - spatial_moe_trainer - INFO - Validation metrics saved to ./optuna_results/trial_1/metrics/validation_metrics.csv
2025-04-25 14:34:51,921 - spatial_moe_trainer - INFO - Multi-Ethnic Spatial MoE model saved to ./optuna_results/trial_1/model.pt
2025-04-25 14:34:51,954 - __mp_main__ - INFO - Running trial 2 on device cuda:0
2025-04-25 14:34:51,968 - __main__ - INFO - Trial 1 completed with value: 746.217395
2025-04-25 14:34:52,080 - __mp_main__ - INFO - Using adjusted dimensions - hidden_dims: [93, 39, 18], coord_embed_dim: 9
2025-04-25 14:34:52,127 - spatial_moe_trainer - INFO - Multi-Ethnic Spatial MoE model initialized on cuda:0
2025-04-25 14:34:52,127 - spatial_moe_trainer - INFO - Model will predict 5 ethnicities: ['China', 'India', 'Philippines', 'Portugal', 'Sri Lanka']
2025-04-25 14:34:52,148 - __mp_main__ - INFO - Testing model forward pass before training...
2025-04-25 14:34:52,326 - __mp_main__ - INFO - Test forward pass successful. Output shape: torch.Size([64, 5])
2025-04-25 14:34:52,327 - spatial_moe_trainer - INFO - Starting multi-ethnic spatial MoE model training with learnable expert router...
2025-04-25 14:34:52,327 - spatial_moe_trainer - INFO - Using colonization_weight=6.41003510568888, jump_weight=9.72918866945795, decline_weight=2.636424704863906, pde_weight=3.7381801866358395
2025-04-25 14:35:14,941 - spatial_moe_trainer - INFO - Epoch 1/100 - Train Loss: 1852.0582 (Col: 1090.2711, Jump: 727.4789, Decline: 210.7804, PDE: 6282.3175, Reg: 56591.0823), Eth Losses: China: 2443.7873, India: 1959.1118, Philippines: 3072.0406... (more ethnicities), Val Loss: 1881.1945, Val MAE: 22.6107, Val R2: 0.4246
2025-04-25 14:35:37,382 - spatial_moe_trainer - INFO - Epoch 2/100 - Train Loss: 1512.1331 (Col: 758.8939, Jump: 526.5912, Decline: 196.0089, PDE: 5573.0329, Reg: 20784.5490), Eth Losses: China: 1893.5815, India: 1705.1186, Philippines: 2577.1233... (more ethnicities), Val Loss: 1526.6065, Val MAE: 17.8664, Val R2: 0.5330
2025-04-25 14:35:59,937 - spatial_moe_trainer - INFO - Epoch 3/100 - Train Loss: 1273.6592 (Col: 620.2494, Jump: 433.7977, Decline: 179.0710, PDE: 4589.2515, Reg: 44386.2499), Eth Losses: China: 1600.3755, India: 1504.5872, Philippines: 2053.2313... (more ethnicities), Val Loss: 1391.1308, Val MAE: 16.5441, Val R2: 0.5745
2025-04-25 14:36:22,659 - spatial_moe_trainer - INFO - Epoch 4/100 - Train Loss: 1138.9777 (Col: 520.0238, Jump: 443.3930, Decline: 171.3029, PDE: 4207.6421, Reg: 26269.6649), Eth Losses: China: 1431.6080, India: 1362.4014, Philippines: 1727.5084... (more ethnicities), Val Loss: 1326.9149, Val MAE: 16.1463, Val R2: 0.5941
2025-04-25 14:36:44,997 - spatial_moe_trainer - INFO - Epoch 5/100 - Train Loss: 1053.7694 (Col: 446.9241, Jump: 422.6336, Decline: 163.0961, PDE: 4010.2416, Reg: 20787.5049), Eth Losses: China: 1335.7225, India: 1221.6652, Philippines: 1607.2565... (more ethnicities), Val Loss: 1262.8417, Val MAE: 15.9455, Val R2: 0.6137
2025-04-25 14:37:07,272 - spatial_moe_trainer - INFO - Epoch 6/100 - Train Loss: 948.4710 (Col: 329.9936, Jump: 362.7335, Decline: 154.1397, PDE: 3799.0737, Reg: 20480.8827), Eth Losses: China: 1232.7871, India: 1108.9946, Philippines: 1368.4276... (more ethnicities), Val Loss: 1231.6159, Val MAE: 15.7257, Val R2: 0.6233
2025-04-25 14:37:29,622 - spatial_moe_trainer - INFO - Epoch 7/100 - Train Loss: 894.1146 (Col: 280.7280, Jump: 397.1033, Decline: 151.1156, PDE: 3663.4435, Reg: 16020.7951), Eth Losses: China: 1169.7931, India: 1050.6266, Philippines: 1248.0426... (more ethnicities), Val Loss: 1189.9304, Val MAE: 15.6478, Val R2: 0.6360
2025-04-25 14:37:52,114 - spatial_moe_trainer - INFO - Epoch 8/100 - Train Loss: 888.1840 (Col: 287.9936, Jump: 326.0187, Decline: 143.0813, PDE: 3618.4560, Reg: 26291.2753), Eth Losses: China: 1177.3654, India: 1045.9947, Philippines: 1243.3047... (more ethnicities), Val Loss: 1176.8512, Val MAE: 15.3887, Val R2: 0.6400
2025-04-25 14:38:14,626 - spatial_moe_trainer - INFO - Epoch 9/100 - Train Loss: 838.9088 (Col: 264.9697, Jump: 446.9455, Decline: 135.1906, PDE: 3454.3277, Reg: 24874.0573), Eth Losses: China: 1096.7001, India: 1029.7735, Philippines: 1156.8233... (more ethnicities), Val Loss: 1159.3034, Val MAE: 15.2420, Val R2: 0.6454
2025-04-25 14:38:36,899 - spatial_moe_trainer - INFO - Epoch 10/100 - Train Loss: 794.8118 (Col: 252.4145, Jump: 391.8612, Decline: 135.2654, PDE: 3214.7336, Reg: 12166.2051), Eth Losses: China: 995.6526, India: 948.6287, Philippines: 1128.9136... (more ethnicities), Val Loss: 1121.6276, Val MAE: 14.8216, Val R2: 0.6569
2025-04-25 14:38:59,354 - spatial_moe_trainer - INFO - Epoch 11/100 - Train Loss: 773.2573 (Col: 224.2823, Jump: 396.6730, Decline: 129.4883, PDE: 3194.9616, Reg: 21263.2172), Eth Losses: China: 949.8959, India: 960.6743, Philippines: 1082.6704... (more ethnicities), Val Loss: 1102.9037, Val MAE: 14.7515, Val R2: 0.6626
2025-04-25 14:39:21,816 - spatial_moe_trainer - INFO - Epoch 12/100 - Train Loss: 747.2104 (Col: 207.0019, Jump: 354.5896, Decline: 126.7580, PDE: 3113.9436, Reg: 21846.0702), Eth Losses: China: 929.6766, India: 914.8017, Philippines: 1034.5549... (more ethnicities), Val Loss: 1075.2718, Val MAE: 14.5895, Val R2: 0.6711
2025-04-25 14:39:44,211 - spatial_moe_trainer - INFO - Epoch 13/100 - Train Loss: 721.1336 (Col: 189.7330, Jump: 293.0375, Decline: 123.2517, PDE: 3091.0015, Reg: 15228.4566), Eth Losses: China: 836.1102, India: 889.4043, Philippines: 1017.9655... (more ethnicities), Val Loss: 1037.4256, Val MAE: 14.4964, Val R2: 0.6827
2025-04-25 14:40:06,696 - spatial_moe_trainer - INFO - Epoch 14/100 - Train Loss: 701.9666 (Col: 196.0254, Jump: 281.0087, Decline: 121.1567, PDE: 2897.0471, Reg: 21384.7206), Eth Losses: China: 844.4611, India: 848.3898, Philippines: 966.3998... (more ethnicities), Val Loss: 1033.1607, Val MAE: 14.3603, Val R2: 0.6840
2025-04-25 14:40:29,254 - spatial_moe_trainer - INFO - Epoch 15/100 - Train Loss: 686.2298 (Col: 185.2478, Jump: 276.8129, Decline: 118.5468, PDE: 2852.8021, Reg: 25903.5107), Eth Losses: China: 799.3261, India: 837.5728, Philippines: 969.4544... (more ethnicities), Val Loss: 995.1253, Val MAE: 14.3145, Val R2: 0.6956
2025-04-25 14:40:51,874 - spatial_moe_trainer - INFO - Epoch 16/100 - Train Loss: 657.1628 (Col: 199.4141, Jump: 294.3086, Decline: 117.8491, PDE: 2678.0250, Reg: 18173.7312), Eth Losses: China: 745.9774, India: 824.6566, Philippines: 890.2006... (more ethnicities), Val Loss: 974.3109, Val MAE: 14.1998, Val R2: 0.7020
2025-04-25 14:41:14,484 - spatial_moe_trainer - INFO - Epoch 17/100 - Train Loss: 633.4983 (Col: 192.9066, Jump: 267.7647, Decline: 117.1478, PDE: 2582.1023, Reg: 18370.9024), Eth Losses: China: 728.7863, India: 764.4972, Philippines: 865.2899... (more ethnicities), Val Loss: 944.4136, Val MAE: 14.1023, Val R2: 0.7111
2025-04-25 14:41:36,883 - spatial_moe_trainer - INFO - Epoch 18/100 - Train Loss: 618.8133 (Col: 196.8007, Jump: 210.0489, Decline: 118.8793, PDE: 2460.3745, Reg: 21430.9604), Eth Losses: China: 676.1031, India: 795.2425, Philippines: 812.2148... (more ethnicities), Val Loss: 928.2427, Val MAE: 13.9707, Val R2: 0.7161
2025-04-25 14:41:59,354 - spatial_moe_trainer - INFO - Epoch 19/100 - Train Loss: 605.3395 (Col: 168.2727, Jump: 221.8423, Decline: 115.5978, PDE: 2480.6869, Reg: 18036.7839), Eth Losses: China: 681.5209, India: 696.8724, Philippines: 886.1565... (more ethnicities), Val Loss: 883.9468, Val MAE: 13.6630, Val R2: 0.7296
2025-04-25 14:42:21,740 - spatial_moe_trainer - INFO - Epoch 20/100 - Train Loss: 583.1485 (Col: 163.0687, Jump: 233.3006, Decline: 113.7233, PDE: 2413.9450, Reg: 8669.8365), Eth Losses: China: 617.4482, India: 685.0697, Philippines: 836.8731... (more ethnicities), Val Loss: 914.3324, Val MAE: 13.8239, Val R2: 0.7203
2025-04-25 14:42:44,267 - spatial_moe_trainer - INFO - Epoch 21/100 - Train Loss: 564.0276 (Col: 166.7749, Jump: 264.1097, Decline: 109.1917, PDE: 2292.4995, Reg: 10809.2132), Eth Losses: China: 622.7458, India: 658.3697, Philippines: 788.5671... (more ethnicities), Val Loss: 858.3636, Val MAE: 13.4553, Val R2: 0.7374
2025-04-25 14:43:06,786 - spatial_moe_trainer - INFO - Epoch 22/100 - Train Loss: 561.4162 (Col: 173.8753, Jump: 178.4032, Decline: 115.7185, PDE: 2253.5638, Reg: 15183.1865), Eth Losses: China: 624.7027, India: 656.5030, Philippines: 763.8038... (more ethnicities), Val Loss: 855.7376, Val MAE: 13.4749, Val R2: 0.7382
2025-04-25 14:43:29,338 - spatial_moe_trainer - INFO - Epoch 23/100 - Train Loss: 542.2945 (Col: 166.4077, Jump: 217.5724, Decline: 113.3052, PDE: 2168.6602, Reg: 14412.0054), Eth Losses: China: 628.4151, India: 626.5672, Philippines: 725.0155... (more ethnicities), Val Loss: 869.3884, Val MAE: 13.3263, Val R2: 0.7341
2025-04-25 14:43:52,204 - spatial_moe_trainer - INFO - Epoch 24/100 - Train Loss: 537.1062 (Col: 172.4263, Jump: 192.4620, Decline: 110.1468, PDE: 2138.4771, Reg: 16919.7649), Eth Losses: China: 614.8940, India: 618.7305, Philippines: 694.7282... (more ethnicities), Val Loss: 887.4759, Val MAE: 13.4218, Val R2: 0.7285
2025-04-25 14:44:14,937 - spatial_moe_trainer - INFO - Epoch 25/100 - Train Loss: 550.0077 (Col: 191.9359, Jump: 238.0522, Decline: 110.0222, PDE: 2176.3726, Reg: 15760.6042), Eth Losses: China: 617.3958, India: 677.9107, Philippines: 717.6726... (more ethnicities), Val Loss: 851.9315, Val MAE: 13.3775, Val R2: 0.7394
2025-04-25 14:44:37,509 - spatial_moe_trainer - INFO - Epoch 26/100 - Train Loss: 526.4720 (Col: 174.6789, Jump: 200.3775, Decline: 110.9419, PDE: 2058.2474, Reg: 18083.7482), Eth Losses: China: 588.2276, India: 600.1327, Philippines: 692.8383... (more ethnicities), Val Loss: 844.1227, Val MAE: 13.2839, Val R2: 0.7418
2025-04-25 14:45:00,144 - spatial_moe_trainer - INFO - Epoch 27/100 - Train Loss: 532.4927 (Col: 154.1965, Jump: 205.4822, Decline: 116.2331, PDE: 2093.2633, Reg: 32436.5151), Eth Losses: China: 690.7595, India: 558.2010, Philippines: 685.6024... (more ethnicities), Val Loss: 859.5361, Val MAE: 13.2722, Val R2: 0.7371
2025-04-25 14:45:22,583 - spatial_moe_trainer - INFO - Epoch 28/100 - Train Loss: 520.7729 (Col: 182.7957, Jump: 182.6867, Decline: 110.4196, PDE: 2055.4975, Reg: 7944.8906), Eth Losses: China: 535.3035, India: 617.1318, Philippines: 696.7308... (more ethnicities), Val Loss: 850.6095, Val MAE: 13.1730, Val R2: 0.7398
2025-04-25 14:45:45,021 - spatial_moe_trainer - INFO - Epoch 29/100 - Train Loss: 495.6606 (Col: 150.1551, Jump: 173.2874, Decline: 121.6340, PDE: 1962.8854, Reg: 10658.5748), Eth Losses: China: 555.1538, India: 554.9885, Philippines: 632.8731... (more ethnicities), Val Loss: 848.2005, Val MAE: 13.1614, Val R2: 0.7406
2025-04-25 14:46:07,608 - spatial_moe_trainer - INFO - Epoch 30/100 - Train Loss: 507.1344 (Col: 168.2152, Jump: 197.9700, Decline: 115.0285, PDE: 1940.0593, Reg: 29832.4342), Eth Losses: China: 571.3798, India: 571.5438, Philippines: 661.8812... (more ethnicities), Val Loss: 852.3450, Val MAE: 13.1183, Val R2: 0.7393
2025-04-25 14:46:30,153 - spatial_moe_trainer - INFO - Epoch 31/100 - Train Loss: 481.2265 (Col: 167.7219, Jump: 177.5655, Decline: 116.1042, PDE: 1849.1382, Reg: 17168.8085), Eth Losses: China: 543.4117, India: 565.9344, Philippines: 614.8749... (more ethnicities), Val Loss: 804.8626, Val MAE: 12.9354, Val R2: 0.7538
2025-04-25 14:46:52,767 - spatial_moe_trainer - INFO - Epoch 32/100 - Train Loss: 492.0933 (Col: 171.7108, Jump: 205.3190, Decline: 118.2347, PDE: 1908.6266, Reg: 17423.4471), Eth Losses: China: 577.4176, India: 578.3931, Philippines: 612.5248... (more ethnicities), Val Loss: 839.9964, Val MAE: 12.9576, Val R2: 0.7431
2025-04-25 14:47:15,485 - spatial_moe_trainer - INFO - Epoch 33/100 - Train Loss: 475.4678 (Col: 155.2353, Jump: 182.6015, Decline: 117.0183, PDE: 1842.7101, Reg: 16686.3954), Eth Losses: China: 545.0248, India: 530.6646, Philippines: 581.2085... (more ethnicities), Val Loss: 828.8253, Val MAE: 12.9326, Val R2: 0.7465
2025-04-25 14:47:38,342 - spatial_moe_trainer - INFO - Epoch 34/100 - Train Loss: 454.9573 (Col: 142.1140, Jump: 195.9378, Decline: 114.0188, PDE: 1785.5622, Reg: 9928.1754), Eth Losses: China: 486.4441, India: 497.0569, Philippines: 601.0030... (more ethnicities), Val Loss: 824.2399, Val MAE: 12.8107, Val R2: 0.7479
2025-04-25 14:48:00,818 - spatial_moe_trainer - INFO - Epoch 35/100 - Train Loss: 481.2122 (Col: 157.4226, Jump: 209.4622, Decline: 116.5870, PDE: 1867.0516, Reg: 11735.1664), Eth Losses: China: 505.6106, India: 549.9957, Philippines: 681.1273... (more ethnicities), Val Loss: 800.6978, Val MAE: 12.7193, Val R2: 0.7551
2025-04-25 14:48:23,351 - spatial_moe_trainer - INFO - Epoch 36/100 - Train Loss: 462.6682 (Col: 141.5297, Jump: 181.3783, Decline: 113.1515, PDE: 1810.7365, Reg: 15760.6921), Eth Losses: China: 559.5809, India: 531.6809, Philippines: 550.8753... (more ethnicities), Val Loss: 806.3876, Val MAE: 12.6811, Val R2: 0.7533
2025-04-25 14:48:45,726 - spatial_moe_trainer - INFO - Epoch 37/100 - Train Loss: 457.3016 (Col: 136.6852, Jump: 172.1200, Decline: 117.1203, PDE: 1804.8688, Reg: 11487.8799), Eth Losses: China: 464.1932, India: 524.7486, Philippines: 613.7066... (more ethnicities), Val Loss: 831.9173, Val MAE: 12.7346, Val R2: 0.7455
2025-04-25 14:49:08,103 - spatial_moe_trainer - INFO - Epoch 38/100 - Train Loss: 441.6770 (Col: 153.3449, Jump: 200.1075, Decline: 119.0073, PDE: 1695.9597, Reg: 7183.6984), Eth Losses: China: 452.6261, India: 516.6297, Philippines: 607.7644... (more ethnicities), Val Loss: 803.5695, Val MAE: 12.8642, Val R2: 0.7542
2025-04-25 14:49:30,452 - spatial_moe_trainer - INFO - Epoch 39/100 - Train Loss: 443.3490 (Col: 154.3063, Jump: 172.6829, Decline: 113.5488, PDE: 1672.9088, Reg: 19068.8194), Eth Losses: China: 527.2881, India: 504.1438, Philippines: 545.0272... (more ethnicities), Val Loss: 766.2722, Val MAE: 12.4553, Val R2: 0.7656
2025-04-25 14:49:52,979 - spatial_moe_trainer - INFO - Epoch 40/100 - Train Loss: 437.9546 (Col: 132.3108, Jump: 168.8513, Decline: 114.0583, PDE: 1715.9047, Reg: 14809.6605), Eth Losses: China: 517.4378, India: 481.5116, Philippines: 555.3134... (more ethnicities), Val Loss: 799.8873, Val MAE: 12.7150, Val R2: 0.7553
2025-04-25 14:50:15,348 - spatial_moe_trainer - INFO - Epoch 41/100 - Train Loss: 426.0590 (Col: 156.7129, Jump: 176.6028, Decline: 116.7313, PDE: 1613.9533, Reg: 11410.8208), Eth Losses: China: 452.1254, India: 526.8275, Philippines: 513.4242... (more ethnicities), Val Loss: 762.3761, Val MAE: 12.4931, Val R2: 0.7668
2025-04-25 14:50:37,836 - spatial_moe_trainer - INFO - Epoch 42/100 - Train Loss: 431.1585 (Col: 133.8244, Jump: 177.9135, Decline: 110.1613, PDE: 1625.7495, Reg: 15609.1891), Eth Losses: China: 516.7329, India: 460.8530, Philippines: 569.8311... (more ethnicities), Val Loss: 760.3926, Val MAE: 12.5205, Val R2: 0.7674
2025-04-25 14:51:00,237 - spatial_moe_trainer - INFO - Epoch 43/100 - Train Loss: 403.8961 (Col: 120.6291, Jump: 169.3724, Decline: 118.0238, PDE: 1578.6454, Reg: 8839.9194), Eth Losses: China: 432.5501, India: 482.8486, Philippines: 512.5423... (more ethnicities), Val Loss: 760.3901, Val MAE: 12.4612, Val R2: 0.7674
2025-04-25 14:51:22,624 - spatial_moe_trainer - INFO - Epoch 44/100 - Train Loss: 427.4423 (Col: 145.9440, Jump: 151.5741, Decline: 114.1022, PDE: 1618.5092, Reg: 9543.0314), Eth Losses: China: 465.2070, India: 522.1380, Philippines: 524.0736... (more ethnicities), Val Loss: 742.3759, Val MAE: 12.2286, Val R2: 0.7729
2025-04-25 14:51:44,863 - spatial_moe_trainer - INFO - Epoch 45/100 - Train Loss: 402.5244 (Col: 136.9431, Jump: 182.6298, Decline: 117.4194, PDE: 1554.2067, Reg: 6209.1941), Eth Losses: China: 420.5345, India: 502.3074, Philippines: 492.5584... (more ethnicities), Val Loss: 749.8974, Val MAE: 12.4283, Val R2: 0.7706
2025-04-25 14:52:07,311 - spatial_moe_trainer - INFO - Epoch 46/100 - Train Loss: 418.5700 (Col: 141.3067, Jump: 182.4636, Decline: 116.1801, PDE: 1588.8953, Reg: 13826.0271), Eth Losses: China: 495.4713, India: 473.8892, Philippines: 531.5294... (more ethnicities), Val Loss: 745.5859, Val MAE: 12.2794, Val R2: 0.7719
2025-04-25 14:52:29,635 - spatial_moe_trainer - INFO - Epoch 47/100 - Train Loss: 412.7831 (Col: 123.4920, Jump: 169.6980, Decline: 113.4128, PDE: 1613.7559, Reg: 19205.8439), Eth Losses: China: 506.2351, India: 467.5088, Philippines: 545.8009... (more ethnicities), Val Loss: 777.5875, Val MAE: 12.3764, Val R2: 0.7622
2025-04-25 14:52:51,926 - spatial_moe_trainer - INFO - Epoch 48/100 - Train Loss: 386.5871 (Col: 116.3253, Jump: 153.5317, Decline: 114.4173, PDE: 1478.3306, Reg: 17077.2666), Eth Losses: China: 465.2578, India: 464.9023, Philippines: 450.4985... (more ethnicities), Val Loss: 764.9625, Val MAE: 12.4171, Val R2: 0.7660
2025-04-25 14:53:14,497 - spatial_moe_trainer - INFO - Epoch 49/100 - Train Loss: 385.0719 (Col: 111.8949, Jump: 147.7772, Decline: 114.7038, PDE: 1520.9698, Reg: 7724.7176), Eth Losses: China: 448.9504, India: 467.8161, Philippines: 492.7790... (more ethnicities), Val Loss: 749.3305, Val MAE: 12.2684, Val R2: 0.7708
2025-04-25 14:53:36,837 - spatial_moe_trainer - INFO - Epoch 50/100 - Train Loss: 373.5353 (Col: 110.1867, Jump: 163.0681, Decline: 109.1629, PDE: 1457.6952, Reg: 10778.8250), Eth Losses: China: 423.7860, India: 475.7847, Philippines: 440.9098... (more ethnicities), Val Loss: 745.0302, Val MAE: 12.3003, Val R2: 0.7721
2025-04-25 14:53:59,257 - spatial_moe_trainer - INFO - Epoch 51/100 - Train Loss: 388.1700 (Col: 110.3896, Jump: 172.3330, Decline: 115.5214, PDE: 1521.4703, Reg: 12739.1040), Eth Losses: China: 464.1089, India: 454.4847, Philippines: 499.5996... (more ethnicities), Val Loss: 755.7313, Val MAE: 12.2866, Val R2: 0.7688
2025-04-25 14:54:21,663 - spatial_moe_trainer - INFO - Epoch 52/100 - Train Loss: 367.2184 (Col: 98.1015, Jump: 167.6356, Decline: 114.5222, PDE: 1480.0340, Reg: 8540.6504), Eth Losses: China: 449.5839, India: 443.8525, Philippines: 467.2156... (more ethnicities), Val Loss: 754.6177, Val MAE: 12.1622, Val R2: 0.7692
2025-04-25 14:54:44,033 - spatial_moe_trainer - INFO - Epoch 53/100 - Train Loss: 362.7688 (Col: 81.7034, Jump: 162.4065, Decline: 118.0017, PDE: 1462.5261, Reg: 11275.1678), Eth Losses: China: 444.0457, India: 422.9327, Philippines: 467.7923... (more ethnicities), Val Loss: 731.0284, Val MAE: 12.0892, Val R2: 0.7764
2025-04-25 14:55:06,465 - spatial_moe_trainer - INFO - Epoch 54/100 - Train Loss: 368.7972 (Col: 99.6091, Jump: 147.5188, Decline: 115.2880, PDE: 1467.0030, Reg: 8000.7895), Eth Losses: China: 444.5922, India: 451.3576, Philippines: 456.0101... (more ethnicities), Val Loss: 734.8252, Val MAE: 12.1377, Val R2: 0.7752
2025-04-25 14:55:28,837 - spatial_moe_trainer - INFO - Epoch 55/100 - Train Loss: 355.8317 (Col: 100.9544, Jump: 126.4190, Decline: 111.9899, PDE: 1411.2251, Reg: 7544.9731), Eth Losses: China: 398.6214, India: 455.5170, Philippines: 429.0033... (more ethnicities), Val Loss: 724.6810, Val MAE: 12.1094, Val R2: 0.7783
2025-04-25 14:55:51,122 - spatial_moe_trainer - INFO - Epoch 56/100 - Train Loss: 363.1096 (Col: 88.2930, Jump: 133.0668, Decline: 114.7861, PDE: 1420.3490, Reg: 19957.6606), Eth Losses: China: 465.6417, India: 432.9739, Philippines: 457.3277... (more ethnicities), Val Loss: 720.9925, Val MAE: 12.0133, Val R2: 0.7795
2025-04-25 14:56:13,570 - spatial_moe_trainer - INFO - Epoch 57/100 - Train Loss: 370.2619 (Col: 91.7394, Jump: 161.9665, Decline: 110.3877, PDE: 1463.7447, Reg: 18240.1119), Eth Losses: China: 442.8072, India: 471.5262, Philippines: 478.5801... (more ethnicities), Val Loss: 727.8057, Val MAE: 12.1314, Val R2: 0.7774
2025-04-25 14:56:35,832 - spatial_moe_trainer - INFO - Epoch 58/100 - Train Loss: 347.2579 (Col: 92.2889, Jump: 156.8796, Decline: 107.6832, PDE: 1396.3688, Reg: 8398.5461), Eth Losses: China: 408.0602, India: 434.1384, Philippines: 425.0642... (more ethnicities), Val Loss: 706.7526, Val MAE: 12.0387, Val R2: 0.7838
2025-04-25 14:56:58,084 - spatial_moe_trainer - INFO - Epoch 59/100 - Train Loss: 346.4713 (Col: 84.0092, Jump: 158.8386, Decline: 112.1675, PDE: 1394.2371, Reg: 9687.5582), Eth Losses: China: 406.9885, India: 413.2611, Philippines: 459.6121... (more ethnicities), Val Loss: 730.4104, Val MAE: 12.1877, Val R2: 0.7766
2025-04-25 14:57:20,483 - spatial_moe_trainer - INFO - Epoch 60/100 - Train Loss: 351.0790 (Col: 82.6926, Jump: 160.0093, Decline: 114.8355, PDE: 1425.8123, Reg: 6876.1138), Eth Losses: China: 428.9828, India: 403.0363, Philippines: 471.4671... (more ethnicities), Val Loss: 736.5018, Val MAE: 12.0592, Val R2: 0.7747
2025-04-25 14:57:43,025 - spatial_moe_trainer - INFO - Epoch 61/100 - Train Loss: 357.0689 (Col: 86.1580, Jump: 152.0826, Decline: 111.3930, PDE: 1413.1422, Reg: 16696.9923), Eth Losses: China: 459.7677, India: 433.9180, Philippines: 445.8554... (more ethnicities), Val Loss: 719.0521, Val MAE: 12.0008, Val R2: 0.7801
2025-04-25 14:58:05,402 - spatial_moe_trainer - INFO - Epoch 62/100 - Train Loss: 332.5934 (Col: 87.1694, Jump: 165.6387, Decline: 112.3427, PDE: 1315.6242, Reg: 6136.2358), Eth Losses: China: 385.3173, India: 419.0730, Philippines: 416.1359... (more ethnicities), Val Loss: 737.8816, Val MAE: 12.0352, Val R2: 0.7743
2025-04-25 14:58:27,802 - spatial_moe_trainer - INFO - Epoch 63/100 - Train Loss: 332.8688 (Col: 92.1865, Jump: 137.8759, Decline: 113.2509, PDE: 1303.1664, Reg: 5811.2679), Eth Losses: China: 366.9631, India: 435.9060, Philippines: 432.0421... (more ethnicities), Val Loss: 748.7377, Val MAE: 12.0754, Val R2: 0.7710
2025-04-25 14:58:50,171 - spatial_moe_trainer - INFO - Epoch 64/100 - Train Loss: 358.1664 (Col: 99.1303, Jump: 148.2311, Decline: 116.0282, PDE: 1411.4787, Reg: 10896.3039), Eth Losses: China: 420.9927, India: 448.8161, Philippines: 450.0032... (more ethnicities), Val Loss: 723.2904, Val MAE: 11.9858, Val R2: 0.7788
2025-04-25 14:59:12,861 - spatial_moe_trainer - INFO - Epoch 65/100 - Train Loss: 340.8307 (Col: 89.6838, Jump: 181.1610, Decline: 114.1472, PDE: 1347.9753, Reg: 9263.7864), Eth Losses: China: 387.4918, India: 423.3625, Philippines: 466.4002... (more ethnicities), Val Loss: 736.7507, Val MAE: 11.9819, Val R2: 0.7746
2025-04-25 14:59:35,183 - spatial_moe_trainer - INFO - Epoch 66/100 - Train Loss: 335.1275 (Col: 79.4483, Jump: 198.0776, Decline: 112.2336, PDE: 1350.1327, Reg: 7544.9396), Eth Losses: China: 384.1606, India: 413.1478, Philippines: 446.1852... (more ethnicities), Val Loss: 740.4649, Val MAE: 12.0239, Val R2: 0.7735
2025-04-25 14:59:57,576 - spatial_moe_trainer - INFO - Epoch 67/100 - Train Loss: 344.8598 (Col: 86.5768, Jump: 175.9371, Decline: 111.8783, PDE: 1341.0392, Reg: 21316.5425), Eth Losses: China: 416.0182, India: 442.4061, Philippines: 432.6942... (more ethnicities), Val Loss: 735.3021, Val MAE: 11.9888, Val R2: 0.7751
2025-04-25 15:00:20,131 - spatial_moe_trainer - INFO - Epoch 68/100 - Train Loss: 341.5345 (Col: 76.5278, Jump: 191.1520, Decline: 114.9057, PDE: 1377.3454, Reg: 9218.8303), Eth Losses: China: 449.9918, India: 407.6225, Philippines: 433.4159... (more ethnicities), Val Loss: 729.9119, Val MAE: 11.9896, Val R2: 0.7767
2025-04-25 15:00:20,131 - spatial_moe_trainer - INFO - Early stopping at epoch 68
2025-04-25 15:00:20,154 - spatial_moe_trainer - INFO - Saving metrics to ./optuna_results/trial_2/metrics
2025-04-25 15:00:20,158 - spatial_moe_trainer - INFO - Training metrics saved to ./optuna_results/trial_2/metrics/training_metrics.csv
2025-04-25 15:00:20,162 - spatial_moe_trainer - INFO - Validation metrics saved to ./optuna_results/trial_2/metrics/validation_metrics.csv
2025-04-25 15:00:20,204 - spatial_moe_trainer - INFO - Multi-Ethnic Spatial MoE model saved to ./optuna_results/trial_2/model.pt
2025-04-25 15:00:20,237 - __mp_main__ - INFO - Running trial 3 on device cuda:0
2025-04-25 15:00:20,252 - __main__ - INFO - Trial 2 completed with value: 706.752567
2025-04-25 15:00:20,358 - __mp_main__ - INFO - Using adjusted dimensions - hidden_dims: [93, 39, 18], coord_embed_dim: 9
2025-04-25 15:00:20,411 - spatial_moe_trainer - INFO - Multi-Ethnic Spatial MoE model initialized on cuda:0
2025-04-25 15:00:20,411 - spatial_moe_trainer - INFO - Model will predict 5 ethnicities: ['China', 'India', 'Philippines', 'Portugal', 'Sri Lanka']
2025-04-25 15:00:20,433 - __mp_main__ - INFO - Testing model forward pass before training...
2025-04-25 15:00:20,592 - __mp_main__ - INFO - Test forward pass successful. Output shape: torch.Size([64, 5])
2025-04-25 15:00:20,592 - spatial_moe_trainer - INFO - Starting multi-ethnic spatial MoE model training with learnable expert router...
2025-04-25 15:00:20,592 - spatial_moe_trainer - INFO - Using colonization_weight=6.41003510568888, jump_weight=9.72918866945795, decline_weight=2.636424704863906, pde_weight=3.7381801866358395
2025-04-25 15:00:43,017 - spatial_moe_trainer - INFO - Epoch 1/100 - Train Loss: 1891.0819 (Col: 1005.6470, Jump: 1726.8163, Decline: 237.6956, PDE: 6534.2468, Reg: 38923.1191), Eth Losses: China: 2208.1673, India: 2289.6473, Philippines: 3253.0317... (more ethnicities), Val Loss: 1842.3513, Val MAE: 21.6395, Val R2: 0.4365
2025-04-25 15:01:05,444 - spatial_moe_trainer - INFO - Epoch 2/100 - Train Loss: 1538.9603 (Col: 763.6779, Jump: 1248.6293, Decline: 224.4023, PDE: 5599.9750, Reg: 24388.4422), Eth Losses: China: 1562.8072, India: 2124.7114, Philippines: 2646.4205... (more ethnicities), Val Loss: 1597.1026, Val MAE: 18.3621, Val R2: 0.5115
2025-04-25 15:01:28,064 - spatial_moe_trainer - INFO - Epoch 3/100 - Train Loss: 1273.2620 (Col: 599.8369, Jump: 822.1967, Decline: 199.5879, PDE: 4581.4106, Reg: 27241.2780), Eth Losses: China: 1379.2102, India: 1906.0737, Philippines: 1838.8701... (more ethnicities), Val Loss: 1453.5181, Val MAE: 16.8646, Val R2: 0.5554
2025-04-25 15:01:50,479 - spatial_moe_trainer - INFO - Epoch 4/100 - Train Loss: 1131.6911 (Col: 511.2713, Jump: 795.8794, Decline: 188.3920, PDE: 4130.8126, Reg: 28635.7584), Eth Losses: China: 1265.9673, India: 1769.2936, Philippines: 1505.5837... (more ethnicities), Val Loss: 1398.7782, Val MAE: 16.3355, Val R2: 0.5721
2025-04-25 15:02:13,141 - spatial_moe_trainer - INFO - Epoch 5/100 - Train Loss: 1045.6579 (Col: 437.4287, Jump: 603.2893, Decline: 182.3395, PDE: 3913.9554, Reg: 36623.6497), Eth Losses: China: 1322.9707, India: 1569.8164, Philippines: 1329.1807... (more ethnicities), Val Loss: 1329.1503, Val MAE: 15.8803, Val R2: 0.5934
2025-04-25 15:02:35,598 - spatial_moe_trainer - INFO - Epoch 6/100 - Train Loss: 960.8660 (Col: 372.9043, Jump: 737.9124, Decline: 171.5221, PDE: 3709.8027, Reg: 32003.4442), Eth Losses: China: 1277.1457, India: 1384.4399, Philippines: 1142.4185... (more ethnicities), Val Loss: 1244.3280, Val MAE: 15.8386, Val R2: 0.6194
2025-04-25 15:02:58,278 - spatial_moe_trainer - INFO - Epoch 7/100 - Train Loss: 920.2976 (Col: 357.1124, Jump: 528.5638, Decline: 161.8548, PDE: 3533.5868, Reg: 32228.7517), Eth Losses: China: 1259.1043, India: 1326.3301, Philippines: 1039.9050... (more ethnicities), Val Loss: 1182.0970, Val MAE: 15.3172, Val R2: 0.6384
2025-04-25 15:03:20,932 - spatial_moe_trainer - INFO - Epoch 8/100 - Train Loss: 871.7656 (Col: 298.9156, Jump: 521.6677, Decline: 163.9872, PDE: 3447.6898, Reg: 33932.7352), Eth Losses: China: 1224.9681, India: 1218.2647, Philippines: 998.4320... (more ethnicities), Val Loss: 1145.7338, Val MAE: 15.2778, Val R2: 0.6495
2025-04-25 15:03:43,314 - spatial_moe_trainer - INFO - Epoch 9/100 - Train Loss: 834.5965 (Col: 277.2928, Jump: 537.4801, Decline: 154.8358, PDE: 3401.8553, Reg: 11305.3725), Eth Losses: China: 1148.5556, India: 1128.4030, Philippines: 1009.6199... (more ethnicities), Val Loss: 1108.3463, Val MAE: 15.0869, Val R2: 0.6610
2025-04-25 15:04:05,898 - spatial_moe_trainer - INFO - Epoch 10/100 - Train Loss: 818.8492 (Col: 303.2883, Jump: 349.3303, Decline: 156.4692, PDE: 3218.7258, Reg: 20598.2577), Eth Losses: China: 1108.2631, India: 1117.3175, Philippines: 1010.1975... (more ethnicities), Val Loss: 1101.5096, Val MAE: 15.0411, Val R2: 0.6631
2025-04-25 15:04:28,464 - spatial_moe_trainer - INFO - Epoch 11/100 - Train Loss: 795.0223 (Col: 265.1149, Jump: 457.5895, Decline: 148.0610, PDE: 3204.5537, Reg: 19086.0759), Eth Losses: China: 1105.1116, India: 1073.9938, Philippines: 945.2246... (more ethnicities), Val Loss: 1105.0282, Val MAE: 14.8088, Val R2: 0.6620
2025-04-25 15:04:50,813 - spatial_moe_trainer - INFO - Epoch 12/100 - Train Loss: 787.9539 (Col: 256.2121, Jump: 415.5933, Decline: 139.3067, PDE: 3089.3187, Reg: 30554.5348), Eth Losses: China: 1153.4327, India: 1061.0130, Philippines: 890.3137... (more ethnicities), Val Loss: 1055.2872, Val MAE: 14.4638, Val R2: 0.6772
2025-04-25 15:05:13,254 - spatial_moe_trainer - INFO - Epoch 13/100 - Train Loss: 723.9663 (Col: 227.3535, Jump: 289.5463, Decline: 136.7028, PDE: 2853.2361, Reg: 39358.2945), Eth Losses: China: 1046.9813, India: 974.1000, Philippines: 795.7748... (more ethnicities), Val Loss: 1046.8912, Val MAE: 14.5574, Val R2: 0.6798
2025-04-25 15:05:35,726 - spatial_moe_trainer - INFO - Epoch 14/100 - Train Loss: 750.4085 (Col: 269.1336, Jump: 325.5749, Decline: 136.5558, PDE: 2872.5293, Reg: 37290.6761), Eth Losses: China: 1018.7369, India: 1047.0078, Philippines: 855.8867... (more ethnicities), Val Loss: 1036.7810, Val MAE: 14.2960, Val R2: 0.6829
2025-04-25 15:05:58,320 - spatial_moe_trainer - INFO - Epoch 15/100 - Train Loss: 694.3970 (Col: 224.6326, Jump: 281.5335, Decline: 131.4756, PDE: 2798.5473, Reg: 19147.7783), Eth Losses: China: 904.8855, India: 935.6602, Philippines: 807.3746... (more ethnicities), Val Loss: 984.5752, Val MAE: 13.8860, Val R2: 0.6988
2025-04-25 15:06:20,848 - spatial_moe_trainer - INFO - Epoch 16/100 - Train Loss: 672.0133 (Col: 192.7998, Jump: 244.9458, Decline: 126.0058, PDE: 2684.4219, Reg: 43295.6091), Eth Losses: China: 930.1425, India: 889.8225, Philippines: 748.1688... (more ethnicities), Val Loss: 966.3337, Val MAE: 13.8570, Val R2: 0.7044
2025-04-25 15:06:43,387 - spatial_moe_trainer - INFO - Epoch 17/100 - Train Loss: 648.9114 (Col: 186.2117, Jump: 299.9161, Decline: 128.0446, PDE: 2595.6963, Reg: 24808.3412), Eth Losses: China: 862.8126, India: 886.0186, Philippines: 717.0351... (more ethnicities), Val Loss: 953.3825, Val MAE: 13.8764, Val R2: 0.7084
2025-04-25 15:07:06,131 - spatial_moe_trainer - INFO - Epoch 18/100 - Train Loss: 618.2173 (Col: 179.5036, Jump: 263.1953, Decline: 124.9783, PDE: 2452.4030, Reg: 37320.1355), Eth Losses: China: 792.3133, India: 871.0958, Philippines: 684.5033... (more ethnicities), Val Loss: 966.1093, Val MAE: 13.9989, Val R2: 0.7045
2025-04-25 15:07:28,659 - spatial_moe_trainer - INFO - Epoch 19/100 - Train Loss: 601.5041 (Col: 163.8651, Jump: 159.0525, Decline: 130.0007, PDE: 2435.1160, Reg: 25347.5693), Eth Losses: China: 758.7311, India: 842.4334, Philippines: 659.4528... (more ethnicities), Val Loss: 886.8102, Val MAE: 13.4194, Val R2: 0.7287
2025-04-25 15:07:51,591 - spatial_moe_trainer - INFO - Epoch 20/100 - Train Loss: 578.1645 (Col: 162.5892, Jump: 188.6261, Decline: 124.7277, PDE: 2389.9408, Reg: 12185.0841), Eth Losses: China: 693.6600, India: 791.0623, Philippines: 689.9365... (more ethnicities), Val Loss: 865.8425, Val MAE: 13.3363, Val R2: 0.7352
2025-04-25 15:08:14,237 - spatial_moe_trainer - INFO - Epoch 21/100 - Train Loss: 576.9705 (Col: 172.9901, Jump: 207.7313, Decline: 122.5251, PDE: 2400.8039, Reg: 9662.0173), Eth Losses: China: 602.9010, India: 793.0899, Philippines: 777.2325... (more ethnicities), Val Loss: 872.8743, Val MAE: 13.4818, Val R2: 0.7330
2025-04-25 15:08:36,817 - spatial_moe_trainer - INFO - Epoch 22/100 - Train Loss: 565.8617 (Col: 175.7339, Jump: 188.0097, Decline: 118.5352, PDE: 2223.4934, Reg: 29320.9818), Eth Losses: China: 650.1879, India: 839.4140, Philippines: 641.6432... (more ethnicities), Val Loss: 831.4221, Val MAE: 13.2789, Val R2: 0.7457
2025-04-25 15:08:59,410 - spatial_moe_trainer - INFO - Epoch 23/100 - Train Loss: 560.2415 (Col: 167.4285, Jump: 218.0633, Decline: 121.3308, PDE: 2281.5032, Reg: 22159.8087), Eth Losses: China: 609.9875, India: 792.0347, Philippines: 683.9671... (more ethnicities), Val Loss: 827.6080, Val MAE: 13.2149, Val R2: 0.7469
2025-04-25 15:09:22,158 - spatial_moe_trainer - INFO - Epoch 24/100 - Train Loss: 535.5258 (Col: 147.9159, Jump: 221.4628, Decline: 117.3220, PDE: 2181.3372, Reg: 19898.9822), Eth Losses: China: 641.3985, India: 699.0583, Philippines: 647.1378... (more ethnicities), Val Loss: 799.0125, Val MAE: 12.8559, Val R2: 0.7556
2025-04-25 15:09:45,082 - spatial_moe_trainer - INFO - Epoch 25/100 - Train Loss: 514.5161 (Col: 132.9856, Jump: 197.6417, Decline: 120.9573, PDE: 2103.2241, Reg: 21170.1203), Eth Losses: China: 635.9404, India: 683.2384, Philippines: 588.4439... (more ethnicities), Val Loss: 806.1814, Val MAE: 12.9253, Val R2: 0.7534
2025-04-25 15:10:07,918 - spatial_moe_trainer - INFO - Epoch 26/100 - Train Loss: 521.3225 (Col: 160.7777, Jump: 203.0770, Decline: 120.6507, PDE: 2088.9831, Reg: 9342.6871), Eth Losses: China: 596.7066, India: 707.2111, Philippines: 624.6947... (more ethnicities), Val Loss: 788.5959, Val MAE: 12.8130, Val R2: 0.7588
2025-04-25 15:10:30,487 - spatial_moe_trainer - INFO - Epoch 27/100 - Train Loss: 496.5468 (Col: 135.4456, Jump: 184.4838, Decline: 121.8904, PDE: 2011.6312, Reg: 12825.1929), Eth Losses: China: 555.5476, India: 657.1025, Philippines: 623.3851... (more ethnicities), Val Loss: 766.1435, Val MAE: 13.0273, Val R2: 0.7657
2025-04-25 15:10:53,022 - spatial_moe_trainer - INFO - Epoch 28/100 - Train Loss: 510.0129 (Col: 155.9607, Jump: 206.6758, Decline: 117.2589, PDE: 1961.2966, Reg: 33164.6393), Eth Losses: China: 629.1594, India: 681.6069, Philippines: 614.0283... (more ethnicities), Val Loss: 787.5512, Val MAE: 12.9742, Val R2: 0.7591
2025-04-25 15:11:15,652 - spatial_moe_trainer - INFO - Epoch 29/100 - Train Loss: 486.9517 (Col: 150.6998, Jump: 166.7994, Decline: 121.3612, PDE: 1934.1739, Reg: 14938.4030), Eth Losses: China: 531.7026, India: 648.6460, Philippines: 623.7947... (more ethnicities), Val Loss: 767.7810, Val MAE: 12.6785, Val R2: 0.7652
2025-04-25 15:11:38,015 - spatial_moe_trainer - INFO - Epoch 30/100 - Train Loss: 480.4263 (Col: 144.3956, Jump: 174.6894, Decline: 119.5610, PDE: 1905.5637, Reg: 13007.5149), Eth Losses: China: 522.8397, India: 664.1418, Philippines: 607.5692... (more ethnicities), Val Loss: 752.6332, Val MAE: 12.5710, Val R2: 0.7698
2025-04-25 15:12:00,523 - spatial_moe_trainer - INFO - Epoch 31/100 - Train Loss: 472.0000 (Col: 122.9724, Jump: 156.3755, Decline: 115.3776, PDE: 1890.0430, Reg: 15915.4199), Eth Losses: China: 551.9930, India: 629.8656, Philippines: 574.6131... (more ethnicities), Val Loss: 736.5124, Val MAE: 12.3988, Val R2: 0.7747
2025-04-25 15:12:23,019 - spatial_moe_trainer - INFO - Epoch 32/100 - Train Loss: 468.5133 (Col: 139.9871, Jump: 172.6099, Decline: 112.1393, PDE: 1873.9938, Reg: 17210.6300), Eth Losses: China: 568.6369, India: 609.9915, Philippines: 568.4943... (more ethnicities), Val Loss: 742.6635, Val MAE: 12.3938, Val R2: 0.7728
2025-04-25 15:12:45,585 - spatial_moe_trainer - INFO - Epoch 33/100 - Train Loss: 474.7784 (Col: 147.9246, Jump: 139.1749, Decline: 119.1065, PDE: 1865.9231, Reg: 14065.0991), Eth Losses: China: 536.4809, India: 616.0140, Philippines: 611.2260... (more ethnicities), Val Loss: 768.7956, Val MAE: 12.5270, Val R2: 0.7648
2025-04-25 15:13:08,170 - spatial_moe_trainer - INFO - Epoch 34/100 - Train Loss: 460.9629 (Col: 123.3808, Jump: 189.0922, Decline: 114.7429, PDE: 1859.0099, Reg: 11921.6401), Eth Losses: China: 520.7943, India: 619.2203, Philippines: 569.9610... (more ethnicities), Val Loss: 747.7408, Val MAE: 12.5722, Val R2: 0.7713
2025-04-25 15:13:30,621 - spatial_moe_trainer - INFO - Epoch 35/100 - Train Loss: 432.8910 (Col: 111.5733, Jump: 176.2444, Decline: 119.2460, PDE: 1774.9281, Reg: 11206.9846), Eth Losses: China: 478.4899, India: 544.5871, Philippines: 571.9014... (more ethnicities), Val Loss: 731.5028, Val MAE: 12.2206, Val R2: 0.7762
2025-04-25 15:13:53,105 - spatial_moe_trainer - INFO - Epoch 36/100 - Train Loss: 439.5839 (Col: 115.9963, Jump: 164.8312, Decline: 109.8591, PDE: 1749.4966, Reg: 21394.7159), Eth Losses: China: 558.2455, India: 569.4588, Philippines: 533.3012... (more ethnicities), Val Loss: 716.9275, Val MAE: 12.1591, Val R2: 0.7807
2025-04-25 15:14:15,661 - spatial_moe_trainer - INFO - Epoch 37/100 - Train Loss: 416.7585 (Col: 121.8702, Jump: 169.3914, Decline: 111.5554, PDE: 1669.9125, Reg: 11840.9931), Eth Losses: China: 473.8722, India: 557.4621, Philippines: 487.9260... (more ethnicities), Val Loss: 719.8124, Val MAE: 12.2706, Val R2: 0.7798
2025-04-25 15:14:38,110 - spatial_moe_trainer - INFO - Epoch 38/100 - Train Loss: 426.6644 (Col: 112.1959, Jump: 140.2638, Decline: 111.5324, PDE: 1716.3480, Reg: 15698.5825), Eth Losses: China: 542.7295, India: 524.3214, Philippines: 494.2693... (more ethnicities), Val Loss: 715.1192, Val MAE: 12.2762, Val R2: 0.7813
2025-04-25 15:15:00,455 - spatial_moe_trainer - INFO - Epoch 39/100 - Train Loss: 428.9560 (Col: 116.5428, Jump: 131.7671, Decline: 112.2565, PDE: 1684.6176, Reg: 20523.5444), Eth Losses: China: 529.2270, India: 584.2270, Philippines: 514.0854... (more ethnicities), Val Loss: 710.1128, Val MAE: 12.1315, Val R2: 0.7828
2025-04-25 15:15:23,002 - spatial_moe_trainer - INFO - Epoch 40/100 - Train Loss: 430.2709 (Col: 126.3250, Jump: 165.7317, Decline: 119.7557, PDE: 1699.9339, Reg: 11333.4433), Eth Losses: China: 510.6627, India: 632.2892, Philippines: 540.7977... (more ethnicities), Val Loss: 711.0206, Val MAE: 12.0998, Val R2: 0.7825
2025-04-25 15:15:45,647 - spatial_moe_trainer - INFO - Epoch 41/100 - Train Loss: 403.5149 (Col: 99.3649, Jump: 179.8384, Decline: 115.9157, PDE: 1645.2931, Reg: 13857.1050), Eth Losses: China: 485.5232, India: 534.1267, Philippines: 488.2389... (more ethnicities), Val Loss: 724.0952, Val MAE: 12.2391, Val R2: 0.7785
2025-04-25 15:16:08,408 - spatial_moe_trainer - INFO - Epoch 42/100 - Train Loss: 408.9187 (Col: 109.0899, Jump: 200.9174, Decline: 118.6896, PDE: 1591.4778, Reg: 22911.2776), Eth Losses: China: 540.1391, India: 516.7615, Philippines: 487.9531... (more ethnicities), Val Loss: 755.3290, Val MAE: 12.4548, Val R2: 0.7690
2025-04-25 15:16:30,892 - spatial_moe_trainer - INFO - Epoch 43/100 - Train Loss: 399.9613 (Col: 133.0952, Jump: 183.0573, Decline: 116.7089, PDE: 1512.4185, Reg: 10773.1991), Eth Losses: China: 430.1799, India: 635.8526, Philippines: 487.3592... (more ethnicities), Val Loss: 738.9225, Val MAE: 12.1324, Val R2: 0.7740
2025-04-25 15:16:53,272 - spatial_moe_trainer - INFO - Epoch 44/100 - Train Loss: 397.6995 (Col: 145.5555, Jump: 149.7549, Decline: 111.1440, PDE: 1474.7822, Reg: 18113.9931), Eth Losses: China: 482.1559, India: 594.4317, Philippines: 460.4289... (more ethnicities), Val Loss: 730.1994, Val MAE: 12.1049, Val R2: 0.7766
2025-04-25 15:17:15,764 - spatial_moe_trainer - INFO - Epoch 45/100 - Train Loss: 378.0438 (Col: 95.3266, Jump: 170.5055, Decline: 112.8400, PDE: 1530.3998, Reg: 12153.2900), Eth Losses: China: 437.4550, India: 480.2334, Philippines: 486.9282... (more ethnicities), Val Loss: 721.5582, Val MAE: 12.1049, Val R2: 0.7793
2025-04-25 15:17:38,389 - spatial_moe_trainer - INFO - Epoch 46/100 - Train Loss: 368.4786 (Col: 87.1135, Jump: 167.2096, Decline: 113.4268, PDE: 1499.2377, Reg: 8546.6693), Eth Losses: China: 425.8481, India: 479.4008, Philippines: 462.7571... (more ethnicities), Val Loss: 715.8900, Val MAE: 12.1614, Val R2: 0.7810
2025-04-25 15:18:00,847 - spatial_moe_trainer - INFO - Epoch 47/100 - Train Loss: 385.9446 (Col: 106.5611, Jump: 192.3835, Decline: 112.4525, PDE: 1513.0855, Reg: 16833.8114), Eth Losses: China: 460.5327, India: 537.5662, Philippines: 491.1668... (more ethnicities), Val Loss: 721.9856, Val MAE: 12.1267, Val R2: 0.7792
2025-04-25 15:18:23,272 - spatial_moe_trainer - INFO - Epoch 48/100 - Train Loss: 384.6440 (Col: 108.0036, Jump: 168.6973, Decline: 113.7663, PDE: 1506.6682, Reg: 16276.5014), Eth Losses: China: 484.0899, India: 524.1042, Philippines: 455.8647... (more ethnicities), Val Loss: 716.6453, Val MAE: 12.0932, Val R2: 0.7808
2025-04-25 15:18:45,564 - spatial_moe_trainer - INFO - Epoch 49/100 - Train Loss: 373.9770 (Col: 106.3291, Jump: 143.2152, Decline: 110.7774, PDE: 1470.8626, Reg: 11211.2301), Eth Losses: China: 466.9703, India: 485.9120, Philippines: 469.1993... (more ethnicities), Val Loss: 708.4381, Val MAE: 12.0679, Val R2: 0.7833
2025-04-25 15:19:08,022 - spatial_moe_trainer - INFO - Epoch 50/100 - Train Loss: 372.0908 (Col: 93.6404, Jump: 168.3010, Decline: 111.0348, PDE: 1443.9526, Reg: 16547.5555), Eth Losses: China: 424.7750, India: 511.9260, Philippines: 465.5090... (more ethnicities), Val Loss: 703.9865, Val MAE: 11.9999, Val R2: 0.7847
2025-04-25 15:19:30,360 - spatial_moe_trainer - INFO - Epoch 51/100 - Train Loss: 377.3972 (Col: 86.2845, Jump: 168.4412, Decline: 113.8037, PDE: 1548.2439, Reg: 9542.3918), Eth Losses: China: 440.9252, India: 500.5062, Philippines: 476.2735... (more ethnicities), Val Loss: 706.2528, Val MAE: 12.1546, Val R2: 0.7840
2025-04-25 15:19:52,688 - spatial_moe_trainer - INFO - Epoch 52/100 - Train Loss: 353.5473 (Col: 91.3103, Jump: 143.9002, Decline: 111.6843, PDE: 1437.2271, Reg: 7800.0543), Eth Losses: China: 415.1767, India: 453.0396, Philippines: 472.6373... (more ethnicities), Val Loss: 704.4612, Val MAE: 11.9514, Val R2: 0.7845
2025-04-25 15:20:15,045 - spatial_moe_trainer - INFO - Epoch 53/100 - Train Loss: 362.4715 (Col: 93.9423, Jump: 176.1800, Decline: 110.8607, PDE: 1419.5626, Reg: 15036.5347), Eth Losses: China: 430.3614, India: 466.8995, Philippines: 462.8458... (more ethnicities), Val Loss: 702.1881, Val MAE: 11.9899, Val R2: 0.7852
2025-04-25 15:20:37,350 - spatial_moe_trainer - INFO - Epoch 54/100 - Train Loss: 355.2427 (Col: 81.3135, Jump: 156.0838, Decline: 109.1391, PDE: 1444.8725, Reg: 15258.6526), Eth Losses: China: 432.2606, India: 447.5553, Philippines: 427.6041... (more ethnicities), Val Loss: 709.9282, Val MAE: 12.0535, Val R2: 0.7828
2025-04-25 15:20:59,814 - spatial_moe_trainer - INFO - Epoch 55/100 - Train Loss: 356.0425 (Col: 78.3133, Jump: 153.3509, Decline: 113.3056, PDE: 1441.2872, Reg: 15013.3978), Eth Losses: China: 395.0412, India: 483.1945, Philippines: 457.3517... (more ethnicities), Val Loss: 694.1293, Val MAE: 11.9222, Val R2: 0.7877
2025-04-25 15:21:22,165 - spatial_moe_trainer - INFO - Epoch 56/100 - Train Loss: 354.4437 (Col: 77.3600, Jump: 155.1560, Decline: 109.7625, PDE: 1463.0248, Reg: 10101.7076), Eth Losses: China: 417.8593, India: 439.3976, Philippines: 467.8359... (more ethnicities), Val Loss: 718.4772, Val MAE: 12.0544, Val R2: 0.7802
2025-04-25 15:21:44,687 - spatial_moe_trainer - INFO - Epoch 57/100 - Train Loss: 340.1334 (Col: 79.5654, Jump: 170.9219, Decline: 110.4509, PDE: 1383.4702, Reg: 5163.7794), Eth Losses: China: 415.0935, India: 436.2877, Philippines: 434.5960... (more ethnicities), Val Loss: 699.8101, Val MAE: 11.9000, Val R2: 0.7859
2025-04-25 15:22:07,084 - spatial_moe_trainer - INFO - Epoch 58/100 - Train Loss: 346.2215 (Col: 89.5936, Jump: 133.2922, Decline: 112.7550, PDE: 1385.2107, Reg: 7478.0767), Eth Losses: China: 402.6934, India: 473.1891, Philippines: 469.9056... (more ethnicities), Val Loss: 705.4512, Val MAE: 11.9363, Val R2: 0.7842
2025-04-25 15:22:29,490 - spatial_moe_trainer - INFO - Epoch 59/100 - Train Loss: 355.1810 (Col: 82.3325, Jump: 139.9526, Decline: 104.6137, PDE: 1458.3486, Reg: 9129.8639), Eth Losses: China: 387.4598, India: 455.3755, Philippines: 495.9914... (more ethnicities), Val Loss: 713.7674, Val MAE: 12.0566, Val R2: 0.7817
2025-04-25 15:22:52,073 - spatial_moe_trainer - INFO - Epoch 60/100 - Train Loss: 334.9770 (Col: 74.9959, Jump: 145.7795, Decline: 109.7925, PDE: 1383.5838, Reg: 6428.4186), Eth Losses: China: 385.6149, India: 431.6060, Philippines: 425.2487... (more ethnicities), Val Loss: 711.7607, Val MAE: 12.0560, Val R2: 0.7823
2025-04-25 15:23:14,376 - spatial_moe_trainer - INFO - Epoch 61/100 - Train Loss: 344.9738 (Col: 87.6169, Jump: 149.7101, Decline: 109.2884, PDE: 1400.1300, Reg: 6160.8153), Eth Losses: China: 361.3927, India: 474.1966, Philippines: 449.9736... (more ethnicities), Val Loss: 696.0399, Val MAE: 11.8673, Val R2: 0.7871
2025-04-25 15:23:36,727 - spatial_moe_trainer - INFO - Epoch 62/100 - Train Loss: 341.0500 (Col: 85.9220, Jump: 175.8439, Decline: 110.7981, PDE: 1329.3136, Reg: 10138.7182), Eth Losses: China: 382.8387, India: 448.3501, Philippines: 450.9057... (more ethnicities), Val Loss: 701.9076, Val MAE: 11.9323, Val R2: 0.7853
2025-04-25 15:23:59,225 - spatial_moe_trainer - INFO - Epoch 63/100 - Train Loss: 332.3761 (Col: 78.3439, Jump: 169.6578, Decline: 111.0778, PDE: 1330.6847, Reg: 15086.7479), Eth Losses: China: 414.2675, India: 409.9768, Philippines: 422.1399... (more ethnicities), Val Loss: 711.2056, Val MAE: 12.0075, Val R2: 0.7825
2025-04-25 15:24:21,693 - spatial_moe_trainer - INFO - Epoch 64/100 - Train Loss: 347.9119 (Col: 71.5586, Jump: 147.0223, Decline: 112.2313, PDE: 1400.6739, Reg: 18313.6810), Eth Losses: China: 444.5894, India: 416.6068, Philippines: 449.5670... (more ethnicities), Val Loss: 709.1063, Val MAE: 11.9662, Val R2: 0.7831
2025-04-25 15:24:44,026 - spatial_moe_trainer - INFO - Epoch 65/100 - Train Loss: 344.3478 (Col: 75.3559, Jump: 152.4357, Decline: 105.8927, PDE: 1369.2089, Reg: 15304.7746), Eth Losses: China: 455.2203, India: 442.6504, Philippines: 424.5555... (more ethnicities), Val Loss: 697.7242, Val MAE: 11.9418, Val R2: 0.7866
2025-04-25 15:24:44,026 - spatial_moe_trainer - INFO - Early stopping at epoch 65
2025-04-25 15:24:44,047 - spatial_moe_trainer - INFO - Saving metrics to ./optuna_results/trial_3/metrics
2025-04-25 15:24:44,050 - spatial_moe_trainer - INFO - Training metrics saved to ./optuna_results/trial_3/metrics/training_metrics.csv
2025-04-25 15:24:44,054 - spatial_moe_trainer - INFO - Validation metrics saved to ./optuna_results/trial_3/metrics/validation_metrics.csv
2025-04-25 15:24:44,092 - spatial_moe_trainer - INFO - Multi-Ethnic Spatial MoE model saved to ./optuna_results/trial_3/model.pt
2025-04-25 15:24:44,123 - __mp_main__ - INFO - Running trial 4 on device cuda:0
2025-04-25 15:24:44,138 - __main__ - INFO - Trial 3 completed with value: 694.129333
2025-04-25 15:24:44,250 - __mp_main__ - INFO - Using adjusted dimensions - hidden_dims: [93, 39, 18], coord_embed_dim: 9
2025-04-25 15:24:44,296 - spatial_moe_trainer - INFO - Multi-Ethnic Spatial MoE model initialized on cuda:0
2025-04-25 15:24:44,296 - spatial_moe_trainer - INFO - Model will predict 5 ethnicities: ['China', 'India', 'Philippines', 'Portugal', 'Sri Lanka']
2025-04-25 15:24:44,316 - __mp_main__ - INFO - Testing model forward pass before training...
2025-04-25 15:24:44,475 - __mp_main__ - INFO - Test forward pass successful. Output shape: torch.Size([64, 5])
2025-04-25 15:24:44,475 - spatial_moe_trainer - INFO - Starting multi-ethnic spatial MoE model training with learnable expert router...
2025-04-25 15:24:44,475 - spatial_moe_trainer - INFO - Using colonization_weight=6.41003510568888, jump_weight=9.72918866945795, decline_weight=2.636424704863906, pde_weight=3.7381801866358395
2025-04-25 15:25:06,756 - spatial_moe_trainer - INFO - Epoch 1/100 - Train Loss: 1891.1962 (Col: 1146.3750, Jump: 626.4088, Decline: 214.1113, PDE: 6299.8525, Reg: 50313.4783), Eth Losses: China: 2454.1017, India: 2077.3369, Philippines: 3177.1216... (more ethnicities), Val Loss: 1862.5485, Val MAE: 22.8300, Val R2: 0.4303
2025-04-25 15:25:29,145 - spatial_moe_trainer - INFO - Epoch 2/100 - Train Loss: 1545.3820 (Col: 747.7568, Jump: 677.1392, Decline: 199.1343, PDE: 5626.1500, Reg: 31691.8014), Eth Losses: China: 1852.8689, India: 1812.9720, Philippines: 2773.3205... (more ethnicities), Val Loss: 1585.9226, Val MAE: 18.0167, Val R2: 0.5149
2025-04-25 15:25:51,494 - spatial_moe_trainer - INFO - Epoch 3/100 - Train Loss: 1297.9642 (Col: 599.0427, Jump: 491.6762, Decline: 183.6326, PDE: 4788.4122, Reg: 28397.3602), Eth Losses: China: 1522.7595, India: 1647.2875, Philippines: 2194.7069... (more ethnicities), Val Loss: 1471.2314, Val MAE: 17.1040, Val R2: 0.5500
2025-04-25 15:26:13,942 - spatial_moe_trainer - INFO - Epoch 4/100 - Train Loss: 1160.4437 (Col: 509.5300, Jump: 449.7070, Decline: 174.2060, PDE: 4338.8132, Reg: 32599.6727), Eth Losses: China: 1401.0200, India: 1561.4274, Philippines: 1758.0858... (more ethnicities), Val Loss: 1404.4664, Val MAE: 16.6907, Val R2: 0.5704
2025-04-25 15:26:36,433 - spatial_moe_trainer - INFO - Epoch 5/100 - Train Loss: 1073.6484 (Col: 413.6256, Jump: 471.2576, Decline: 165.3989, PDE: 4181.2846, Reg: 31939.2349), Eth Losses: China: 1346.3673, India: 1434.2367, Philippines: 1581.5310... (more ethnicities), Val Loss: 1344.3041, Val MAE: 16.0072, Val R2: 0.5888
2025-04-25 15:26:58,837 - spatial_moe_trainer - INFO - Epoch 6/100 - Train Loss: 962.6937 (Col: 318.3176, Jump: 550.9903, Decline: 159.0918, PDE: 3903.9853, Reg: 25383.1125), Eth Losses: China: 1212.1356, India: 1306.1861, Philippines: 1367.8311... (more ethnicities), Val Loss: 1314.6926, Val MAE: 16.0325, Val R2: 0.5979
2025-04-25 15:27:21,291 - spatial_moe_trainer - INFO - Epoch 7/100 - Train Loss: 928.9571 (Col: 254.9210, Jump: 462.8750, Decline: 152.1324, PDE: 3867.4076, Reg: 30767.8778), Eth Losses: China: 1198.4361, India: 1213.5937, Philippines: 1286.0000... (more ethnicities), Val Loss: 1265.6783, Val MAE: 15.8644, Val R2: 0.6129
2025-04-25 15:27:43,839 - spatial_moe_trainer - INFO - Epoch 8/100 - Train Loss: 867.1620 (Col: 239.9767, Jump: 492.9963, Decline: 150.4147, PDE: 3693.2871, Reg: 19998.8813), Eth Losses: China: 1079.8792, India: 1136.8803, Philippines: 1214.1236... (more ethnicities), Val Loss: 1229.2046, Val MAE: 15.5389, Val R2: 0.6240
2025-04-25 15:28:06,276 - spatial_moe_trainer - INFO - Epoch 9/100 - Train Loss: 856.7584 (Col: 229.2189, Jump: 405.3448, Decline: 147.7490, PDE: 3584.5442, Reg: 21401.7694), Eth Losses: China: 1054.5605, India: 1071.9951, Philippines: 1169.6333... (more ethnicities), Val Loss: 1187.7108, Val MAE: 15.2840, Val R2: 0.6367
2025-04-25 15:28:28,610 - spatial_moe_trainer - INFO - Epoch 10/100 - Train Loss: 810.6748 (Col: 207.2326, Jump: 455.3187, Decline: 143.6630, PDE: 3393.2561, Reg: 21190.9684), Eth Losses: China: 1022.8079, India: 1053.1938, Philippines: 1098.4404... (more ethnicities), Val Loss: 1168.7888, Val MAE: 15.1793, Val R2: 0.6425
2025-04-25 15:28:51,052 - spatial_moe_trainer - INFO - Epoch 11/100 - Train Loss: 767.8117 (Col: 193.4880, Jump: 362.0586, Decline: 138.4742, PDE: 3276.9954, Reg: 12996.3824), Eth Losses: China: 926.8458, India: 966.5663, Philippines: 1115.0594... (more ethnicities), Val Loss: 1131.2941, Val MAE: 14.8652, Val R2: 0.6540
2025-04-25 15:29:13,653 - spatial_moe_trainer - INFO - Epoch 12/100 - Train Loss: 754.4556 (Col: 198.1736, Jump: 360.3765, Decline: 131.4149, PDE: 3149.7181, Reg: 27503.0505), Eth Losses: China: 934.3689, India: 952.0233, Philippines: 1054.4085... (more ethnicities), Val Loss: 1128.4860, Val MAE: 14.8506, Val R2: 0.6548
2025-04-25 15:29:36,002 - spatial_moe_trainer - INFO - Epoch 13/100 - Train Loss: 726.3594 (Col: 171.1490, Jump: 324.1587, Decline: 131.9805, PDE: 3126.4908, Reg: 15460.7329), Eth Losses: China: 909.8905, India: 896.3779, Philippines: 1006.4921... (more ethnicities), Val Loss: 1112.0657, Val MAE: 14.8487, Val R2: 0.6598
2025-04-25 15:29:58,385 - spatial_moe_trainer - INFO - Epoch 14/100 - Train Loss: 728.7779 (Col: 215.1423, Jump: 327.0666, Decline: 127.7741, PDE: 3015.0015, Reg: 20522.9376), Eth Losses: China: 894.5380, India: 914.4585, Philippines: 1017.5327... (more ethnicities), Val Loss: 1098.8206, Val MAE: 14.7750, Val R2: 0.6639
2025-04-25 15:30:20,811 - spatial_moe_trainer - INFO - Epoch 15/100 - Train Loss: 686.7114 (Col: 170.9908, Jump: 339.8048, Decline: 124.7973, PDE: 2912.7216, Reg: 16874.3074), Eth Losses: China: 865.1163, India: 902.2133, Philippines: 904.3997... (more ethnicities), Val Loss: 1090.3539, Val MAE: 14.6559, Val R2: 0.6665
2025-04-25 15:30:43,211 - spatial_moe_trainer - INFO - Epoch 16/100 - Train Loss: 680.8387 (Col: 165.7318, Jump: 304.9059, Decline: 127.7934, PDE: 2883.5039, Reg: 15443.9411), Eth Losses: China: 808.1009, India: 874.0041, Philippines: 918.6420... (more ethnicities), Val Loss: 1069.6566, Val MAE: 14.6457, Val R2: 0.6728
2025-04-25 15:31:05,573 - spatial_moe_trainer - INFO - Epoch 17/100 - Train Loss: 655.3577 (Col: 162.9057, Jump: 262.3535, Decline: 121.9264, PDE: 2742.3749, Reg: 22494.7229), Eth Losses: China: 765.0828, India: 845.7441, Philippines: 885.8327... (more ethnicities), Val Loss: 1050.2572, Val MAE: 14.4828, Val R2: 0.6787
2025-04-25 15:31:28,022 - spatial_moe_trainer - INFO - Epoch 18/100 - Train Loss: 676.3176 (Col: 188.8327, Jump: 285.8079, Decline: 119.9544, PDE: 2791.6510, Reg: 19623.6871), Eth Losses: China: 768.3605, India: 897.1636, Philippines: 938.2545... (more ethnicities), Val Loss: 1008.4346, Val MAE: 14.3025, Val R2: 0.6915
2025-04-25 15:31:50,458 - spatial_moe_trainer - INFO - Epoch 19/100 - Train Loss: 656.7011 (Col: 191.9558, Jump: 229.6943, Decline: 118.0203, PDE: 2648.8834, Reg: 30359.5146), Eth Losses: China: 820.1895, India: 802.6450, Philippines: 914.0620... (more ethnicities), Val Loss: 1003.5909, Val MAE: 14.2141, Val R2: 0.6930
2025-04-25 15:32:13,118 - spatial_moe_trainer - INFO - Epoch 20/100 - Train Loss: 618.4016 (Col: 167.6823, Jump: 247.9315, Decline: 114.0924, PDE: 2584.5688, Reg: 15699.3343), Eth Losses: China: 714.4624, India: 826.4458, Philippines: 811.9865... (more ethnicities), Val Loss: 992.9400, Val MAE: 14.2756, Val R2: 0.6963
2025-04-25 15:32:35,365 - spatial_moe_trainer - INFO - Epoch 21/100 - Train Loss: 597.1034 (Col: 154.5713, Jump: 232.0473, Decline: 116.1907, PDE: 2466.8773, Reg: 13976.7265), Eth Losses: China: 659.1202, India: 814.3636, Philippines: 776.5830... (more ethnicities), Val Loss: 955.9912, Val MAE: 14.0264, Val R2: 0.7076
2025-04-25 15:32:57,807 - spatial_moe_trainer - INFO - Epoch 22/100 - Train Loss: 582.3776 (Col: 204.1727, Jump: 215.1468, Decline: 114.5567, PDE: 2303.9241, Reg: 14499.5904), Eth Losses: China: 608.6146, India: 888.6273, Philippines: 734.5440... (more ethnicities), Val Loss: 921.8525, Val MAE: 13.8253, Val R2: 0.7180
2025-04-25 15:33:20,360 - spatial_moe_trainer - INFO - Epoch 23/100 - Train Loss: 564.9482 (Col: 162.8388, Jump: 262.4047, Decline: 115.5432, PDE: 2331.3572, Reg: 13966.0924), Eth Losses: China: 619.1267, India: 737.0972, Philippines: 744.8552... (more ethnicities), Val Loss: 902.5377, Val MAE: 13.6385, Val R2: 0.7239
2025-04-25 15:33:42,811 - spatial_moe_trainer - INFO - Epoch 24/100 - Train Loss: 559.2375 (Col: 150.1533, Jump: 231.1244, Decline: 113.8134, PDE: 2321.4279, Reg: 21828.1857), Eth Losses: China: 634.9560, India: 727.1536, Philippines: 739.4041... (more ethnicities), Val Loss: 864.7261, Val MAE: 13.5323, Val R2: 0.7355
2025-04-25 15:34:05,129 - spatial_moe_trainer - INFO - Epoch 25/100 - Train Loss: 541.1816 (Col: 148.6358, Jump: 219.7242, Decline: 113.5094, PDE: 2269.4574, Reg: 10145.3235), Eth Losses: China: 630.6523, India: 697.6447, Philippines: 681.4490... (more ethnicities), Val Loss: 865.4178, Val MAE: 13.4307, Val R2: 0.7353
2025-04-25 15:34:27,556 - spatial_moe_trainer - INFO - Epoch 26/100 - Train Loss: 543.6204 (Col: 156.1796, Jump: 209.3057, Decline: 117.8704, PDE: 2183.5739, Reg: 12796.0968), Eth Losses: China: 616.7866, India: 730.9426, Philippines: 680.0871... (more ethnicities), Val Loss: 846.1452, Val MAE: 13.3017, Val R2: 0.7412
2025-04-25 15:34:50,016 - spatial_moe_trainer - INFO - Epoch 27/100 - Train Loss: 535.1034 (Col: 167.1316, Jump: 228.6110, Decline: 113.9083, PDE: 2157.8959, Reg: 10893.3480), Eth Losses: China: 609.3970, India: 702.6398, Philippines: 655.9210... (more ethnicities), Val Loss: 838.1697, Val MAE: 13.3764, Val R2: 0.7436
2025-04-25 15:35:12,627 - spatial_moe_trainer - INFO - Epoch 28/100 - Train Loss: 527.0434 (Col: 150.2990, Jump: 209.9993, Decline: 118.6687, PDE: 2139.4495, Reg: 18145.1406), Eth Losses: China: 577.1393, India: 687.1601, Philippines: 640.4956... (more ethnicities), Val Loss: 826.6307, Val MAE: 13.2532, Val R2: 0.7472
2025-04-25 15:35:35,119 - spatial_moe_trainer - INFO - Epoch 29/100 - Train Loss: 533.7819 (Col: 153.9421, Jump: 208.4875, Decline: 116.4008, PDE: 2174.4530, Reg: 9377.9032), Eth Losses: China: 607.5732, India: 742.7871, Philippines: 629.7971... (more ethnicities), Val Loss: 839.5790, Val MAE: 13.1900, Val R2: 0.7432
2025-04-25 15:35:57,562 - spatial_moe_trainer - INFO - Epoch 30/100 - Train Loss: 521.5734 (Col: 148.8677, Jump: 219.4794, Decline: 114.1382, PDE: 2064.2981, Reg: 19061.2210), Eth Losses: China: 607.9169, India: 682.4649, Philippines: 621.3793... (more ethnicities), Val Loss: 806.7938, Val MAE: 13.0713, Val R2: 0.7532
2025-04-25 15:36:20,045 - spatial_moe_trainer - INFO - Epoch 31/100 - Train Loss: 521.3916 (Col: 183.5969, Jump: 180.5608, Decline: 114.2320, PDE: 2029.7421, Reg: 15636.9353), Eth Losses: China: 550.7575, India: 702.0102, Philippines: 667.2670... (more ethnicities), Val Loss: 796.0130, Val MAE: 12.9606, Val R2: 0.7565
2025-04-25 15:36:42,547 - spatial_moe_trainer - INFO - Epoch 32/100 - Train Loss: 575.0019 (Col: 267.3016, Jump: 182.4637, Decline: 114.9739, PDE: 2008.0553, Reg: 21488.6638), Eth Losses: China: 843.8119, India: 672.3169, Philippines: 658.1999... (more ethnicities), Val Loss: 791.4959, Val MAE: 13.0383, Val R2: 0.7579
2025-04-25 15:37:05,031 - spatial_moe_trainer - INFO - Epoch 33/100 - Train Loss: 489.8402 (Col: 146.3169, Jump: 221.8891, Decline: 119.3364, PDE: 1982.8791, Reg: 9209.0647), Eth Losses: China: 529.4739, India: 613.6686, Philippines: 628.8009... (more ethnicities), Val Loss: 790.3640, Val MAE: 12.9618, Val R2: 0.7582
2025-04-25 15:37:27,636 - spatial_moe_trainer - INFO - Epoch 34/100 - Train Loss: 477.6906 (Col: 136.0037, Jump: 214.0508, Decline: 110.0170, PDE: 1896.7081, Reg: 21717.5499), Eth Losses: China: 560.2261, India: 588.3808, Philippines: 569.3291... (more ethnicities), Val Loss: 776.3772, Val MAE: 12.7197, Val R2: 0.7625
2025-04-25 15:37:50,230 - spatial_moe_trainer - INFO - Epoch 35/100 - Train Loss: 479.4185 (Col: 139.6424, Jump: 191.9477, Decline: 117.3763, PDE: 1858.7020, Reg: 29645.0467), Eth Losses: China: 556.4824, India: 627.8589, Philippines: 575.9549... (more ethnicities), Val Loss: 787.0929, Val MAE: 12.9631, Val R2: 0.7592
2025-04-25 15:38:12,685 - spatial_moe_trainer - INFO - Epoch 36/100 - Train Loss: 468.1218 (Col: 146.9050, Jump: 152.8886, Decline: 114.4417, PDE: 1793.8890, Reg: 21935.9122), Eth Losses: China: 594.3487, India: 581.3954, Philippines: 543.6897... (more ethnicities), Val Loss: 799.8812, Val MAE: 13.0270, Val R2: 0.7553
2025-04-25 15:38:35,069 - spatial_moe_trainer - INFO - Epoch 37/100 - Train Loss: 466.5320 (Col: 132.4224, Jump: 186.3867, Decline: 115.7586, PDE: 1840.6795, Reg: 21794.4918), Eth Losses: China: 592.6593, India: 568.4710, Philippines: 548.2943... (more ethnicities), Val Loss: 792.7809, Val MAE: 12.9617, Val R2: 0.7575
2025-04-25 15:38:57,637 - spatial_moe_trainer - INFO - Epoch 38/100 - Train Loss: 486.3409 (Col: 134.4684, Jump: 211.3989, Decline: 114.1752, PDE: 2020.0171, Reg: 6580.7861), Eth Losses: China: 487.8708, India: 598.9912, Philippines: 706.6207... (more ethnicities), Val Loss: 792.5288, Val MAE: 12.8264, Val R2: 0.7576
2025-04-25 15:39:20,012 - spatial_moe_trainer - INFO - Epoch 39/100 - Train Loss: 453.5122 (Col: 124.1307, Jump: 179.9047, Decline: 115.7974, PDE: 1810.3217, Reg: 12793.6087), Eth Losses: China: 509.4450, India: 594.9479, Philippines: 556.9036... (more ethnicities), Val Loss: 783.9354, Val MAE: 12.7774, Val R2: 0.7602
2025-04-25 15:39:42,543 - spatial_moe_trainer - INFO - Epoch 40/100 - Train Loss: 441.5472 (Col: 124.0782, Jump: 168.0656, Decline: 116.6108, PDE: 1775.2722, Reg: 13433.2948), Eth Losses: China: 485.2781, India: 548.5466, Philippines: 575.3043... (more ethnicities), Val Loss: 766.4271, Val MAE: 12.7768, Val R2: 0.7656
2025-04-25 15:40:04,892 - spatial_moe_trainer - INFO - Epoch 41/100 - Train Loss: 434.2952 (Col: 128.6625, Jump: 206.7314, Decline: 113.3398, PDE: 1690.0102, Reg: 21013.9946), Eth Losses: China: 545.7994, India: 535.7589, Philippines: 516.0827... (more ethnicities), Val Loss: 772.7221, Val MAE: 12.7503, Val R2: 0.7636
2025-04-25 15:40:27,424 - spatial_moe_trainer - INFO - Epoch 42/100 - Train Loss: 446.3945 (Col: 133.3360, Jump: 171.8114, Decline: 114.6134, PDE: 1750.3328, Reg: 17134.3250), Eth Losses: China: 549.4596, India: 524.0421, Philippines: 545.9061... (more ethnicities), Val Loss: 766.6194, Val MAE: 12.7247, Val R2: 0.7655
2025-04-25 15:40:49,846 - spatial_moe_trainer - INFO - Epoch 43/100 - Train Loss: 443.1402 (Col: 135.8444, Jump: 193.3497, Decline: 115.0397, PDE: 1702.3747, Reg: 19043.0729), Eth Losses: China: 533.0825, India: 565.6049, Philippines: 539.5018... (more ethnicities), Val Loss: 757.1773, Val MAE: 12.4899, Val R2: 0.7684
2025-04-25 15:41:12,256 - spatial_moe_trainer - INFO - Epoch 44/100 - Train Loss: 421.7252 (Col: 104.7683, Jump: 188.4033, Decline: 114.7347, PDE: 1702.5775, Reg: 12407.6241), Eth Losses: China: 483.4035, India: 548.6246, Philippines: 541.9279... (more ethnicities), Val Loss: 743.2425, Val MAE: 12.5242, Val R2: 0.7727
2025-04-25 15:41:34,754 - spatial_moe_trainer - INFO - Epoch 45/100 - Train Loss: 415.2014 (Col: 119.9971, Jump: 221.7821, Decline: 112.6473, PDE: 1600.1543, Reg: 18892.8347), Eth Losses: China: 462.8375, India: 526.5947, Philippines: 508.7347... (more ethnicities), Val Loss: 740.3243, Val MAE: 12.4759, Val R2: 0.7736
2025-04-25 15:41:57,178 - spatial_moe_trainer - INFO - Epoch 46/100 - Train Loss: 408.1008 (Col: 119.6681, Jump: 145.6972, Decline: 112.7298, PDE: 1586.2098, Reg: 19100.2281), Eth Losses: China: 500.6255, India: 518.2389, Philippines: 487.9346... (more ethnicities), Val Loss: 759.3620, Val MAE: 12.5874, Val R2: 0.7677
2025-04-25 15:42:19,680 - spatial_moe_trainer - INFO - Epoch 47/100 - Train Loss: 413.2927 (Col: 118.2810, Jump: 179.5648, Decline: 111.4472, PDE: 1634.5711, Reg: 19040.0570), Eth Losses: China: 499.8522, India: 535.4952, Philippines: 469.9651... (more ethnicities), Val Loss: 756.2626, Val MAE: 12.5806, Val R2: 0.7687
2025-04-25 15:42:42,129 - spatial_moe_trainer - INFO - Epoch 48/100 - Train Loss: 399.7887 (Col: 121.7913, Jump: 177.1985, Decline: 108.8825, PDE: 1575.3971, Reg: 13273.1194), Eth Losses: China: 468.1525, India: 511.9740, Philippines: 476.9083... (more ethnicities), Val Loss: 744.8801, Val MAE: 12.5609, Val R2: 0.7722
2025-04-25 15:43:04,555 - spatial_moe_trainer - INFO - Epoch 49/100 - Train Loss: 408.9998 (Col: 121.9480, Jump: 172.5939, Decline: 111.9131, PDE: 1606.2311, Reg: 8575.4324), Eth Losses: China: 458.1654, India: 523.6611, Philippines: 521.2465... (more ethnicities), Val Loss: 730.9667, Val MAE: 12.5736, Val R2: 0.7764
2025-04-25 15:43:27,057 - spatial_moe_trainer - INFO - Epoch 50/100 - Train Loss: 400.1232 (Col: 113.0381, Jump: 168.8432, Decline: 112.8328, PDE: 1566.5517, Reg: 13940.3014), Eth Losses: China: 458.2786, India: 543.1073, Philippines: 476.8759... (more ethnicities), Val Loss: 763.4631, Val MAE: 12.6846, Val R2: 0.7665
2025-04-25 15:43:49,471 - spatial_moe_trainer - INFO - Epoch 51/100 - Train Loss: 397.9853 (Col: 112.6588, Jump: 202.3995, Decline: 111.4955, PDE: 1526.9301, Reg: 18062.4696), Eth Losses: China: 464.3964, India: 515.5913, Philippines: 481.3323... (more ethnicities), Val Loss: 719.0967, Val MAE: 12.3100, Val R2: 0.7800
2025-04-25 15:44:11,839 - spatial_moe_trainer - INFO - Epoch 52/100 - Train Loss: 380.2419 (Col: 119.2641, Jump: 170.9339, Decline: 111.6528, PDE: 1475.8187, Reg: 10534.3358), Eth Losses: China: 457.3364, India: 522.5975, Philippines: 443.7859... (more ethnicities), Val Loss: 708.8347, Val MAE: 12.2736, Val R2: 0.7832
2025-04-25 15:44:34,273 - spatial_moe_trainer - INFO - Epoch 53/100 - Train Loss: 386.5037 (Col: 130.1617, Jump: 177.6869, Decline: 112.9425, PDE: 1481.7609, Reg: 8387.7616), Eth Losses: China: 473.5509, India: 495.5748, Philippines: 483.1655... (more ethnicities), Val Loss: 727.3767, Val MAE: 12.3893, Val R2: 0.7775
2025-04-25 15:44:56,569 - spatial_moe_trainer - INFO - Epoch 54/100 - Train Loss: 375.3065 (Col: 103.1182, Jump: 170.9033, Decline: 114.6160, PDE: 1457.2220, Reg: 14901.0064), Eth Losses: China: 469.9111, India: 476.6220, Philippines: 468.8093... (more ethnicities), Val Loss: 728.7807, Val MAE: 12.2768, Val R2: 0.7771
2025-04-25 15:45:18,923 - spatial_moe_trainer - INFO - Epoch 55/100 - Train Loss: 369.9659 (Col: 90.9425, Jump: 184.3216, Decline: 107.8754, PDE: 1477.3379, Reg: 16324.2207), Eth Losses: China: 486.8638, India: 457.2687, Philippines: 440.2834... (more ethnicities), Val Loss: 706.7603, Val MAE: 12.2548, Val R2: 0.7838
2025-04-25 15:45:41,403 - spatial_moe_trainer - INFO - Epoch 56/100 - Train Loss: 363.5298 (Col: 93.4369, Jump: 161.4517, Decline: 115.4888, PDE: 1465.3552, Reg: 7275.1774), Eth Losses: China: 415.0560, India: 495.6606, Philippines: 487.9592... (more ethnicities), Val Loss: 728.7495, Val MAE: 12.3615, Val R2: 0.7771
2025-04-25 15:46:03,877 - spatial_moe_trainer - INFO - Epoch 57/100 - Train Loss: 365.1624 (Col: 95.0551, Jump: 153.1557, Decline: 110.6349, PDE: 1393.5447, Reg: 27658.3703), Eth Losses: China: 483.3104, India: 448.9511, Philippines: 450.7519... (more ethnicities), Val Loss: 691.9505, Val MAE: 12.0567, Val R2: 0.7883
2025-04-25 15:46:26,345 - spatial_moe_trainer - INFO - Epoch 58/100 - Train Loss: 374.3958 (Col: 106.1930, Jump: 147.7916, Decline: 111.6421, PDE: 1481.7889, Reg: 9749.2605), Eth Losses: China: 432.0831, India: 521.0538, Philippines: 474.7917... (more ethnicities), Val Loss: 717.0617, Val MAE: 12.1323, Val R2: 0.7807
2025-04-25 15:46:48,779 - spatial_moe_trainer - INFO - Epoch 59/100 - Train Loss: 357.8261 (Col: 115.4845, Jump: 171.6464, Decline: 107.6474, PDE: 1387.4261, Reg: 9786.4176), Eth Losses: China: 420.2889, India: 508.6836, Philippines: 447.3299... (more ethnicities), Val Loss: 718.4627, Val MAE: 12.0945, Val R2: 0.7802
2025-04-25 15:47:11,190 - spatial_moe_trainer - INFO - Epoch 60/100 - Train Loss: 355.2947 (Col: 97.9516, Jump: 201.2773, Decline: 106.1764, PDE: 1439.6254, Reg: 5962.7677), Eth Losses: China: 447.4793, India: 498.8576, Philippines: 445.5345... (more ethnicities), Val Loss: 740.4538, Val MAE: 12.3737, Val R2: 0.7735
2025-04-25 15:47:33,831 - spatial_moe_trainer - INFO - Epoch 61/100 - Train Loss: 359.5009 (Col: 101.2729, Jump: 196.8962, Decline: 113.2212, PDE: 1408.2924, Reg: 10878.2956), Eth Losses: China: 437.2614, India: 443.1560, Philippines: 470.1074... (more ethnicities), Val Loss: 720.4849, Val MAE: 12.2390, Val R2: 0.7796
2025-04-25 15:47:56,333 - spatial_moe_trainer - INFO - Epoch 62/100 - Train Loss: 356.1629 (Col: 103.3117, Jump: 154.1745, Decline: 107.8777, PDE: 1381.9569, Reg: 12115.4251), Eth Losses: China: 434.1623, India: 506.3294, Philippines: 436.3066... (more ethnicities), Val Loss: 748.3142, Val MAE: 12.2710, Val R2: 0.7711
2025-04-25 15:48:18,741 - spatial_moe_trainer - INFO - Epoch 63/100 - Train Loss: 346.9730 (Col: 96.9526, Jump: 163.9579, Decline: 102.4940, PDE: 1371.5976, Reg: 10125.0692), Eth Losses: China: 418.0102, India: 483.4727, Philippines: 433.5306... (more ethnicities), Val Loss: 760.0261, Val MAE: 12.3434, Val R2: 0.7675
2025-04-25 15:48:41,285 - spatial_moe_trainer - INFO - Epoch 64/100 - Train Loss: 351.7861 (Col: 85.7481, Jump: 162.9432, Decline: 106.6414, PDE: 1381.5654, Reg: 14875.7793), Eth Losses: China: 419.5192, India: 475.7223, Philippines: 447.8480... (more ethnicities), Val Loss: 743.7494, Val MAE: 12.2230, Val R2: 0.7725
2025-04-25 15:49:03,788 - spatial_moe_trainer - INFO - Epoch 65/100 - Train Loss: 346.8257 (Col: 81.8988, Jump: 153.9910, Decline: 109.7688, PDE: 1416.7401, Reg: 7830.1625), Eth Losses: China: 421.2134, India: 442.2170, Philippines: 488.5240... (more ethnicities), Val Loss: 728.6976, Val MAE: 12.1633, Val R2: 0.7771
2025-04-25 15:49:26,180 - spatial_moe_trainer - INFO - Epoch 66/100 - Train Loss: 346.6705 (Col: 81.9430, Jump: 158.4020, Decline: 103.9898, PDE: 1418.8334, Reg: 14545.4624), Eth Losses: China: 473.7190, India: 451.3445, Philippines: 434.6417... (more ethnicities), Val Loss: 725.1522, Val MAE: 12.1106, Val R2: 0.7782
2025-04-25 15:49:48,548 - spatial_moe_trainer - INFO - Epoch 67/100 - Train Loss: 325.3781 (Col: 83.8849, Jump: 176.3399, Decline: 106.6924, PDE: 1287.4439, Reg: 11683.4489), Eth Losses: China: 430.7537, India: 418.3926, Philippines: 405.1887... (more ethnicities), Val Loss: 727.4547, Val MAE: 12.1719, Val R2: 0.7775
2025-04-25 15:49:48,548 - spatial_moe_trainer - INFO - Early stopping at epoch 67
2025-04-25 15:49:48,564 - spatial_moe_trainer - INFO - Saving metrics to ./optuna_results/trial_4/metrics
2025-04-25 15:49:48,567 - spatial_moe_trainer - INFO - Training metrics saved to ./optuna_results/trial_4/metrics/training_metrics.csv
2025-04-25 15:49:48,571 - spatial_moe_trainer - INFO - Validation metrics saved to ./optuna_results/trial_4/metrics/validation_metrics.csv
2025-04-25 15:49:48,608 - spatial_moe_trainer - INFO - Multi-Ethnic Spatial MoE model saved to ./optuna_results/trial_4/model.pt
2025-04-25 15:49:48,640 - __mp_main__ - INFO - Running trial 5 on device cuda:0
2025-04-25 15:49:48,654 - __main__ - INFO - Trial 4 completed with value: 691.950543
2025-04-25 15:49:48,763 - __mp_main__ - INFO - Using adjusted dimensions - hidden_dims: [93, 39, 18], coord_embed_dim: 9
2025-04-25 15:49:48,807 - spatial_moe_trainer - INFO - Multi-Ethnic Spatial MoE model initialized on cuda:0
2025-04-25 15:49:48,808 - spatial_moe_trainer - INFO - Model will predict 5 ethnicities: ['China', 'India', 'Philippines', 'Portugal', 'Sri Lanka']
2025-04-25 15:49:48,828 - __mp_main__ - INFO - Testing model forward pass before training...
2025-04-25 15:49:48,986 - __mp_main__ - INFO - Test forward pass successful. Output shape: torch.Size([64, 5])
2025-04-25 15:49:48,986 - spatial_moe_trainer - INFO - Starting multi-ethnic spatial MoE model training with learnable expert router...
2025-04-25 15:49:48,986 - spatial_moe_trainer - INFO - Using colonization_weight=6.41003510568888, jump_weight=9.72918866945795, decline_weight=2.636424704863906, pde_weight=3.7381801866358395
2025-04-25 15:50:11,398 - spatial_moe_trainer - INFO - Epoch 1/100 - Train Loss: 1812.0429 (Col: 1045.7780, Jump: 842.7141, Decline: 220.0973, PDE: 6203.5139, Reg: 54555.8346), Eth Losses: China: 2541.7144, India: 2001.4948, Philippines: 2931.7579... (more ethnicities), Val Loss: 1741.2932, Val MAE: 21.4928, Val R2: 0.4674
2025-04-25 15:50:33,643 - spatial_moe_trainer - INFO - Epoch 2/100 - Train Loss: 1451.5021 (Col: 769.4530, Jump: 529.7195, Decline: 196.7769, PDE: 5193.9506, Reg: 26853.7856), Eth Losses: China: 1757.3577, India: 1753.0274, Philippines: 2541.4283... (more ethnicities), Val Loss: 1375.6093, Val MAE: 17.7333, Val R2: 0.5792
2025-04-25 15:50:55,996 - spatial_moe_trainer - INFO - Epoch 3/100 - Train Loss: 1213.8787 (Col: 642.4538, Jump: 413.9516, Decline: 172.3221, PDE: 4345.9948, Reg: 16252.7630), Eth Losses: China: 1384.9625, India: 1586.6246, Philippines: 1990.5809... (more ethnicities), Val Loss: 1255.2649, Val MAE: 16.3901, Val R2: 0.6160
2025-04-25 15:51:18,477 - spatial_moe_trainer - INFO - Epoch 4/100 - Train Loss: 1087.9442 (Col: 558.6580, Jump: 310.4255, Decline: 161.5266, PDE: 3865.8777, Reg: 13948.9824), Eth Losses: China: 1240.4305, India: 1368.9227, Philippines: 1779.4229... (more ethnicities), Val Loss: 1236.2236, Val MAE: 16.0473, Val R2: 0.6219
2025-04-25 15:51:40,736 - spatial_moe_trainer - INFO - Epoch 5/100 - Train Loss: 1012.1241 (Col: 475.6358, Jump: 404.7933, Decline: 157.3672, PDE: 3780.9909, Reg: 18012.3868), Eth Losses: China: 1244.2538, India: 1280.2193, Philippines: 1531.5775... (more ethnicities), Val Loss: 1146.2590, Val MAE: 15.6975, Val R2: 0.6494
2025-04-25 15:52:03,147 - spatial_moe_trainer - INFO - Epoch 6/100 - Train Loss: 941.2791 (Col: 411.1966, Jump: 473.1019, Decline: 154.8656, PDE: 3612.3413, Reg: 16435.8179), Eth Losses: China: 1216.3859, India: 1140.8189, Philippines: 1379.6292... (more ethnicities), Val Loss: 1087.3195, Val MAE: 15.1533, Val R2: 0.6674
2025-04-25 15:52:25,561 - spatial_moe_trainer - INFO - Epoch 7/100 - Train Loss: 880.2673 (Col: 366.6256, Jump: 293.0721, Decline: 143.9356, PDE: 3322.6620, Reg: 17213.1441), Eth Losses: China: 1148.3190, India: 1115.3195, Philippines: 1223.8942... (more ethnicities), Val Loss: 1052.9071, Val MAE: 15.1495, Val R2: 0.6779
2025-04-25 15:52:47,831 - spatial_moe_trainer - INFO - Epoch 8/100 - Train Loss: 839.3392 (Col: 312.0454, Jump: 430.3725, Decline: 137.5920, PDE: 3295.2847, Reg: 19155.9611), Eth Losses: China: 1055.7400, India: 952.4610, Philippines: 1248.4340... (more ethnicities), Val Loss: 1074.2450, Val MAE: 15.2412, Val R2: 0.6714
2025-04-25 15:53:10,150 - spatial_moe_trainer - INFO - Epoch 9/100 - Train Loss: 784.5905 (Col: 271.1459, Jump: 286.4200, Decline: 138.3298, PDE: 3145.0010, Reg: 13507.5885), Eth Losses: China: 1012.8300, India: 870.3163, Philippines: 1152.9510... (more ethnicities), Val Loss: 1019.2587, Val MAE: 15.0949, Val R2: 0.6882
2025-04-25 15:53:32,679 - spatial_moe_trainer - INFO - Epoch 10/100 - Train Loss: 802.5680 (Col: 250.8987, Jump: 225.7707, Decline: 133.0933, PDE: 3247.4489, Reg: 23402.7419), Eth Losses: China: 1048.8779, India: 926.6680, Philippines: 1162.1036... (more ethnicities), Val Loss: 1012.7924, Val MAE: 14.7852, Val R2: 0.6902
2025-04-25 15:53:54,994 - spatial_moe_trainer - INFO - Epoch 11/100 - Train Loss: 768.0076 (Col: 245.0713, Jump: 240.2261, Decline: 136.7813, PDE: 3089.3720, Reg: 12469.0532), Eth Losses: China: 934.0544, India: 903.0959, Philippines: 1134.6183... (more ethnicities), Val Loss: 984.9118, Val MAE: 14.7727, Val R2: 0.6987
2025-04-25 15:54:17,333 - spatial_moe_trainer - INFO - Epoch 12/100 - Train Loss: 740.7304 (Col: 217.0765, Jump: 222.9516, Decline: 130.7721, PDE: 3100.7617, Reg: 14154.1876), Eth Losses: China: 941.7842, India: 819.5060, Philippines: 1099.8277... (more ethnicities), Val Loss: 961.5388, Val MAE: 14.4818, Val R2: 0.7059
2025-04-25 15:54:39,574 - spatial_moe_trainer - INFO - Epoch 13/100 - Train Loss: 717.6132 (Col: 195.9576, Jump: 259.2723, Decline: 127.0007, PDE: 2942.2395, Reg: 18999.9462), Eth Losses: China: 860.8999, India: 779.5453, Philippines: 1152.2817... (more ethnicities), Val Loss: 970.7500, Val MAE: 14.6952, Val R2: 0.7031
2025-04-25 15:55:01,839 - spatial_moe_trainer - INFO - Epoch 14/100 - Train Loss: 689.9978 (Col: 181.6173, Jump: 244.3930, Decline: 126.9964, PDE: 2924.0553, Reg: 6901.4682), Eth Losses: China: 770.8555, India: 743.3879, Philippines: 1106.5543... (more ethnicities), Val Loss: 912.9348, Val MAE: 14.3380, Val R2: 0.7208
2025-04-25 15:55:24,205 - spatial_moe_trainer - INFO - Epoch 15/100 - Train Loss: 675.3080 (Col: 172.6694, Jump: 276.5971, Decline: 125.9262, PDE: 2846.7705, Reg: 18971.7703), Eth Losses: China: 803.6567, India: 705.9787, Philippines: 1063.9178... (more ethnicities), Val Loss: 918.2423, Val MAE: 14.1285, Val R2: 0.7191
2025-04-25 15:55:46,429 - spatial_moe_trainer - INFO - Epoch 16/100 - Train Loss: 696.9432 (Col: 170.8803, Jump: 244.4336, Decline: 118.3939, PDE: 2889.7659, Reg: 23839.9489), Eth Losses: China: 841.9540, India: 739.5702, Philippines: 1075.4866... (more ethnicities), Val Loss: 920.6103, Val MAE: 14.0692, Val R2: 0.7184
2025-04-25 15:56:08,957 - spatial_moe_trainer - INFO - Epoch 17/100 - Train Loss: 662.4321 (Col: 174.1111, Jump: 272.5385, Decline: 122.2679, PDE: 2744.3740, Reg: 25684.8318), Eth Losses: China: 807.0596, India: 708.9622, Philippines: 991.6928... (more ethnicities), Val Loss: 923.4068, Val MAE: 13.8125, Val R2: 0.7175
2025-04-25 15:56:31,366 - spatial_moe_trainer - INFO - Epoch 18/100 - Train Loss: 662.5985 (Col: 223.9056, Jump: 247.9638, Decline: 121.3662, PDE: 2597.5901, Reg: 22813.0346), Eth Losses: China: 760.1561, India: 827.2698, Philippines: 971.8875... (more ethnicities), Val Loss: 900.2258, Val MAE: 14.0085, Val R2: 0.7246
2025-04-25 15:56:53,725 - spatial_moe_trainer - INFO - Epoch 19/100 - Train Loss: 608.0057 (Col: 163.1477, Jump: 250.2981, Decline: 119.6062, PDE: 2552.2148, Reg: 14178.1543), Eth Losses: China: 739.1508, India: 636.1074, Philippines: 892.7527... (more ethnicities), Val Loss: 849.2542, Val MAE: 13.7688, Val R2: 0.7402
2025-04-25 15:57:16,066 - spatial_moe_trainer - INFO - Epoch 20/100 - Train Loss: 595.5748 (Col: 168.9514, Jump: 170.4263, Decline: 115.1323, PDE: 2456.9266, Reg: 15487.5072), Eth Losses: China: 676.3983, India: 664.6333, Philippines: 870.2106... (more ethnicities), Val Loss: 848.4182, Val MAE: 13.4895, Val R2: 0.7405
2025-04-25 15:57:38,577 - spatial_moe_trainer - INFO - Epoch 21/100 - Train Loss: 584.1222 (Col: 157.8704, Jump: 190.0628, Decline: 114.6562, PDE: 2368.6518, Reg: 31180.4211), Eth Losses: China: 728.9007, India: 637.3696, Philippines: 801.6342... (more ethnicities), Val Loss: 817.1542, Val MAE: 13.3427, Val R2: 0.7500
2025-04-25 15:58:01,069 - spatial_moe_trainer - INFO - Epoch 22/100 - Train Loss: 579.2566 (Col: 182.4020, Jump: 179.3375, Decline: 118.6054, PDE: 2274.3734, Reg: 28595.0689), Eth Losses: China: 657.3259, India: 637.6753, Philippines: 830.7765... (more ethnicities), Val Loss: 798.4115, Val MAE: 13.4376, Val R2: 0.7558
2025-04-25 15:58:23,471 - spatial_moe_trainer - INFO - Epoch 23/100 - Train Loss: 571.2356 (Col: 147.4402, Jump: 173.3800, Decline: 114.9055, PDE: 2290.4863, Reg: 31686.2615), Eth Losses: China: 680.8232, India: 608.5597, Philippines: 810.8040... (more ethnicities), Val Loss: 784.8707, Val MAE: 13.2871, Val R2: 0.7599
2025-04-25 15:58:45,887 - spatial_moe_trainer - INFO - Epoch 24/100 - Train Loss: 550.1276 (Col: 164.6352, Jump: 182.8655, Decline: 114.5313, PDE: 2230.0303, Reg: 12227.1835), Eth Losses: China: 571.8898, India: 631.8084, Philippines: 813.8036... (more ethnicities), Val Loss: 816.2085, Val MAE: 13.2023, Val R2: 0.7503
2025-04-25 15:59:08,297 - spatial_moe_trainer - INFO - Epoch 25/100 - Train Loss: 544.8057 (Col: 168.9101, Jump: 214.0406, Decline: 113.1684, PDE: 2150.0187, Reg: 19294.4755), Eth Losses: China: 646.9717, India: 596.4583, Philippines: 751.0606... (more ethnicities), Val Loss: 799.0674, Val MAE: 13.3518, Val R2: 0.7556
2025-04-25 15:59:30,631 - spatial_moe_trainer - INFO - Epoch 26/100 - Train Loss: 528.3937 (Col: 146.6172, Jump: 169.4928, Decline: 114.3596, PDE: 2131.8303, Reg: 26452.6506), Eth Losses: China: 623.7471, India: 565.1193, Philippines: 726.5401... (more ethnicities), Val Loss: 809.7798, Val MAE: 13.0416, Val R2: 0.7523
2025-04-25 15:59:53,061 - spatial_moe_trainer - INFO - Epoch 27/100 - Train Loss: 544.0849 (Col: 175.2234, Jump: 198.2264, Decline: 115.0723, PDE: 2154.9770, Reg: 23513.3861), Eth Losses: China: 624.7393, India: 639.2382, Philippines: 765.2994... (more ethnicities), Val Loss: 786.3229, Val MAE: 12.9804, Val R2: 0.7595
2025-04-25 16:00:15,369 - spatial_moe_trainer - INFO - Epoch 28/100 - Train Loss: 510.3647 (Col: 150.4147, Jump: 200.0039, Decline: 116.0584, PDE: 2076.1023, Reg: 9419.4456), Eth Losses: China: 580.9844, India: 539.7276, Philippines: 701.8924... (more ethnicities), Val Loss: 788.4922, Val MAE: 12.8545, Val R2: 0.7588
2025-04-25 16:00:37,661 - spatial_moe_trainer - INFO - Epoch 29/100 - Train Loss: 502.9539 (Col: 148.6510, Jump: 178.0410, Decline: 116.2668, PDE: 1975.1564, Reg: 24554.4031), Eth Losses: China: 577.5237, India: 543.9671, Philippines: 679.7119... (more ethnicities), Val Loss: 771.5350, Val MAE: 12.8295, Val R2: 0.7640
2025-04-25 16:00:59,928 - spatial_moe_trainer - INFO - Epoch 30/100 - Train Loss: 497.2875 (Col: 140.6712, Jump: 163.2374, Decline: 107.5227, PDE: 2037.2372, Reg: 20714.6421), Eth Losses: China: 631.2667, India: 570.8127, Philippines: 656.2314... (more ethnicities), Val Loss: 768.7851, Val MAE: 12.9466, Val R2: 0.7648
2025-04-25 16:01:22,454 - spatial_moe_trainer - INFO - Epoch 31/100 - Train Loss: 476.4273 (Col: 132.2500, Jump: 162.6418, Decline: 115.9719, PDE: 1923.1990, Reg: 16189.8128), Eth Losses: China: 548.6235, India: 521.6854, Philippines: 629.2866... (more ethnicities), Val Loss: 772.6781, Val MAE: 12.9529, Val R2: 0.7637
2025-04-25 16:01:44,728 - spatial_moe_trainer - INFO - Epoch 32/100 - Train Loss: 491.5319 (Col: 135.6113, Jump: 151.5970, Decline: 118.4619, PDE: 1999.9376, Reg: 11499.1096), Eth Losses: China: 556.2627, India: 531.4713, Philippines: 675.4221... (more ethnicities), Val Loss: 786.6559, Val MAE: 13.1135, Val R2: 0.7594
2025-04-25 16:02:07,098 - spatial_moe_trainer - INFO - Epoch 33/100 - Train Loss: 455.8396 (Col: 120.9568, Jump: 165.2972, Decline: 115.1516, PDE: 1841.9511, Reg: 19423.1724), Eth Losses: China: 540.4554, India: 511.1164, Philippines: 621.2471... (more ethnicities), Val Loss: 764.4455, Val MAE: 12.9310, Val R2: 0.7662
2025-04-25 16:02:29,406 - spatial_moe_trainer - INFO - Epoch 34/100 - Train Loss: 449.9510 (Col: 116.6993, Jump: 176.5318, Decline: 117.8661, PDE: 1854.1663, Reg: 9381.2951), Eth Losses: China: 482.2549, India: 511.0716, Philippines: 619.7976... (more ethnicities), Val Loss: 753.0545, Val MAE: 12.8955, Val R2: 0.7697
2025-04-25 16:02:51,818 - spatial_moe_trainer - INFO - Epoch 35/100 - Train Loss: 450.5413 (Col: 132.1027, Jump: 199.2249, Decline: 116.1223, PDE: 1703.1788, Reg: 36339.5694), Eth Losses: China: 596.1160, India: 537.8677, Philippines: 552.9736... (more ethnicities), Val Loss: 757.5587, Val MAE: 12.8613, Val R2: 0.7683
2025-04-25 16:03:14,313 - spatial_moe_trainer - INFO - Epoch 36/100 - Train Loss: 447.3630 (Col: 114.9526, Jump: 205.0786, Decline: 120.3075, PDE: 1756.2283, Reg: 26678.9020), Eth Losses: China: 549.6638, India: 489.2553, Philippines: 600.8792... (more ethnicities), Val Loss: 733.1363, Val MAE: 12.6359, Val R2: 0.7757
2025-04-25 16:03:36,576 - spatial_moe_trainer - INFO - Epoch 37/100 - Train Loss: 452.3110 (Col: 119.0053, Jump: 168.4299, Decline: 112.7803, PDE: 1841.3986, Reg: 13428.2126), Eth Losses: China: 539.0414, India: 527.5738, Philippines: 620.6176... (more ethnicities), Val Loss: 727.7753, Val MAE: 12.6320, Val R2: 0.7774
2025-04-25 16:03:59,020 - spatial_moe_trainer - INFO - Epoch 38/100 - Train Loss: 438.9821 (Col: 118.0479, Jump: 169.3728, Decline: 118.7619, PDE: 1767.0660, Reg: 11707.3421), Eth Losses: China: 507.0479, India: 505.7681, Philippines: 610.1780... (more ethnicities), Val Loss: 737.0521, Val MAE: 12.4489, Val R2: 0.7746
2025-04-25 16:04:21,736 - spatial_moe_trainer - INFO - Epoch 39/100 - Train Loss: 427.4942 (Col: 99.5962, Jump: 152.0386, Decline: 122.9552, PDE: 1736.5859, Reg: 19895.7713), Eth Losses: China: 531.5850, India: 531.5781, Philippines: 545.7561... (more ethnicities), Val Loss: 741.1995, Val MAE: 12.7003, Val R2: 0.7733
2025-04-25 16:04:44,114 - spatial_moe_trainer - INFO - Epoch 40/100 - Train Loss: 433.1740 (Col: 106.8535, Jump: 146.7705, Decline: 117.7562, PDE: 1800.5573, Reg: 9724.9962), Eth Losses: China: 503.9873, India: 473.0428, Philippines: 621.2704... (more ethnicities), Val Loss: 718.8957, Val MAE: 12.4479, Val R2: 0.7801
2025-04-25 16:05:06,494 - spatial_moe_trainer - INFO - Epoch 41/100 - Train Loss: 412.3898 (Col: 88.3012, Jump: 152.7869, Decline: 114.2044, PDE: 1638.5152, Reg: 37812.7121), Eth Losses: China: 511.7283, India: 482.9962, Philippines: 559.7696... (more ethnicities), Val Loss: 722.1633, Val MAE: 12.3605, Val R2: 0.7791
2025-04-25 16:05:28,791 - spatial_moe_trainer - INFO - Epoch 42/100 - Train Loss: 433.1247 (Col: 138.0451, Jump: 167.2045, Decline: 116.4738, PDE: 1646.1748, Reg: 15944.4758), Eth Losses: China: 499.7377, India: 576.6397, Philippines: 621.5094... (more ethnicities), Val Loss: 714.5093, Val MAE: 12.4104, Val R2: 0.7814
2025-04-25 16:05:51,052 - spatial_moe_trainer - INFO - Epoch 43/100 - Train Loss: 410.6022 (Col: 106.4355, Jump: 181.0880, Decline: 118.6264, PDE: 1663.3406, Reg: 7053.2847), Eth Losses: China: 479.7602, India: 451.2834, Philippines: 576.5768... (more ethnicities), Val Loss: 722.3914, Val MAE: 12.6300, Val R2: 0.7790
2025-04-25 16:06:13,427 - spatial_moe_trainer - INFO - Epoch 44/100 - Train Loss: 417.0727 (Col: 124.8346, Jump: 145.9121, Decline: 116.9249, PDE: 1617.7480, Reg: 10297.0874), Eth Losses: China: 494.8209, India: 574.0590, Philippines: 558.7906... (more ethnicities), Val Loss: 730.5764, Val MAE: 12.3490, Val R2: 0.7765
2025-04-25 16:06:35,715 - spatial_moe_trainer - INFO - Epoch 45/100 - Train Loss: 406.7344 (Col: 116.6731, Jump: 137.4486, Decline: 120.0960, PDE: 1576.8055, Reg: 16938.7622), Eth Losses: China: 505.4518, India: 504.2172, Philippines: 529.6648... (more ethnicities), Val Loss: 722.8895, Val MAE: 12.3482, Val R2: 0.7789
2025-04-25 16:06:58,106 - spatial_moe_trainer - INFO - Epoch 46/100 - Train Loss: 389.5207 (Col: 92.0791, Jump: 133.9734, Decline: 121.8779, PDE: 1545.4461, Reg: 16936.0961), Eth Losses: China: 466.6676, India: 455.3597, Philippines: 518.0529... (more ethnicities), Val Loss: 745.6350, Val MAE: 12.2767, Val R2: 0.7719
2025-04-25 16:07:20,684 - spatial_moe_trainer - INFO - Epoch 47/100 - Train Loss: 398.7928 (Col: 96.1858, Jump: 167.8863, Decline: 121.1529, PDE: 1597.3785, Reg: 17063.9109), Eth Losses: China: 479.3616, India: 461.6505, Philippines: 547.3661... (more ethnicities), Val Loss: 732.5189, Val MAE: 12.3660, Val R2: 0.7759
2025-04-25 16:07:43,167 - spatial_moe_trainer - INFO - Epoch 48/100 - Train Loss: 401.4238 (Col: 108.4085, Jump: 165.7750, Decline: 121.0973, PDE: 1574.6835, Reg: 16330.6841), Eth Losses: China: 486.8685, India: 486.6886, Philippines: 495.1591... (more ethnicities), Val Loss: 714.3196, Val MAE: 12.3790, Val R2: 0.7815
2025-04-25 16:08:05,765 - spatial_moe_trainer - INFO - Epoch 49/100 - Train Loss: 399.3907 (Col: 101.7781, Jump: 137.6549, Decline: 124.1303, PDE: 1605.2838, Reg: 17387.4527), Eth Losses: China: 490.6922, India: 504.5282, Philippines: 549.2054... (more ethnicities), Val Loss: 736.2732, Val MAE: 12.4456, Val R2: 0.7748
2025-04-25 16:08:28,250 - spatial_moe_trainer - INFO - Epoch 50/100 - Train Loss: 414.7497 (Col: 133.3710, Jump: 143.4538, Decline: 119.9127, PDE: 1557.3802, Reg: 16842.4742), Eth Losses: China: 472.2679, India: 501.1717, Philippines: 579.0328... (more ethnicities), Val Loss: 721.5012, Val MAE: 12.3647, Val R2: 0.7793
2025-04-25 16:08:50,684 - spatial_moe_trainer - INFO - Epoch 51/100 - Train Loss: 383.3932 (Col: 96.3917, Jump: 152.2141, Decline: 125.9091, PDE: 1483.4591, Reg: 18043.6621), Eth Losses: China: 496.3100, India: 465.1881, Philippines: 513.4517... (more ethnicities), Val Loss: 722.5285, Val MAE: 12.2729, Val R2: 0.7790
2025-04-25 16:09:13,284 - spatial_moe_trainer - INFO - Epoch 52/100 - Train Loss: 384.0794 (Col: 98.4023, Jump: 133.1066, Decline: 125.8667, PDE: 1495.3795, Reg: 14527.0980), Eth Losses: China: 438.9831, India: 458.6428, Philippines: 533.1780... (more ethnicities), Val Loss: 726.8989, Val MAE: 12.1987, Val R2: 0.7777
2025-04-25 16:09:35,625 - spatial_moe_trainer - INFO - Epoch 53/100 - Train Loss: 400.3740 (Col: 122.8790, Jump: 161.4345, Decline: 117.8192, PDE: 1531.4213, Reg: 14515.0826), Eth Losses: China: 495.7840, India: 544.8352, Philippines: 497.3667... (more ethnicities), Val Loss: 729.6638, Val MAE: 12.3394, Val R2: 0.7768
2025-04-25 16:09:58,071 - spatial_moe_trainer - INFO - Epoch 54/100 - Train Loss: 379.0237 (Col: 84.2707, Jump: 152.0426, Decline: 122.0239, PDE: 1504.5072, Reg: 17386.7362), Eth Losses: China: 460.0896, India: 404.4583, Philippines: 499.5158... (more ethnicities), Val Loss: 717.1457, Val MAE: 12.2568, Val R2: 0.7806
2025-04-25 16:10:20,481 - spatial_moe_trainer - INFO - Epoch 55/100 - Train Loss: 373.1932 (Col: 111.0904, Jump: 165.5336, Decline: 116.7969, PDE: 1449.5812, Reg: 10595.4278), Eth Losses: China: 416.7591, India: 502.9140, Philippines: 501.6052... (more ethnicities), Val Loss: 713.7906, Val MAE: 12.2743, Val R2: 0.7817
2025-04-25 16:10:42,729 - spatial_moe_trainer - INFO - Epoch 56/100 - Train Loss: 371.3082 (Col: 85.8314, Jump: 153.2348, Decline: 114.7322, PDE: 1483.4255, Reg: 16811.0920), Eth Losses: China: 455.1820, India: 397.0177, Philippines: 564.2780... (more ethnicities), Val Loss: 708.1101, Val MAE: 12.1503, Val R2: 0.7834
2025-04-25 16:11:05,233 - spatial_moe_trainer - INFO - Trial pruned at epoch 57
2025-04-25 16:11:05,248 - spatial_moe_trainer - INFO - Saving metrics to ./optuna_results/trial_5/metrics
2025-04-25 16:11:05,251 - spatial_moe_trainer - INFO - Training metrics saved to ./optuna_results/trial_5/metrics/training_metrics.csv
2025-04-25 16:11:05,255 - spatial_moe_trainer - INFO - Validation metrics saved to ./optuna_results/trial_5/metrics/validation_metrics.csv
2025-04-25 16:11:05,293 - spatial_moe_trainer - INFO - Multi-Ethnic Spatial MoE model saved to ./optuna_results/trial_5/model.pt
2025-04-25 16:11:05,333 - __mp_main__ - INFO - Running trial 6 on device cuda:0
2025-04-25 16:11:05,349 - __main__ - INFO - Trial 5 completed with value: 708.110098
2025-04-25 16:11:05,462 - __mp_main__ - INFO - Using adjusted dimensions - hidden_dims: [93, 39, 18], coord_embed_dim: 9
2025-04-25 16:11:05,507 - spatial_moe_trainer - INFO - Multi-Ethnic Spatial MoE model initialized on cuda:0
2025-04-25 16:11:05,507 - spatial_moe_trainer - INFO - Model will predict 5 ethnicities: ['China', 'India', 'Philippines', 'Portugal', 'Sri Lanka']
2025-04-25 16:11:05,527 - __mp_main__ - INFO - Testing model forward pass before training...
2025-04-25 16:11:05,686 - __mp_main__ - INFO - Test forward pass successful. Output shape: torch.Size([64, 5])
2025-04-25 16:11:05,686 - spatial_moe_trainer - INFO - Starting multi-ethnic spatial MoE model training with learnable expert router...
2025-04-25 16:11:05,686 - spatial_moe_trainer - INFO - Using colonization_weight=6.41003510568888, jump_weight=9.72918866945795, decline_weight=2.636424704863906, pde_weight=3.7381801866358395
2025-04-25 16:11:28,167 - spatial_moe_trainer - INFO - Epoch 1/100 - Train Loss: 1839.0727 (Col: 1050.7143, Jump: 835.7271, Decline: 206.4636, PDE: 6366.7529, Reg: 40517.0782), Eth Losses: China: 2566.7613, India: 2006.0733, Philippines: 3016.9158... (more ethnicities), Val Loss: 1786.7601, Val MAE: 21.8312, Val R2: 0.4535
2025-04-25 16:11:50,713 - spatial_moe_trainer - INFO - Epoch 2/100 - Train Loss: 1493.2536 (Col: 765.8187, Jump: 934.4430, Decline: 188.9541, PDE: 5372.1519, Reg: 36844.6541), Eth Losses: China: 1855.9801, India: 1807.3911, Philippines: 2604.0377... (more ethnicities), Val Loss: 1440.8466, Val MAE: 17.4218, Val R2: 0.5593
2025-04-25 16:12:13,158 - spatial_moe_trainer - INFO - Epoch 3/100 - Train Loss: 1282.4569 (Col: 618.1305, Jump: 836.6600, Decline: 174.7722, PDE: 4700.9929, Reg: 31188.9201), Eth Losses: China: 1419.6595, India: 1690.6320, Philippines: 2212.8373... (more ethnicities), Val Loss: 1294.4412, Val MAE: 16.2678, Val R2: 0.6041
2025-04-25 16:12:35,679 - spatial_moe_trainer - INFO - Epoch 4/100 - Train Loss: 1124.0209 (Col: 523.1906, Jump: 580.9232, Decline: 167.7079, PDE: 4090.5771, Reg: 32834.0174), Eth Losses: China: 1296.7123, India: 1554.2487, Philippines: 1749.5471... (more ethnicities), Val Loss: 1264.0303, Val MAE: 15.8283, Val R2: 0.6134
2025-04-25 16:12:57,948 - spatial_moe_trainer - INFO - Epoch 5/100 - Train Loss: 1055.0796 (Col: 439.3433, Jump: 645.8141, Decline: 164.4282, PDE: 4066.6100, Reg: 16999.3230), Eth Losses: China: 1332.4191, India: 1369.9128, Philippines: 1636.1350... (more ethnicities), Val Loss: 1258.3124, Val MAE: 15.8158, Val R2: 0.6151
2025-04-25 16:13:20,522 - spatial_moe_trainer - INFO - Epoch 6/100 - Train Loss: 985.0786 (Col: 359.6675, Jump: 476.4102, Decline: 155.3794, PDE: 3826.1803, Reg: 33690.2205), Eth Losses: China: 1282.0970, India: 1253.9447, Philippines: 1469.4840... (more ethnicities), Val Loss: 1227.3362, Val MAE: 15.6925, Val R2: 0.6246
2025-04-25 16:13:43,037 - spatial_moe_trainer - INFO - Epoch 7/100 - Train Loss: 940.1806 (Col: 355.6521, Jump: 445.6968, Decline: 149.7057, PDE: 3750.9148, Reg: 18050.5636), Eth Losses: China: 1240.0744, India: 1189.7948, Philippines: 1377.1635... (more ethnicities), Val Loss: 1181.7150, Val MAE: 15.3936, Val R2: 0.6385
2025-04-25 16:14:05,663 - spatial_moe_trainer - INFO - Epoch 8/100 - Train Loss: 883.6519 (Col: 319.0519, Jump: 391.5383, Decline: 146.9127, PDE: 3477.1377, Reg: 16903.0596), Eth Losses: China: 1176.1223, India: 1107.3898, Philippines: 1276.0942... (more ethnicities), Val Loss: 1160.8414, Val MAE: 14.9826, Val R2: 0.6449
2025-04-25 16:14:28,160 - spatial_moe_trainer - INFO - Epoch 9/100 - Train Loss: 830.9660 (Col: 283.3965, Jump: 298.5567, Decline: 136.3041, PDE: 3315.7967, Reg: 10821.7317), Eth Losses: China: 1104.7214, India: 986.7402, Philippines: 1225.1225... (more ethnicities), Val Loss: 1134.8379, Val MAE: 15.2368, Val R2: 0.6529
2025-04-25 16:14:50,622 - spatial_moe_trainer - INFO - Epoch 10/100 - Train Loss: 815.9208 (Col: 295.7788, Jump: 326.3435, Decline: 133.0488, PDE: 3238.3680, Reg: 22195.5518), Eth Losses: China: 1057.4519, India: 990.0561, Philippines: 1206.7423... (more ethnicities), Val Loss: 1103.8616, Val MAE: 14.9996, Val R2: 0.6624
2025-04-25 16:15:13,259 - spatial_moe_trainer - INFO - Epoch 11/100 - Train Loss: 782.9624 (Col: 262.6722, Jump: 311.4094, Decline: 128.6409, PDE: 3132.8199, Reg: 15261.6077), Eth Losses: China: 1056.3580, India: 852.1533, Philippines: 1205.6586... (more ethnicities), Val Loss: 1037.9308, Val MAE: 14.5196, Val R2: 0.6825
2025-04-25 16:15:35,908 - spatial_moe_trainer - INFO - Epoch 12/100 - Train Loss: 755.9274 (Col: 267.4145, Jump: 281.1691, Decline: 126.5115, PDE: 3052.5746, Reg: 15200.9301), Eth Losses: China: 1029.0406, India: 829.7950, Philippines: 1131.5720... (more ethnicities), Val Loss: 1054.5911, Val MAE: 14.4283, Val R2: 0.6774
2025-04-25 16:15:58,428 - spatial_moe_trainer - INFO - Epoch 13/100 - Train Loss: 736.4259 (Col: 236.7548, Jump: 282.5436, Decline: 123.4114, PDE: 2980.5703, Reg: 18231.2635), Eth Losses: China: 970.4290, India: 766.7886, Philippines: 1162.1370... (more ethnicities), Val Loss: 970.7072, Val MAE: 14.2430, Val R2: 0.7031
2025-04-25 16:16:20,982 - spatial_moe_trainer - INFO - Epoch 14/100 - Train Loss: 712.1896 (Col: 225.5906, Jump: 277.5549, Decline: 118.0067, PDE: 2851.1886, Reg: 18942.3954), Eth Losses: China: 968.7533, India: 726.2103, Philippines: 1096.5367... (more ethnicities), Val Loss: 987.9340, Val MAE: 14.3464, Val R2: 0.6978
2025-04-25 16:16:43,341 - spatial_moe_trainer - INFO - Epoch 15/100 - Train Loss: 689.0326 (Col: 232.0415, Jump: 253.2078, Decline: 115.3107, PDE: 2758.6506, Reg: 11704.7552), Eth Losses: China: 867.5581, India: 734.3139, Philippines: 1072.8877... (more ethnicities), Val Loss: 943.5784, Val MAE: 14.0025, Val R2: 0.7114
2025-04-25 16:17:05,949 - spatial_moe_trainer - INFO - Epoch 16/100 - Train Loss: 692.3399 (Col: 214.1709, Jump: 267.7317, Decline: 114.7784, PDE: 2799.1664, Reg: 29746.5917), Eth Losses: China: 819.0861, India: 736.6255, Philippines: 1127.9083... (more ethnicities), Val Loss: 964.3994, Val MAE: 14.1603, Val R2: 0.7050
2025-04-25 16:17:28,380 - spatial_moe_trainer - INFO - Epoch 17/100 - Train Loss: 653.8044 (Col: 201.6116, Jump: 210.9517, Decline: 116.3779, PDE: 2697.7899, Reg: 10653.8316), Eth Losses: China: 761.9952, India: 689.4993, Philippines: 1060.3863... (more ethnicities), Val Loss: 948.6235, Val MAE: 13.8726, Val R2: 0.7098
2025-04-25 16:17:50,931 - spatial_moe_trainer - INFO - Epoch 18/100 - Train Loss: 630.3444 (Col: 191.1848, Jump: 264.6118, Decline: 117.0684, PDE: 2564.3452, Reg: 12774.1778), Eth Losses: China: 729.5571, India: 677.9026, Philippines: 1016.0112... (more ethnicities), Val Loss: 921.1560, Val MAE: 13.7500, Val R2: 0.7182
2025-04-25 16:18:13,432 - spatial_moe_trainer - INFO - Trial pruned at epoch 19
2025-04-25 16:18:13,446 - spatial_moe_trainer - INFO - Saving metrics to ./optuna_results/trial_6/metrics
2025-04-25 16:18:13,448 - spatial_moe_trainer - INFO - Training metrics saved to ./optuna_results/trial_6/metrics/training_metrics.csv
2025-04-25 16:18:13,450 - spatial_moe_trainer - INFO - Validation metrics saved to ./optuna_results/trial_6/metrics/validation_metrics.csv
2025-04-25 16:18:13,488 - spatial_moe_trainer - INFO - Multi-Ethnic Spatial MoE model saved to ./optuna_results/trial_6/model.pt
2025-04-25 16:18:13,520 - __mp_main__ - INFO - Running trial 7 on device cuda:0
2025-04-25 16:18:13,533 - __main__ - INFO - Trial 6 completed with value: 921.156023
2025-04-25 16:18:13,644 - __mp_main__ - INFO - Using adjusted dimensions - hidden_dims: [93, 39, 18], coord_embed_dim: 9
2025-04-25 16:18:13,690 - spatial_moe_trainer - INFO - Multi-Ethnic Spatial MoE model initialized on cuda:0
2025-04-25 16:18:13,690 - spatial_moe_trainer - INFO - Model will predict 5 ethnicities: ['China', 'India', 'Philippines', 'Portugal', 'Sri Lanka']
2025-04-25 16:18:13,710 - __mp_main__ - INFO - Testing model forward pass before training...
2025-04-25 16:18:13,868 - __mp_main__ - INFO - Test forward pass successful. Output shape: torch.Size([64, 5])
2025-04-25 16:18:13,868 - spatial_moe_trainer - INFO - Starting multi-ethnic spatial MoE model training with learnable expert router...
2025-04-25 16:18:13,868 - spatial_moe_trainer - INFO - Using colonization_weight=6.41003510568888, jump_weight=9.72918866945795, decline_weight=2.636424704863906, pde_weight=3.7381801866358395
2025-04-25 16:18:36,172 - spatial_moe_trainer - INFO - Epoch 1/100 - Train Loss: 1957.8793 (Col: 1138.7609, Jump: 903.4127, Decline: 234.1470, PDE: 6560.0146, Reg: 65377.8140), Eth Losses: China: 2601.6663, India: 2344.9810, Philippines: 3002.9247... (more ethnicities), Val Loss: 1906.7665, Val MAE: 22.8253, Val R2: 0.4168
2025-04-25 16:18:58,599 - spatial_moe_trainer - INFO - Epoch 2/100 - Train Loss: 1548.8087 (Col: 768.4031, Jump: 743.1109, Decline: 214.0413, PDE: 5632.4955, Reg: 40055.0895), Eth Losses: China: 2027.4940, India: 2095.5050, Philippines: 2324.5517... (more ethnicities), Val Loss: 1506.4843, Val MAE: 18.1636, Val R2: 0.5392
2025-04-25 16:19:21,004 - spatial_moe_trainer - INFO - Epoch 3/100 - Train Loss: 1293.0628 (Col: 591.3829, Jump: 735.8625, Decline: 198.3840, PDE: 4783.3565, Reg: 32789.2533), Eth Losses: China: 1533.6342, India: 1973.2141, Philippines: 1852.3706... (more ethnicities), Val Loss: 1388.1203, Val MAE: 16.8133, Val R2: 0.5754
2025-04-25 16:19:43,263 - spatial_moe_trainer - INFO - Epoch 4/100 - Train Loss: 1138.9316 (Col: 464.0259, Jump: 595.0678, Decline: 185.8911, PDE: 4308.5333, Reg: 30526.5084), Eth Losses: China: 1309.8371, India: 1766.1702, Philippines: 1592.9194... (more ethnicities), Val Loss: 1333.9979, Val MAE: 16.3806, Val R2: 0.5920
2025-04-25 16:20:05,627 - spatial_moe_trainer - INFO - Epoch 5/100 - Train Loss: 1051.7448 (Col: 412.8028, Jump: 632.9386, Decline: 178.0409, PDE: 4095.2159, Reg: 21163.3277), Eth Losses: China: 1240.8234, India: 1619.8804, Philippines: 1414.1118... (more ethnicities), Val Loss: 1278.0895, Val MAE: 15.8426, Val R2: 0.6091
2025-04-25 16:20:28,166 - spatial_moe_trainer - INFO - Epoch 6/100 - Train Loss: 986.8536 (Col: 332.4796, Jump: 604.1513, Decline: 170.6815, PDE: 3905.6235, Reg: 29553.0084), Eth Losses: China: 1210.5488, India: 1465.1910, Philippines: 1319.9194... (more ethnicities), Val Loss: 1271.8925, Val MAE: 15.8282, Val R2: 0.6110
2025-04-25 16:20:50,418 - spatial_moe_trainer - INFO - Epoch 7/100 - Train Loss: 956.1246 (Col: 334.2254, Jump: 546.6839, Decline: 169.0139, PDE: 3886.8870, Reg: 10849.9853), Eth Losses: China: 1175.5597, India: 1396.2100, Philippines: 1288.1967... (more ethnicities), Val Loss: 1220.1189, Val MAE: 15.6495, Val R2: 0.6268
2025-04-25 16:21:12,900 - spatial_moe_trainer - INFO - Epoch 8/100 - Train Loss: 908.3344 (Col: 286.2552, Jump: 440.4820, Decline: 165.4324, PDE: 3725.0835, Reg: 17711.7850), Eth Losses: China: 1111.5772, India: 1328.6689, Philippines: 1220.3312... (more ethnicities), Val Loss: 1313.9965, Val MAE: 15.7459, Val R2: 0.5981
2025-04-25 16:21:35,424 - spatial_moe_trainer - INFO - Epoch 9/100 - Train Loss: 867.2419 (Col: 252.7000, Jump: 515.2580, Decline: 159.7516, PDE: 3606.0708, Reg: 14777.6987), Eth Losses: China: 1125.7421, India: 1167.5498, Philippines: 1192.2597... (more ethnicities), Val Loss: 1223.2612, Val MAE: 15.5699, Val R2: 0.6258
2025-04-25 16:21:57,778 - spatial_moe_trainer - INFO - Epoch 10/100 - Train Loss: 853.7492 (Col: 243.4164, Jump: 350.9417, Decline: 157.6849, PDE: 3554.4579, Reg: 17266.5391), Eth Losses: China: 1049.0259, India: 1161.1215, Philippines: 1203.6768... (more ethnicities), Val Loss: 1207.9397, Val MAE: 15.4837, Val R2: 0.6305
2025-04-25 16:22:20,150 - spatial_moe_trainer - INFO - Trial pruned at epoch 11
2025-04-25 16:22:20,165 - spatial_moe_trainer - INFO - Saving metrics to ./optuna_results/trial_7/metrics
2025-04-25 16:22:20,167 - spatial_moe_trainer - INFO - Training metrics saved to ./optuna_results/trial_7/metrics/training_metrics.csv
2025-04-25 16:22:20,168 - spatial_moe_trainer - INFO - Validation metrics saved to ./optuna_results/trial_7/metrics/validation_metrics.csv
2025-04-25 16:22:20,207 - spatial_moe_trainer - INFO - Multi-Ethnic Spatial MoE model saved to ./optuna_results/trial_7/model.pt
2025-04-25 16:22:20,240 - __mp_main__ - INFO - Running trial 8 on device cuda:0
2025-04-25 16:22:20,253 - __main__ - INFO - Trial 7 completed with value: 1207.939737
2025-04-25 16:22:20,364 - __mp_main__ - INFO - Using adjusted dimensions - hidden_dims: [93, 39, 18], coord_embed_dim: 9
2025-04-25 16:22:20,410 - spatial_moe_trainer - INFO - Multi-Ethnic Spatial MoE model initialized on cuda:0
2025-04-25 16:22:20,410 - spatial_moe_trainer - INFO - Model will predict 5 ethnicities: ['China', 'India', 'Philippines', 'Portugal', 'Sri Lanka']
2025-04-25 16:22:20,430 - __mp_main__ - INFO - Testing model forward pass before training...
2025-04-25 16:22:20,588 - __mp_main__ - INFO - Test forward pass successful. Output shape: torch.Size([64, 5])
2025-04-25 16:22:20,588 - spatial_moe_trainer - INFO - Starting multi-ethnic spatial MoE model training with learnable expert router...
2025-04-25 16:22:20,588 - spatial_moe_trainer - INFO - Using colonization_weight=6.41003510568888, jump_weight=9.72918866945795, decline_weight=2.636424704863906, pde_weight=3.7381801866358395
2025-04-25 16:22:43,114 - spatial_moe_trainer - INFO - Epoch 1/100 - Train Loss: 1813.8880 (Col: 1091.5567, Jump: 1008.2363, Decline: 225.1709, PDE: 6167.4262, Reg: 35119.3802), Eth Losses: China: 2130.0673, India: 2199.3500, Philippines: 3079.1225... (more ethnicities), Val Loss: 1746.8970, Val MAE: 21.9189, Val R2: 0.4657
2025-04-25 16:23:05,438 - spatial_moe_trainer - INFO - Epoch 2/100 - Train Loss: 1410.8103 (Col: 743.9324, Jump: 949.6151, Decline: 199.3852, PDE: 5042.5769, Reg: 21090.9905), Eth Losses: China: 1523.3825, India: 1953.9799, Philippines: 2428.0234... (more ethnicities), Val Loss: 1448.6714, Val MAE: 17.4991, Val R2: 0.5569
2025-04-25 16:23:27,872 - spatial_moe_trainer - INFO - Epoch 3/100 - Train Loss: 1212.5031 (Col: 610.8771, Jump: 706.2759, Decline: 188.2263, PDE: 4394.5682, Reg: 17852.1027), Eth Losses: China: 1294.0747, India: 1759.9683, Philippines: 1962.8064... (more ethnicities), Val Loss: 1357.5389, Val MAE: 16.5347, Val R2: 0.5848
2025-04-25 16:23:50,253 - spatial_moe_trainer - INFO - Epoch 4/100 - Train Loss: 1125.4139 (Col: 517.0658, Jump: 502.6429, Decline: 175.3661, PDE: 4142.4443, Reg: 17047.9557), Eth Losses: China: 1215.3334, India: 1664.3405, Philippines: 1701.4278... (more ethnicities), Val Loss: 1330.5466, Val MAE: 16.1740, Val R2: 0.5930
2025-04-25 16:24:12,735 - spatial_moe_trainer - INFO - Epoch 5/100 - Train Loss: 1039.5574 (Col: 450.5910, Jump: 714.1028, Decline: 167.8526, PDE: 3908.9839, Reg: 16232.7776), Eth Losses: China: 1198.2857, India: 1481.1676, Philippines: 1504.2100... (more ethnicities), Val Loss: 1292.1231, Val MAE: 16.1455, Val R2: 0.6048
2025-04-25 16:24:35,104 - spatial_moe_trainer - INFO - Epoch 6/100 - Train Loss: 977.6161 (Col: 369.6541, Jump: 490.5663, Decline: 158.7572, PDE: 3812.2367, Reg: 14201.8571), Eth Losses: China: 1163.4747, India: 1312.0972, Philippines: 1417.7545... (more ethnicities), Val Loss: 1233.4491, Val MAE: 15.5182, Val R2: 0.6227
2025-04-25 16:24:57,452 - spatial_moe_trainer - INFO - Epoch 7/100 - Train Loss: 906.7492 (Col: 331.2934, Jump: 523.8918, Decline: 156.6929, PDE: 3649.0624, Reg: 11178.0545), Eth Losses: China: 1090.9937, India: 1185.9541, Philippines: 1281.7517... (more ethnicities), Val Loss: 1217.4897, Val MAE: 15.5917, Val R2: 0.6276
2025-04-25 16:25:19,934 - spatial_moe_trainer - INFO - Epoch 8/100 - Train Loss: 868.5197 (Col: 300.8161, Jump: 430.7575, Decline: 149.6201, PDE: 3438.0770, Reg: 21389.3477), Eth Losses: China: 1072.2934, India: 1133.3971, Philippines: 1176.7825... (more ethnicities), Val Loss: 1152.2222, Val MAE: 15.5752, Val R2: 0.6476
2025-04-25 16:25:42,537 - spatial_moe_trainer - INFO - Epoch 9/100 - Train Loss: 805.4996 (Col: 255.3528, Jump: 473.5437, Decline: 143.9620, PDE: 3309.6074, Reg: 18295.2911), Eth Losses: China: 996.8186, India: 1021.1409, Philippines: 1117.2961... (more ethnicities), Val Loss: 1110.2257, Val MAE: 15.1369, Val R2: 0.6604
2025-04-25 16:26:04,979 - spatial_moe_trainer - INFO - Epoch 10/100 - Train Loss: 773.2390 (Col: 243.1321, Jump: 409.4827, Decline: 136.7566, PDE: 3104.3196, Reg: 26017.9799), Eth Losses: China: 912.2527, India: 985.4438, Philippines: 1067.4909... (more ethnicities), Val Loss: 1066.8698, Val MAE: 14.8996, Val R2: 0.6737
2025-04-25 16:26:27,425 - spatial_moe_trainer - INFO - Epoch 11/100 - Train Loss: 735.7025 (Col: 233.5448, Jump: 327.0819, Decline: 135.0961, PDE: 2989.8751, Reg: 11535.6894), Eth Losses: China: 821.9335, India: 958.7758, Philippines: 985.8780... (more ethnicities), Val Loss: 1056.7750, Val MAE: 14.8323, Val R2: 0.6768
2025-04-25 16:26:49,707 - spatial_moe_trainer - INFO - Epoch 12/100 - Train Loss: 747.4984 (Col: 202.0198, Jump: 333.7263, Decline: 131.1941, PDE: 3128.8261, Reg: 15688.5102), Eth Losses: China: 807.8354, India: 975.5109, Philippines: 1074.7673... (more ethnicities), Val Loss: 1023.9400, Val MAE: 14.6582, Val R2: 0.6868
2025-04-25 16:27:12,118 - spatial_moe_trainer - INFO - Epoch 13/100 - Train Loss: 709.7019 (Col: 178.7589, Jump: 353.2104, Decline: 130.7351, PDE: 3001.9997, Reg: 19372.5271), Eth Losses: China: 721.8807, India: 920.5923, Philippines: 1009.7611... (more ethnicities), Val Loss: 1010.0119, Val MAE: 14.4281, Val R2: 0.6911
2025-04-25 16:27:34,622 - spatial_moe_trainer - INFO - Epoch 14/100 - Train Loss: 679.3028 (Col: 180.1468, Jump: 340.3595, Decline: 128.4666, PDE: 2870.1100, Reg: 11946.5403), Eth Losses: China: 694.2078, India: 932.4581, Philippines: 935.4125... (more ethnicities), Val Loss: 1008.2411, Val MAE: 14.5115, Val R2: 0.6916
2025-04-25 16:27:57,078 - spatial_moe_trainer - INFO - Trial pruned at epoch 15
2025-04-25 16:27:57,086 - spatial_moe_trainer - INFO - Saving metrics to ./optuna_results/trial_8/metrics
2025-04-25 16:27:57,088 - spatial_moe_trainer - INFO - Training metrics saved to ./optuna_results/trial_8/metrics/training_metrics.csv
2025-04-25 16:27:57,090 - spatial_moe_trainer - INFO - Validation metrics saved to ./optuna_results/trial_8/metrics/validation_metrics.csv
2025-04-25 16:27:57,127 - spatial_moe_trainer - INFO - Multi-Ethnic Spatial MoE model saved to ./optuna_results/trial_8/model.pt
2025-04-25 16:27:57,168 - __mp_main__ - INFO - Running trial 9 on device cuda:0
2025-04-25 16:27:57,181 - __main__ - INFO - Trial 8 completed with value: 1008.241103
2025-04-25 16:27:57,291 - __mp_main__ - INFO - Using adjusted dimensions - hidden_dims: [93, 39, 18], coord_embed_dim: 9
2025-04-25 16:27:57,467 - spatial_moe_trainer - INFO - Multi-Ethnic Spatial MoE model initialized on cuda:0
2025-04-25 16:27:57,467 - spatial_moe_trainer - INFO - Model will predict 5 ethnicities: ['China', 'India', 'Philippines', 'Portugal', 'Sri Lanka']
2025-04-25 16:27:57,487 - __mp_main__ - INFO - Testing model forward pass before training...
2025-04-25 16:27:57,646 - __mp_main__ - INFO - Test forward pass successful. Output shape: torch.Size([64, 5])
2025-04-25 16:27:57,646 - spatial_moe_trainer - INFO - Starting multi-ethnic spatial MoE model training with learnable expert router...
2025-04-25 16:27:57,646 - spatial_moe_trainer - INFO - Using colonization_weight=6.41003510568888, jump_weight=9.72918866945795, decline_weight=2.636424704863906, pde_weight=3.7381801866358395
2025-04-25 16:28:20,064 - spatial_moe_trainer - INFO - Epoch 1/100 - Train Loss: 1843.0719 (Col: 1058.9576, Jump: 556.8926, Decline: 233.8355, PDE: 6172.3962, Reg: 60873.5716), Eth Losses: China: 2539.1439, India: 2001.0309, Philippines: 2933.4525... (more ethnicities), Val Loss: 1891.4009, Val MAE: 22.0089, Val R2: 0.4215
2025-04-25 16:28:42,335 - spatial_moe_trainer - INFO - Epoch 2/100 - Train Loss: 1532.3737 (Col: 729.8887, Jump: 525.8909, Decline: 209.3845, PDE: 5622.3051, Reg: 46562.9752), Eth Losses: China: 2163.0805, India: 1749.0723, Philippines: 2372.9199... (more ethnicities), Val Loss: 1547.3821, Val MAE: 17.8160, Val R2: 0.5267
2025-04-25 16:29:04,638 - spatial_moe_trainer - INFO - Epoch 3/100 - Train Loss: 1268.9901 (Col: 620.6598, Jump: 540.7409, Decline: 196.6739, PDE: 4631.1475, Reg: 23725.8472), Eth Losses: China: 1576.2381, India: 1603.8502, Philippines: 1897.3601... (more ethnicities), Val Loss: 1372.2449, Val MAE: 16.3842, Val R2: 0.5803
2025-04-25 16:29:27,103 - spatial_moe_trainer - INFO - Epoch 4/100 - Train Loss: 1141.9308 (Col: 492.3314, Jump: 409.3569, Decline: 180.2889, PDE: 4310.6457, Reg: 29816.6795), Eth Losses: China: 1384.0416, India: 1468.9233, Philippines: 1632.8189... (more ethnicities), Val Loss: 1353.3070, Val MAE: 16.1963, Val R2: 0.5861
2025-04-25 16:29:49,566 - spatial_moe_trainer - INFO - Epoch 5/100 - Train Loss: 1067.6040 (Col: 415.8013, Jump: 446.1656, Decline: 169.3357, PDE: 4134.4298, Reg: 21730.8707), Eth Losses: China: 1272.0196, India: 1332.9441, Philippines: 1570.2139... (more ethnicities), Val Loss: 1257.7821, Val MAE: 15.8002, Val R2: 0.6153
2025-04-25 16:30:12,028 - spatial_moe_trainer - INFO - Epoch 6/100 - Train Loss: 999.5366 (Col: 399.5241, Jump: 426.9983, Decline: 159.4339, PDE: 3851.4836, Reg: 10724.4065), Eth Losses: China: 1299.9702, India: 1206.7305, Philippines: 1427.6262... (more ethnicities), Val Loss: 1300.3744, Val MAE: 15.7497, Val R2: 0.6022
2025-04-25 16:30:34,540 - spatial_moe_trainer - INFO - Epoch 7/100 - Train Loss: 959.9977 (Col: 334.2124, Jump: 447.6400, Decline: 164.6652, PDE: 3782.2186, Reg: 32967.9173), Eth Losses: China: 1301.4655, India: 1090.2320, Philippines: 1350.6586... (more ethnicities), Val Loss: 1163.0979, Val MAE: 15.4721, Val R2: 0.6442
2025-04-25 16:30:56,965 - spatial_moe_trainer - INFO - Epoch 8/100 - Train Loss: 878.3154 (Col: 312.4803, Jump: 376.2662, Decline: 149.7623, PDE: 3556.5961, Reg: 12780.7824), Eth Losses: China: 1196.9215, India: 993.3744, Philippines: 1183.9217... (more ethnicities), Val Loss: 1128.0315, Val MAE: 14.9064, Val R2: 0.6550
2025-04-25 16:31:19,395 - spatial_moe_trainer - INFO - Epoch 9/100 - Train Loss: 865.7127 (Col: 311.5752, Jump: 501.9258, Decline: 144.1657, PDE: 3475.0328, Reg: 16422.3581), Eth Losses: China: 1166.3881, India: 994.3408, Philippines: 1180.5365... (more ethnicities), Val Loss: 1064.6905, Val MAE: 14.9604, Val R2: 0.6743
2025-04-25 16:31:41,762 - spatial_moe_trainer - INFO - Epoch 10/100 - Train Loss: 832.5695 (Col: 286.0810, Jump: 359.2390, Decline: 143.1716, PDE: 3350.8178, Reg: 14162.8405), Eth Losses: China: 1131.4945, India: 942.4300, Philippines: 1140.9934... (more ethnicities), Val Loss: 1076.0352, Val MAE: 14.8573, Val R2: 0.6709
2025-04-25 16:32:04,213 - spatial_moe_trainer - INFO - Epoch 11/100 - Train Loss: 802.8385 (Col: 275.3878, Jump: 366.9461, Decline: 136.4738, PDE: 3271.8945, Reg: 12248.7160), Eth Losses: China: 1084.2306, India: 907.7126, Philippines: 1057.5218... (more ethnicities), Val Loss: 1145.5157, Val MAE: 14.9523, Val R2: 0.6496
2025-04-25 16:32:26,620 - spatial_moe_trainer - INFO - Epoch 12/100 - Train Loss: 799.9725 (Col: 260.6618, Jump: 315.6763, Decline: 134.5842, PDE: 3201.6034, Reg: 27023.0054), Eth Losses: China: 1056.5882, India: 925.6652, Philippines: 1105.3591... (more ethnicities), Val Loss: 1026.3920, Val MAE: 14.5816, Val R2: 0.6860
2025-04-25 16:32:48,950 - spatial_moe_trainer - INFO - Epoch 13/100 - Train Loss: 771.8864 (Col: 230.7256, Jump: 358.2262, Decline: 128.5616, PDE: 3077.1367, Reg: 36045.3158), Eth Losses: China: 1059.8242, India: 855.2457, Philippines: 1008.3387... (more ethnicities), Val Loss: 1008.2674, Val MAE: 14.3937, Val R2: 0.6916
2025-04-25 16:33:11,570 - spatial_moe_trainer - INFO - Epoch 14/100 - Train Loss: 741.8025 (Col: 234.0268, Jump: 303.2380, Decline: 129.6568, PDE: 3009.2115, Reg: 17720.3383), Eth Losses: China: 910.7875, India: 893.2845, Philippines: 976.9228... (more ethnicities), Val Loss: 1025.7169, Val MAE: 14.3251, Val R2: 0.6863
2025-04-25 16:33:33,936 - spatial_moe_trainer - INFO - Epoch 15/100 - Train Loss: 731.0984 (Col: 220.9942, Jump: 286.5839, Decline: 126.3347, PDE: 2964.9586, Reg: 23866.2324), Eth Losses: China: 912.4592, India: 829.2179, Philippines: 992.0460... (more ethnicities), Val Loss: 988.3076, Val MAE: 14.2958, Val R2: 0.6977
2025-04-25 16:33:56,213 - spatial_moe_trainer - INFO - Epoch 16/100 - Train Loss: 694.6711 (Col: 220.5455, Jump: 300.9896, Decline: 124.0345, PDE: 2896.9992, Reg: 12014.1231), Eth Losses: China: 829.2541, India: 813.8012, Philippines: 901.3011... (more ethnicities), Val Loss: 952.9758, Val MAE: 14.0143, Val R2: 0.7085
2025-04-25 16:34:18,723 - spatial_moe_trainer - INFO - Epoch 17/100 - Train Loss: 664.3707 (Col: 182.6933, Jump: 253.5341, Decline: 123.0948, PDE: 2788.1572, Reg: 16167.1927), Eth Losses: China: 801.8943, India: 795.8345, Philippines: 851.5022... (more ethnicities), Val Loss: 961.5837, Val MAE: 13.9842, Val R2: 0.7059
2025-04-25 16:34:41,081 - spatial_moe_trainer - INFO - Trial pruned at epoch 18
2025-04-25 16:34:41,095 - spatial_moe_trainer - INFO - Saving metrics to ./optuna_results/trial_9/metrics
2025-04-25 16:34:41,097 - spatial_moe_trainer - INFO - Training metrics saved to ./optuna_results/trial_9/metrics/training_metrics.csv
2025-04-25 16:34:41,099 - spatial_moe_trainer - INFO - Validation metrics saved to ./optuna_results/trial_9/metrics/validation_metrics.csv
2025-04-25 16:34:41,137 - spatial_moe_trainer - INFO - Multi-Ethnic Spatial MoE model saved to ./optuna_results/trial_9/model.pt
2025-04-25 16:34:41,169 - __mp_main__ - INFO - Running trial 10 on device cuda:0
2025-04-25 16:34:41,183 - __main__ - INFO - Trial 9 completed with value: 944.448805
2025-04-25 16:34:41,362 - __mp_main__ - INFO - Using adjusted dimensions - hidden_dims: [40, 30, 15], coord_embed_dim: 35
2025-04-25 16:34:41,406 - spatial_moe_trainer - INFO - Multi-Ethnic Spatial MoE model initialized on cuda:0
2025-04-25 16:34:41,406 - spatial_moe_trainer - INFO - Model will predict 5 ethnicities: ['China', 'India', 'Philippines', 'Portugal', 'Sri Lanka']
2025-04-25 16:34:41,427 - __mp_main__ - INFO - Testing model forward pass before training...
2025-04-25 16:34:41,585 - __mp_main__ - INFO - Test forward pass successful. Output shape: torch.Size([64, 5])
2025-04-25 16:34:41,585 - spatial_moe_trainer - INFO - Starting multi-ethnic spatial MoE model training with learnable expert router...
2025-04-25 16:34:41,585 - spatial_moe_trainer - INFO - Using colonization_weight=9.522656887511342, jump_weight=2.2703898624335253, decline_weight=8.212185656078328, pde_weight=7.943328122319691
2025-04-25 16:35:03,875 - spatial_moe_trainer - INFO - Epoch 1/100 - Train Loss: 1488.9684 (Col: 817.7926, Jump: 809.8671, Decline: 69.3229, PDE: 4076.7706, Reg: 14931.0690), Eth Losses: China: 1956.1645, India: 1705.4059, Philippines: 2384.2239... (more ethnicities), Val Loss: 1623.5731, Val MAE: 16.2586, Val R2: 0.5034
2025-04-25 16:35:26,183 - spatial_moe_trainer - INFO - Epoch 2/100 - Train Loss: 1008.6388 (Col: 532.5597, Jump: 714.3494, Decline: 59.2511, PDE: 2764.2254, Reg: 11144.3615), Eth Losses: China: 1157.6553, India: 1273.1518, Philippines: 1468.9335... (more ethnicities), Val Loss: 1238.7604, Val MAE: 15.8590, Val R2: 0.6211
2025-04-25 16:35:48,702 - spatial_moe_trainer - INFO - Epoch 3/100 - Train Loss: 829.8910 (Col: 358.6121, Jump: 509.2746, Decline: 57.1074, PDE: 2461.5062, Reg: 6594.4578), Eth Losses: China: 951.2623, India: 921.0627, Philippines: 1303.8364... (more ethnicities), Val Loss: 1105.4986, Val MAE: 15.2579, Val R2: 0.6619
2025-04-25 16:36:11,128 - spatial_moe_trainer - INFO - Epoch 4/100 - Train Loss: 737.3580 (Col: 292.6664, Jump: 435.0227, Decline: 56.6374, PDE: 2241.5524, Reg: 7182.3252), Eth Losses: China: 920.9023, India: 744.0350, Philippines: 1169.1025... (more ethnicities), Val Loss: 1050.8346, Val MAE: 15.6730, Val R2: 0.6786
2025-04-25 16:36:33,471 - spatial_moe_trainer - INFO - Epoch 5/100 - Train Loss: 677.0302 (Col: 263.4961, Jump: 410.1369, Decline: 54.9631, PDE: 2068.6010, Reg: 8469.4847), Eth Losses: China: 805.0742, India: 715.5782, Philippines: 1032.3683... (more ethnicities), Val Loss: 982.3509, Val MAE: 15.1846, Val R2: 0.6995
2025-04-25 16:36:55,983 - spatial_moe_trainer - INFO - Epoch 6/100 - Train Loss: 640.8806 (Col: 240.5185, Jump: 378.7599, Decline: 53.2070, PDE: 1962.0068, Reg: 9023.5250), Eth Losses: China: 733.4110, India: 696.2673, Philippines: 1005.8811... (more ethnicities), Val Loss: 960.0360, Val MAE: 14.7256, Val R2: 0.7063
2025-04-25 16:37:18,369 - spatial_moe_trainer - INFO - Epoch 7/100 - Train Loss: 617.6951 (Col: 229.4190, Jump: 313.6509, Decline: 53.1922, PDE: 1889.8315, Reg: 7429.3185), Eth Losses: China: 727.6888, India: 698.5202, Philippines: 863.2797... (more ethnicities), Val Loss: 953.3194, Val MAE: 14.3960, Val R2: 0.7084
2025-04-25 16:37:40,915 - spatial_moe_trainer - INFO - Epoch 8/100 - Train Loss: 626.5678 (Col: 253.3833, Jump: 289.5089, Decline: 52.5337, PDE: 1859.4631, Reg: 9686.6644), Eth Losses: China: 795.7030, India: 691.3197, Philippines: 883.7284... (more ethnicities), Val Loss: 947.3555, Val MAE: 14.2296, Val R2: 0.7102
2025-04-25 16:38:03,222 - spatial_moe_trainer - INFO - Epoch 9/100 - Train Loss: 569.7685 (Col: 203.5289, Jump: 258.4830, Decline: 50.7013, PDE: 1743.9974, Reg: 8325.5166), Eth Losses: China: 657.3864, India: 618.0660, Philippines: 794.6961... (more ethnicities), Val Loss: 932.9213, Val MAE: 14.6628, Val R2: 0.7146
2025-04-25 16:38:25,683 - spatial_moe_trainer - INFO - Epoch 10/100 - Train Loss: 573.7420 (Col: 186.1818, Jump: 271.6038, Decline: 51.0130, PDE: 1667.0143, Reg: 26177.9859), Eth Losses: China: 636.1703, India: 731.3649, Philippines: 785.9852... (more ethnicities), Val Loss: 908.6211, Val MAE: 13.9735, Val R2: 0.7221
2025-04-25 16:38:48,012 - spatial_moe_trainer - INFO - Epoch 11/100 - Train Loss: 562.7308 (Col: 215.2166, Jump: 284.0758, Decline: 51.3013, PDE: 1615.9487, Reg: 13043.9707), Eth Losses: China: 769.8497, India: 588.0633, Philippines: 775.0247... (more ethnicities), Val Loss: 893.8620, Val MAE: 14.2328, Val R2: 0.7266
2025-04-25 16:39:10,665 - spatial_moe_trainer - INFO - Epoch 12/100 - Train Loss: 534.3051 (Col: 192.1030, Jump: 262.6468, Decline: 49.7969, PDE: 1610.0555, Reg: 9340.2258), Eth Losses: China: 632.6999, India: 536.6480, Philippines: 823.5761... (more ethnicities), Val Loss: 877.6639, Val MAE: 13.7607, Val R2: 0.7315
2025-04-25 16:39:33,061 - spatial_moe_trainer - INFO - Epoch 13/100 - Train Loss: 538.6374 (Col: 190.7281, Jump: 268.7831, Decline: 48.9695, PDE: 1641.6021, Reg: 10152.1123), Eth Losses: China: 629.2581, India: 549.1059, Philippines: 820.1636... (more ethnicities), Val Loss: 872.0268, Val MAE: 13.9385, Val R2: 0.7333
2025-04-25 16:39:55,703 - spatial_moe_trainer - INFO - Epoch 14/100 - Train Loss: 505.7084 (Col: 178.4831, Jump: 268.8310, Decline: 50.6449, PDE: 1567.1227, Reg: 6333.6008), Eth Losses: China: 568.3323, India: 525.9393, Philippines: 758.4196... (more ethnicities), Val Loss: 844.7614, Val MAE: 14.0502, Val R2: 0.7416
2025-04-25 16:40:18,114 - spatial_moe_trainer - INFO - Epoch 15/100 - Train Loss: 488.1116 (Col: 170.8318, Jump: 249.1328, Decline: 49.7000, PDE: 1495.2520, Reg: 7523.3860), Eth Losses: China: 573.1955, India: 549.3410, Philippines: 689.0456... (more ethnicities), Val Loss: 838.5801, Val MAE: 13.9887, Val R2: 0.7435
2025-04-25 16:40:40,557 - spatial_moe_trainer - INFO - Epoch 16/100 - Train Loss: 492.2138 (Col: 175.1924, Jump: 249.6516, Decline: 51.0250, PDE: 1508.6416, Reg: 7541.1277), Eth Losses: China: 539.5585, India: 538.1736, Philippines: 727.9454... (more ethnicities), Val Loss: 806.2570, Val MAE: 13.5632, Val R2: 0.7534
2025-04-25 16:41:03,028 - spatial_moe_trainer - INFO - Epoch 17/100 - Train Loss: 476.5956 (Col: 173.4359, Jump: 229.7965, Decline: 50.7419, PDE: 1444.5628, Reg: 7137.1053), Eth Losses: China: 618.0489, India: 500.3158, Philippines: 669.4466... (more ethnicities), Val Loss: 828.2888, Val MAE: 14.1565, Val R2: 0.7466
2025-04-25 16:41:25,374 - spatial_moe_trainer - INFO - Epoch 18/100 - Train Loss: 489.9234 (Col: 167.5343, Jump: 224.5990, Decline: 51.3558, PDE: 1464.5414, Reg: 9469.1449), Eth Losses: China: 611.0838, India: 586.5479, Philippines: 645.0750... (more ethnicities), Val Loss: 814.9625, Val MAE: 13.4239, Val R2: 0.7507
2025-04-25 16:41:47,855 - spatial_moe_trainer - INFO - Epoch 19/100 - Train Loss: 445.1419 (Col: 136.9865, Jump: 264.9092, Decline: 52.1048, PDE: 1369.5797, Reg: 8050.1532), Eth Losses: China: 534.0282, India: 472.8894, Philippines: 627.8962... (more ethnicities), Val Loss: 813.9899, Val MAE: 13.6205, Val R2: 0.7510
2025-04-25 16:42:10,347 - spatial_moe_trainer - INFO - Epoch 20/100 - Train Loss: 448.0781 (Col: 142.0794, Jump: 218.1902, Decline: 54.8651, PDE: 1351.3812, Reg: 9601.5537), Eth Losses: China: 559.0465, India: 491.6440, Philippines: 618.0812... (more ethnicities), Val Loss: 811.9827, Val MAE: 13.2999, Val R2: 0.7516
2025-04-25 16:42:32,767 - spatial_moe_trainer - INFO - Epoch 21/100 - Train Loss: 464.2575 (Col: 168.8965, Jump: 223.1688, Decline: 55.2354, PDE: 1359.8829, Reg: 8424.5577), Eth Losses: China: 596.0246, India: 493.2449, Philippines: 672.9541... (more ethnicities), Val Loss: 814.3356, Val MAE: 13.5822, Val R2: 0.7509
2025-04-25 16:42:55,230 - spatial_moe_trainer - INFO - Epoch 22/100 - Train Loss: 469.8564 (Col: 162.9564, Jump: 225.5003, Decline: 54.4322, PDE: 1307.9559, Reg: 11169.3396), Eth Losses: China: 546.0587, India: 609.3404, Philippines: 612.0194... (more ethnicities), Val Loss: 812.0968, Val MAE: 13.4590, Val R2: 0.7516
2025-04-25 16:43:17,691 - spatial_moe_trainer - INFO - Epoch 23/100 - Train Loss: 430.1614 (Col: 129.0961, Jump: 213.8457, Decline: 57.5748, PDE: 1311.4255, Reg: 7640.5723), Eth Losses: China: 536.6082, India: 472.4555, Philippines: 567.8835... (more ethnicities), Val Loss: 794.3110, Val MAE: 13.5553, Val R2: 0.7570
2025-04-25 16:43:40,020 - spatial_moe_trainer - INFO - Epoch 24/100 - Train Loss: 429.0357 (Col: 131.4179, Jump: 210.0480, Decline: 55.2974, PDE: 1312.5314, Reg: 7531.7472), Eth Losses: China: 545.1745, India: 439.7604, Philippines: 565.0855... (more ethnicities), Val Loss: 788.5662, Val MAE: 13.3794, Val R2: 0.7588
2025-04-25 16:44:02,431 - spatial_moe_trainer - INFO - Epoch 25/100 - Train Loss: 404.0544 (Col: 118.5254, Jump: 195.6515, Decline: 55.1512, PDE: 1280.9356, Reg: 6582.2693), Eth Losses: China: 500.2805, India: 405.4824, Philippines: 566.2442... (more ethnicities), Val Loss: 781.6701, Val MAE: 13.2840, Val R2: 0.7609
2025-04-25 16:44:24,927 - spatial_moe_trainer - INFO - Epoch 26/100 - Train Loss: 419.5522 (Col: 118.3675, Jump: 201.9178, Decline: 57.1266, PDE: 1275.9134, Reg: 9898.3863), Eth Losses: China: 510.0150, India: 442.1347, Philippines: 602.5314... (more ethnicities), Val Loss: 775.6390, Val MAE: 13.1764, Val R2: 0.7627
2025-04-25 16:44:47,385 - spatial_moe_trainer - INFO - Epoch 27/100 - Train Loss: 404.5656 (Col: 131.3311, Jump: 189.1401, Decline: 57.7530, PDE: 1231.4018, Reg: 8389.4011), Eth Losses: China: 549.5109, India: 433.6546, Philippines: 521.7300... (more ethnicities), Val Loss: 776.9281, Val MAE: 13.2565, Val R2: 0.7624
2025-04-25 16:45:10,011 - spatial_moe_trainer - INFO - Epoch 28/100 - Train Loss: 408.8236 (Col: 119.9157, Jump: 200.1923, Decline: 56.7631, PDE: 1272.6721, Reg: 7868.7745), Eth Losses: China: 512.5058, India: 437.9388, Philippines: 590.1554... (more ethnicities), Val Loss: 760.5469, Val MAE: 13.0784, Val R2: 0.7674
2025-04-25 16:45:32,595 - spatial_moe_trainer - INFO - Epoch 29/100 - Train Loss: 395.8529 (Col: 130.4197, Jump: 192.3647, Decline: 56.1307, PDE: 1199.6196, Reg: 7680.6741), Eth Losses: China: 503.3612, India: 380.6912, Philippines: 546.0783... (more ethnicities), Val Loss: 756.4535, Val MAE: 12.9714, Val R2: 0.7686
2025-04-25 16:45:54,825 - spatial_moe_trainer - INFO - Epoch 30/100 - Train Loss: 384.7894 (Col: 106.2604, Jump: 173.5568, Decline: 58.4615, PDE: 1228.3385, Reg: 5498.2719), Eth Losses: China: 466.6062, India: 427.2401, Philippines: 535.5359... (more ethnicities), Val Loss: 749.3996, Val MAE: 13.1389, Val R2: 0.7708
2025-04-25 16:46:17,118 - spatial_moe_trainer - INFO - Epoch 31/100 - Train Loss: 385.2307 (Col: 116.9512, Jump: 204.4485, Decline: 57.0578, PDE: 1182.3506, Reg: 7253.9150), Eth Losses: China: 513.6053, India: 416.6000, Philippines: 510.5871... (more ethnicities), Val Loss: 744.1834, Val MAE: 13.0117, Val R2: 0.7724
2025-04-25 16:46:39,415 - spatial_moe_trainer - INFO - Epoch 32/100 - Train Loss: 392.2852 (Col: 111.0150, Jump: 207.6881, Decline: 59.7365, PDE: 1178.9191, Reg: 11296.2020), Eth Losses: China: 515.7249, India: 416.2451, Philippines: 522.2031... (more ethnicities), Val Loss: 752.3823, Val MAE: 13.0023, Val R2: 0.7699
2025-04-25 16:47:01,930 - spatial_moe_trainer - INFO - Epoch 33/100 - Train Loss: 379.4155 (Col: 94.2346, Jump: 208.0719, Decline: 61.8196, PDE: 1193.7445, Reg: 7542.1750), Eth Losses: China: 480.4641, India: 442.6613, Philippines: 516.7517... (more ethnicities), Val Loss: 754.8739, Val MAE: 12.9726, Val R2: 0.7691
2025-04-25 16:47:24,269 - spatial_moe_trainer - INFO - Epoch 34/100 - Train Loss: 388.6035 (Col: 116.5630, Jump: 191.7329, Decline: 60.8219, PDE: 1170.6880, Reg: 9538.2511), Eth Losses: China: 530.0113, India: 385.7406, Philippines: 519.8896... (more ethnicities), Val Loss: 761.7052, Val MAE: 12.8847, Val R2: 0.7670
2025-04-25 16:47:46,879 - spatial_moe_trainer - INFO - Epoch 35/100 - Train Loss: 394.7223 (Col: 121.3664, Jump: 177.3930, Decline: 59.6553, PDE: 1201.4274, Reg: 9341.9251), Eth Losses: China: 528.1617, India: 450.1902, Philippines: 509.1649... (more ethnicities), Val Loss: 756.3760, Val MAE: 12.9070, Val R2: 0.7686
2025-04-25 16:48:09,412 - spatial_moe_trainer - INFO - Epoch 36/100 - Train Loss: 364.8950 (Col: 90.1331, Jump: 202.5858, Decline: 61.7095, PDE: 1128.5277, Reg: 7329.4683), Eth Losses: China: 486.6871, India: 408.6375, Philippines: 454.5108... (more ethnicities), Val Loss: 737.3419, Val MAE: 12.9295, Val R2: 0.7745
2025-04-25 16:48:31,831 - spatial_moe_trainer - INFO - Epoch 37/100 - Train Loss: 369.6607 (Col: 104.2354, Jump: 172.3663, Decline: 60.4171, PDE: 1171.3394, Reg: 4776.2027), Eth Losses: China: 482.7319, India: 399.4531, Philippines: 494.1487... (more ethnicities), Val Loss: 743.5346, Val MAE: 12.8675, Val R2: 0.7726
2025-04-25 16:48:54,143 - spatial_moe_trainer - INFO - Epoch 38/100 - Train Loss: 376.4964 (Col: 97.7089, Jump: 144.3884, Decline: 63.3207, PDE: 1155.4242, Reg: 7605.2653), Eth Losses: China: 519.6853, India: 431.4955, Philippines: 472.8680... (more ethnicities), Val Loss: 749.5636, Val MAE: 12.9476, Val R2: 0.7707
2025-04-25 16:49:16,574 - spatial_moe_trainer - INFO - Epoch 39/100 - Train Loss: 371.9533 (Col: 101.0628, Jump: 206.1872, Decline: 64.3779, PDE: 1150.3692, Reg: 6773.2146), Eth Losses: China: 508.2600, India: 369.2791, Philippines: 479.9854... (more ethnicities), Val Loss: 755.1059, Val MAE: 12.9129, Val R2: 0.7690
2025-04-25 16:49:38,954 - spatial_moe_trainer - INFO - Epoch 40/100 - Train Loss: 376.1056 (Col: 96.0724, Jump: 175.3892, Decline: 64.2807, PDE: 1177.4578, Reg: 7452.3496), Eth Losses: China: 527.3594, India: 384.3765, Philippines: 486.1878... (more ethnicities), Val Loss: 737.6167, Val MAE: 12.9415, Val R2: 0.7744
2025-04-25 16:50:01,384 - spatial_moe_trainer - INFO - Epoch 41/100 - Train Loss: 375.9657 (Col: 117.5255, Jump: 178.9433, Decline: 62.1192, PDE: 1174.8320, Reg: 6398.5176), Eth Losses: China: 495.4198, India: 395.2142, Philippines: 501.4725... (more ethnicities), Val Loss: 735.5448, Val MAE: 12.9908, Val R2: 0.7750
2025-04-25 16:50:23,925 - spatial_moe_trainer - INFO - Epoch 42/100 - Train Loss: 363.9325 (Col: 111.9200, Jump: 182.7817, Decline: 62.6798, PDE: 1103.7002, Reg: 6859.4732), Eth Losses: China: 498.2771, India: 388.7055, Philippines: 462.0208... (more ethnicities), Val Loss: 740.3051, Val MAE: 12.8862, Val R2: 0.7736
2025-04-25 16:50:46,448 - spatial_moe_trainer - INFO - Epoch 43/100 - Train Loss: 375.5458 (Col: 115.6658, Jump: 189.6724, Decline: 65.1254, PDE: 1122.7740, Reg: 7953.6461), Eth Losses: China: 518.8236, India: 381.6882, Philippines: 481.4201... (more ethnicities), Val Loss: 721.4618, Val MAE: 12.6826, Val R2: 0.7793
2025-04-25 16:51:09,202 - spatial_moe_trainer - INFO - Epoch 44/100 - Train Loss: 358.4372 (Col: 104.2196, Jump: 168.7010, Decline: 63.8017, PDE: 1086.0893, Reg: 6854.2253), Eth Losses: China: 492.4707, India: 387.5607, Philippines: 453.1820... (more ethnicities), Val Loss: 723.5704, Val MAE: 12.7488, Val R2: 0.7787
2025-04-25 16:51:31,621 - spatial_moe_trainer - INFO - Epoch 45/100 - Train Loss: 368.8381 (Col: 115.7649, Jump: 183.9849, Decline: 63.9434, PDE: 1115.9335, Reg: 6491.1287), Eth Losses: China: 486.1623, India: 416.9733, Philippines: 463.5221... (more ethnicities), Val Loss: 730.0877, Val MAE: 12.8606, Val R2: 0.7767
2025-04-25 16:51:54,017 - spatial_moe_trainer - INFO - Epoch 46/100 - Train Loss: 350.8547 (Col: 87.7150, Jump: 176.8708, Decline: 67.3652, PDE: 1083.7069, Reg: 6153.8525), Eth Losses: China: 523.5566, India: 341.7571, Philippines: 424.8799... (more ethnicities), Val Loss: 732.1445, Val MAE: 12.7718, Val R2: 0.7761
2025-04-25 16:52:16,581 - spatial_moe_trainer - INFO - Epoch 47/100 - Train Loss: 375.3255 (Col: 107.4944, Jump: 157.3925, Decline: 70.9386, PDE: 1084.0161, Reg: 10775.1585), Eth Losses: China: 583.0505, India: 412.6050, Philippines: 440.8490... (more ethnicities), Val Loss: 739.1981, Val MAE: 12.8322, Val R2: 0.7739
2025-04-25 16:52:39,124 - spatial_moe_trainer - INFO - Epoch 48/100 - Train Loss: 353.8802 (Col: 97.7107, Jump: 194.2451, Decline: 68.1134, PDE: 1099.2190, Reg: 6214.3349), Eth Losses: China: 466.6900, India: 344.6471, Philippines: 450.4294... (more ethnicities), Val Loss: 722.7514, Val MAE: 12.7905, Val R2: 0.7789
2025-04-25 16:53:01,436 - spatial_moe_trainer - INFO - Epoch 49/100 - Train Loss: 353.4236 (Col: 122.4348, Jump: 142.8592, Decline: 67.8875, PDE: 1070.0598, Reg: 5519.8762), Eth Losses: China: 468.2652, India: 428.1382, Philippines: 439.7847... (more ethnicities), Val Loss: 717.8342, Val MAE: 12.7282, Val R2: 0.7804
2025-04-25 16:53:23,808 - spatial_moe_trainer - INFO - Epoch 50/100 - Train Loss: 356.1308 (Col: 90.2917, Jump: 172.3046, Decline: 67.8706, PDE: 1080.6635, Reg: 10580.3415), Eth Losses: China: 518.5893, India: 333.3710, Philippines: 445.4561... (more ethnicities), Val Loss: 738.9857, Val MAE: 12.7836, Val R2: 0.7740
2025-04-25 16:53:46,421 - spatial_moe_trainer - INFO - Epoch 51/100 - Train Loss: 352.0961 (Col: 92.0734, Jump: 153.6032, Decline: 67.8264, PDE: 1064.8041, Reg: 8108.3043), Eth Losses: China: 513.6215, India: 390.8479, Philippines: 437.5476... (more ethnicities), Val Loss: 739.9811, Val MAE: 12.7906, Val R2: 0.7737
2025-04-25 16:54:08,829 - spatial_moe_trainer - INFO - Epoch 52/100 - Train Loss: 350.2757 (Col: 113.0038, Jump: 157.1844, Decline: 71.3631, PDE: 1041.5702, Reg: 6213.6369), Eth Losses: China: 444.3042, India: 347.6730, Philippines: 468.1978... (more ethnicities), Val Loss: 720.9835, Val MAE: 12.6896, Val R2: 0.7795
2025-04-25 16:54:31,346 - spatial_moe_trainer - INFO - Epoch 53/100 - Train Loss: 354.3503 (Col: 109.3676, Jump: 159.6364, Decline: 68.2300, PDE: 1066.0589, Reg: 8366.7337), Eth Losses: China: 473.3790, India: 371.9192, Philippines: 455.2855... (more ethnicities), Val Loss: 720.3912, Val MAE: 12.8195, Val R2: 0.7796
2025-04-25 16:54:53,827 - spatial_moe_trainer - INFO - Epoch 54/100 - Train Loss: 355.0878 (Col: 111.9970, Jump: 175.9555, Decline: 70.3344, PDE: 1044.3496, Reg: 7983.6121), Eth Losses: China: 485.0684, India: 366.5854, Philippines: 425.2210... (more ethnicities), Val Loss: 724.3045, Val MAE: 12.7569, Val R2: 0.7785
2025-04-25 16:55:16,325 - spatial_moe_trainer - INFO - Trial pruned at epoch 55
2025-04-25 16:55:16,334 - spatial_moe_trainer - INFO - Saving metrics to ./optuna_results/trial_10/metrics
2025-04-25 16:55:16,337 - spatial_moe_trainer - INFO - Training metrics saved to ./optuna_results/trial_10/metrics/training_metrics.csv
2025-04-25 16:55:16,340 - spatial_moe_trainer - INFO - Validation metrics saved to ./optuna_results/trial_10/metrics/validation_metrics.csv
2025-04-25 16:55:16,379 - spatial_moe_trainer - INFO - Multi-Ethnic Spatial MoE model saved to ./optuna_results/trial_10/model.pt
2025-04-25 16:55:16,413 - __mp_main__ - INFO - Running trial 11 on device cuda:0
2025-04-25 16:55:16,424 - __main__ - INFO - Trial 10 completed with value: 717.834191
2025-04-25 16:55:16,601 - __mp_main__ - INFO - Using adjusted dimensions - hidden_dims: [110, 80, 40], coord_embed_dim: 25
2025-04-25 16:55:16,648 - spatial_moe_trainer - INFO - Multi-Ethnic Spatial MoE model initialized on cuda:0
2025-04-25 16:55:16,648 - spatial_moe_trainer - INFO - Model will predict 5 ethnicities: ['China', 'India', 'Philippines', 'Portugal', 'Sri Lanka']
2025-04-25 16:55:16,668 - __mp_main__ - INFO - Testing model forward pass before training...
2025-04-25 16:55:16,827 - __mp_main__ - INFO - Test forward pass successful. Output shape: torch.Size([64, 5])
2025-04-25 16:55:16,827 - spatial_moe_trainer - INFO - Starting multi-ethnic spatial MoE model training with learnable expert router...
2025-04-25 16:55:16,827 - spatial_moe_trainer - INFO - Using colonization_weight=2.9492362457018393, jump_weight=7.259174438107952, decline_weight=5.2544260599215376, pde_weight=1.1807419121509417
2025-04-25 16:55:39,208 - spatial_moe_trainer - INFO - Epoch 1/100 - Train Loss: 2204.5021 (Col: 1315.0960, Jump: 1652.2093, Decline: 164.0661, PDE: 6819.3528, Reg: 107059.5312), Eth Losses: China: 2835.1143, India: 2718.9483, Philippines: 3605.8831... (more ethnicities), Val Loss: 2370.5946, Val MAE: 28.5601, Val R2: 0.2749
2025-04-25 16:56:01,637 - spatial_moe_trainer - INFO - Epoch 2/100 - Train Loss: 2103.9948 (Col: 1193.6313, Jump: 1619.3521, Decline: 157.3937, PDE: 6726.4049, Reg: 77116.6875), Eth Losses: China: 2721.0875, India: 2588.8633, Philippines: 3569.8073... (more ethnicities), Val Loss: 2219.8905, Val MAE: 26.9674, Val R2: 0.3210
2025-04-25 16:56:24,190 - spatial_moe_trainer - INFO - Epoch 3/100 - Train Loss: 2013.1505 (Col: 1095.6096, Jump: 1533.1091, Decline: 158.4659, PDE: 6590.8220, Reg: 76592.0534), Eth Losses: China: 2565.4401, India: 2555.0919, Philippines: 3455.7955... (more ethnicities), Val Loss: 2090.8722, Val MAE: 25.3423, Val R2: 0.3604
2025-04-25 16:56:46,559 - spatial_moe_trainer - INFO - Epoch 4/100 - Train Loss: 1931.4667 (Col: 998.6970, Jump: 1498.9040, Decline: 151.1315, PDE: 6512.6759, Reg: 44944.0176), Eth Losses: China: 2375.1391, India: 2490.3641, Philippines: 3396.9282... (more ethnicities), Val Loss: 1984.6228, Val MAE: 23.6643, Val R2: 0.3929
2025-04-25 16:57:09,122 - spatial_moe_trainer - INFO - Epoch 5/100 - Train Loss: 1839.7226 (Col: 862.8814, Jump: 1539.5799, Decline: 147.2088, PDE: 6278.3624, Reg: 53899.5120), Eth Losses: China: 2224.5763, India: 2426.9121, Philippines: 3277.5804... (more ethnicities), Val Loss: 1870.1706, Val MAE: 21.8118, Val R2: 0.4280
2025-04-25 16:57:31,686 - spatial_moe_trainer - INFO - Epoch 6/100 - Train Loss: 1777.2292 (Col: 781.7215, Jump: 1489.3616, Decline: 144.5623, PDE: 6266.3432, Reg: 76651.1196), Eth Losses: China: 2102.0252, India: 2347.3007, Philippines: 3226.7128... (more ethnicities), Val Loss: 1797.2210, Val MAE: 20.1480, Val R2: 0.4503
2025-04-25 16:57:54,214 - spatial_moe_trainer - INFO - Epoch 7/100 - Train Loss: 1693.0021 (Col: 735.6450, Jump: 1444.3146, Decline: 140.5215, PDE: 6124.9261, Reg: 38118.0378), Eth Losses: China: 1929.8403, India: 2301.2264, Philippines: 3101.2024... (more ethnicities), Val Loss: 1754.1269, Val MAE: 18.9776, Val R2: 0.4634
2025-04-25 16:58:16,800 - spatial_moe_trainer - INFO - Epoch 8/100 - Train Loss: 1645.0595 (Col: 674.8833, Jump: 1479.2440, Decline: 140.7099, PDE: 5811.5067, Reg: 54535.2863), Eth Losses: China: 1920.9337, India: 2240.8535, Philippines: 2986.7973... (more ethnicities), Val Loss: 1715.6689, Val MAE: 18.4109, Val R2: 0.4752
2025-04-25 16:58:39,188 - spatial_moe_trainer - INFO - Epoch 9/100 - Train Loss: 1564.3509 (Col: 663.2551, Jump: 1357.7689, Decline: 136.4274, PDE: 5614.1553, Reg: 3841.2168), Eth Losses: China: 1694.3054, India: 2164.8030, Philippines: 2835.2779... (more ethnicities), Val Loss: 1690.1104, Val MAE: 18.1046, Val R2: 0.4830
2025-04-25 16:59:01,835 - spatial_moe_trainer - INFO - Epoch 10/100 - Train Loss: 1516.8128 (Col: 610.9973, Jump: 1197.7719, Decline: 138.1730, PDE: 5468.2518, Reg: 29661.7787), Eth Losses: China: 1707.2215, India: 2126.6269, Philippines: 2663.1500... (more ethnicities), Val Loss: 1657.8771, Val MAE: 17.9257, Val R2: 0.4929
2025-04-25 16:59:24,283 - spatial_moe_trainer - INFO - Trial pruned at epoch 11
2025-04-25 16:59:24,297 - spatial_moe_trainer - INFO - Saving metrics to ./optuna_results/trial_11/metrics
2025-04-25 16:59:24,299 - spatial_moe_trainer - INFO - Training metrics saved to ./optuna_results/trial_11/metrics/training_metrics.csv
2025-04-25 16:59:24,301 - spatial_moe_trainer - INFO - Validation metrics saved to ./optuna_results/trial_11/metrics/validation_metrics.csv
2025-04-25 16:59:24,339 - spatial_moe_trainer - INFO - Multi-Ethnic Spatial MoE model saved to ./optuna_results/trial_11/model.pt
2025-04-25 16:59:24,372 - __mp_main__ - INFO - Running trial 12 on device cuda:0
2025-04-25 16:59:24,384 - __main__ - INFO - Trial 11 completed with value: 1635.082192
2025-04-25 16:59:24,569 - __mp_main__ - INFO - Using adjusted dimensions - hidden_dims: [50, 18, 8], coord_embed_dim: 10
2025-04-25 16:59:24,614 - spatial_moe_trainer - INFO - Multi-Ethnic Spatial MoE model initialized on cuda:0
2025-04-25 16:59:24,614 - spatial_moe_trainer - INFO - Model will predict 5 ethnicities: ['China', 'India', 'Philippines', 'Portugal', 'Sri Lanka']
2025-04-25 16:59:24,634 - __mp_main__ - INFO - Testing model forward pass before training...
2025-04-25 16:59:24,793 - __mp_main__ - INFO - Test forward pass successful. Output shape: torch.Size([64, 5])
2025-04-25 16:59:24,794 - spatial_moe_trainer - INFO - Starting multi-ethnic spatial MoE model training with learnable expert router...
2025-04-25 16:59:24,794 - spatial_moe_trainer - INFO - Using colonization_weight=4.013156586009125, jump_weight=7.259174438107952, decline_weight=5.083062055825858, pde_weight=6.15961879886106
2025-04-25 16:59:47,118 - spatial_moe_trainer - INFO - Epoch 1/100 - Train Loss: 1543.8582 (Col: 891.6634, Jump: 907.0551, Decline: 145.8966, PDE: 4975.5942, Reg: 25461.1734), Eth Losses: China: 2001.6236, India: 1991.1071, Philippines: 2285.5418... (more ethnicities), Val Loss: 1553.6964, Val MAE: 17.6217, Val R2: 0.5248
2025-04-25 17:00:09,612 - spatial_moe_trainer - INFO - Epoch 2/100 - Train Loss: 1073.6077 (Col: 534.3946, Jump: 616.0446, Decline: 127.0659, PDE: 3607.4173, Reg: 11630.4728), Eth Losses: China: 1288.4258, India: 1595.9877, Philippines: 1323.2266... (more ethnicities), Val Loss: 1297.5740, Val MAE: 16.1737, Val R2: 0.6031
2025-04-25 17:00:31,986 - spatial_moe_trainer - INFO - Epoch 3/100 - Train Loss: 903.9063 (Col: 418.5775, Jump: 507.5210, Decline: 117.7778, PDE: 3094.3871, Reg: 13130.0770), Eth Losses: China: 1058.9303, India: 1222.7070, Philippines: 1197.6202... (more ethnicities), Val Loss: 1206.3909, Val MAE: 16.1773, Val R2: 0.6310
2025-04-25 17:00:54,467 - spatial_moe_trainer - INFO - Epoch 4/100 - Train Loss: 800.4972 (Col: 315.9123, Jump: 547.3296, Decline: 108.4440, PDE: 2891.6327, Reg: 13005.1697), Eth Losses: China: 944.9056, India: 1006.4811, Philippines: 1086.5368... (more ethnicities), Val Loss: 1155.9934, Val MAE: 16.0270, Val R2: 0.6464
2025-04-25 17:01:17,005 - spatial_moe_trainer - INFO - Epoch 5/100 - Train Loss: 730.9453 (Col: 287.5585, Jump: 399.9763, Decline: 106.5097, PDE: 2621.8223, Reg: 12987.3501), Eth Losses: China: 885.7203, India: 828.6114, Philippines: 1034.8931... (more ethnicities), Val Loss: 1005.0177, Val MAE: 15.3203, Val R2: 0.6926
2025-04-25 17:01:39,468 - spatial_moe_trainer - INFO - Epoch 6/100 - Train Loss: 688.5513 (Col: 261.8046, Jump: 372.0124, Decline: 102.9535, PDE: 2484.5433, Reg: 14892.8013), Eth Losses: China: 863.6564, India: 764.8124, Philippines: 960.6125... (more ethnicities), Val Loss: 951.5282, Val MAE: 14.9889, Val R2: 0.7089
2025-04-25 17:02:01,943 - spatial_moe_trainer - INFO - Epoch 7/100 - Train Loss: 658.4532 (Col: 222.1439, Jump: 324.1940, Decline: 98.3349, PDE: 2401.8719, Reg: 14058.5765), Eth Losses: China: 847.4653, India: 727.0861, Philippines: 904.1510... (more ethnicities), Val Loss: 923.8996, Val MAE: 15.2075, Val R2: 0.7174
2025-04-25 17:02:24,415 - spatial_moe_trainer - INFO - Epoch 8/100 - Train Loss: 646.0226 (Col: 267.5481, Jump: 317.9028, Decline: 100.1859, PDE: 2255.4151, Reg: 13192.6014), Eth Losses: China: 797.7044, India: 751.9220, Philippines: 885.5513... (more ethnicities), Val Loss: 883.7142, Val MAE: 15.1274, Val R2: 0.7297
2025-04-25 17:02:46,909 - spatial_moe_trainer - INFO - Epoch 9/100 - Train Loss: 619.7276 (Col: 225.6129, Jump: 315.4586, Decline: 99.1419, PDE: 2190.6033, Reg: 16594.5505), Eth Losses: China: 805.1140, India: 670.6728, Philippines: 841.5322... (more ethnicities), Val Loss: 881.2464, Val MAE: 14.6398, Val R2: 0.7304
2025-04-25 17:03:09,386 - spatial_moe_trainer - INFO - Epoch 10/100 - Train Loss: 624.0393 (Col: 222.5085, Jump: 413.7763, Decline: 93.8815, PDE: 2274.1166, Reg: 14936.3711), Eth Losses: China: 721.0197, India: 759.6983, Philippines: 859.2446... (more ethnicities), Val Loss: 893.8838, Val MAE: 14.8833, Val R2: 0.7266
2025-04-25 17:03:31,911 - spatial_moe_trainer - INFO - Epoch 11/100 - Train Loss: 588.4817 (Col: 231.2821, Jump: 265.7153, Decline: 93.1960, PDE: 2055.3645, Reg: 13216.0549), Eth Losses: China: 738.2984, India: 650.2667, Philippines: 814.3166... (more ethnicities), Val Loss: 876.4583, Val MAE: 14.6393, Val R2: 0.7319
2025-04-25 17:03:54,580 - spatial_moe_trainer - INFO - Epoch 12/100 - Train Loss: 579.4599 (Col: 206.9045, Jump: 273.5131, Decline: 91.1826, PDE: 2096.9672, Reg: 11730.3705), Eth Losses: China: 680.7369, India: 618.8346, Philippines: 851.9907... (more ethnicities), Val Loss: 823.6759, Val MAE: 14.0526, Val R2: 0.7481
2025-04-25 17:04:17,065 - spatial_moe_trainer - INFO - Epoch 13/100 - Train Loss: 556.3883 (Col: 195.5809, Jump: 273.8121, Decline: 94.5548, PDE: 1954.6455, Reg: 17964.3326), Eth Losses: China: 691.6205, India: 624.9268, Philippines: 763.2779... (more ethnicities), Val Loss: 820.1335, Val MAE: 14.4049, Val R2: 0.7491
2025-04-25 17:04:39,451 - spatial_moe_trainer - INFO - Epoch 14/100 - Train Loss: 552.1221 (Col: 208.0681, Jump: 293.4373, Decline: 90.4798, PDE: 1924.7997, Reg: 14315.3546), Eth Losses: China: 639.2240, India: 657.5899, Philippines: 777.4391... (more ethnicities), Val Loss: 812.5009, Val MAE: 14.0837, Val R2: 0.7515
2025-04-25 17:05:01,882 - spatial_moe_trainer - INFO - Epoch 15/100 - Train Loss: 526.8705 (Col: 178.6432, Jump: 251.6259, Decline: 87.3568, PDE: 1864.9232, Reg: 21219.9025), Eth Losses: China: 705.9623, India: 535.8335, Philippines: 731.2948... (more ethnicities), Val Loss: 807.4389, Val MAE: 14.1020, Val R2: 0.7530
2025-04-25 17:05:24,377 - spatial_moe_trainer - INFO - Epoch 16/100 - Train Loss: 514.6271 (Col: 173.5174, Jump: 211.5634, Decline: 90.8568, PDE: 1824.1056, Reg: 11643.7661), Eth Losses: China: 653.9134, India: 526.0614, Philippines: 737.6194... (more ethnicities), Val Loss: 796.0101, Val MAE: 13.9087, Val R2: 0.7565
2025-04-25 17:05:46,819 - spatial_moe_trainer - INFO - Epoch 17/100 - Train Loss: 483.9937 (Col: 170.8823, Jump: 222.1920, Decline: 92.0917, PDE: 1706.6687, Reg: 12570.5310), Eth Losses: China: 640.7903, India: 483.6308, Philippines: 684.0239... (more ethnicities), Val Loss: 754.1098, Val MAE: 13.4521, Val R2: 0.7693
2025-04-25 17:06:09,329 - spatial_moe_trainer - INFO - Epoch 18/100 - Train Loss: 498.4627 (Col: 181.6249, Jump: 191.6253, Decline: 90.4110, PDE: 1781.3337, Reg: 11429.1277), Eth Losses: China: 554.1709, India: 556.5322, Philippines: 740.6944... (more ethnicities), Val Loss: 756.3956, Val MAE: 13.2935, Val R2: 0.7686
2025-04-25 17:06:31,652 - spatial_moe_trainer - INFO - Epoch 19/100 - Train Loss: 479.4714 (Col: 174.2814, Jump: 224.3342, Decline: 86.2211, PDE: 1655.4758, Reg: 17244.4300), Eth Losses: China: 623.8230, India: 495.2741, Philippines: 655.3360... (more ethnicities), Val Loss: 738.6742, Val MAE: 13.2045, Val R2: 0.7741
2025-04-25 17:06:54,174 - spatial_moe_trainer - INFO - Epoch 20/100 - Train Loss: 469.4401 (Col: 171.4837, Jump: 214.0330, Decline: 86.3680, PDE: 1665.5871, Reg: 13287.2116), Eth Losses: China: 574.8148, India: 517.3640, Philippines: 630.1596... (more ethnicities), Val Loss: 747.7719, Val MAE: 13.4365, Val R2: 0.7713
2025-04-25 17:07:16,692 - spatial_moe_trainer - INFO - Epoch 21/100 - Train Loss: 465.4797 (Col: 165.2328, Jump: 226.2305, Decline: 85.5396, PDE: 1606.9313, Reg: 15408.2790), Eth Losses: China: 566.4575, India: 469.7178, Philippines: 692.0267... (more ethnicities), Val Loss: 739.9637, Val MAE: 13.2443, Val R2: 0.7737
2025-04-25 17:07:39,289 - spatial_moe_trainer - INFO - Epoch 22/100 - Train Loss: 452.5302 (Col: 174.1617, Jump: 239.6602, Decline: 85.3431, PDE: 1544.9996, Reg: 15847.8002), Eth Losses: China: 522.3153, India: 523.0024, Philippines: 591.1259... (more ethnicities), Val Loss: 723.4976, Val MAE: 13.1471, Val R2: 0.7787
2025-04-25 17:08:01,817 - spatial_moe_trainer - INFO - Epoch 23/100 - Train Loss: 433.0762 (Col: 153.8573, Jump: 223.5708, Decline: 86.8963, PDE: 1526.1835, Reg: 11679.7044), Eth Losses: China: 512.5369, India: 477.3985, Philippines: 600.4811... (more ethnicities), Val Loss: 738.2032, Val MAE: 13.1673, Val R2: 0.7742
2025-04-25 17:08:24,294 - spatial_moe_trainer - INFO - Epoch 24/100 - Train Loss: 422.7158 (Col: 159.7288, Jump: 207.9805, Decline: 86.0085, PDE: 1464.3469, Reg: 10387.8788), Eth Losses: China: 518.4704, India: 450.8757, Philippines: 545.0725... (more ethnicities), Val Loss: 700.2673, Val MAE: 12.8065, Val R2: 0.7858
2025-04-25 17:08:46,773 - spatial_moe_trainer - INFO - Epoch 25/100 - Train Loss: 421.7318 (Col: 143.6333, Jump: 212.2081, Decline: 90.0340, PDE: 1519.6909, Reg: 11800.8865), Eth Losses: China: 478.2939, India: 474.4039, Philippines: 561.0786... (more ethnicities), Val Loss: 694.0976, Val MAE: 12.8592, Val R2: 0.7877
2025-04-25 17:09:09,380 - spatial_moe_trainer - INFO - Epoch 26/100 - Train Loss: 422.3834 (Col: 164.9892, Jump: 218.5913, Decline: 89.9001, PDE: 1445.0137, Reg: 12950.6811), Eth Losses: China: 531.5658, India: 445.7101, Philippines: 559.6639... (more ethnicities), Val Loss: 701.7216, Val MAE: 12.8850, Val R2: 0.7854
2025-04-25 17:09:32,174 - spatial_moe_trainer - INFO - Epoch 27/100 - Train Loss: 415.7157 (Col: 153.8973, Jump: 197.0479, Decline: 91.1951, PDE: 1405.8460, Reg: 14603.2191), Eth Losses: China: 521.3515, India: 454.0718, Philippines: 542.0252... (more ethnicities), Val Loss: 691.1121, Val MAE: 12.6478, Val R2: 0.7886
2025-04-25 17:09:54,749 - spatial_moe_trainer - INFO - Epoch 28/100 - Train Loss: 399.1062 (Col: 132.4452, Jump: 204.6025, Decline: 89.7936, PDE: 1383.0948, Reg: 13642.1674), Eth Losses: China: 502.5536, India: 441.8228, Philippines: 488.9875... (more ethnicities), Val Loss: 704.2433, Val MAE: 12.8115, Val R2: 0.7846
2025-04-25 17:10:17,372 - spatial_moe_trainer - INFO - Epoch 29/100 - Train Loss: 375.5607 (Col: 144.4735, Jump: 190.5476, Decline: 91.4460, PDE: 1266.9201, Reg: 9752.2261), Eth Losses: China: 465.9689, India: 423.6877, Philippines: 447.4961... (more ethnicities), Val Loss: 700.2147, Val MAE: 12.7091, Val R2: 0.7858
2025-04-25 17:10:39,941 - spatial_moe_trainer - INFO - Epoch 30/100 - Train Loss: 409.4663 (Col: 164.9738, Jump: 176.1738, Decline: 94.2705, PDE: 1351.6288, Reg: 15975.6762), Eth Losses: China: 533.9927, India: 490.2704, Philippines: 481.2089... (more ethnicities), Val Loss: 686.5907, Val MAE: 12.6841, Val R2: 0.7900
2025-04-25 17:11:02,479 - spatial_moe_trainer - INFO - Epoch 31/100 - Train Loss: 385.2514 (Col: 150.5740, Jump: 187.5391, Decline: 95.0381, PDE: 1299.6000, Reg: 11099.3186), Eth Losses: China: 461.0074, India: 429.7046, Philippines: 460.7376... (more ethnicities), Val Loss: 685.7800, Val MAE: 12.7665, Val R2: 0.7902
2025-04-25 17:11:25,021 - spatial_moe_trainer - INFO - Epoch 32/100 - Train Loss: 389.2981 (Col: 138.5340, Jump: 191.5420, Decline: 92.8357, PDE: 1345.2995, Reg: 11380.7987), Eth Losses: China: 464.0473, India: 414.1659, Philippines: 526.3327... (more ethnicities), Val Loss: 703.3523, Val MAE: 12.6328, Val R2: 0.7849
2025-04-25 17:11:47,549 - spatial_moe_trainer - INFO - Epoch 33/100 - Train Loss: 385.6240 (Col: 165.9416, Jump: 172.7156, Decline: 92.5553, PDE: 1271.0677, Reg: 8898.8774), Eth Losses: China: 439.7599, India: 429.7335, Philippines: 495.3393... (more ethnicities), Val Loss: 689.6337, Val MAE: 12.9002, Val R2: 0.7891
2025-04-25 17:12:10,208 - spatial_moe_trainer - INFO - Epoch 34/100 - Train Loss: 371.7655 (Col: 135.6235, Jump: 166.4002, Decline: 113.8850, PDE: 1229.4752, Reg: 11246.7771), Eth Losses: China: 464.3867, India: 427.8197, Philippines: 471.1225... (more ethnicities), Val Loss: 687.1844, Val MAE: 12.8320, Val R2: 0.7898
2025-04-25 17:12:32,727 - spatial_moe_trainer - INFO - Epoch 35/100 - Train Loss: 408.2347 (Col: 156.0875, Jump: 170.5959, Decline: 180.0203, PDE: 1319.1212, Reg: 8467.7593), Eth Losses: China: 440.6473, India: 441.9698, Philippines: 592.0069... (more ethnicities), Val Loss: 709.0402, Val MAE: 13.0450, Val R2: 0.7831
2025-04-25 17:12:55,104 - spatial_moe_trainer - INFO - Epoch 36/100 - Train Loss: 404.6097 (Col: 130.9578, Jump: 215.4365, Decline: 222.4272, PDE: 1253.6602, Reg: 12408.8446), Eth Losses: China: 432.9243, India: 380.8467, Philippines: 649.6860... (more ethnicities), Val Loss: 707.4974, Val MAE: 13.0300, Val R2: 0.7836
2025-04-25 17:13:17,640 - spatial_moe_trainer - INFO - Epoch 37/100 - Train Loss: 393.1994 (Col: 127.7220, Jump: 180.7446, Decline: 203.2175, PDE: 1257.2225, Reg: 7651.6361), Eth Losses: China: 412.1385, India: 386.6908, Philippines: 669.4936... (more ethnicities), Val Loss: 697.1312, Val MAE: 12.9830, Val R2: 0.7868
2025-04-25 17:13:40,146 - spatial_moe_trainer - INFO - Epoch 38/100 - Train Loss: 407.1272 (Col: 151.0183, Jump: 189.9786, Decline: 195.6820, PDE: 1276.7061, Reg: 9590.9453), Eth Losses: China: 431.3444, India: 457.4718, Philippines: 656.9737... (more ethnicities), Val Loss: 682.0754, Val MAE: 12.8614, Val R2: 0.7914
2025-04-25 17:14:02,726 - spatial_moe_trainer - INFO - Epoch 39/100 - Train Loss: 403.5643 (Col: 140.5954, Jump: 186.7734, Decline: 212.6574, PDE: 1256.2395, Reg: 11925.5359), Eth Losses: China: 468.0093, India: 380.3699, Philippines: 647.3905... (more ethnicities), Val Loss: 695.3971, Val MAE: 13.0435, Val R2: 0.7873
2025-04-25 17:14:25,180 - spatial_moe_trainer - INFO - Epoch 40/100 - Train Loss: 388.7841 (Col: 94.9459, Jump: 183.7441, Decline: 232.8962, PDE: 1290.9840, Reg: 10026.8815), Eth Losses: China: 423.0275, India: 338.2553, Philippines: 726.9806... (more ethnicities), Val Loss: 706.6572, Val MAE: 13.0257, Val R2: 0.7838
2025-04-25 17:14:47,867 - spatial_moe_trainer - INFO - Epoch 41/100 - Train Loss: 442.8543 (Col: 148.5430, Jump: 179.5849, Decline: 266.3621, PDE: 1352.0974, Reg: 11440.1029), Eth Losses: China: 427.6138, India: 558.8520, Philippines: 800.9282... (more ethnicities), Val Loss: 737.8556, Val MAE: 13.4386, Val R2: 0.7743
2025-04-25 17:15:10,367 - spatial_moe_trainer - INFO - Epoch 42/100 - Train Loss: 403.0538 (Col: 100.5143, Jump: 170.5989, Decline: 265.6723, PDE: 1282.2689, Reg: 8875.2565), Eth Losses: China: 404.5762, India: 366.7917, Philippines: 756.7625... (more ethnicities), Val Loss: 743.3946, Val MAE: 13.4614, Val R2: 0.7726
2025-04-25 17:15:32,781 - spatial_moe_trainer - INFO - Epoch 43/100 - Train Loss: 438.4615 (Col: 159.9096, Jump: 184.6897, Decline: 274.4071, PDE: 1343.4288, Reg: 8218.3233), Eth Losses: China: 433.2134, India: 524.6713, Philippines: 800.5521... (more ethnicities), Val Loss: 734.3669, Val MAE: 13.2583, Val R2: 0.7754
2025-04-25 17:15:55,152 - spatial_moe_trainer - INFO - Epoch 44/100 - Train Loss: 417.8278 (Col: 112.2511, Jump: 167.7527, Decline: 296.1099, PDE: 1323.5265, Reg: 8434.9350), Eth Losses: China: 382.0586, India: 391.4496, Philippines: 838.7077... (more ethnicities), Val Loss: 758.6790, Val MAE: 13.6450, Val R2: 0.7679
2025-04-25 17:16:17,478 - spatial_moe_trainer - INFO - Epoch 45/100 - Train Loss: 428.6401 (Col: 107.6202, Jump: 151.1133, Decline: 291.4579, PDE: 1372.9093, Reg: 8369.7771), Eth Losses: China: 406.8741, India: 392.3623, Philippines: 849.6882... (more ethnicities), Val Loss: 759.6084, Val MAE: 13.5207, Val R2: 0.7677
2025-04-25 17:16:39,922 - spatial_moe_trainer - INFO - Epoch 46/100 - Train Loss: 406.2128 (Col: 108.1895, Jump: 170.5530, Decline: 287.6363, PDE: 1255.8986, Reg: 10102.8224), Eth Losses: China: 433.7217, India: 347.9038, Philippines: 784.5621... (more ethnicities), Val Loss: 767.1532, Val MAE: 13.6386, Val R2: 0.7653
2025-04-25 17:17:02,395 - spatial_moe_trainer - INFO - Epoch 47/100 - Train Loss: 425.8618 (Col: 116.9100, Jump: 161.1559, Decline: 286.5950, PDE: 1370.9520, Reg: 6860.0770), Eth Losses: China: 385.5982, India: 402.0321, Philippines: 881.0548... (more ethnicities), Val Loss: 773.8192, Val MAE: 13.7567, Val R2: 0.7633
2025-04-25 17:17:24,915 - spatial_moe_trainer - INFO - Epoch 48/100 - Train Loss: 425.9187 (Col: 100.1052, Jump: 146.2168, Decline: 302.9862, PDE: 1355.2578, Reg: 7885.7249), Eth Losses: China: 442.3869, India: 342.2365, Philippines: 890.8595... (more ethnicities), Val Loss: 767.3411, Val MAE: 13.6815, Val R2: 0.7653
2025-04-25 17:17:24,916 - spatial_moe_trainer - INFO - Early stopping at epoch 48
2025-04-25 17:17:24,931 - spatial_moe_trainer - INFO - Saving metrics to ./optuna_results/trial_12/metrics
2025-04-25 17:17:24,934 - spatial_moe_trainer - INFO - Training metrics saved to ./optuna_results/trial_12/metrics/training_metrics.csv
2025-04-25 17:17:24,937 - spatial_moe_trainer - INFO - Validation metrics saved to ./optuna_results/trial_12/metrics/validation_metrics.csv
2025-04-25 17:17:24,974 - spatial_moe_trainer - INFO - Multi-Ethnic Spatial MoE model saved to ./optuna_results/trial_12/model.pt
2025-04-25 17:17:25,007 - __mp_main__ - INFO - Running trial 13 on device cuda:0
2025-04-25 17:17:25,024 - __main__ - INFO - Trial 12 completed with value: 682.075379
2025-04-25 17:17:25,204 - __mp_main__ - INFO - Using adjusted dimensions - hidden_dims: [48, 16, 6], coord_embed_dim: 10
2025-04-25 17:17:25,387 - spatial_moe_trainer - INFO - Multi-Ethnic Spatial MoE model initialized on cuda:0
2025-04-25 17:17:25,388 - spatial_moe_trainer - INFO - Model will predict 5 ethnicities: ['China', 'India', 'Philippines', 'Portugal', 'Sri Lanka']
2025-04-25 17:17:25,408 - __mp_main__ - INFO - Testing model forward pass before training...
2025-04-25 17:17:25,567 - __mp_main__ - INFO - Test forward pass successful. Output shape: torch.Size([64, 5])
2025-04-25 17:17:25,567 - spatial_moe_trainer - INFO - Starting multi-ethnic spatial MoE model training with learnable expert router...
2025-04-25 17:17:25,567 - spatial_moe_trainer - INFO - Using colonization_weight=3.957963373277293, jump_weight=7.274403085060849, decline_weight=5.2544260599215376, pde_weight=6.638996847270607
2025-04-25 17:17:48,262 - spatial_moe_trainer - INFO - Epoch 1/100 - Train Loss: 1535.8995 (Col: 889.8412, Jump: 628.2242, Decline: 153.7531, PDE: 4948.9888, Reg: 13622.7214), Eth Losses: China: 1835.5822, India: 1667.7950, Philippines: 2618.2508... (more ethnicities), Val Loss: 1433.3800, Val MAE: 17.6245, Val R2: 0.5616
2025-04-25 17:18:10,866 - spatial_moe_trainer - INFO - Epoch 2/100 - Train Loss: 1064.1252 (Col: 566.3751, Jump: 506.1604, Decline: 130.3244, PDE: 3568.4291, Reg: 7873.5832), Eth Losses: China: 1248.2694, India: 1124.1292, Philippines: 1659.1997... (more ethnicities), Val Loss: 1155.8287, Val MAE: 16.1931, Val R2: 0.6465
2025-04-25 17:18:33,177 - spatial_moe_trainer - INFO - Epoch 3/100 - Train Loss: 874.3279 (Col: 418.8848, Jump: 280.8534, Decline: 114.8227, PDE: 2953.2372, Reg: 11411.4565), Eth Losses: China: 1042.3784, India: 880.1042, Philippines: 1279.8970... (more ethnicities), Val Loss: 1023.5484, Val MAE: 16.2894, Val R2: 0.6869
2025-04-25 17:18:55,512 - spatial_moe_trainer - INFO - Epoch 4/100 - Train Loss: 791.4157 (Col: 373.0894, Jump: 323.0904, Decline: 112.6627, PDE: 2743.1458, Reg: 7950.7159), Eth Losses: China: 958.4066, India: 754.6628, Philippines: 1186.3221... (more ethnicities), Val Loss: 954.5445, Val MAE: 15.5751, Val R2: 0.7080
2025-04-25 17:19:17,914 - spatial_moe_trainer - INFO - Epoch 5/100 - Train Loss: 747.0405 (Col: 357.4261, Jump: 275.9750, Decline: 107.6278, PDE: 2516.9729, Reg: 8393.2048), Eth Losses: China: 986.7081, India: 761.6911, Philippines: 1056.2234... (more ethnicities), Val Loss: 951.3893, Val MAE: 16.4245, Val R2: 0.7090
2025-04-25 17:19:40,466 - spatial_moe_trainer - INFO - Epoch 6/100 - Train Loss: 711.7122 (Col: 372.7944, Jump: 280.5034, Decline: 104.5504, PDE: 2327.7446, Reg: 11239.9297), Eth Losses: China: 923.4597, India: 728.5456, Philippines: 987.0246... (more ethnicities), Val Loss: 926.2919, Val MAE: 15.8161, Val R2: 0.7167
2025-04-25 17:20:03,006 - spatial_moe_trainer - INFO - Epoch 7/100 - Train Loss: 689.3195 (Col: 308.6410, Jump: 270.0793, Decline: 101.4440, PDE: 2302.0653, Reg: 22998.5015), Eth Losses: China: 889.4819, India: 668.6025, Philippines: 1004.0410... (more ethnicities), Val Loss: 853.2459, Val MAE: 14.9708, Val R2: 0.7390
2025-04-25 17:20:25,449 - spatial_moe_trainer - INFO - Epoch 8/100 - Train Loss: 616.8556 (Col: 243.2576, Jump: 246.8604, Decline: 102.0001, PDE: 2191.6710, Reg: 9142.7533), Eth Losses: China: 742.7287, India: 604.2724, Philippines: 874.3309... (more ethnicities), Val Loss: 926.0643, Val MAE: 15.2518, Val R2: 0.7167
2025-04-25 17:20:47,959 - spatial_moe_trainer - INFO - Epoch 9/100 - Train Loss: 626.0741 (Col: 267.0540, Jump: 226.1885, Decline: 96.4558, PDE: 2166.3576, Reg: 14575.4596), Eth Losses: China: 736.7461, India: 657.8394, Philippines: 889.1908... (more ethnicities), Val Loss: 863.4953, Val MAE: 14.4160, Val R2: 0.7359
2025-04-25 17:21:10,525 - spatial_moe_trainer - INFO - Epoch 10/100 - Train Loss: 591.1014 (Col: 258.8262, Jump: 281.0388, Decline: 99.7286, PDE: 2034.4540, Reg: 9784.1251), Eth Losses: China: 675.6946, India: 595.8775, Philippines: 855.2388... (more ethnicities), Val Loss: 872.1205, Val MAE: 14.7458, Val R2: 0.7332
2025-04-25 17:21:32,848 - spatial_moe_trainer - INFO - Epoch 11/100 - Train Loss: 596.8782 (Col: 257.9959, Jump: 249.6268, Decline: 96.4923, PDE: 2004.2068, Reg: 21069.7811), Eth Losses: China: 719.8739, India: 598.9577, Philippines: 826.0787... (more ethnicities), Val Loss: 796.3012, Val MAE: 14.3565, Val R2: 0.7564
2025-04-25 17:21:55,373 - spatial_moe_trainer - INFO - Epoch 12/100 - Train Loss: 579.0000 (Col: 245.9997, Jump: 261.2777, Decline: 95.3130, PDE: 1921.8227, Reg: 18577.5113), Eth Losses: China: 672.9730, India: 625.1766, Philippines: 834.7104... (more ethnicities), Val Loss: 835.2833, Val MAE: 14.4841, Val R2: 0.7445
2025-04-25 17:22:17,917 - spatial_moe_trainer - INFO - Epoch 13/100 - Train Loss: 531.3618 (Col: 224.9628, Jump: 240.0634, Decline: 97.6754, PDE: 1849.4431, Reg: 9294.5962), Eth Losses: China: 566.0389, India: 598.4790, Philippines: 744.3427... (more ethnicities), Val Loss: 796.4599, Val MAE: 14.2467, Val R2: 0.7564
2025-04-25 17:22:40,309 - spatial_moe_trainer - INFO - Epoch 14/100 - Train Loss: 561.8706 (Col: 236.8121, Jump: 226.9808, Decline: 95.4269, PDE: 1874.1361, Reg: 18011.8305), Eth Losses: China: 633.6604, India: 624.7276, Philippines: 829.9010... (more ethnicities), Val Loss: 796.0983, Val MAE: 14.2350, Val R2: 0.7565
2025-04-25 17:23:02,973 - spatial_moe_trainer - INFO - Epoch 15/100 - Train Loss: 536.6379 (Col: 232.2424, Jump: 227.7498, Decline: 99.0852, PDE: 1761.7170, Reg: 16644.4985), Eth Losses: China: 674.8041, India: 594.0723, Philippines: 687.5235... (more ethnicities), Val Loss: 787.9902, Val MAE: 13.9233, Val R2: 0.7590
2025-04-25 17:23:25,403 - spatial_moe_trainer - INFO - Epoch 16/100 - Train Loss: 497.5341 (Col: 219.5994, Jump: 221.7153, Decline: 97.0144, PDE: 1678.1752, Reg: 9477.2110), Eth Losses: China: 573.8822, India: 520.9871, Philippines: 687.6696... (more ethnicities), Val Loss: 775.6129, Val MAE: 14.1298, Val R2: 0.7628
2025-04-25 17:23:47,759 - spatial_moe_trainer - INFO - Epoch 17/100 - Train Loss: 526.8265 (Col: 257.8668, Jump: 198.5065, Decline: 96.5538, PDE: 1719.6040, Reg: 13154.3530), Eth Losses: China: 596.1015, India: 619.1320, Philippines: 732.3152... (more ethnicities), Val Loss: 746.7752, Val MAE: 13.3437, Val R2: 0.7716
2025-04-25 17:24:10,267 - spatial_moe_trainer - INFO - Epoch 18/100 - Train Loss: 477.6638 (Col: 221.0332, Jump: 186.8783, Decline: 97.1262, PDE: 1615.0245, Reg: 7953.4457), Eth Losses: China: 505.1924, India: 568.2866, Philippines: 637.4266... (more ethnicities), Val Loss: 779.4629, Val MAE: 13.9430, Val R2: 0.7616
2025-04-25 17:24:32,734 - spatial_moe_trainer - INFO - Epoch 19/100 - Train Loss: 450.6439 (Col: 191.0115, Jump: 238.3251, Decline: 100.7419, PDE: 1530.3863, Reg: 9390.9270), Eth Losses: China: 493.3542, India: 506.3939, Philippines: 609.7039... (more ethnicities), Val Loss: 731.3320, Val MAE: 13.8294, Val R2: 0.7763
2025-04-25 17:24:55,084 - spatial_moe_trainer - INFO - Epoch 20/100 - Train Loss: 450.0532 (Col: 182.7922, Jump: 180.6736, Decline: 101.0813, PDE: 1518.5528, Reg: 8803.2108), Eth Losses: China: 555.1458, India: 504.0997, Philippines: 550.5475... (more ethnicities), Val Loss: 756.7439, Val MAE: 13.1244, Val R2: 0.7685
2025-04-25 17:25:17,641 - spatial_moe_trainer - INFO - Epoch 21/100 - Train Loss: 442.5166 (Col: 190.3814, Jump: 191.3257, Decline: 104.8017, PDE: 1450.6079, Reg: 9420.9651), Eth Losses: China: 525.5371, India: 490.0157, Philippines: 557.1173... (more ethnicities), Val Loss: 746.8754, Val MAE: 13.1717, Val R2: 0.7715
2025-04-25 17:25:40,421 - spatial_moe_trainer - INFO - Epoch 22/100 - Train Loss: 443.3433 (Col: 215.3708, Jump: 160.4937, Decline: 103.9562, PDE: 1410.8951, Reg: 10878.2980), Eth Losses: China: 574.6262, India: 472.0642, Philippines: 544.4978... (more ethnicities), Val Loss: 749.2857, Val MAE: 13.2783, Val R2: 0.7708
2025-04-25 17:26:02,895 - spatial_moe_trainer - INFO - Epoch 23/100 - Train Loss: 454.0694 (Col: 208.2079, Jump: 198.6863, Decline: 107.8404, PDE: 1516.6146, Reg: 6574.3285), Eth Losses: China: 574.4800, India: 483.5410, Philippines: 561.0621... (more ethnicities), Val Loss: 740.0056, Val MAE: 12.9625, Val R2: 0.7736
2025-04-25 17:26:25,309 - spatial_moe_trainer - INFO - Epoch 24/100 - Train Loss: 420.7124 (Col: 186.3502, Jump: 149.1820, Decline: 107.5619, PDE: 1361.4216, Reg: 10086.7804), Eth Losses: China: 526.0921, India: 459.7123, Philippines: 508.1699... (more ethnicities), Val Loss: 731.0988, Val MAE: 12.9546, Val R2: 0.7764
2025-04-25 17:26:47,550 - spatial_moe_trainer - INFO - Epoch 25/100 - Train Loss: 421.4174 (Col: 180.9334, Jump: 176.3483, Decline: 103.9140, PDE: 1412.3347, Reg: 7937.9288), Eth Losses: China: 501.3320, India: 474.9121, Philippines: 518.4572... (more ethnicities), Val Loss: 760.3016, Val MAE: 13.0297, Val R2: 0.7674
2025-04-25 17:27:10,018 - spatial_moe_trainer - INFO - Epoch 26/100 - Train Loss: 403.2331 (Col: 168.9780, Jump: 189.6998, Decline: 104.0200, PDE: 1361.6199, Reg: 6058.7956), Eth Losses: China: 484.0324, India: 418.1623, Philippines: 513.3506... (more ethnicities), Val Loss: 733.1923, Val MAE: 13.1041, Val R2: 0.7757
2025-04-25 17:27:32,639 - spatial_moe_trainer - INFO - Epoch 27/100 - Train Loss: 395.8780 (Col: 163.7515, Jump: 209.7959, Decline: 103.4058, PDE: 1314.6479, Reg: 8505.2671), Eth Losses: China: 491.1093, India: 445.0751, Philippines: 480.0433... (more ethnicities), Val Loss: 725.7028, Val MAE: 12.9702, Val R2: 0.7780
2025-04-25 17:27:55,216 - spatial_moe_trainer - INFO - Epoch 28/100 - Train Loss: 415.9569 (Col: 210.2150, Jump: 189.1699, Decline: 109.0247, PDE: 1308.4254, Reg: 8815.0180), Eth Losses: China: 551.4821, India: 459.3076, Philippines: 476.0272... (more ethnicities), Val Loss: 733.8801, Val MAE: 13.0611, Val R2: 0.7755
2025-04-25 17:28:17,641 - spatial_moe_trainer - INFO - Epoch 29/100 - Train Loss: 391.0530 (Col: 164.7635, Jump: 179.6611, Decline: 104.1500, PDE: 1306.0934, Reg: 8963.3380), Eth Losses: China: 454.3179, India: 434.2448, Philippines: 506.1681... (more ethnicities), Val Loss: 691.9148, Val MAE: 12.5647, Val R2: 0.7884
2025-04-25 17:28:40,088 - spatial_moe_trainer - INFO - Epoch 30/100 - Train Loss: 385.1941 (Col: 148.7262, Jump: 152.6639, Decline: 105.1915, PDE: 1296.8945, Reg: 9356.9192), Eth Losses: China: 435.4454, India: 444.3954, Philippines: 482.1402... (more ethnicities), Val Loss: 709.7242, Val MAE: 12.8863, Val R2: 0.7829
2025-04-25 17:29:02,584 - spatial_moe_trainer - INFO - Epoch 31/100 - Train Loss: 374.5332 (Col: 161.3843, Jump: 171.0607, Decline: 107.7878, PDE: 1217.2554, Reg: 7758.7380), Eth Losses: China: 466.3423, India: 434.9493, Philippines: 437.2882... (more ethnicities), Val Loss: 744.4219, Val MAE: 13.0751, Val R2: 0.7723
2025-04-25 17:29:24,954 - spatial_moe_trainer - INFO - Epoch 32/100 - Train Loss: 369.1556 (Col: 157.3209, Jump: 163.5931, Decline: 104.7447, PDE: 1223.1302, Reg: 6711.8655), Eth Losses: China: 440.0601, India: 394.2084, Philippines: 455.3939... (more ethnicities), Val Loss: 674.1573, Val MAE: 12.5757, Val R2: 0.7938
2025-04-25 17:29:47,271 - spatial_moe_trainer - INFO - Epoch 33/100 - Train Loss: 355.3640 (Col: 144.2466, Jump: 183.7949, Decline: 102.0783, PDE: 1170.9560, Reg: 8430.5180), Eth Losses: China: 416.4483, India: 419.2763, Philippines: 449.5473... (more ethnicities), Val Loss: 651.7688, Val MAE: 12.1561, Val R2: 0.8006
2025-04-25 17:30:09,623 - spatial_moe_trainer - INFO - Epoch 34/100 - Train Loss: 350.4027 (Col: 146.0057, Jump: 148.0025, Decline: 102.8402, PDE: 1172.9454, Reg: 7004.7510), Eth Losses: China: 415.6915, India: 426.2865, Philippines: 420.0688... (more ethnicities), Val Loss: 689.1733, Val MAE: 12.4545, Val R2: 0.7892
2025-04-25 17:30:32,044 - spatial_moe_trainer - INFO - Epoch 35/100 - Train Loss: 354.7048 (Col: 144.8922, Jump: 126.2154, Decline: 101.2532, PDE: 1155.5171, Reg: 7730.6413), Eth Losses: China: 430.6589, India: 448.6480, Philippines: 424.1248... (more ethnicities), Val Loss: 674.1190, Val MAE: 12.3685, Val R2: 0.7938
2025-04-25 17:30:54,439 - spatial_moe_trainer - INFO - Epoch 36/100 - Train Loss: 349.4027 (Col: 150.0027, Jump: 167.1903, Decline: 104.8538, PDE: 1126.7854, Reg: 8230.2226), Eth Losses: China: 410.2595, India: 401.7706, Philippines: 389.5520... (more ethnicities), Val Loss: 676.4348, Val MAE: 12.2473, Val R2: 0.7931
2025-04-25 17:31:16,929 - spatial_moe_trainer - INFO - Epoch 37/100 - Train Loss: 335.8791 (Col: 133.3964, Jump: 140.6959, Decline: 103.6303, PDE: 1122.5176, Reg: 5243.8978), Eth Losses: China: 384.6979, India: 364.1290, Philippines: 396.2342... (more ethnicities), Val Loss: 699.6877, Val MAE: 12.4459, Val R2: 0.7860
2025-04-25 17:31:39,305 - spatial_moe_trainer - INFO - Epoch 38/100 - Train Loss: 333.9940 (Col: 135.2424, Jump: 141.7997, Decline: 105.3256, PDE: 1113.5164, Reg: 5089.3630), Eth Losses: China: 379.4720, India: 376.7879, Philippines: 383.3965... (more ethnicities), Val Loss: 772.3595, Val MAE: 12.7254, Val R2: 0.7638
2025-04-25 17:32:01,693 - spatial_moe_trainer - INFO - Epoch 39/100 - Train Loss: 341.3731 (Col: 151.8459, Jump: 150.0670, Decline: 108.0645, PDE: 1108.5917, Reg: 3517.0460), Eth Losses: China: 374.1039, India: 439.2532, Philippines: 414.7809... (more ethnicities), Val Loss: 716.4982, Val MAE: 12.7894, Val R2: 0.7808
2025-04-25 17:32:24,106 - spatial_moe_trainer - INFO - Epoch 40/100 - Train Loss: 338.5063 (Col: 151.7980, Jump: 144.4291, Decline: 107.7146, PDE: 1102.5253, Reg: 5119.5232), Eth Losses: China: 369.8335, India: 383.9613, Philippines: 427.4625... (more ethnicities), Val Loss: 686.3847, Val MAE: 12.3954, Val R2: 0.7900
2025-04-25 17:32:46,493 - spatial_moe_trainer - INFO - Epoch 41/100 - Train Loss: 337.8814 (Col: 136.2068, Jump: 118.1260, Decline: 104.7352, PDE: 1103.1240, Reg: 6944.1027), Eth Losses: China: 399.1235, India: 358.3178, Philippines: 422.1594... (more ethnicities), Val Loss: 656.2284, Val MAE: 12.3441, Val R2: 0.7993
2025-04-25 17:33:08,959 - spatial_moe_trainer - INFO - Epoch 42/100 - Train Loss: 315.5183 (Col: 128.8133, Jump: 169.0498, Decline: 109.2656, PDE: 1026.5606, Reg: 5862.7880), Eth Losses: China: 360.1618, India: 362.9498, Philippines: 387.7036... (more ethnicities), Val Loss: 696.1458, Val MAE: 12.4160, Val R2: 0.7871
2025-04-25 17:33:31,318 - spatial_moe_trainer - INFO - Epoch 43/100 - Train Loss: 314.9285 (Col: 119.5998, Jump: 159.0670, Decline: 104.2337, PDE: 1024.9062, Reg: 9408.8422), Eth Losses: China: 370.9110, India: 348.8279, Philippines: 383.1692... (more ethnicities), Val Loss: 662.5075, Val MAE: 12.2180, Val R2: 0.7974
2025-04-25 17:33:31,318 - spatial_moe_trainer - INFO - Early stopping at epoch 43
2025-04-25 17:33:31,340 - spatial_moe_trainer - INFO - Saving metrics to ./optuna_results/trial_13/metrics
2025-04-25 17:33:31,343 - spatial_moe_trainer - INFO - Training metrics saved to ./optuna_results/trial_13/metrics/training_metrics.csv
2025-04-25 17:33:31,346 - spatial_moe_trainer - INFO - Validation metrics saved to ./optuna_results/trial_13/metrics/validation_metrics.csv
2025-04-25 17:33:31,383 - spatial_moe_trainer - INFO - Multi-Ethnic Spatial MoE model saved to ./optuna_results/trial_13/model.pt
2025-04-25 17:33:31,415 - __mp_main__ - INFO - Running trial 14 on device cuda:0
2025-04-25 17:33:31,428 - __main__ - INFO - Trial 13 completed with value: 651.768816
2025-04-25 17:33:31,607 - __mp_main__ - INFO - Using adjusted dimensions - hidden_dims: [48, 14, 6], coord_embed_dim: 10
2025-04-25 17:33:31,653 - spatial_moe_trainer - INFO - Multi-Ethnic Spatial MoE model initialized on cuda:0
2025-04-25 17:33:31,653 - spatial_moe_trainer - INFO - Model will predict 5 ethnicities: ['China', 'India', 'Philippines', 'Portugal', 'Sri Lanka']
2025-04-25 17:33:31,674 - __mp_main__ - INFO - Testing model forward pass before training...
2025-04-25 17:33:31,838 - __mp_main__ - INFO - Test forward pass successful. Output shape: torch.Size([64, 5])
2025-04-25 17:33:31,838 - spatial_moe_trainer - INFO - Starting multi-ethnic spatial MoE model training with learnable expert router...
2025-04-25 17:33:31,838 - spatial_moe_trainer - INFO - Using colonization_weight=3.322899588471459, jump_weight=6.541633372363899, decline_weight=5.315623025985988, pde_weight=7.209013810147226
2025-04-25 17:33:54,529 - spatial_moe_trainer - INFO - Epoch 1/100 - Train Loss: 1404.6185 (Col: 862.0238, Jump: 596.2750, Decline: 127.0990, PDE: 4409.0359, Reg: 9837.3209), Eth Losses: China: 1674.4594, India: 1590.4354, Philippines: 2189.8637... (more ethnicities), Val Loss: 1363.8209, Val MAE: 16.9302, Val R2: 0.5828
2025-04-25 17:34:17,079 - spatial_moe_trainer - INFO - Epoch 2/100 - Train Loss: 885.1020 (Col: 502.1651, Jump: 380.0869, Decline: 106.6396, PDE: 2712.4794, Reg: 10426.2804), Eth Losses: China: 969.2385, India: 1115.3466, Philippines: 1097.8717... (more ethnicities), Val Loss: 1169.2649, Val MAE: 16.1868, Val R2: 0.6423
2025-04-25 17:34:39,748 - spatial_moe_trainer - INFO - Epoch 3/100 - Train Loss: 821.8344 (Col: 491.9776, Jump: 273.6904, Decline: 99.8254, PDE: 2381.0152, Reg: 17015.6256), Eth Losses: China: 1088.7414, India: 924.9323, Philippines: 992.9574... (more ethnicities), Val Loss: 1063.0087, Val MAE: 14.9594, Val R2: 0.6748
2025-04-25 17:35:02,298 - spatial_moe_trainer - INFO - Epoch 4/100 - Train Loss: 741.8577 (Col: 420.9206, Jump: 311.8997, Decline: 95.3364, PDE: 2295.2783, Reg: 10387.2489), Eth Losses: China: 906.5351, India: 815.3533, Philippines: 979.0258... (more ethnicities), Val Loss: 955.8762, Val MAE: 15.0593, Val R2: 0.7076
2025-04-25 17:35:24,841 - spatial_moe_trainer - INFO - Epoch 5/100 - Train Loss: 678.3855 (Col: 393.7718, Jump: 270.1860, Decline: 98.0137, PDE: 2065.4265, Reg: 8312.5948), Eth Losses: China: 887.3324, India: 705.3263, Philippines: 901.4556... (more ethnicities), Val Loss: 944.9228, Val MAE: 15.8986, Val R2: 0.7110
2025-04-25 17:35:47,303 - spatial_moe_trainer - INFO - Epoch 6/100 - Train Loss: 646.6220 (Col: 333.6775, Jump: 252.4559, Decline: 93.5897, PDE: 1982.4216, Reg: 12320.4182), Eth Losses: China: 875.9331, India: 634.1569, Philippines: 839.5404... (more ethnicities), Val Loss: 1024.2747, Val MAE: 15.3315, Val R2: 0.6867
2025-04-25 17:36:09,965 - spatial_moe_trainer - INFO - Epoch 7/100 - Train Loss: 596.3026 (Col: 301.1296, Jump: 257.6013, Decline: 93.4078, PDE: 1862.3166, Reg: 10752.6741), Eth Losses: China: 691.1064, India: 683.8596, Philippines: 777.6074... (more ethnicities), Val Loss: 891.3602, Val MAE: 15.0627, Val R2: 0.7274
2025-04-25 17:36:32,310 - spatial_moe_trainer - INFO - Epoch 8/100 - Train Loss: 571.1949 (Col: 308.7559, Jump: 238.4549, Decline: 93.2334, PDE: 1790.6935, Reg: 7831.2315), Eth Losses: China: 614.8895, India: 700.0168, Philippines: 717.7938... (more ethnicities), Val Loss: 860.1807, Val MAE: 14.6323, Val R2: 0.7369
2025-04-25 17:36:54,809 - spatial_moe_trainer - INFO - Epoch 9/100 - Train Loss: 532.6288 (Col: 264.9910, Jump: 220.5888, Decline: 89.8594, PDE: 1713.4378, Reg: 9164.2523), Eth Losses: China: 608.0160, India: 551.3970, Philippines: 698.5393... (more ethnicities), Val Loss: 821.3768, Val MAE: 14.4070, Val R2: 0.7488
2025-04-25 17:37:17,269 - spatial_moe_trainer - INFO - Epoch 10/100 - Train Loss: 544.7679 (Col: 273.9480, Jump: 212.1667, Decline: 88.3602, PDE: 1670.3969, Reg: 12279.7638), Eth Losses: China: 611.8505, India: 578.1814, Philippines: 758.1681... (more ethnicities), Val Loss: 839.3942, Val MAE: 14.2105, Val R2: 0.7432
2025-04-25 17:37:39,831 - spatial_moe_trainer - INFO - Epoch 11/100 - Train Loss: 520.4606 (Col: 242.2875, Jump: 189.6816, Decline: 87.5962, PDE: 1632.1770, Reg: 13184.0451), Eth Losses: China: 594.0126, India: 571.3751, Philippines: 688.7319... (more ethnicities), Val Loss: 817.5530, Val MAE: 14.4553, Val R2: 0.7499
2025-04-25 17:38:02,271 - spatial_moe_trainer - INFO - Epoch 12/100 - Train Loss: 509.7458 (Col: 268.6997, Jump: 181.0839, Decline: 89.8424, PDE: 1571.1798, Reg: 10330.0232), Eth Losses: China: 593.4629, India: 513.5656, Philippines: 672.7819... (more ethnicities), Val Loss: 802.6962, Val MAE: 14.3402, Val R2: 0.7545
2025-04-25 17:38:24,896 - spatial_moe_trainer - INFO - Epoch 13/100 - Train Loss: 501.2892 (Col: 260.2936, Jump: 182.5968, Decline: 89.5317, PDE: 1543.5028, Reg: 6807.8226), Eth Losses: China: 595.5743, India: 501.3573, Philippines: 666.4378... (more ethnicities), Val Loss: 838.9506, Val MAE: 14.3201, Val R2: 0.7434
2025-04-25 17:38:47,342 - spatial_moe_trainer - INFO - Epoch 14/100 - Train Loss: 499.8347 (Col: 231.6204, Jump: 185.5212, Decline: 92.0097, PDE: 1537.0719, Reg: 13024.0606), Eth Losses: China: 655.6803, India: 511.2285, Philippines: 628.0893... (more ethnicities), Val Loss: 758.8115, Val MAE: 13.9669, Val R2: 0.7679
2025-04-25 17:39:09,899 - spatial_moe_trainer - INFO - Epoch 15/100 - Train Loss: 469.1621 (Col: 221.0369, Jump: 176.1599, Decline: 93.2085, PDE: 1520.7327, Reg: 9104.6614), Eth Losses: China: 547.1740, India: 462.9318, Philippines: 631.1345... (more ethnicities), Val Loss: 753.6330, Val MAE: 14.1993, Val R2: 0.7695
2025-04-25 17:39:32,359 - spatial_moe_trainer - INFO - Epoch 16/100 - Train Loss: 458.7938 (Col: 225.2878, Jump: 172.7963, Decline: 94.3567, PDE: 1435.2498, Reg: 9512.5803), Eth Losses: China: 559.4792, India: 448.8979, Philippines: 584.4423... (more ethnicities), Val Loss: 730.1293, Val MAE: 13.4921, Val R2: 0.7767
2025-04-25 17:39:55,045 - spatial_moe_trainer - INFO - Epoch 17/100 - Train Loss: 436.1527 (Col: 205.4133, Jump: 149.5416, Decline: 100.1477, PDE: 1370.7953, Reg: 7756.2494), Eth Losses: China: 513.9014, India: 402.9430, Philippines: 585.9702... (more ethnicities), Val Loss: 741.9746, Val MAE: 13.6898, Val R2: 0.7730
2025-04-25 17:40:17,529 - spatial_moe_trainer - INFO - Epoch 18/100 - Train Loss: 428.5062 (Col: 202.6818, Jump: 173.6260, Decline: 97.1606, PDE: 1324.0139, Reg: 9170.5937), Eth Losses: China: 481.0270, India: 445.1475, Philippines: 548.6834... (more ethnicities), Val Loss: 770.8077, Val MAE: 13.8306, Val R2: 0.7642
2025-04-25 17:40:39,894 - spatial_moe_trainer - INFO - Epoch 19/100 - Train Loss: 419.0726 (Col: 195.1537, Jump: 195.7752, Decline: 102.2840, PDE: 1295.5199, Reg: 8662.7862), Eth Losses: China: 480.9405, India: 413.5057, Philippines: 534.1228... (more ethnicities), Val Loss: 739.6684, Val MAE: 13.1537, Val R2: 0.7738
2025-04-25 17:41:02,305 - spatial_moe_trainer - INFO - Epoch 20/100 - Train Loss: 435.8564 (Col: 194.3038, Jump: 156.6175, Decline: 100.9187, PDE: 1357.3619, Reg: 10416.3013), Eth Losses: China: 505.0012, India: 423.7543, Philippines: 557.0646... (more ethnicities), Val Loss: 773.3527, Val MAE: 13.7994, Val R2: 0.7634
2025-04-25 17:41:24,741 - spatial_moe_trainer - INFO - Epoch 21/100 - Train Loss: 429.3162 (Col: 206.7455, Jump: 150.8736, Decline: 94.5226, PDE: 1306.6242, Reg: 10159.3879), Eth Losses: China: 502.0140, India: 463.9415, Philippines: 540.3495... (more ethnicities), Val Loss: 713.1665, Val MAE: 13.2018, Val R2: 0.7819
2025-04-25 17:41:47,167 - spatial_moe_trainer - INFO - Epoch 22/100 - Train Loss: 407.9204 (Col: 193.9843, Jump: 159.5603, Decline: 97.2051, PDE: 1272.2879, Reg: 6498.9838), Eth Losses: China: 433.8819, India: 423.4015, Philippines: 499.7730... (more ethnicities), Val Loss: 685.8110, Val MAE: 12.9157, Val R2: 0.7902
2025-04-25 17:42:09,719 - spatial_moe_trainer - INFO - Epoch 23/100 - Train Loss: 403.7213 (Col: 201.1093, Jump: 170.6552, Decline: 96.8278, PDE: 1238.7655, Reg: 6338.8598), Eth Losses: China: 471.0186, India: 436.9409, Philippines: 476.5781... (more ethnicities), Val Loss: 685.1496, Val MAE: 12.9874, Val R2: 0.7904
2025-04-25 17:42:32,124 - spatial_moe_trainer - INFO - Epoch 24/100 - Train Loss: 389.0726 (Col: 170.1895, Jump: 140.0495, Decline: 100.2236, PDE: 1187.7516, Reg: 9879.0281), Eth Losses: China: 487.1703, India: 409.1079, Philippines: 453.4865... (more ethnicities), Val Loss: 695.8225, Val MAE: 12.9261, Val R2: 0.7872
2025-04-25 17:42:54,498 - spatial_moe_trainer - INFO - Epoch 25/100 - Train Loss: 397.6938 (Col: 179.5927, Jump: 143.5030, Decline: 97.0324, PDE: 1250.0831, Reg: 10841.4546), Eth Losses: China: 530.2928, India: 410.2225, Philippines: 449.9500... (more ethnicities), Val Loss: 693.5136, Val MAE: 12.7718, Val R2: 0.7879
2025-04-25 17:43:17,001 - spatial_moe_trainer - INFO - Epoch 26/100 - Train Loss: 373.7288 (Col: 177.8591, Jump: 131.3066, Decline: 99.2186, PDE: 1162.3909, Reg: 6398.7302), Eth Losses: China: 403.8487, India: 416.3494, Philippines: 448.5981... (more ethnicities), Val Loss: 689.9872, Val MAE: 13.0131, Val R2: 0.7889
2025-04-25 17:43:39,460 - spatial_moe_trainer - INFO - Epoch 27/100 - Train Loss: 368.6405 (Col: 171.6747, Jump: 142.9287, Decline: 101.3868, PDE: 1131.1718, Reg: 8531.8289), Eth Losses: China: 436.8435, India: 398.1962, Philippines: 436.4595... (more ethnicities), Val Loss: 701.6807, Val MAE: 12.6328, Val R2: 0.7854
2025-04-25 17:44:01,816 - spatial_moe_trainer - INFO - Epoch 28/100 - Train Loss: 385.9360 (Col: 189.4911, Jump: 160.4791, Decline: 102.3965, PDE: 1134.9263, Reg: 8755.4952), Eth Losses: China: 460.0610, India: 464.8347, Philippines: 437.3464... (more ethnicities), Val Loss: 719.5465, Val MAE: 12.6810, Val R2: 0.7799
2025-04-25 17:44:24,409 - spatial_moe_trainer - INFO - Epoch 29/100 - Train Loss: 358.4116 (Col: 163.3697, Jump: 129.7838, Decline: 103.5008, PDE: 1085.8538, Reg: 9071.0897), Eth Losses: China: 414.0248, India: 376.9105, Philippines: 429.6034... (more ethnicities), Val Loss: 757.6337, Val MAE: 12.7712, Val R2: 0.7683
2025-04-25 17:44:46,855 - spatial_moe_trainer - INFO - Epoch 30/100 - Train Loss: 350.5210 (Col: 158.9618, Jump: 154.0416, Decline: 102.7574, PDE: 1070.5037, Reg: 7254.2263), Eth Losses: China: 392.7686, India: 402.5618, Philippines: 396.0482... (more ethnicities), Val Loss: 740.6787, Val MAE: 12.7626, Val R2: 0.7734
2025-04-25 17:45:09,387 - spatial_moe_trainer - INFO - Epoch 31/100 - Train Loss: 332.2512 (Col: 132.4388, Jump: 127.1116, Decline: 100.1629, PDE: 1044.8412, Reg: 9051.0311), Eth Losses: China: 368.1397, India: 384.3143, Philippines: 379.8569... (more ethnicities), Val Loss: 739.9498, Val MAE: 12.8043, Val R2: 0.7737
2025-04-25 17:45:31,890 - spatial_moe_trainer - INFO - Epoch 32/100 - Train Loss: 344.5882 (Col: 148.5637, Jump: 151.0549, Decline: 97.9617, PDE: 1058.9653, Reg: 8996.2465), Eth Losses: China: 453.2780, India: 338.4950, Philippines: 402.9536... (more ethnicities), Val Loss: 747.0254, Val MAE: 12.8992, Val R2: 0.7715
2025-04-25 17:45:54,446 - spatial_moe_trainer - INFO - Epoch 33/100 - Train Loss: 378.2850 (Col: 200.1665, Jump: 161.3382, Decline: 104.8278, PDE: 1083.7562, Reg: 10932.6253), Eth Losses: China: 593.5639, India: 367.3065, Philippines: 396.9509... (more ethnicities), Val Loss: 730.3050, Val MAE: 12.8466, Val R2: 0.7766
2025-04-25 17:45:54,446 - spatial_moe_trainer - INFO - Early stopping at epoch 33
2025-04-25 17:45:54,462 - spatial_moe_trainer - INFO - Saving metrics to ./optuna_results/trial_14/metrics
2025-04-25 17:45:54,464 - spatial_moe_trainer - INFO - Training metrics saved to ./optuna_results/trial_14/metrics/training_metrics.csv
2025-04-25 17:45:54,467 - spatial_moe_trainer - INFO - Validation metrics saved to ./optuna_results/trial_14/metrics/validation_metrics.csv
2025-04-25 17:45:54,504 - spatial_moe_trainer - INFO - Multi-Ethnic Spatial MoE model saved to ./optuna_results/trial_14/model.pt
2025-04-25 17:45:54,537 - __mp_main__ - INFO - Running trial 15 on device cuda:0
2025-04-25 17:45:54,550 - __main__ - INFO - Trial 14 completed with value: 685.149629
2025-04-25 17:45:54,733 - __mp_main__ - INFO - Using adjusted dimensions - hidden_dims: [34, 18, 4], coord_embed_dim: 12
2025-04-25 17:45:54,778 - spatial_moe_trainer - INFO - Multi-Ethnic Spatial MoE model initialized on cuda:0
2025-04-25 17:45:54,778 - spatial_moe_trainer - INFO - Model will predict 5 ethnicities: ['China', 'India', 'Philippines', 'Portugal', 'Sri Lanka']
2025-04-25 17:45:54,798 - __mp_main__ - INFO - Testing model forward pass before training...
2025-04-25 17:45:54,958 - __mp_main__ - INFO - Test forward pass successful. Output shape: torch.Size([64, 5])
2025-04-25 17:45:54,959 - spatial_moe_trainer - INFO - Starting multi-ethnic spatial MoE model training with learnable expert router...
2025-04-25 17:45:54,959 - spatial_moe_trainer - INFO - Using colonization_weight=1.6065129344807514, jump_weight=4.6650256298244726, decline_weight=6.8003301061244645, pde_weight=9.775508877291248
2025-04-25 17:46:17,581 - spatial_moe_trainer - INFO - Epoch 1/100 - Train Loss: 1074.2985 (Col: 874.7094, Jump: 472.5528, Decline: 94.4811, PDE: 2444.2261, Reg: 6736.1804), Eth Losses: China: 1282.6299, India: 1303.6619, Philippines: 1447.4718... (more ethnicities), Val Loss: 1301.2634, Val MAE: 17.3257, Val R2: 0.6020
2025-04-25 17:46:39,966 - spatial_moe_trainer - INFO - Epoch 2/100 - Train Loss: 713.1096 (Col: 625.4152, Jump: 299.4576, Decline: 78.9043, PDE: 1377.5936, Reg: 6050.1765), Eth Losses: China: 952.0193, India: 830.8909, Philippines: 760.6687... (more ethnicities), Val Loss: 988.3437, Val MAE: 15.1940, Val R2: 0.6977
2025-04-25 17:47:02,469 - spatial_moe_trainer - INFO - Epoch 3/100 - Train Loss: 607.7080 (Col: 494.5706, Jump: 246.9992, Decline: 81.6445, PDE: 1206.0137, Reg: 5159.7155), Eth Losses: China: 816.4632, India: 662.7650, Philippines: 765.8862... (more ethnicities), Val Loss: 982.1533, Val MAE: 14.8194, Val R2: 0.6996
2025-04-25 17:47:24,880 - spatial_moe_trainer - INFO - Epoch 4/100 - Train Loss: 615.8978 (Col: 569.9088, Jump: 246.4362, Decline: 76.0216, PDE: 1132.9997, Reg: 4344.0585), Eth Losses: China: 759.9009, India: 885.9775, Philippines: 643.9071... (more ethnicities), Val Loss: 989.5275, Val MAE: 15.4848, Val R2: 0.6973
2025-04-25 17:47:47,594 - spatial_moe_trainer - INFO - Epoch 5/100 - Train Loss: 501.1254 (Col: 392.8831, Jump: 219.1147, Decline: 76.3063, PDE: 1061.2481, Reg: 3765.4216), Eth Losses: China: 725.4337, India: 447.5558, Philippines: 604.7982... (more ethnicities), Val Loss: 976.8172, Val MAE: 15.3482, Val R2: 0.7012
2025-04-25 17:48:10,116 - spatial_moe_trainer - INFO - Epoch 6/100 - Train Loss: 500.2995 (Col: 395.1135, Jump: 213.1657, Decline: 77.7079, PDE: 1035.7616, Reg: 4739.8041), Eth Losses: China: 706.0084, India: 416.8909, Philippines: 588.0831... (more ethnicities), Val Loss: 975.2751, Val MAE: 15.6674, Val R2: 0.7017
2025-04-25 17:48:32,620 - spatial_moe_trainer - INFO - Epoch 7/100 - Train Loss: 465.0662 (Col: 357.1338, Jump: 202.6606, Decline: 79.8535, PDE: 995.3932, Reg: 3456.2979), Eth Losses: China: 607.0224, India: 452.8648, Philippines: 562.2490... (more ethnicities), Val Loss: 892.9078, Val MAE: 15.2361, Val R2: 0.7269
2025-04-25 17:48:55,264 - spatial_moe_trainer - INFO - Epoch 8/100 - Train Loss: 447.4579 (Col: 332.2038, Jump: 181.4797, Decline: 102.4530, PDE: 943.0487, Reg: 4403.6098), Eth Losses: China: 499.6023, India: 413.7311, Philippines: 579.3366... (more ethnicities), Val Loss: 928.9018, Val MAE: 15.5235, Val R2: 0.7159
2025-04-25 17:49:17,960 - spatial_moe_trainer - INFO - Epoch 9/100 - Train Loss: 511.0825 (Col: 311.2309, Jump: 176.6984, Decline: 332.5970, PDE: 1016.6176, Reg: 3868.6967), Eth Losses: China: 505.1211, India: 381.2481, Philippines: 872.4821... (more ethnicities), Val Loss: 1083.1886, Val MAE: 17.4583, Val R2: 0.6687
2025-04-25 17:49:40,361 - spatial_moe_trainer - INFO - Epoch 10/100 - Train Loss: 513.8502 (Col: 292.7271, Jump: 176.3935, Decline: 323.7319, PDE: 1088.3785, Reg: 4094.7400), Eth Losses: China: 490.0924, India: 360.9710, Philippines: 786.3977... (more ethnicities), Val Loss: 987.0422, Val MAE: 16.3406, Val R2: 0.6981
2025-04-25 17:50:02,764 - spatial_moe_trainer - INFO - Epoch 11/100 - Train Loss: 597.0952 (Col: 360.4218, Jump: 162.6449, Decline: 419.0491, PDE: 1173.6903, Reg: 5020.9268), Eth Losses: China: 610.4893, India: 391.6580, Philippines: 785.2845... (more ethnicities), Val Loss: 1114.3069, Val MAE: 17.8294, Val R2: 0.6592
2025-04-25 17:50:25,161 - spatial_moe_trainer - INFO - Epoch 12/100 - Train Loss: 671.2749 (Col: 328.5779, Jump: 153.9147, Decline: 640.9246, PDE: 1367.1387, Reg: 4705.4244), Eth Losses: China: 562.3717, India: 406.2778, Philippines: 983.4752... (more ethnicities), Val Loss: 1234.8976, Val MAE: 19.2189, Val R2: 0.6223
2025-04-25 17:50:47,711 - spatial_moe_trainer - INFO - Epoch 13/100 - Train Loss: 778.8322 (Col: 304.5147, Jump: 152.3490, Decline: 895.7737, PDE: 1622.0127, Reg: 5078.9472), Eth Losses: China: 647.2896, India: 461.7563, Philippines: 1145.5567... (more ethnicities), Val Loss: 1209.7210, Val MAE: 19.0798, Val R2: 0.6300
2025-04-25 17:51:10,181 - spatial_moe_trainer - INFO - Epoch 14/100 - Train Loss: 716.7191 (Col: 288.4397, Jump: 160.6299, Decline: 791.5704, PDE: 1534.0368, Reg: 4311.5187), Eth Losses: China: 647.9810, India: 355.7135, Philippines: 1049.5772... (more ethnicities), Val Loss: 1174.4402, Val MAE: 18.3919, Val R2: 0.6408
2025-04-25 17:51:32,530 - spatial_moe_trainer - INFO - Epoch 15/100 - Train Loss: 702.8278 (Col: 283.5209, Jump: 147.0969, Decline: 759.4834, PDE: 1539.8640, Reg: 4444.7033), Eth Losses: China: 681.3182, India: 335.8614, Philippines: 983.7448... (more ethnicities), Val Loss: 1138.1706, Val MAE: 18.2014, Val R2: 0.6519
2025-04-25 17:51:55,034 - spatial_moe_trainer - INFO - Epoch 16/100 - Train Loss: 753.3136 (Col: 260.0238, Jump: 151.2832, Decline: 870.7039, PDE: 1652.0601, Reg: 5336.8003), Eth Losses: China: 654.6102, India: 343.5651, Philippines: 1099.8425... (more ethnicities), Val Loss: 1186.6930, Val MAE: 18.4590, Val R2: 0.6370
2025-04-25 17:52:17,380 - spatial_moe_trainer - INFO - Epoch 17/100 - Train Loss: 798.8973 (Col: 237.7243, Jump: 135.1076, Decline: 991.1398, PDE: 1792.4552, Reg: 5372.9919), Eth Losses: China: 700.3667, India: 326.8581, Philippines: 1203.5600... (more ethnicities), Val Loss: 1182.0951, Val MAE: 18.2352, Val R2: 0.6384
2025-04-25 17:52:17,380 - spatial_moe_trainer - INFO - Early stopping at epoch 17
2025-04-25 17:52:17,396 - spatial_moe_trainer - INFO - Saving metrics to ./optuna_results/trial_15/metrics
2025-04-25 17:52:17,399 - spatial_moe_trainer - INFO - Training metrics saved to ./optuna_results/trial_15/metrics/training_metrics.csv
2025-04-25 17:52:17,400 - spatial_moe_trainer - INFO - Validation metrics saved to ./optuna_results/trial_15/metrics/validation_metrics.csv
2025-04-25 17:52:17,437 - spatial_moe_trainer - INFO - Multi-Ethnic Spatial MoE model saved to ./optuna_results/trial_15/model.pt
2025-04-25 17:52:17,470 - __mp_main__ - INFO - Running trial 16 on device cuda:0
2025-04-25 17:52:17,483 - __main__ - INFO - Trial 15 completed with value: 892.907819
2025-04-25 17:52:17,666 - __mp_main__ - INFO - Using adjusted dimensions - hidden_dims: [156, 24, 24], coord_embed_dim: 48
2025-04-25 17:52:17,715 - spatial_moe_trainer - INFO - Multi-Ethnic Spatial MoE model initialized on cuda:0
2025-04-25 17:52:17,715 - spatial_moe_trainer - INFO - Model will predict 5 ethnicities: ['China', 'India', 'Philippines', 'Portugal', 'Sri Lanka']
2025-04-25 17:52:17,735 - __mp_main__ - INFO - Testing model forward pass before training...
2025-04-25 17:52:17,895 - __mp_main__ - INFO - Test forward pass successful. Output shape: torch.Size([64, 5])
2025-04-25 17:52:17,895 - spatial_moe_trainer - INFO - Starting multi-ethnic spatial MoE model training with learnable expert router...
2025-04-25 17:52:17,895 - spatial_moe_trainer - INFO - Using colonization_weight=4.013156586009125, jump_weight=7.726547685746881, decline_weight=4.315400175177539, pde_weight=6.15961879886106
2025-04-25 17:52:40,224 - spatial_moe_trainer - INFO - Epoch 1/100 - Train Loss: 1495.2201 (Col: 870.6959, Jump: 827.1792, Decline: 164.7645, PDE: 4826.9095, Reg: 19825.5769), Eth Losses: China: 1688.9460, India: 2021.9352, Philippines: 2297.0858... (more ethnicities), Val Loss: 1358.3649, Val MAE: 16.9561, Val R2: 0.5845
2025-04-25 17:53:02,640 - spatial_moe_trainer - INFO - Epoch 2/100 - Train Loss: 1011.8379 (Col: 556.5343, Jump: 428.3521, Decline: 131.7534, PDE: 3451.9964, Reg: 7988.9679), Eth Losses: China: 1096.0107, India: 1302.8392, Philippines: 1514.2648... (more ethnicities), Val Loss: 1182.3743, Val MAE: 15.9716, Val R2: 0.6383
2025-04-25 17:53:25,170 - spatial_moe_trainer - INFO - Epoch 3/100 - Train Loss: 825.8948 (Col: 425.0533, Jump: 390.4702, Decline: 109.7822, PDE: 2789.2467, Reg: 16701.3934), Eth Losses: China: 1004.9652, India: 1013.1049, Philippines: 1123.4056... (more ethnicities), Val Loss: 1070.4585, Val MAE: 15.4239, Val R2: 0.6726
2025-04-25 17:53:47,643 - spatial_moe_trainer - INFO - Epoch 4/100 - Train Loss: 746.3726 (Col: 353.3750, Jump: 305.2412, Decline: 104.2059, PDE: 2558.3582, Reg: 13866.1021), Eth Losses: China: 1002.4109, India: 755.4305, Philippines: 1051.3897... (more ethnicities), Val Loss: 974.6355, Val MAE: 14.8222, Val R2: 0.7019
2025-04-25 17:54:10,158 - spatial_moe_trainer - INFO - Epoch 5/100 - Train Loss: 674.9708 (Col: 327.9373, Jump: 375.7064, Decline: 103.1135, PDE: 2292.8736, Reg: 13913.9425), Eth Losses: China: 928.0039, India: 728.2427, Philippines: 899.0639... (more ethnicities), Val Loss: 982.4042, Val MAE: 14.8409, Val R2: 0.6995
2025-04-25 17:54:32,639 - spatial_moe_trainer - INFO - Epoch 6/100 - Train Loss: 706.3769 (Col: 444.1371, Jump: 306.2370, Decline: 98.0720, PDE: 2186.2711, Reg: 12893.9018), Eth Losses: China: 840.2630, India: 1056.5789, Philippines: 896.8726... (more ethnicities), Val Loss: 912.9156, Val MAE: 14.3193, Val R2: 0.7208
2025-04-25 17:54:55,056 - spatial_moe_trainer - INFO - Epoch 7/100 - Train Loss: 618.0963 (Col: 298.8697, Jump: 292.4122, Decline: 94.3807, PDE: 2049.3833, Reg: 14479.2096), Eth Losses: China: 823.8574, India: 728.6716, Philippines: 748.9410... (more ethnicities), Val Loss: 851.1384, Val MAE: 13.4762, Val R2: 0.7397
2025-04-25 17:55:17,535 - spatial_moe_trainer - INFO - Epoch 8/100 - Train Loss: 561.8622 (Col: 238.2086, Jump: 247.0325, Decline: 96.5920, PDE: 1973.7728, Reg: 11831.2003), Eth Losses: China: 739.1621, India: 568.8677, Philippines: 740.1961... (more ethnicities), Val Loss: 851.8658, Val MAE: 13.6212, Val R2: 0.7394
2025-04-25 17:55:39,921 - spatial_moe_trainer - INFO - Epoch 9/100 - Train Loss: 531.3396 (Col: 235.7767, Jump: 286.2046, Decline: 99.5101, PDE: 1787.3156, Reg: 15738.5111), Eth Losses: China: 619.7033, India: 559.8700, Philippines: 680.2761... (more ethnicities), Val Loss: 795.0115, Val MAE: 13.2685, Val R2: 0.7568
2025-04-25 17:56:02,283 - spatial_moe_trainer - INFO - Epoch 10/100 - Train Loss: 501.9927 (Col: 192.1541, Jump: 268.4288, Decline: 102.7725, PDE: 1783.8717, Reg: 9512.0854), Eth Losses: China: 571.6688, India: 548.9685, Philippines: 692.8350... (more ethnicities), Val Loss: 759.6716, Val MAE: 12.9321, Val R2: 0.7676
2025-04-25 17:56:24,967 - spatial_moe_trainer - INFO - Epoch 11/100 - Train Loss: 485.0843 (Col: 219.7472, Jump: 238.1109, Decline: 105.5305, PDE: 1601.9044, Reg: 14787.5892), Eth Losses: China: 589.0451, India: 494.7123, Philippines: 630.0310... (more ethnicities), Val Loss: 759.0828, Val MAE: 13.3070, Val R2: 0.7678
2025-04-25 17:56:47,283 - spatial_moe_trainer - INFO - Epoch 12/100 - Train Loss: 454.8343 (Col: 195.9850, Jump: 224.3671, Decline: 100.7550, PDE: 1559.9070, Reg: 8640.3337), Eth Losses: China: 473.5918, India: 505.9309, Philippines: 659.7555... (more ethnicities), Val Loss: 766.7292, Val MAE: 13.1063, Val R2: 0.7655
2025-04-25 17:57:09,692 - spatial_moe_trainer - INFO - Epoch 13/100 - Train Loss: 455.6861 (Col: 219.3339, Jump: 209.9546, Decline: 102.6382, PDE: 1471.1605, Reg: 12573.6760), Eth Losses: China: 528.9947, India: 492.5187, Philippines: 585.7801... (more ethnicities), Val Loss: 838.8068, Val MAE: 12.9075, Val R2: 0.7434
2025-04-25 17:57:32,059 - spatial_moe_trainer - INFO - Epoch 14/100 - Train Loss: 459.5847 (Col: 225.9182, Jump: 212.8681, Decline: 106.2699, PDE: 1442.4923, Reg: 18249.9374), Eth Losses: China: 572.3428, India: 472.1266, Philippines: 580.7977... (more ethnicities), Val Loss: 718.7546, Val MAE: 12.5928, Val R2: 0.7801
2025-04-25 17:57:54,446 - spatial_moe_trainer - INFO - Epoch 15/100 - Train Loss: 426.5280 (Col: 204.4927, Jump: 247.2833, Decline: 110.8841, PDE: 1350.8461, Reg: 11286.5277), Eth Losses: China: 484.4557, India: 468.7076, Philippines: 561.2570... (more ethnicities), Val Loss: 743.3220, Val MAE: 12.5494, Val R2: 0.7726
2025-04-25 17:58:16,976 - spatial_moe_trainer - INFO - Epoch 16/100 - Train Loss: 420.8950 (Col: 201.8888, Jump: 202.5764, Decline: 105.8544, PDE: 1350.9954, Reg: 8455.2635), Eth Losses: China: 510.3220, India: 476.5352, Philippines: 520.7773... (more ethnicities), Val Loss: 721.2531, Val MAE: 12.5072, Val R2: 0.7794
2025-04-25 17:58:39,398 - spatial_moe_trainer - INFO - Epoch 17/100 - Train Loss: 421.0860 (Col: 189.8394, Jump: 204.3719, Decline: 105.4372, PDE: 1363.9556, Reg: 11886.9098), Eth Losses: China: 596.0481, India: 434.3278, Philippines: 478.5404... (more ethnicities), Val Loss: 672.0645, Val MAE: 12.3270, Val R2: 0.7944
2025-04-25 17:59:01,846 - spatial_moe_trainer - INFO - Epoch 18/100 - Train Loss: 382.4574 (Col: 166.2391, Jump: 215.7186, Decline: 104.1491, PDE: 1265.1175, Reg: 10980.6362), Eth Losses: China: 466.0347, India: 440.1456, Philippines: 444.8357... (more ethnicities), Val Loss: 668.9578, Val MAE: 12.2818, Val R2: 0.7954
2025-04-25 17:59:24,383 - spatial_moe_trainer - INFO - Epoch 19/100 - Train Loss: 371.7280 (Col: 158.7787, Jump: 180.5893, Decline: 100.7947, PDE: 1254.4223, Reg: 7396.8589), Eth Losses: China: 423.9372, India: 451.9914, Philippines: 447.1507... (more ethnicities), Val Loss: 705.7637, Val MAE: 12.1225, Val R2: 0.7841
2025-04-25 17:59:46,989 - spatial_moe_trainer - INFO - Epoch 20/100 - Train Loss: 373.5441 (Col: 171.1255, Jump: 173.6842, Decline: 102.3891, PDE: 1182.2736, Reg: 13396.4692), Eth Losses: China: 422.5297, India: 470.5017, Philippines: 432.8176... (more ethnicities), Val Loss: 689.5686, Val MAE: 12.0537, Val R2: 0.7891
2025-04-25 18:00:09,483 - spatial_moe_trainer - INFO - Epoch 21/100 - Train Loss: 348.7831 (Col: 152.8047, Jump: 205.6525, Decline: 108.8678, PDE: 1105.8711, Reg: 11134.2398), Eth Losses: China: 440.3840, India: 368.2045, Philippines: 383.3583... (more ethnicities), Val Loss: 708.6885, Val MAE: 12.0215, Val R2: 0.7832
2025-04-25 18:00:31,869 - spatial_moe_trainer - INFO - Epoch 22/100 - Train Loss: 365.2558 (Col: 169.3514, Jump: 193.4746, Decline: 107.7440, PDE: 1137.4047, Reg: 13162.3652), Eth Losses: China: 466.3739, India: 400.5191, Philippines: 458.4435... (more ethnicities), Val Loss: 710.8795, Val MAE: 12.1307, Val R2: 0.7826
2025-04-25 18:00:54,307 - spatial_moe_trainer - INFO - Epoch 23/100 - Train Loss: 346.7035 (Col: 155.8117, Jump: 202.8553, Decline: 104.1327, PDE: 1088.1860, Reg: 12693.4639), Eth Losses: China: 437.8920, India: 384.4866, Philippines: 404.9585... (more ethnicities), Val Loss: 663.6300, Val MAE: 11.9337, Val R2: 0.7970
2025-04-25 18:01:16,846 - spatial_moe_trainer - INFO - Epoch 24/100 - Train Loss: 338.9708 (Col: 157.7959, Jump: 169.5443, Decline: 100.4729, PDE: 1079.1902, Reg: 8134.6292), Eth Losses: China: 403.6001, India: 392.7675, Philippines: 391.6556... (more ethnicities), Val Loss: 678.5213, Val MAE: 11.9218, Val R2: 0.7925
2025-04-25 18:01:39,216 - spatial_moe_trainer - INFO - Epoch 25/100 - Train Loss: 342.1483 (Col: 165.8903, Jump: 202.6526, Decline: 106.4824, PDE: 1045.6155, Reg: 7785.8842), Eth Losses: China: 387.2374, India: 382.0523, Philippines: 449.2107... (more ethnicities), Val Loss: 698.4281, Val MAE: 11.8125, Val R2: 0.7864
2025-04-25 18:02:01,832 - spatial_moe_trainer - INFO - Epoch 26/100 - Train Loss: 341.5085 (Col: 154.6357, Jump: 157.5803, Decline: 102.3231, PDE: 1063.5087, Reg: 12034.2954), Eth Losses: China: 413.8992, India: 402.2330, Philippines: 431.1581... (more ethnicities), Val Loss: 696.3588, Val MAE: 11.7811, Val R2: 0.7870
2025-04-25 18:02:24,297 - spatial_moe_trainer - INFO - Epoch 27/100 - Train Loss: 326.2482 (Col: 146.1028, Jump: 178.9001, Decline: 100.2847, PDE: 1013.0734, Reg: 12106.6525), Eth Losses: China: 392.2725, India: 349.0901, Philippines: 423.6214... (more ethnicities), Val Loss: 671.1770, Val MAE: 11.8252, Val R2: 0.7947
2025-04-25 18:02:46,768 - spatial_moe_trainer - INFO - Epoch 28/100 - Train Loss: 324.4805 (Col: 170.3838, Jump: 175.2603, Decline: 103.1115, PDE: 983.6572, Reg: 7522.3425), Eth Losses: China: 365.7771, India: 402.7976, Philippines: 373.1705... (more ethnicities), Val Loss: 624.8343, Val MAE: 11.7158, Val R2: 0.8089
2025-04-25 18:03:09,297 - spatial_moe_trainer - INFO - Epoch 29/100 - Train Loss: 312.4952 (Col: 152.3131, Jump: 158.3332, Decline: 104.6716, PDE: 973.0145, Reg: 7265.4912), Eth Losses: China: 380.4460, India: 330.5155, Philippines: 393.6784... (more ethnicities), Val Loss: 625.3124, Val MAE: 11.4705, Val R2: 0.8087
2025-04-25 18:03:31,814 - spatial_moe_trainer - INFO - Epoch 30/100 - Train Loss: 287.6868 (Col: 124.0524, Jump: 174.2046, Decline: 102.8488, PDE: 944.7999, Reg: 5465.3665), Eth Losses: China: 328.1027, India: 334.6823, Philippines: 365.3342... (more ethnicities), Val Loss: 658.1130, Val MAE: 11.6202, Val R2: 0.7987
2025-04-25 18:03:54,595 - spatial_moe_trainer - INFO - Epoch 31/100 - Train Loss: 299.6384 (Col: 122.1653, Jump: 184.2586, Decline: 96.2241, PDE: 963.1189, Reg: 7265.7638), Eth Losses: China: 361.2962, India: 318.5620, Philippines: 389.6246... (more ethnicities), Val Loss: 618.1569, Val MAE: 11.4364, Val R2: 0.8109
2025-04-25 18:04:16,981 - spatial_moe_trainer - INFO - Epoch 32/100 - Train Loss: 295.3119 (Col: 129.6351, Jump: 160.2757, Decline: 97.1284, PDE: 944.2612, Reg: 8110.2865), Eth Losses: China: 378.8182, India: 330.9055, Philippines: 333.2115... (more ethnicities), Val Loss: 658.6357, Val MAE: 11.8173, Val R2: 0.7985
2025-04-25 18:04:39,290 - spatial_moe_trainer - INFO - Epoch 33/100 - Train Loss: 293.2223 (Col: 145.1734, Jump: 160.3343, Decline: 97.2803, PDE: 871.4847, Reg: 9054.1063), Eth Losses: China: 340.4533, India: 448.0982, Philippines: 320.5612... (more ethnicities), Val Loss: 676.6255, Val MAE: 11.7954, Val R2: 0.7930
2025-04-25 18:05:01,798 - spatial_moe_trainer - INFO - Epoch 34/100 - Train Loss: 280.4606 (Col: 136.5215, Jump: 145.6930, Decline: 94.6095, PDE: 837.6068, Reg: 7185.7527), Eth Losses: China: 330.4617, India: 288.2411, Philippines: 377.5677... (more ethnicities), Val Loss: 633.3166, Val MAE: 11.4885, Val R2: 0.8063
2025-04-25 18:05:24,307 - spatial_moe_trainer - INFO - Epoch 35/100 - Train Loss: 285.3489 (Col: 125.3123, Jump: 175.8497, Decline: 98.4071, PDE: 872.3836, Reg: 9371.9318), Eth Losses: China: 325.8786, India: 296.0400, Philippines: 394.1591... (more ethnicities), Val Loss: 634.2525, Val MAE: 11.6219, Val R2: 0.8060
2025-04-25 18:05:46,693 - spatial_moe_trainer - INFO - Epoch 36/100 - Train Loss: 269.6930 (Col: 132.3565, Jump: 163.6040, Decline: 99.0953, PDE: 836.8899, Reg: 5682.4930), Eth Losses: China: 292.7390, India: 324.3342, Philippines: 314.4993... (more ethnicities), Val Loss: 645.4451, Val MAE: 11.5117, Val R2: 0.8026
2025-04-25 18:06:09,159 - spatial_moe_trainer - INFO - Epoch 37/100 - Train Loss: 270.7266 (Col: 117.0197, Jump: 192.7905, Decline: 95.9817, PDE: 825.6850, Reg: 8764.0586), Eth Losses: China: 335.0736, India: 290.7089, Philippines: 324.7708... (more ethnicities), Val Loss: 671.3884, Val MAE: 11.6759, Val R2: 0.7946
2025-04-25 18:06:31,484 - spatial_moe_trainer - INFO - Epoch 38/100 - Train Loss: 266.1274 (Col: 115.6767, Jump: 164.8825, Decline: 95.4087, PDE: 833.6098, Reg: 7489.4538), Eth Losses: China: 321.7246, India: 289.1801, Philippines: 333.3332... (more ethnicities), Val Loss: 651.7932, Val MAE: 11.7523, Val R2: 0.8006
2025-04-25 18:06:53,731 - spatial_moe_trainer - INFO - Epoch 39/100 - Train Loss: 277.4071 (Col: 123.0074, Jump: 161.5270, Decline: 97.8539, PDE: 839.5658, Reg: 12246.7341), Eth Losses: China: 391.0197, India: 303.2003, Philippines: 321.1525... (more ethnicities), Val Loss: 658.2335, Val MAE: 11.6985, Val R2: 0.7987
2025-04-25 18:07:16,253 - spatial_moe_trainer - INFO - Epoch 40/100 - Train Loss: 256.3620 (Col: 93.1187, Jump: 152.7092, Decline: 92.8838, PDE: 824.2122, Reg: 9138.9167), Eth Losses: China: 335.8503, India: 287.1336, Philippines: 314.9611... (more ethnicities), Val Loss: 652.1019, Val MAE: 11.6027, Val R2: 0.8005
2025-04-25 18:07:38,876 - spatial_moe_trainer - INFO - Epoch 41/100 - Train Loss: 276.1900 (Col: 123.9354, Jump: 150.9843, Decline: 94.6415, PDE: 847.2430, Reg: 9402.9480), Eth Losses: China: 312.0320, India: 386.2535, Philippines: 310.5318... (more ethnicities), Val Loss: 655.1138, Val MAE: 11.6161, Val R2: 0.7996
2025-04-25 18:07:38,876 - spatial_moe_trainer - INFO - Early stopping at epoch 41
2025-04-25 18:07:38,892 - spatial_moe_trainer - INFO - Saving metrics to ./optuna_results/trial_16/metrics
2025-04-25 18:07:38,895 - spatial_moe_trainer - INFO - Training metrics saved to ./optuna_results/trial_16/metrics/training_metrics.csv
2025-04-25 18:07:38,898 - spatial_moe_trainer - INFO - Validation metrics saved to ./optuna_results/trial_16/metrics/validation_metrics.csv
2025-04-25 18:07:38,937 - spatial_moe_trainer - INFO - Multi-Ethnic Spatial MoE model saved to ./optuna_results/trial_16/model.pt
2025-04-25 18:07:38,971 - __mp_main__ - INFO - Running trial 17 on device cuda:0
2025-04-25 18:07:38,983 - __main__ - INFO - Trial 16 completed with value: 618.156897
2025-04-25 18:07:39,158 - __mp_main__ - INFO - Using adjusted dimensions - hidden_dims: [96, 24, 24], coord_embed_dim: 48
2025-04-25 18:07:39,204 - spatial_moe_trainer - INFO - Multi-Ethnic Spatial MoE model initialized on cuda:0
2025-04-25 18:07:39,205 - spatial_moe_trainer - INFO - Model will predict 5 ethnicities: ['China', 'India', 'Philippines', 'Portugal', 'Sri Lanka']
2025-04-25 18:07:39,225 - __mp_main__ - INFO - Testing model forward pass before training...
2025-04-25 18:07:39,393 - __mp_main__ - INFO - Test forward pass successful. Output shape: torch.Size([64, 5])
2025-04-25 18:07:39,393 - spatial_moe_trainer - INFO - Starting multi-ethnic spatial MoE model training with learnable expert router...
2025-04-25 18:07:39,394 - spatial_moe_trainer - INFO - Using colonization_weight=4.013156586009125, jump_weight=5.040564463812794, decline_weight=4.10321315653985, pde_weight=6.097922950796916
2025-04-25 18:08:01,731 - spatial_moe_trainer - INFO - Epoch 1/100 - Train Loss: 1682.4284 (Col: 1004.0214, Jump: 701.0584, Decline: 168.3717, PDE: 5361.3044, Reg: 30461.4109), Eth Losses: China: 2359.5069, India: 1938.4431, Philippines: 2558.4459... (more ethnicities), Val Loss: 1488.3303, Val MAE: 18.3168, Val R2: 0.5448
2025-04-25 18:08:24,320 - spatial_moe_trainer - INFO - Epoch 2/100 - Train Loss: 1176.7162 (Col: 683.1030, Jump: 519.5778, Decline: 143.4724, PDE: 3816.0603, Reg: 17715.7318), Eth Losses: China: 1459.3771, India: 1447.3405, Philippines: 1709.9345... (more ethnicities), Val Loss: 1308.3399, Val MAE: 17.0460, Val R2: 0.5998
2025-04-25 18:08:46,874 - spatial_moe_trainer - INFO - Epoch 3/100 - Train Loss: 972.3118 (Col: 465.9605, Jump: 397.2899, Decline: 129.0747, PDE: 3357.3440, Reg: 23521.2200), Eth Losses: China: 1296.3295, India: 1103.0824, Philippines: 1330.2573... (more ethnicities), Val Loss: 1192.0206, Val MAE: 16.1311, Val R2: 0.6354
2025-04-25 18:09:09,456 - spatial_moe_trainer - INFO - Epoch 4/100 - Train Loss: 865.1322 (Col: 398.1440, Jump: 409.3502, Decline: 118.6418, PDE: 2975.0429, Reg: 26825.9247), Eth Losses: China: 1208.1733, India: 990.7709, Philippines: 1078.1496... (more ethnicities), Val Loss: 1115.1966, Val MAE: 15.5719, Val R2: 0.6589
2025-04-25 18:09:32,191 - spatial_moe_trainer - INFO - Epoch 5/100 - Train Loss: 787.4908 (Col: 353.6514, Jump: 439.9245, Decline: 114.1409, PDE: 2760.9783, Reg: 17885.1914), Eth Losses: China: 992.3887, India: 925.6385, Philippines: 1067.7829... (more ethnicities), Val Loss: 1097.2498, Val MAE: 15.3631, Val R2: 0.6644
2025-04-25 18:09:54,657 - spatial_moe_trainer - INFO - Epoch 6/100 - Train Loss: 715.2671 (Col: 282.1794, Jump: 432.8526, Decline: 111.0336, PDE: 2561.0967, Reg: 18470.6277), Eth Losses: China: 905.7875, India: 806.0500, Philippines: 931.8218... (more ethnicities), Val Loss: 1073.5534, Val MAE: 15.5381, Val R2: 0.6716
2025-04-25 18:10:17,121 - spatial_moe_trainer - INFO - Epoch 7/100 - Train Loss: 713.9901 (Col: 301.5005, Jump: 352.1480, Decline: 109.3694, PDE: 2494.0231, Reg: 31015.1289), Eth Losses: China: 977.8081, India: 779.4634, Philippines: 876.4011... (more ethnicities), Val Loss: 1057.9999, Val MAE: 15.4227, Val R2: 0.6764
2025-04-25 18:10:39,433 - spatial_moe_trainer - INFO - Epoch 8/100 - Train Loss: 682.7464 (Col: 277.8294, Jump: 323.3267, Decline: 109.8241, PDE: 2377.5469, Reg: 28629.3590), Eth Losses: China: 875.2502, India: 758.2273, Philippines: 874.0234... (more ethnicities), Val Loss: 989.8509, Val MAE: 15.5313, Val R2: 0.6972
2025-04-25 18:11:01,838 - spatial_moe_trainer - INFO - Epoch 9/100 - Train Loss: 679.2659 (Col: 299.0407, Jump: 372.2988, Decline: 106.3601, PDE: 2358.5526, Reg: 17252.9150), Eth Losses: China: 796.5627, India: 816.1844, Philippines: 881.3067... (more ethnicities), Val Loss: 935.3239, Val MAE: 14.9501, Val R2: 0.7139
2025-04-25 18:11:24,307 - spatial_moe_trainer - INFO - Epoch 10/100 - Train Loss: 641.1570 (Col: 263.0264, Jump: 271.7923, Decline: 103.2904, PDE: 2274.8257, Reg: 25580.3748), Eth Losses: China: 740.8264, India: 724.1341, Philippines: 871.7486... (more ethnicities), Val Loss: 907.9369, Val MAE: 14.6586, Val R2: 0.7223
2025-04-25 18:11:46,660 - spatial_moe_trainer - INFO - Epoch 11/100 - Train Loss: 595.2053 (Col: 231.4243, Jump: 322.8520, Decline: 100.7533, PDE: 2094.6057, Reg: 22773.5958), Eth Losses: China: 689.6054, India: 642.2970, Philippines: 816.7778... (more ethnicities), Val Loss: 863.9194, Val MAE: 14.2322, Val R2: 0.7357
2025-04-25 18:12:09,229 - spatial_moe_trainer - INFO - Epoch 12/100 - Train Loss: 550.4330 (Col: 210.0100, Jump: 250.1545, Decline: 99.3071, PDE: 1983.6401, Reg: 16518.2807), Eth Losses: China: 603.2411, India: 594.0999, Philippines: 761.1239... (more ethnicities), Val Loss: 818.5776, Val MAE: 13.9386, Val R2: 0.7496
2025-04-25 18:12:31,573 - spatial_moe_trainer - INFO - Epoch 13/100 - Train Loss: 528.8411 (Col: 222.7747, Jump: 283.1990, Decline: 104.0220, PDE: 1832.8045, Reg: 16468.4869), Eth Losses: China: 613.7338, India: 541.0283, Philippines: 703.8711... (more ethnicities), Val Loss: 805.8847, Val MAE: 13.8734, Val R2: 0.7535
2025-04-25 18:12:53,967 - spatial_moe_trainer - INFO - Epoch 14/100 - Train Loss: 513.7174 (Col: 214.8958, Jump: 230.2787, Decline: 107.3107, PDE: 1794.0340, Reg: 12890.0679), Eth Losses: China: 583.3158, India: 593.7275, Philippines: 662.2313... (more ethnicities), Val Loss: 832.9836, Val MAE: 13.5440, Val R2: 0.7452
2025-04-25 18:13:16,444 - spatial_moe_trainer - INFO - Epoch 15/100 - Train Loss: 531.2698 (Col: 228.0295, Jump: 207.6428, Decline: 103.9048, PDE: 1818.5243, Reg: 17062.5887), Eth Losses: China: 580.7301, India: 648.5943, Philippines: 709.8942... (more ethnicities), Val Loss: 774.6492, Val MAE: 13.4860, Val R2: 0.7631
2025-04-25 18:13:39,091 - spatial_moe_trainer - INFO - Epoch 16/100 - Train Loss: 485.8372 (Col: 181.4075, Jump: 200.9738, Decline: 107.6824, PDE: 1670.1726, Reg: 21862.1506), Eth Losses: China: 581.6948, India: 529.7298, Philippines: 602.5251... (more ethnicities), Val Loss: 773.1004, Val MAE: 13.1706, Val R2: 0.7635
2025-04-25 18:14:01,705 - spatial_moe_trainer - INFO - Epoch 17/100 - Train Loss: 495.7475 (Col: 217.1855, Jump: 198.1538, Decline: 106.3439, PDE: 1636.9556, Reg: 21323.0128), Eth Losses: China: 598.0696, India: 533.0650, Philippines: 585.1063... (more ethnicities), Val Loss: 750.5885, Val MAE: 13.2687, Val R2: 0.7704
2025-04-25 18:14:24,346 - spatial_moe_trainer - INFO - Epoch 18/100 - Train Loss: 470.5093 (Col: 186.5345, Jump: 224.2342, Decline: 103.5088, PDE: 1582.6443, Reg: 26436.6152), Eth Losses: China: 557.4186, India: 481.3414, Philippines: 574.7390... (more ethnicities), Val Loss: 777.3885, Val MAE: 13.3022, Val R2: 0.7622
2025-04-25 18:14:47,056 - spatial_moe_trainer - INFO - Epoch 19/100 - Train Loss: 454.9885 (Col: 182.1172, Jump: 218.9070, Decline: 101.8838, PDE: 1536.7510, Reg: 19858.6771), Eth Losses: China: 587.1815, India: 447.5341, Philippines: 591.9436... (more ethnicities), Val Loss: 741.8506, Val MAE: 12.9727, Val R2: 0.7731
2025-04-25 18:15:09,863 - spatial_moe_trainer - INFO - Epoch 20/100 - Train Loss: 440.3717 (Col: 195.2231, Jump: 194.9560, Decline: 107.7285, PDE: 1454.1284, Reg: 14242.8282), Eth Losses: China: 505.8830, India: 471.7823, Philippines: 562.8148... (more ethnicities), Val Loss: 739.4610, Val MAE: 12.9955, Val R2: 0.7738
2025-04-25 18:15:32,447 - spatial_moe_trainer - INFO - Epoch 21/100 - Train Loss: 424.4184 (Col: 184.7260, Jump: 186.2950, Decline: 103.8399, PDE: 1417.3379, Reg: 16838.4621), Eth Losses: China: 527.6463, India: 448.8792, Philippines: 493.2320... (more ethnicities), Val Loss: 732.2839, Val MAE: 12.7122, Val R2: 0.7760
2025-04-25 18:15:54,989 - spatial_moe_trainer - INFO - Epoch 22/100 - Train Loss: 436.8622 (Col: 172.0958, Jump: 197.7663, Decline: 106.0114, PDE: 1458.9304, Reg: 18283.1974), Eth Losses: China: 559.1655, India: 444.8741, Philippines: 544.9906... (more ethnicities), Val Loss: 750.2215, Val MAE: 12.8888, Val R2: 0.7705
2025-04-25 18:16:17,411 - spatial_moe_trainer - INFO - Epoch 23/100 - Train Loss: 401.0182 (Col: 183.6873, Jump: 197.2056, Decline: 110.6089, PDE: 1332.5673, Reg: 9937.3604), Eth Losses: China: 476.6990, India: 417.0144, Philippines: 509.5617... (more ethnicities), Val Loss: 727.4661, Val MAE: 12.7424, Val R2: 0.7775
2025-04-25 18:16:39,761 - spatial_moe_trainer - INFO - Epoch 24/100 - Train Loss: 413.5049 (Col: 197.2019, Jump: 169.4169, Decline: 109.0378, PDE: 1322.7699, Reg: 14170.2092), Eth Losses: China: 469.8991, India: 489.0846, Philippines: 496.3327... (more ethnicities), Val Loss: 715.8766, Val MAE: 12.6648, Val R2: 0.7810
2025-04-25 18:17:02,027 - spatial_moe_trainer - INFO - Epoch 25/100 - Train Loss: 395.0742 (Col: 177.4795, Jump: 186.9559, Decline: 108.3173, PDE: 1290.0946, Reg: 12540.2883), Eth Losses: China: 526.6471, India: 401.4596, Philippines: 478.9847... (more ethnicities), Val Loss: 723.2190, Val MAE: 12.4484, Val R2: 0.7788
2025-04-25 18:17:24,401 - spatial_moe_trainer - INFO - Epoch 26/100 - Train Loss: 386.0209 (Col: 178.4539, Jump: 190.6503, Decline: 105.3572, PDE: 1248.2984, Reg: 12750.3902), Eth Losses: China: 461.3495, India: 414.8646, Philippines: 460.8619... (more ethnicities), Val Loss: 687.6802, Val MAE: 12.0120, Val R2: 0.7897
2025-04-25 18:17:47,195 - spatial_moe_trainer - INFO - Epoch 27/100 - Train Loss: 387.7391 (Col: 160.2382, Jump: 188.9606, Decline: 102.4037, PDE: 1250.1371, Reg: 18078.7495), Eth Losses: China: 528.4471, India: 410.8101, Philippines: 447.2073... (more ethnicities), Val Loss: 721.2154, Val MAE: 12.5347, Val R2: 0.7794
2025-04-25 18:18:09,749 - spatial_moe_trainer - INFO - Epoch 28/100 - Train Loss: 364.9465 (Col: 177.5126, Jump: 158.4040, Decline: 105.5227, PDE: 1211.5456, Reg: 4773.9736), Eth Losses: China: 398.6801, India: 426.4541, Philippines: 454.6997... (more ethnicities), Val Loss: 691.8524, Val MAE: 12.3551, Val R2: 0.7884
2025-04-25 18:18:32,317 - spatial_moe_trainer - INFO - Epoch 29/100 - Train Loss: 380.2252 (Col: 175.5230, Jump: 175.0347, Decline: 114.3165, PDE: 1205.1220, Reg: 12399.0551), Eth Losses: China: 439.3652, India: 450.7218, Philippines: 484.4491... (more ethnicities), Val Loss: 686.9461, Val MAE: 12.1521, Val R2: 0.7899
2025-04-25 18:18:55,015 - spatial_moe_trainer - INFO - Epoch 30/100 - Train Loss: 362.8209 (Col: 149.4901, Jump: 167.2484, Decline: 108.5872, PDE: 1201.6274, Reg: 10622.7311), Eth Losses: China: 460.9033, India: 376.1194, Philippines: 448.8241... (more ethnicities), Val Loss: 714.4117, Val MAE: 12.2943, Val R2: 0.7815
2025-04-25 18:19:17,630 - spatial_moe_trainer - INFO - Epoch 31/100 - Train Loss: 363.6602 (Col: 143.8569, Jump: 207.7815, Decline: 108.6313, PDE: 1221.7584, Reg: 13903.0215), Eth Losses: China: 436.6789, India: 409.4797, Philippines: 435.7149... (more ethnicities), Val Loss: 645.4168, Val MAE: 12.0973, Val R2: 0.8026
2025-04-25 18:19:40,176 - spatial_moe_trainer - INFO - Epoch 32/100 - Train Loss: 349.8379 (Col: 142.9472, Jump: 172.7340, Decline: 103.0837, PDE: 1175.8410, Reg: 13549.6787), Eth Losses: China: 402.3878, India: 414.9962, Philippines: 430.9537... (more ethnicities), Val Loss: 676.2692, Val MAE: 12.2421, Val R2: 0.7931
2025-04-25 18:20:02,758 - spatial_moe_trainer - INFO - Epoch 33/100 - Train Loss: 334.0617 (Col: 144.4421, Jump: 185.3199, Decline: 108.0010, PDE: 1088.4831, Reg: 10176.7947), Eth Losses: China: 383.7419, India: 378.6158, Philippines: 436.4828... (more ethnicities), Val Loss: 675.8057, Val MAE: 11.6991, Val R2: 0.7933
2025-04-25 18:20:25,290 - spatial_moe_trainer - INFO - Epoch 34/100 - Train Loss: 347.4969 (Col: 156.2930, Jump: 190.0947, Decline: 107.3630, PDE: 1128.0938, Reg: 9048.5629), Eth Losses: China: 388.8079, India: 437.0960, Philippines: 380.9769... (more ethnicities), Val Loss: 719.7951, Val MAE: 12.4271, Val R2: 0.7798
2025-04-25 18:20:47,785 - spatial_moe_trainer - INFO - Epoch 35/100 - Train Loss: 328.5685 (Col: 152.1966, Jump: 155.0699, Decline: 106.1385, PDE: 1048.2355, Reg: 6783.9762), Eth Losses: China: 380.8520, India: 395.3507, Philippines: 386.5974... (more ethnicities), Val Loss: 655.4506, Val MAE: 11.8797, Val R2: 0.7995
2025-04-25 18:21:10,448 - spatial_moe_trainer - INFO - Epoch 36/100 - Train Loss: 335.6699 (Col: 141.3642, Jump: 182.7188, Decline: 104.8198, PDE: 1111.0002, Reg: 8546.2304), Eth Losses: China: 381.7134, India: 419.6718, Philippines: 418.0606... (more ethnicities), Val Loss: 660.5588, Val MAE: 11.8181, Val R2: 0.7979
2025-04-25 18:21:32,875 - spatial_moe_trainer - INFO - Epoch 37/100 - Train Loss: 310.9319 (Col: 127.2268, Jump: 171.0174, Decline: 104.4978, PDE: 1007.0323, Reg: 11041.0337), Eth Losses: China: 355.0799, India: 390.6454, Philippines: 368.2037... (more ethnicities), Val Loss: 669.9904, Val MAE: 11.8667, Val R2: 0.7951
2025-04-25 18:21:55,269 - spatial_moe_trainer - INFO - Epoch 38/100 - Train Loss: 312.8304 (Col: 145.7037, Jump: 170.3971, Decline: 105.3911, PDE: 1001.2593, Reg: 15701.3858), Eth Losses: China: 380.5303, India: 388.5673, Philippines: 379.2648... (more ethnicities), Val Loss: 672.0906, Val MAE: 11.7807, Val R2: 0.7944
2025-04-25 18:22:17,757 - spatial_moe_trainer - INFO - Epoch 39/100 - Train Loss: 292.5360 (Col: 109.3622, Jump: 177.6285, Decline: 100.1859, PDE: 987.5795, Reg: 9140.8857), Eth Losses: China: 379.5798, India: 314.0110, Philippines: 339.5252... (more ethnicities), Val Loss: 649.8229, Val MAE: 11.7246, Val R2: 0.8012
2025-04-25 18:22:40,217 - spatial_moe_trainer - INFO - Epoch 40/100 - Train Loss: 327.2717 (Col: 125.1108, Jump: 163.9643, Decline: 104.4131, PDE: 1116.7246, Reg: 7069.0703), Eth Losses: China: 399.6626, India: 356.9127, Philippines: 442.9962... (more ethnicities), Val Loss: 649.9952, Val MAE: 11.6607, Val R2: 0.8012
2025-04-25 18:23:02,625 - spatial_moe_trainer - INFO - Epoch 41/100 - Train Loss: 290.7849 (Col: 122.8422, Jump: 156.9667, Decline: 103.5090, PDE: 941.6950, Reg: 10355.6352), Eth Losses: China: 366.7489, India: 327.2037, Philippines: 325.4371... (more ethnicities), Val Loss: 663.9374, Val MAE: 11.8619, Val R2: 0.7969
2025-04-25 18:23:02,625 - spatial_moe_trainer - INFO - Early stopping at epoch 41
2025-04-25 18:23:02,653 - spatial_moe_trainer - INFO - Saving metrics to ./optuna_results/trial_17/metrics
2025-04-25 18:23:02,656 - spatial_moe_trainer - INFO - Training metrics saved to ./optuna_results/trial_17/metrics/training_metrics.csv
2025-04-25 18:23:02,659 - spatial_moe_trainer - INFO - Validation metrics saved to ./optuna_results/trial_17/metrics/validation_metrics.csv
2025-04-25 18:23:02,698 - spatial_moe_trainer - INFO - Multi-Ethnic Spatial MoE model saved to ./optuna_results/trial_17/model.pt
2025-04-25 18:23:02,731 - __mp_main__ - INFO - Running trial 18 on device cuda:0
2025-04-25 18:23:02,754 - __main__ - INFO - Trial 17 completed with value: 645.416807
2025-04-25 18:23:02,930 - __mp_main__ - INFO - Using adjusted dimensions - hidden_dims: [96, 24, 24], coord_embed_dim: 48
2025-04-25 18:23:02,977 - spatial_moe_trainer - INFO - Multi-Ethnic Spatial MoE model initialized on cuda:0
2025-04-25 18:23:02,977 - spatial_moe_trainer - INFO - Model will predict 5 ethnicities: ['China', 'India', 'Philippines', 'Portugal', 'Sri Lanka']
2025-04-25 18:23:02,997 - __mp_main__ - INFO - Testing model forward pass before training...
2025-04-25 18:23:03,167 - __mp_main__ - INFO - Test forward pass successful. Output shape: torch.Size([64, 5])
2025-04-25 18:23:03,168 - spatial_moe_trainer - INFO - Starting multi-ethnic spatial MoE model training with learnable expert router...
2025-04-25 18:23:03,168 - spatial_moe_trainer - INFO - Using colonization_weight=1.6065129344807514, jump_weight=4.5457700096087645, decline_weight=4.082643943639809, pde_weight=8.334268356166843
2025-04-25 18:23:25,518 - spatial_moe_trainer - INFO - Epoch 1/100 - Train Loss: 1701.9059 (Col: 1166.5646, Jump: 887.8176, Decline: 180.1522, PDE: 5144.9474, Reg: 20297.7178), Eth Losses: China: 1893.1113, India: 2281.1255, Philippines: 2482.3199... (more ethnicities), Val Loss: 1584.1597, Val MAE: 21.9458, Val R2: 0.5154
2025-04-25 18:23:47,876 - spatial_moe_trainer - INFO - Epoch 2/100 - Train Loss: 1271.3093 (Col: 880.4149, Jump: 710.8206, Decline: 147.3118, PDE: 3820.1753, Reg: 24901.7346), Eth Losses: China: 1258.7374, India: 1834.4413, Philippines: 1637.6863... (more ethnicities), Val Loss: 1584.7265, Val MAE: 19.6974, Val R2: 0.5153
2025-04-25 18:24:10,336 - spatial_moe_trainer - INFO - Epoch 3/100 - Train Loss: 1087.0736 (Col: 792.3724, Jump: 426.8323, Decline: 131.0679, PDE: 3140.8153, Reg: 17627.4953), Eth Losses: China: 1092.1572, India: 1407.4372, Philippines: 1238.7879... (more ethnicities), Val Loss: 1296.9086, Val MAE: 18.0275, Val R2: 0.6033
2025-04-25 18:24:32,705 - spatial_moe_trainer - INFO - Epoch 4/100 - Train Loss: 969.1979 (Col: 711.1585, Jump: 332.4683, Decline: 128.4285, PDE: 2783.7676, Reg: 16960.1661), Eth Losses: China: 1082.0920, India: 1116.8932, Philippines: 1054.2819... (more ethnicities), Val Loss: 1286.0182, Val MAE: 17.6816, Val R2: 0.6066
2025-04-25 18:24:55,145 - spatial_moe_trainer - INFO - Epoch 5/100 - Train Loss: 904.6526 (Col: 687.5459, Jump: 301.5700, Decline: 127.0534, PDE: 2505.7324, Reg: 14849.9637), Eth Losses: China: 1040.9737, India: 927.8489, Philippines: 949.6879... (more ethnicities), Val Loss: 1200.9022, Val MAE: 18.2405, Val R2: 0.6327
2025-04-25 18:25:17,565 - spatial_moe_trainer - INFO - Epoch 6/100 - Train Loss: 829.5636 (Col: 614.3854, Jump: 271.2176, Decline: 120.0669, PDE: 2364.9603, Reg: 11188.4969), Eth Losses: China: 930.7339, India: 710.9162, Philippines: 941.7100... (more ethnicities), Val Loss: 1091.5363, Val MAE: 17.1032, Val R2: 0.6661
2025-04-25 18:25:39,859 - spatial_moe_trainer - INFO - Epoch 7/100 - Train Loss: 780.4078 (Col: 566.4446, Jump: 276.6914, Decline: 122.6860, PDE: 2203.5551, Reg: 18140.4746), Eth Losses: China: 884.2238, India: 666.5859, Philippines: 862.7605... (more ethnicities), Val Loss: 1120.0149, Val MAE: 17.5860, Val R2: 0.6574
2025-04-25 18:26:02,312 - spatial_moe_trainer - INFO - Epoch 8/100 - Train Loss: 767.4063 (Col: 576.1531, Jump: 226.7788, Decline: 118.4988, PDE: 2146.6876, Reg: 12511.5611), Eth Losses: China: 794.0821, India: 661.7534, Philippines: 875.0251... (more ethnicities), Val Loss: 1045.7359, Val MAE: 17.1745, Val R2: 0.6801
2025-04-25 18:26:24,665 - spatial_moe_trainer - INFO - Epoch 9/100 - Train Loss: 738.8933 (Col: 526.4078, Jump: 232.4361, Decline: 120.9350, PDE: 2033.0246, Reg: 28238.4832), Eth Losses: China: 822.1195, India: 682.5725, Philippines: 782.2836... (more ethnicities), Val Loss: 911.9155, Val MAE: 16.2571, Val R2: 0.7211
2025-04-25 18:26:46,917 - spatial_moe_trainer - INFO - Epoch 10/100 - Train Loss: 727.0381 (Col: 549.0256, Jump: 230.3252, Decline: 118.1419, PDE: 1969.0207, Reg: 17949.3039), Eth Losses: China: 732.8124, India: 632.1796, Philippines: 815.2823... (more ethnicities), Val Loss: 961.6281, Val MAE: 16.6334, Val R2: 0.7059
2025-04-25 18:27:09,352 - spatial_moe_trainer - INFO - Epoch 11/100 - Train Loss: 669.4764 (Col: 461.2212, Jump: 199.7606, Decline: 114.7140, PDE: 1943.7200, Reg: 16300.6172), Eth Losses: China: 652.3487, India: 631.5644, Philippines: 768.2685... (more ethnicities), Val Loss: 960.5745, Val MAE: 16.2979, Val R2: 0.7062
2025-04-25 18:27:31,971 - spatial_moe_trainer - INFO - Epoch 12/100 - Train Loss: 637.0666 (Col: 473.3928, Jump: 209.2862, Decline: 115.9919, PDE: 1754.1285, Reg: 13829.2341), Eth Losses: China: 629.3426, India: 576.0117, Philippines: 658.9524... (more ethnicities), Val Loss: 945.5274, Val MAE: 16.3637, Val R2: 0.7108
2025-04-25 18:27:54,423 - spatial_moe_trainer - INFO - Epoch 13/100 - Train Loss: 612.2112 (Col: 461.8771, Jump: 209.1856, Decline: 116.2698, PDE: 1655.6720, Reg: 14349.3103), Eth Losses: China: 627.6986, India: 546.1507, Philippines: 613.4191... (more ethnicities), Val Loss: 891.5823, Val MAE: 15.6378, Val R2: 0.7273
2025-04-25 18:28:16,912 - spatial_moe_trainer - INFO - Epoch 14/100 - Train Loss: 606.5352 (Col: 457.5662, Jump: 242.0118, Decline: 114.9606, PDE: 1616.8156, Reg: 16790.6573), Eth Losses: China: 624.8767, India: 494.4600, Philippines: 642.5700... (more ethnicities), Val Loss: 844.1136, Val MAE: 15.4512, Val R2: 0.7418
2025-04-25 18:28:39,373 - spatial_moe_trainer - INFO - Epoch 15/100 - Train Loss: 579.8964 (Col: 428.3743, Jump: 189.8100, Decline: 117.9146, PDE: 1584.0789, Reg: 13962.9044), Eth Losses: China: 552.7470, India: 535.1671, Philippines: 604.2716... (more ethnicities), Val Loss: 821.7534, Val MAE: 15.4835, Val R2: 0.7486
2025-04-25 18:29:01,866 - spatial_moe_trainer - INFO - Epoch 16/100 - Train Loss: 550.9452 (Col: 414.2377, Jump: 162.7336, Decline: 117.3622, PDE: 1470.8403, Reg: 14551.0480), Eth Losses: China: 516.9091, India: 522.8301, Philippines: 523.0694... (more ethnicities), Val Loss: 850.5167, Val MAE: 15.2847, Val R2: 0.7398
2025-04-25 18:29:24,380 - spatial_moe_trainer - INFO - Epoch 17/100 - Train Loss: 580.9899 (Col: 406.4954, Jump: 154.8232, Decline: 118.0263, PDE: 1571.7203, Reg: 29257.4633), Eth Losses: China: 610.7459, India: 467.9321, Philippines: 649.9822... (more ethnicities), Val Loss: 810.1523, Val MAE: 14.9783, Val R2: 0.7522
2025-04-25 18:29:46,997 - spatial_moe_trainer - INFO - Epoch 18/100 - Train Loss: 528.8292 (Col: 386.5629, Jump: 192.9979, Decline: 116.8903, PDE: 1395.1842, Reg: 13701.3423), Eth Losses: China: 575.4094, India: 459.1820, Philippines: 495.4848... (more ethnicities), Val Loss: 767.1316, Val MAE: 14.2521, Val R2: 0.7654
2025-04-25 18:30:09,731 - spatial_moe_trainer - INFO - Epoch 19/100 - Train Loss: 515.9530 (Col: 381.1914, Jump: 163.9599, Decline: 122.3986, PDE: 1340.5881, Reg: 19602.5245), Eth Losses: China: 504.2793, India: 475.9054, Philippines: 549.6604... (more ethnicities), Val Loss: 856.7450, Val MAE: 14.5683, Val R2: 0.7379
2025-04-25 18:30:32,221 - spatial_moe_trainer - INFO - Epoch 20/100 - Train Loss: 491.2631 (Col: 343.6973, Jump: 188.4644, Decline: 116.6361, PDE: 1320.0855, Reg: 17423.7949), Eth Losses: China: 485.4087, India: 429.5569, Philippines: 506.7312... (more ethnicities), Val Loss: 779.5913, Val MAE: 14.3286, Val R2: 0.7615
2025-04-25 18:30:54,673 - spatial_moe_trainer - INFO - Epoch 21/100 - Train Loss: 493.9310 (Col: 376.3532, Jump: 165.2102, Decline: 121.5336, PDE: 1261.0213, Reg: 13893.0133), Eth Losses: China: 491.5122, India: 411.7073, Philippines: 568.9549... (more ethnicities), Val Loss: 774.2267, Val MAE: 14.4861, Val R2: 0.7632
2025-04-25 18:31:17,295 - spatial_moe_trainer - INFO - Epoch 22/100 - Train Loss: 491.2836 (Col: 364.1227, Jump: 170.8624, Decline: 119.2467, PDE: 1321.1074, Reg: 12768.0142), Eth Losses: China: 491.3136, India: 405.0413, Philippines: 507.0734... (more ethnicities), Val Loss: 767.2682, Val MAE: 14.2351, Val R2: 0.7653
2025-04-25 18:31:39,623 - spatial_moe_trainer - INFO - Epoch 23/100 - Train Loss: 491.6986 (Col: 338.8183, Jump: 180.6236, Decline: 120.0644, PDE: 1333.5117, Reg: 17337.3123), Eth Losses: China: 507.3371, India: 430.9680, Philippines: 528.5324... (more ethnicities), Val Loss: 760.7353, Val MAE: 14.3789, Val R2: 0.7673
2025-04-25 18:32:02,023 - spatial_moe_trainer - INFO - Epoch 24/100 - Train Loss: 477.8073 (Col: 368.6055, Jump: 166.0628, Decline: 118.8830, PDE: 1190.5503, Reg: 11486.7179), Eth Losses: China: 479.5026, India: 457.9336, Philippines: 466.8379... (more ethnicities), Val Loss: 771.4149, Val MAE: 14.3873, Val R2: 0.7640
2025-04-25 18:32:24,587 - spatial_moe_trainer - INFO - Epoch 25/100 - Train Loss: 455.3937 (Col: 350.4637, Jump: 198.4175, Decline: 117.8487, PDE: 1182.5969, Reg: 9717.9476), Eth Losses: China: 366.2744, India: 431.4869, Philippines: 503.9927... (more ethnicities), Val Loss: 753.3455, Val MAE: 13.3296, Val R2: 0.7696
2025-04-25 18:32:47,084 - spatial_moe_trainer - INFO - Epoch 26/100 - Train Loss: 485.3083 (Col: 378.5173, Jump: 185.6771, Decline: 113.6602, PDE: 1189.6050, Reg: 18655.7723), Eth Losses: China: 483.6681, India: 559.7749, Philippines: 494.3279... (more ethnicities), Val Loss: 782.5757, Val MAE: 13.9881, Val R2: 0.7606
2025-04-25 18:33:09,670 - spatial_moe_trainer - INFO - Epoch 27/100 - Train Loss: 464.7289 (Col: 351.0746, Jump: 179.2159, Decline: 116.6712, PDE: 1201.2942, Reg: 15012.2004), Eth Losses: China: 429.0561, India: 448.0495, Philippines: 487.8378... (more ethnicities), Val Loss: 765.9948, Val MAE: 13.6387, Val R2: 0.7657
2025-04-25 18:33:32,132 - spatial_moe_trainer - INFO - Epoch 28/100 - Train Loss: 437.9414 (Col: 338.2831, Jump: 140.6539, Decline: 116.1015, PDE: 1133.1112, Reg: 8795.2197), Eth Losses: China: 404.8734, India: 397.4608, Philippines: 424.1840... (more ethnicities), Val Loss: 740.1058, Val MAE: 14.0273, Val R2: 0.7736
2025-04-25 18:33:54,612 - spatial_moe_trainer - INFO - Epoch 29/100 - Train Loss: 439.1137 (Col: 340.9649, Jump: 174.0769, Decline: 114.4695, PDE: 1095.6751, Reg: 9279.4194), Eth Losses: China: 392.7530, India: 408.3370, Philippines: 460.8393... (more ethnicities), Val Loss: 767.1122, Val MAE: 14.3435, Val R2: 0.7654
2025-04-25 18:34:17,137 - spatial_moe_trainer - INFO - Epoch 30/100 - Train Loss: 414.2546 (Col: 317.1056, Jump: 141.8898, Decline: 119.0814, PDE: 1050.2853, Reg: 7566.9073), Eth Losses: China: 395.7682, India: 397.4324, Philippines: 389.4935... (more ethnicities), Val Loss: 733.7303, Val MAE: 13.8442, Val R2: 0.7756
2025-04-25 18:34:39,561 - spatial_moe_trainer - INFO - Epoch 31/100 - Train Loss: 432.4629 (Col: 332.7396, Jump: 140.6615, Decline: 118.5601, PDE: 1069.0809, Reg: 16279.3614), Eth Losses: China: 409.9179, India: 413.1852, Philippines: 432.0136... (more ethnicities), Val Loss: 738.2511, Val MAE: 14.1747, Val R2: 0.7742
2025-04-25 18:35:02,074 - spatial_moe_trainer - INFO - Epoch 32/100 - Train Loss: 417.7188 (Col: 311.7705, Jump: 183.7052, Decline: 122.8492, PDE: 1045.6602, Reg: 13790.6456), Eth Losses: China: 428.8325, India: 399.2470, Philippines: 408.0372... (more ethnicities), Val Loss: 779.6855, Val MAE: 13.8502, Val R2: 0.7615
2025-04-25 18:35:24,544 - spatial_moe_trainer - INFO - Epoch 33/100 - Train Loss: 438.2851 (Col: 312.9605, Jump: 155.3946, Decline: 125.0135, PDE: 1084.6891, Reg: 23852.7898), Eth Losses: China: 526.0970, India: 363.2372, Philippines: 401.6136... (more ethnicities), Val Loss: 735.9563, Val MAE: 13.2501, Val R2: 0.7749
2025-04-25 18:35:46,927 - spatial_moe_trainer - INFO - Epoch 34/100 - Train Loss: 400.6519 (Col: 272.5269, Jump: 156.3056, Decline: 123.2737, PDE: 1035.0050, Reg: 16175.8306), Eth Losses: China: 400.9304, India: 374.0020, Philippines: 381.8931... (more ethnicities), Val Loss: 704.0885, Val MAE: 13.3954, Val R2: 0.7846
2025-04-25 18:36:09,504 - spatial_moe_trainer - INFO - Epoch 35/100 - Train Loss: 412.0463 (Col: 325.3983, Jump: 173.6112, Decline: 127.8898, PDE: 1009.8693, Reg: 8483.2230), Eth Losses: China: 355.5420, India: 362.7869, Philippines: 389.0325... (more ethnicities), Val Loss: 723.7176, Val MAE: 13.5595, Val R2: 0.7786
2025-04-25 18:36:32,004 - spatial_moe_trainer - INFO - Epoch 36/100 - Train Loss: 390.3757 (Col: 280.2445, Jump: 135.9541, Decline: 127.8573, PDE: 974.4578, Reg: 13705.2175), Eth Losses: China: 377.0142, India: 352.7306, Philippines: 384.7977... (more ethnicities), Val Loss: 740.8120, Val MAE: 13.8454, Val R2: 0.7734
2025-04-25 18:36:54,492 - spatial_moe_trainer - INFO - Epoch 37/100 - Train Loss: 381.1338 (Col: 275.0920, Jump: 145.7571, Decline: 128.3781, PDE: 920.3748, Reg: 18318.7483), Eth Losses: China: 374.0699, India: 364.6809, Philippines: 361.2921... (more ethnicities), Val Loss: 715.7177, Val MAE: 13.4604, Val R2: 0.7811
2025-04-25 18:37:17,150 - spatial_moe_trainer - INFO - Epoch 38/100 - Train Loss: 387.5228 (Col: 277.2703, Jump: 120.0767, Decline: 131.6487, PDE: 986.8458, Reg: 10562.2391), Eth Losses: China: 374.3856, India: 391.8992, Philippines: 356.0313... (more ethnicities), Val Loss: 717.5901, Val MAE: 13.7224, Val R2: 0.7805
2025-04-25 18:37:39,673 - spatial_moe_trainer - INFO - Epoch 39/100 - Train Loss: 372.8992 (Col: 265.4971, Jump: 139.2541, Decline: 138.4358, PDE: 953.2949, Reg: 8600.6765), Eth Losses: China: 352.0566, India: 329.2637, Philippines: 370.8927... (more ethnicities), Val Loss: 720.4018, Val MAE: 13.7030, Val R2: 0.7796
2025-04-25 18:38:01,943 - spatial_moe_trainer - INFO - Epoch 40/100 - Train Loss: 361.1281 (Col: 255.8339, Jump: 142.1866, Decline: 131.0843, PDE: 897.7028, Reg: 11623.5716), Eth Losses: China: 347.9466, India: 326.5492, Philippines: 326.4125... (more ethnicities), Val Loss: 675.3737, Val MAE: 13.2569, Val R2: 0.7934
2025-04-25 18:38:24,363 - spatial_moe_trainer - INFO - Epoch 41/100 - Train Loss: 374.8451 (Col: 265.3021, Jump: 153.4561, Decline: 146.8584, PDE: 936.8248, Reg: 12781.0849), Eth Losses: China: 371.7692, India: 323.8776, Philippines: 357.2771... (more ethnicities), Val Loss: 689.9986, Val MAE: 13.3389, Val R2: 0.7889
2025-04-25 18:38:46,792 - spatial_moe_trainer - INFO - Epoch 42/100 - Train Loss: 384.4975 (Col: 268.9535, Jump: 135.9603, Decline: 158.1306, PDE: 952.4910, Reg: 10217.3481), Eth Losses: China: 378.3370, India: 343.1189, Philippines: 349.3377... (more ethnicities), Val Loss: 698.5860, Val MAE: 13.7312, Val R2: 0.7863
2025-04-25 18:39:09,321 - spatial_moe_trainer - INFO - Epoch 43/100 - Train Loss: 383.2502 (Col: 275.0339, Jump: 145.1225, Decline: 165.1736, PDE: 902.6168, Reg: 10518.6464), Eth Losses: China: 339.6203, India: 362.5854, Philippines: 345.7727... (more ethnicities), Val Loss: 693.0358, Val MAE: 13.4712, Val R2: 0.7880
2025-04-25 18:39:31,800 - spatial_moe_trainer - INFO - Epoch 44/100 - Train Loss: 360.7168 (Col: 239.4451, Jump: 147.9805, Decline: 154.1833, PDE: 900.9212, Reg: 12033.1057), Eth Losses: China: 371.0383, India: 318.3525, Philippines: 335.0111... (more ethnicities), Val Loss: 711.6298, Val MAE: 14.0036, Val R2: 0.7823
2025-04-25 18:39:54,190 - spatial_moe_trainer - INFO - Epoch 45/100 - Train Loss: 368.7946 (Col: 272.1770, Jump: 131.5139, Decline: 197.1716, PDE: 815.2612, Reg: 11291.5600), Eth Losses: China: 350.6472, India: 305.4531, Philippines: 316.2679... (more ethnicities), Val Loss: 727.2606, Val MAE: 13.9844, Val R2: 0.7775
2025-04-25 18:40:16,611 - spatial_moe_trainer - INFO - Epoch 46/100 - Train Loss: 387.0414 (Col: 257.6786, Jump: 144.0665, Decline: 227.4347, PDE: 910.0705, Reg: 10826.0102), Eth Losses: China: 327.4941, India: 303.9192, Philippines: 342.0569... (more ethnicities), Val Loss: 746.6876, Val MAE: 14.1081, Val R2: 0.7716
2025-04-25 18:40:38,970 - spatial_moe_trainer - INFO - Epoch 47/100 - Train Loss: 395.4423 (Col: 248.4152, Jump: 139.1903, Decline: 261.8538, PDE: 934.2961, Reg: 11141.4169), Eth Losses: China: 337.3914, India: 309.9030, Philippines: 315.1246... (more ethnicities), Val Loss: 746.5459, Val MAE: 14.3683, Val R2: 0.7716
2025-04-25 18:41:01,304 - spatial_moe_trainer - INFO - Epoch 48/100 - Train Loss: 417.1986 (Col: 250.4457, Jump: 139.4497, Decline: 287.6788, PDE: 997.2215, Reg: 11155.2949), Eth Losses: China: 325.4248, India: 316.7565, Philippines: 323.1878... (more ethnicities), Val Loss: 775.1519, Val MAE: 14.6257, Val R2: 0.7629
2025-04-25 18:41:23,961 - spatial_moe_trainer - INFO - Epoch 49/100 - Train Loss: 432.6964 (Col: 258.3378, Jump: 142.7110, Decline: 313.9041, PDE: 991.9604, Reg: 13446.7161), Eth Losses: China: 329.4869, India: 326.4067, Philippines: 321.5043... (more ethnicities), Val Loss: 766.1446, Val MAE: 14.5906, Val R2: 0.7657
2025-04-25 18:41:46,410 - spatial_moe_trainer - INFO - Epoch 50/100 - Train Loss: 426.0625 (Col: 232.1805, Jump: 152.3345, Decline: 309.3963, PDE: 1068.0669, Reg: 12267.6914), Eth Losses: China: 345.2004, India: 295.7833, Philippines: 341.9621... (more ethnicities), Val Loss: 778.3373, Val MAE: 14.6376, Val R2: 0.7619
2025-04-25 18:41:46,410 - spatial_moe_trainer - INFO - Early stopping at epoch 50
2025-04-25 18:41:46,432 - spatial_moe_trainer - INFO - Saving metrics to ./optuna_results/trial_18/metrics
2025-04-25 18:41:46,435 - spatial_moe_trainer - INFO - Training metrics saved to ./optuna_results/trial_18/metrics/training_metrics.csv
2025-04-25 18:41:46,438 - spatial_moe_trainer - INFO - Validation metrics saved to ./optuna_results/trial_18/metrics/validation_metrics.csv
2025-04-25 18:41:46,476 - spatial_moe_trainer - INFO - Multi-Ethnic Spatial MoE model saved to ./optuna_results/trial_18/model.pt
2025-04-25 18:41:46,508 - __mp_main__ - INFO - Running trial 19 on device cuda:0
2025-04-25 18:41:46,525 - __main__ - INFO - Trial 18 completed with value: 675.373710
2025-04-25 18:41:46,699 - __mp_main__ - INFO - Using adjusted dimensions - hidden_dims: [66, 24, 24], coord_embed_dim: 48
2025-04-25 18:41:46,744 - spatial_moe_trainer - INFO - Multi-Ethnic Spatial MoE model initialized on cuda:0
2025-04-25 18:41:46,744 - spatial_moe_trainer - INFO - Model will predict 5 ethnicities: ['China', 'India', 'Philippines', 'Portugal', 'Sri Lanka']
2025-04-25 18:41:46,765 - __mp_main__ - INFO - Testing model forward pass before training...
2025-04-25 18:41:46,921 - __mp_main__ - INFO - Test forward pass successful. Output shape: torch.Size([64, 5])
2025-04-25 18:41:46,921 - spatial_moe_trainer - INFO - Starting multi-ethnic spatial MoE model training with learnable expert router...
2025-04-25 18:41:46,921 - spatial_moe_trainer - INFO - Using colonization_weight=5.189528738756277, jump_weight=2.856166496167418, decline_weight=4.037322951700553, pde_weight=4.844010750699986
2025-04-25 18:42:09,284 - spatial_moe_trainer - INFO - Epoch 1/100 - Train Loss: 1893.1577 (Col: 1205.5720, Jump: 993.3398, Decline: 122.3481, PDE: 5199.4707, Reg: 52550.3722), Eth Losses: China: 2513.6551, India: 2120.1992, Philippines: 2837.6985... (more ethnicities), Val Loss: 2113.3480, Val MAE: 25.5854, Val R2: 0.3536
2025-04-25 18:42:31,771 - spatial_moe_trainer - INFO - Epoch 2/100 - Train Loss: 1768.8878 (Col: 1015.5358, Jump: 955.9296, Decline: 117.8395, PDE: 5154.9267, Reg: 41031.6589), Eth Losses: China: 2389.5183, India: 2088.4852, Philippines: 2691.1118... (more ethnicities), Val Loss: 1996.1216, Val MAE: 23.3544, Val R2: 0.3894
2025-04-25 18:42:54,121 - spatial_moe_trainer - INFO - Epoch 3/100 - Train Loss: 1657.6827 (Col: 891.0079, Jump: 1059.5963, Decline: 110.0380, PDE: 4976.0620, Reg: 35040.3961), Eth Losses: China: 2159.4952, India: 2052.0431, Philippines: 2612.0613... (more ethnicities), Val Loss: 1877.2889, Val MAE: 21.4627, Val R2: 0.4258
2025-04-25 18:43:16,474 - spatial_moe_trainer - INFO - Epoch 4/100 - Train Loss: 1560.1404 (Col: 792.9993, Jump: 792.6354, Decline: 107.3899, PDE: 4828.1046, Reg: 35286.2710), Eth Losses: China: 1910.0725, India: 2050.4855, Philippines: 2464.9956... (more ethnicities), Val Loss: 1775.2672, Val MAE: 19.8485, Val R2: 0.4570
2025-04-25 18:43:38,914 - spatial_moe_trainer - INFO - Epoch 5/100 - Train Loss: 1474.6715 (Col: 703.4805, Jump: 856.2388, Decline: 102.9303, PDE: 4753.7456, Reg: 21735.2872), Eth Losses: China: 1811.2312, India: 1989.9900, Philippines: 2284.4863... (more ethnicities), Val Loss: 1697.0039, Val MAE: 18.5232, Val R2: 0.4809
2025-04-25 18:44:01,230 - spatial_moe_trainer - INFO - Epoch 6/100 - Train Loss: 1390.0188 (Col: 660.6334, Jump: 1020.8934, Decline: 103.5348, PDE: 4312.4797, Reg: 38525.9345), Eth Losses: China: 1661.3863, India: 1918.5691, Philippines: 2092.4964... (more ethnicities), Val Loss: 1606.5502, Val MAE: 17.8401, Val R2: 0.5086
2025-04-25 18:44:23,602 - spatial_moe_trainer - INFO - Epoch 7/100 - Train Loss: 1310.1214 (Col: 642.6317, Jump: 697.5047, Decline: 98.4795, PDE: 4141.9301, Reg: 29628.4759), Eth Losses: China: 1440.7452, India: 1892.0661, Philippines: 1960.9850... (more ethnicities), Val Loss: 1555.8044, Val MAE: 17.3900, Val R2: 0.5241
2025-04-25 18:44:45,893 - spatial_moe_trainer - INFO - Epoch 8/100 - Train Loss: 1278.5367 (Col: 575.0215, Jump: 775.2695, Decline: 95.0892, PDE: 4208.6691, Reg: 25542.3236), Eth Losses: China: 1399.6001, India: 1808.7814, Philippines: 1940.4942... (more ethnicities), Val Loss: 1490.1761, Val MAE: 17.1459, Val R2: 0.5442
2025-04-25 18:45:08,226 - spatial_moe_trainer - INFO - Epoch 9/100 - Train Loss: 1224.8834 (Col: 526.8979, Jump: 581.9427, Decline: 96.0486, PDE: 4041.1563, Reg: 16526.3079), Eth Losses: China: 1360.9539, India: 1795.3315, Philippines: 1739.8833... (more ethnicities), Val Loss: 1423.7921, Val MAE: 16.8424, Val R2: 0.5645
2025-04-25 18:45:30,598 - spatial_moe_trainer - INFO - Epoch 10/100 - Train Loss: 1209.1593 (Col: 517.2276, Jump: 837.9562, Decline: 96.7450, PDE: 4010.8535, Reg: 17439.3059), Eth Losses: China: 1289.7633, India: 1763.5704, Philippines: 1700.3314... (more ethnicities), Val Loss: 1409.4077, Val MAE: 16.6936, Val R2: 0.5689
2025-04-25 18:45:52,939 - spatial_moe_trainer - INFO - Trial pruned at epoch 11
2025-04-25 18:45:52,953 - spatial_moe_trainer - INFO - Saving metrics to ./optuna_results/trial_19/metrics
2025-04-25 18:45:52,955 - spatial_moe_trainer - INFO - Training metrics saved to ./optuna_results/trial_19/metrics/training_metrics.csv
2025-04-25 18:45:52,956 - spatial_moe_trainer - INFO - Validation metrics saved to ./optuna_results/trial_19/metrics/validation_metrics.csv
2025-04-25 18:45:52,994 - spatial_moe_trainer - INFO - Multi-Ethnic Spatial MoE model saved to ./optuna_results/trial_19/model.pt
2025-04-25 18:45:53,027 - __mp_main__ - INFO - Running trial 20 on device cuda:0
2025-04-25 18:45:53,042 - __main__ - INFO - Trial 19 completed with value: 1382.879408
2025-04-25 18:45:53,222 - __mp_main__ - INFO - Using adjusted dimensions - hidden_dims: [135, 25, 25], coord_embed_dim: 35
2025-04-25 18:45:53,270 - spatial_moe_trainer - INFO - Multi-Ethnic Spatial MoE model initialized on cuda:0
2025-04-25 18:45:53,270 - spatial_moe_trainer - INFO - Model will predict 5 ethnicities: ['China', 'India', 'Philippines', 'Portugal', 'Sri Lanka']
2025-04-25 18:45:53,290 - __mp_main__ - INFO - Testing model forward pass before training...
2025-04-25 18:45:53,462 - __mp_main__ - INFO - Test forward pass successful. Output shape: torch.Size([64, 5])
2025-04-25 18:45:53,462 - spatial_moe_trainer - INFO - Starting multi-ethnic spatial MoE model training with learnable expert router...
2025-04-25 18:45:53,462 - spatial_moe_trainer - INFO - Using colonization_weight=8.05266659034115, jump_weight=5.673911521838322, decline_weight=6.351772612200354, pde_weight=5.802997879472143
2025-04-25 18:46:15,970 - spatial_moe_trainer - INFO - Epoch 1/100 - Train Loss: 1377.6440 (Col: 956.1116, Jump: 621.0973, Decline: 175.6570, PDE: 4135.9631, Reg: 12233.8034), Eth Losses: China: 1803.6326, India: 1617.2290, Philippines: 1976.3454... (more ethnicities), Val Loss: 1433.8868, Val MAE: 16.8697, Val R2: 0.5614
2025-04-25 18:46:38,299 - spatial_moe_trainer - INFO - Epoch 2/100 - Train Loss: 898.5955 (Col: 609.7024, Jump: 431.3791, Decline: 145.0758, PDE: 2732.9445, Reg: 6844.3207), Eth Losses: China: 965.3644, India: 1127.2493, Philippines: 1286.5980... (more ethnicities), Val Loss: 1210.1546, Val MAE: 15.3571, Val R2: 0.6298
2025-04-25 18:47:00,672 - spatial_moe_trainer - INFO - Epoch 3/100 - Train Loss: 704.1556 (Col: 476.5747, Jump: 322.5028, Decline: 130.6315, PDE: 2037.9994, Reg: 10029.2508), Eth Losses: China: 862.2783, India: 866.6860, Philippines: 863.4529... (more ethnicities), Val Loss: 1093.6667, Val MAE: 14.8739, Val R2: 0.6655
2025-04-25 18:47:23,034 - spatial_moe_trainer - INFO - Epoch 4/100 - Train Loss: 635.5896 (Col: 391.0397, Jump: 297.9810, Decline: 124.2190, PDE: 1930.1473, Reg: 8560.6244), Eth Losses: China: 882.5116, India: 687.5621, Philippines: 791.7696... (more ethnicities), Val Loss: 1063.4131, Val MAE: 14.5475, Val R2: 0.6747
2025-04-25 18:47:45,565 - spatial_moe_trainer - INFO - Epoch 5/100 - Train Loss: 591.0110 (Col: 327.6237, Jump: 288.4519, Decline: 116.7604, PDE: 1835.5663, Reg: 7165.8845), Eth Losses: China: 841.4795, India: 619.0680, Philippines: 739.8499... (more ethnicities), Val Loss: 1010.6016, Val MAE: 14.4444, Val R2: 0.6909
2025-04-25 18:48:07,901 - spatial_moe_trainer - INFO - Epoch 6/100 - Train Loss: 522.3590 (Col: 287.5415, Jump: 303.6617, Decline: 111.9620, PDE: 1658.1545, Reg: 5634.0998), Eth Losses: China: 756.3540, India: 598.8261, Philippines: 566.5179... (more ethnicities), Val Loss: 991.8240, Val MAE: 14.0499, Val R2: 0.6966
2025-04-25 18:48:30,275 - spatial_moe_trainer - INFO - Epoch 7/100 - Train Loss: 500.4061 (Col: 272.9050, Jump: 282.0635, Decline: 109.6573, PDE: 1572.0686, Reg: 6863.8703), Eth Losses: China: 726.0330, India: 542.1933, Philippines: 576.0041... (more ethnicities), Val Loss: 1007.3710, Val MAE: 14.0846, Val R2: 0.6919
2025-04-25 18:48:52,639 - spatial_moe_trainer - INFO - Epoch 8/100 - Train Loss: 498.6235 (Col: 244.8386, Jump: 270.1612, Decline: 110.6925, PDE: 1604.3027, Reg: 8883.5225), Eth Losses: China: 725.9583, India: 458.3148, Philippines: 636.1174... (more ethnicities), Val Loss: 974.5409, Val MAE: 13.9442, Val R2: 0.7019
2025-04-25 18:49:15,198 - spatial_moe_trainer - INFO - Epoch 9/100 - Train Loss: 447.7287 (Col: 218.5091, Jump: 245.7662, Decline: 105.4241, PDE: 1492.9105, Reg: 6410.1183), Eth Losses: China: 620.4852, India: 462.7339, Philippines: 525.7180... (more ethnicities), Val Loss: 895.5334, Val MAE: 13.8740, Val R2: 0.7261
2025-04-25 18:49:37,576 - spatial_moe_trainer - INFO - Epoch 10/100 - Train Loss: 438.5952 (Col: 210.4829, Jump: 244.6771, Decline: 109.1287, PDE: 1433.5604, Reg: 6325.3226), Eth Losses: China: 619.8808, India: 451.8915, Philippines: 500.2378... (more ethnicities), Val Loss: 876.7456, Val MAE: 13.4850, Val R2: 0.7318
2025-04-25 18:49:59,965 - spatial_moe_trainer - INFO - Epoch 11/100 - Train Loss: 422.2959 (Col: 173.8875, Jump: 220.1203, Decline: 104.3646, PDE: 1436.0542, Reg: 8271.9356), Eth Losses: China: 545.4363, India: 440.4746, Philippines: 527.9216... (more ethnicities), Val Loss: 887.1160, Val MAE: 13.5909, Val R2: 0.7286
2025-04-25 18:50:22,347 - spatial_moe_trainer - INFO - Epoch 12/100 - Train Loss: 407.0410 (Col: 170.1708, Jump: 217.4354, Decline: 102.8978, PDE: 1392.0303, Reg: 4779.0308), Eth Losses: China: 528.2945, India: 452.4371, Philippines: 468.0008... (more ethnicities), Val Loss: 853.2609, Val MAE: 13.4336, Val R2: 0.7390
2025-04-25 18:50:44,611 - spatial_moe_trainer - INFO - Epoch 13/100 - Train Loss: 403.7299 (Col: 164.5732, Jump: 231.7780, Decline: 106.5393, PDE: 1374.6194, Reg: 6302.1241), Eth Losses: China: 498.0454, India: 438.2820, Philippines: 465.0896... (more ethnicities), Val Loss: 813.2160, Val MAE: 13.4135, Val R2: 0.7513
2025-04-25 18:51:07,006 - spatial_moe_trainer - INFO - Epoch 14/100 - Train Loss: 391.5054 (Col: 148.4989, Jump: 231.3287, Decline: 107.2082, PDE: 1370.1863, Reg: 5591.8930), Eth Losses: China: 507.4143, India: 450.3195, Philippines: 457.1984... (more ethnicities), Val Loss: 783.0024, Val MAE: 13.0205, Val R2: 0.7605
2025-04-25 18:51:29,394 - spatial_moe_trainer - INFO - Epoch 15/100 - Train Loss: 383.1181 (Col: 154.5472, Jump: 215.0615, Decline: 103.9501, PDE: 1315.1100, Reg: 5235.4022), Eth Losses: China: 538.6034, India: 395.0754, Philippines: 446.6406... (more ethnicities), Val Loss: 780.4786, Val MAE: 13.0721, Val R2: 0.7613
2025-04-25 18:51:51,690 - spatial_moe_trainer - INFO - Epoch 16/100 - Train Loss: 372.4767 (Col: 152.8731, Jump: 192.1527, Decline: 102.8290, PDE: 1254.9238, Reg: 5507.4509), Eth Losses: China: 482.1224, India: 411.7769, Philippines: 466.4757... (more ethnicities), Val Loss: 778.3898, Val MAE: 13.3187, Val R2: 0.7619
2025-04-25 18:52:14,323 - spatial_moe_trainer - INFO - Epoch 17/100 - Train Loss: 349.0975 (Col: 139.6345, Jump: 185.1626, Decline: 109.5761, PDE: 1217.4132, Reg: 4001.8434), Eth Losses: China: 411.5482, India: 394.0343, Philippines: 437.4922... (more ethnicities), Val Loss: 743.4449, Val MAE: 13.0166, Val R2: 0.7726
2025-04-25 18:52:36,748 - spatial_moe_trainer - INFO - Epoch 18/100 - Train Loss: 349.9841 (Col: 141.7838, Jump: 158.4106, Decline: 105.4540, PDE: 1183.8928, Reg: 6666.8151), Eth Losses: China: 430.6237, India: 414.7773, Philippines: 412.2681... (more ethnicities), Val Loss: 738.8955, Val MAE: 13.1446, Val R2: 0.7740
2025-04-25 18:52:59,089 - spatial_moe_trainer - INFO - Epoch 19/100 - Train Loss: 344.4788 (Col: 150.2331, Jump: 182.1502, Decline: 107.8675, PDE: 1159.6467, Reg: 3680.7108), Eth Losses: China: 435.5458, India: 376.7130, Philippines: 403.2741... (more ethnicities), Val Loss: 756.7538, Val MAE: 13.0012, Val R2: 0.7685
2025-04-25 18:53:21,606 - spatial_moe_trainer - INFO - Epoch 20/100 - Train Loss: 340.6455 (Col: 134.8650, Jump: 178.3195, Decline: 103.5109, PDE: 1145.6287, Reg: 4792.1760), Eth Losses: China: 493.7521, India: 362.5392, Philippines: 399.0484... (more ethnicities), Val Loss: 729.3269, Val MAE: 12.8344, Val R2: 0.7769
2025-04-25 18:53:44,037 - spatial_moe_trainer - INFO - Epoch 21/100 - Train Loss: 338.0719 (Col: 131.4187, Jump: 170.4806, Decline: 105.2474, PDE: 1182.5985, Reg: 3731.9947), Eth Losses: China: 389.9335, India: 397.2625, Philippines: 462.3458... (more ethnicities), Val Loss: 771.0971, Val MAE: 12.7811, Val R2: 0.7641
2025-04-25 18:54:06,566 - spatial_moe_trainer - INFO - Epoch 22/100 - Train Loss: 333.1244 (Col: 148.3614, Jump: 166.7877, Decline: 105.7533, PDE: 1103.7826, Reg: 4246.8108), Eth Losses: China: 420.8226, India: 376.1916, Philippines: 382.7728... (more ethnicities), Val Loss: 752.5518, Val MAE: 12.9957, Val R2: 0.7698
2025-04-25 18:54:28,940 - spatial_moe_trainer - INFO - Epoch 23/100 - Train Loss: 333.0631 (Col: 139.4086, Jump: 166.0099, Decline: 99.6904, PDE: 1119.6495, Reg: 4137.9407), Eth Losses: China: 449.8040, India: 341.8221, Philippines: 433.4828... (more ethnicities), Val Loss: 738.1066, Val MAE: 13.0144, Val R2: 0.7742
2025-04-25 18:54:51,284 - spatial_moe_trainer - INFO - Epoch 24/100 - Train Loss: 335.1093 (Col: 150.1147, Jump: 160.3789, Decline: 103.5482, PDE: 1066.2947, Reg: 4949.5890), Eth Losses: China: 452.5400, India: 448.4004, Philippines: 368.8570... (more ethnicities), Val Loss: 769.4534, Val MAE: 12.9184, Val R2: 0.7646
2025-04-25 18:55:13,649 - spatial_moe_trainer - INFO - Epoch 25/100 - Train Loss: 325.3422 (Col: 141.4948, Jump: 166.3122, Decline: 101.2420, PDE: 1063.3404, Reg: 5639.1596), Eth Losses: China: 440.0916, India: 346.5806, Philippines: 385.3256... (more ethnicities), Val Loss: 740.0987, Val MAE: 12.7947, Val R2: 0.7736
2025-04-25 18:55:35,989 - spatial_moe_trainer - INFO - Epoch 26/100 - Train Loss: 302.7619 (Col: 140.7790, Jump: 159.4286, Decline: 96.6758, PDE: 995.3354, Reg: 4574.7745), Eth Losses: China: 393.7378, India: 414.4715, Philippines: 353.2069... (more ethnicities), Val Loss: 731.9342, Val MAE: 12.6803, Val R2: 0.7761
2025-04-25 18:55:58,535 - spatial_moe_trainer - INFO - Epoch 27/100 - Train Loss: 311.1811 (Col: 125.5388, Jump: 160.5088, Decline: 101.6478, PDE: 1077.5517, Reg: 3941.2275), Eth Losses: China: 359.6251, India: 368.1907, Philippines: 426.6435... (more ethnicities), Val Loss: 705.8345, Val MAE: 12.7006, Val R2: 0.7841
2025-04-25 18:56:20,878 - spatial_moe_trainer - INFO - Epoch 28/100 - Train Loss: 283.6668 (Col: 98.9110, Jump: 160.1082, Decline: 100.6287, PDE: 1015.0239, Reg: 3460.7059), Eth Losses: China: 386.5813, India: 320.5214, Philippines: 345.7781... (more ethnicities), Val Loss: 698.7606, Val MAE: 12.5628, Val R2: 0.7863
2025-04-25 18:56:43,238 - spatial_moe_trainer - INFO - Epoch 29/100 - Train Loss: 293.1106 (Col: 95.6919, Jump: 141.0885, Decline: 102.0366, PDE: 1005.6039, Reg: 5106.5567), Eth Losses: China: 407.4931, India: 300.7243, Philippines: 355.3011... (more ethnicities), Val Loss: 722.3705, Val MAE: 12.7309, Val R2: 0.7790
2025-04-25 18:57:05,583 - spatial_moe_trainer - INFO - Epoch 30/100 - Train Loss: 287.8005 (Col: 105.0860, Jump: 162.6270, Decline: 97.3768, PDE: 999.3200, Reg: 3911.8276), Eth Losses: China: 348.7080, India: 358.6009, Philippines: 335.0132... (more ethnicities), Val Loss: 725.9336, Val MAE: 12.7584, Val R2: 0.7780
2025-04-25 18:57:28,111 - spatial_moe_trainer - INFO - Epoch 31/100 - Train Loss: 277.4395 (Col: 84.6502, Jump: 148.2933, Decline: 103.6203, PDE: 966.3265, Reg: 4757.8758), Eth Losses: China: 381.8313, India: 302.8157, Philippines: 329.3261... (more ethnicities), Val Loss: 712.2283, Val MAE: 12.7108, Val R2: 0.7821
2025-04-25 18:57:50,862 - spatial_moe_trainer - INFO - Epoch 32/100 - Train Loss: 282.5967 (Col: 121.5772, Jump: 153.5226, Decline: 100.4811, PDE: 938.9874, Reg: 4219.4102), Eth Losses: China: 398.3280, India: 308.6643, Philippines: 322.0950... (more ethnicities), Val Loss: 708.6211, Val MAE: 12.5822, Val R2: 0.7832
2025-04-25 18:58:13,477 - spatial_moe_trainer - INFO - Epoch 33/100 - Train Loss: 269.0163 (Col: 92.9817, Jump: 135.8602, Decline: 104.6360, PDE: 936.7613, Reg: 4167.2045), Eth Losses: China: 335.2319, India: 289.1103, Philippines: 323.6509... (more ethnicities), Val Loss: 716.1431, Val MAE: 12.4992, Val R2: 0.7809
2025-04-25 18:58:35,799 - spatial_moe_trainer - INFO - Epoch 34/100 - Train Loss: 258.7625 (Col: 84.8542, Jump: 149.7976, Decline: 96.5636, PDE: 925.7537, Reg: 3424.5991), Eth Losses: China: 333.7108, India: 269.1580, Philippines: 329.4883... (more ethnicities), Val Loss: 725.2576, Val MAE: 12.6801, Val R2: 0.7782
2025-04-25 18:58:58,137 - spatial_moe_trainer - INFO - Epoch 35/100 - Train Loss: 261.6905 (Col: 80.7614, Jump: 132.8155, Decline: 96.8733, PDE: 928.5967, Reg: 5551.5193), Eth Losses: China: 370.0620, India: 278.2632, Philippines: 313.7215... (more ethnicities), Val Loss: 719.0082, Val MAE: 12.5026, Val R2: 0.7801
2025-04-25 18:59:20,588 - spatial_moe_trainer - INFO - Epoch 36/100 - Train Loss: 259.6134 (Col: 81.0306, Jump: 155.9274, Decline: 97.3473, PDE: 919.7562, Reg: 3803.3053), Eth Losses: China: 380.9279, India: 261.0685, Philippines: 314.3648... (more ethnicities), Val Loss: 726.0678, Val MAE: 12.5176, Val R2: 0.7779
2025-04-25 18:59:42,902 - spatial_moe_trainer - INFO - Epoch 37/100 - Train Loss: 252.9116 (Col: 72.9708, Jump: 137.4848, Decline: 93.8305, PDE: 888.5219, Reg: 4790.4335), Eth Losses: China: 350.5531, India: 272.8779, Philippines: 299.9982... (more ethnicities), Val Loss: 733.3616, Val MAE: 12.5241, Val R2: 0.7757
2025-04-25 19:00:05,282 - spatial_moe_trainer - INFO - Epoch 38/100 - Train Loss: 250.0036 (Col: 74.9300, Jump: 147.5438, Decline: 92.1732, PDE: 873.0303, Reg: 4463.4897), Eth Losses: China: 365.0505, India: 276.8370, Philippines: 298.8951... (more ethnicities), Val Loss: 719.1982, Val MAE: 12.5248, Val R2: 0.7800
2025-04-25 19:00:05,282 - spatial_moe_trainer - INFO - Early stopping at epoch 38
2025-04-25 19:00:05,298 - spatial_moe_trainer - INFO - Saving metrics to ./optuna_results/trial_20/metrics
2025-04-25 19:00:05,301 - spatial_moe_trainer - INFO - Training metrics saved to ./optuna_results/trial_20/metrics/training_metrics.csv
2025-04-25 19:00:05,303 - spatial_moe_trainer - INFO - Validation metrics saved to ./optuna_results/trial_20/metrics/validation_metrics.csv
2025-04-25 19:00:05,342 - spatial_moe_trainer - INFO - Multi-Ethnic Spatial MoE model saved to ./optuna_results/trial_20/model.pt
2025-04-25 19:00:05,376 - __mp_main__ - INFO - Running trial 21 on device cuda:0
2025-04-25 19:00:05,392 - __main__ - INFO - Trial 20 completed with value: 698.760610
2025-04-25 19:00:05,578 - __mp_main__ - INFO - Using adjusted dimensions - hidden_dims: [108, 42, 18], coord_embed_dim: 36
2025-04-25 19:00:05,625 - spatial_moe_trainer - INFO - Multi-Ethnic Spatial MoE model initialized on cuda:0
2025-04-25 19:00:05,625 - spatial_moe_trainer - INFO - Model will predict 5 ethnicities: ['China', 'India', 'Philippines', 'Portugal', 'Sri Lanka']
2025-04-25 19:00:05,645 - __mp_main__ - INFO - Testing model forward pass before training...
2025-04-25 19:00:05,803 - __mp_main__ - INFO - Test forward pass successful. Output shape: torch.Size([64, 5])
2025-04-25 19:00:05,803 - spatial_moe_trainer - INFO - Starting multi-ethnic spatial MoE model training with learnable expert router...
2025-04-25 19:00:05,803 - spatial_moe_trainer - INFO - Using colonization_weight=4.893645791055788, jump_weight=7.726547685746881, decline_weight=4.082643943639809, pde_weight=6.546828280429639
2025-04-25 19:00:28,223 - spatial_moe_trainer - INFO - Epoch 1/100 - Train Loss: 1740.0499 (Col: 957.7767, Jump: 1093.2260, Decline: 178.6917, PDE: 5930.1218, Reg: 13647.8342), Eth Losses: China: 2233.0311, India: 1939.6048, Philippines: 2838.1069... (more ethnicities), Val Loss: 1567.8111, Val MAE: 17.5089, Val R2: 0.5204
2025-04-25 19:00:50,551 - spatial_moe_trainer - INFO - Epoch 2/100 - Train Loss: 1228.9949 (Col: 633.9509, Jump: 787.0347, Decline: 151.1997, PDE: 4211.9546, Reg: 10051.5290), Eth Losses: China: 1376.3001, India: 1500.8303, Philippines: 1952.5663... (more ethnicities), Val Loss: 1354.3112, Val MAE: 16.5430, Val R2: 0.5857
2025-04-25 19:01:13,023 - spatial_moe_trainer - INFO - Epoch 3/100 - Train Loss: 994.6598 (Col: 516.3099, Jump: 571.0029, Decline: 128.0547, PDE: 3338.7501, Reg: 10599.3355), Eth Losses: China: 1043.6098, India: 1231.4976, Philippines: 1520.7161... (more ethnicities), Val Loss: 1258.6097, Val MAE: 16.2421, Val R2: 0.6150
2025-04-25 19:01:35,668 - spatial_moe_trainer - INFO - Epoch 4/100 - Train Loss: 838.4527 (Col: 395.7361, Jump: 427.6189, Decline: 124.2308, PDE: 2919.1488, Reg: 13339.7036), Eth Losses: China: 962.9201, India: 1008.5684, Philippines: 1248.7742... (more ethnicities), Val Loss: 1169.3114, Val MAE: 15.5538, Val R2: 0.6423
2025-04-25 19:01:58,127 - spatial_moe_trainer - INFO - Epoch 5/100 - Train Loss: 772.6662 (Col: 339.6246, Jump: 375.7688, Decline: 111.0413, PDE: 2804.4004, Reg: 11133.6677), Eth Losses: China: 957.0807, India: 877.4884, Philippines: 1150.3024... (more ethnicities), Val Loss: 1120.6736, Val MAE: 15.3055, Val R2: 0.6572
2025-04-25 19:02:20,674 - spatial_moe_trainer - INFO - Epoch 6/100 - Train Loss: 713.7965 (Col: 290.1956, Jump: 321.7771, Decline: 108.0239, PDE: 2588.4710, Reg: 13640.0427), Eth Losses: China: 898.8522, India: 775.9630, Philippines: 1001.2946... (more ethnicities), Val Loss: 1037.1777, Val MAE: 14.7157, Val R2: 0.6827
2025-04-25 19:02:43,127 - spatial_moe_trainer - INFO - Epoch 7/100 - Train Loss: 683.0171 (Col: 273.9782, Jump: 328.7236, Decline: 102.3507, PDE: 2453.6258, Reg: 14710.1631), Eth Losses: China: 842.7366, India: 755.2498, Philippines: 969.9103... (more ethnicities), Val Loss: 981.0272, Val MAE: 14.3615, Val R2: 0.6999
2025-04-25 19:03:05,713 - spatial_moe_trainer - INFO - Epoch 8/100 - Train Loss: 637.8924 (Col: 255.8168, Jump: 294.9113, Decline: 103.8671, PDE: 2300.8228, Reg: 14119.4656), Eth Losses: China: 777.0318, India: 740.8243, Philippines: 827.4127... (more ethnicities), Val Loss: 960.0773, Val MAE: 14.5756, Val R2: 0.7063
2025-04-25 19:03:28,035 - spatial_moe_trainer - INFO - Epoch 9/100 - Train Loss: 594.9548 (Col: 243.2720, Jump: 282.8553, Decline: 102.3832, PDE: 2130.9749, Reg: 9724.8219), Eth Losses: China: 668.8394, India: 646.1584, Philippines: 838.6420... (more ethnicities), Val Loss: 887.3640, Val MAE: 14.4320, Val R2: 0.7286
2025-04-25 19:03:50,379 - spatial_moe_trainer - INFO - Epoch 10/100 - Train Loss: 584.1780 (Col: 224.4476, Jump: 274.3078, Decline: 98.0452, PDE: 2084.1873, Reg: 16762.4322), Eth Losses: China: 732.4180, India: 614.3376, Philippines: 746.2833... (more ethnicities), Val Loss: 832.8700, Val MAE: 13.8940, Val R2: 0.7452
2025-04-25 19:04:12,756 - spatial_moe_trainer - INFO - Epoch 11/100 - Train Loss: 552.4745 (Col: 231.5412, Jump: 252.8189, Decline: 95.5447, PDE: 1985.7256, Reg: 9288.6299), Eth Losses: China: 640.1069, India: 638.8275, Philippines: 722.4668... (more ethnicities), Val Loss: 843.2339, Val MAE: 14.1800, Val R2: 0.7421
2025-04-25 19:04:35,405 - spatial_moe_trainer - INFO - Epoch 12/100 - Train Loss: 519.8231 (Col: 208.4630, Jump: 215.4316, Decline: 97.9450, PDE: 1853.4092, Reg: 11377.0185), Eth Losses: China: 614.9721, India: 528.2071, Philippines: 701.5275... (more ethnicities), Val Loss: 810.2556, Val MAE: 13.5203, Val R2: 0.7522
2025-04-25 19:04:57,852 - spatial_moe_trainer - INFO - Epoch 13/100 - Train Loss: 506.1045 (Col: 211.3199, Jump: 286.3090, Decline: 94.4181, PDE: 1764.1166, Reg: 11170.8125), Eth Losses: China: 566.8667, India: 558.6554, Philippines: 656.0576... (more ethnicities), Val Loss: 875.1421, Val MAE: 13.5048, Val R2: 0.7323
2025-04-25 19:05:20,391 - spatial_moe_trainer - INFO - Epoch 14/100 - Train Loss: 494.0054 (Col: 183.6515, Jump: 272.1790, Decline: 100.7051, PDE: 1760.9213, Reg: 9423.9924), Eth Losses: China: 534.8155, India: 580.0857, Philippines: 641.9781... (more ethnicities), Val Loss: 886.3089, Val MAE: 13.1771, Val R2: 0.7289
2025-04-25 19:05:42,980 - spatial_moe_trainer - INFO - Epoch 15/100 - Train Loss: 452.5203 (Col: 175.5563, Jump: 220.0613, Decline: 97.9657, PDE: 1610.0254, Reg: 8632.3352), Eth Losses: China: 534.3951, India: 482.8836, Philippines: 570.8916... (more ethnicities), Val Loss: 809.3535, Val MAE: 13.4256, Val R2: 0.7524
2025-04-25 19:06:05,400 - spatial_moe_trainer - INFO - Epoch 16/100 - Train Loss: 460.5311 (Col: 191.7561, Jump: 226.1150, Decline: 100.2803, PDE: 1584.0432, Reg: 13044.8751), Eth Losses: China: 490.2911, India: 492.6569, Philippines: 591.3445... (more ethnicities), Val Loss: 798.9180, Val MAE: 12.9576, Val R2: 0.7556
2025-04-25 19:06:27,690 - spatial_moe_trainer - INFO - Epoch 17/100 - Train Loss: 442.0284 (Col: 177.3447, Jump: 264.4766, Decline: 97.4206, PDE: 1519.6343, Reg: 11510.8085), Eth Losses: China: 496.6043, India: 490.8483, Philippines: 562.5102... (more ethnicities), Val Loss: 838.6531, Val MAE: 13.3897, Val R2: 0.7435
2025-04-25 19:06:50,237 - spatial_moe_trainer - INFO - Epoch 18/100 - Train Loss: 424.3600 (Col: 168.0247, Jump: 237.7695, Decline: 101.2473, PDE: 1485.9369, Reg: 9371.8308), Eth Losses: China: 450.2486, India: 445.1378, Philippines: 596.0295... (more ethnicities), Val Loss: 779.6216, Val MAE: 13.3300, Val R2: 0.7615
2025-04-25 19:07:12,616 - spatial_moe_trainer - INFO - Epoch 19/100 - Train Loss: 423.9225 (Col: 158.3872, Jump: 209.9801, Decline: 103.5787, PDE: 1519.0370, Reg: 8732.1049), Eth Losses: China: 471.2762, India: 398.1129, Philippines: 572.5156... (more ethnicities), Val Loss: 757.6906, Val MAE: 12.9442, Val R2: 0.7682
2025-04-25 19:07:35,083 - spatial_moe_trainer - INFO - Epoch 20/100 - Train Loss: 422.2254 (Col: 174.5147, Jump: 189.7322, Decline: 102.5349, PDE: 1443.9289, Reg: 9930.5387), Eth Losses: China: 484.9882, India: 460.5246, Philippines: 556.5223... (more ethnicities), Val Loss: 746.3858, Val MAE: 12.9679, Val R2: 0.7717
2025-04-25 19:07:57,421 - spatial_moe_trainer - INFO - Epoch 21/100 - Train Loss: 416.2763 (Col: 163.0172, Jump: 190.3849, Decline: 106.8893, PDE: 1409.6774, Reg: 13456.2594), Eth Losses: China: 528.2835, India: 415.1947, Philippines: 506.3230... (more ethnicities), Val Loss: 808.6698, Val MAE: 12.8825, Val R2: 0.7526
2025-04-25 19:08:19,827 - spatial_moe_trainer - INFO - Epoch 22/100 - Train Loss: 387.4583 (Col: 148.1114, Jump: 211.5933, Decline: 102.8681, PDE: 1323.9037, Reg: 10851.6444), Eth Losses: China: 437.0109, India: 434.4091, Philippines: 487.3078... (more ethnicities), Val Loss: 806.2840, Val MAE: 12.7436, Val R2: 0.7534
2025-04-25 19:08:42,260 - spatial_moe_trainer - INFO - Epoch 23/100 - Train Loss: 380.3770 (Col: 145.9443, Jump: 198.4751, Decline: 103.1559, PDE: 1302.1008, Reg: 10984.0317), Eth Losses: China: 441.7721, India: 442.5955, Philippines: 477.7551... (more ethnicities), Val Loss: 773.0519, Val MAE: 12.6814, Val R2: 0.7635
2025-04-25 19:09:04,795 - spatial_moe_trainer - INFO - Epoch 24/100 - Train Loss: 373.5057 (Col: 153.1438, Jump: 194.4058, Decline: 101.7381, PDE: 1267.1630, Reg: 9489.4807), Eth Losses: China: 430.5292, India: 388.1541, Philippines: 467.1330... (more ethnicities), Val Loss: 829.0059, Val MAE: 12.7753, Val R2: 0.7464
2025-04-25 19:09:27,383 - spatial_moe_trainer - INFO - Epoch 25/100 - Train Loss: 360.1101 (Col: 151.2856, Jump: 197.4475, Decline: 102.9934, PDE: 1207.6145, Reg: 9224.4582), Eth Losses: China: 429.7699, India: 367.8245, Philippines: 480.1969... (more ethnicities), Val Loss: 824.3916, Val MAE: 12.4275, Val R2: 0.7478
2025-04-25 19:09:49,722 - spatial_moe_trainer - INFO - Epoch 26/100 - Train Loss: 373.2410 (Col: 147.6700, Jump: 216.7424, Decline: 103.4344, PDE: 1253.3930, Reg: 10214.1227), Eth Losses: China: 469.8986, India: 402.9054, Philippines: 468.3323... (more ethnicities), Val Loss: 759.9583, Val MAE: 12.3845, Val R2: 0.7675
2025-04-25 19:10:12,324 - spatial_moe_trainer - INFO - Epoch 27/100 - Train Loss: 353.8012 (Col: 134.2491, Jump: 180.9659, Decline: 103.3565, PDE: 1217.4358, Reg: 7658.5341), Eth Losses: China: 398.8915, India: 372.4234, Philippines: 463.2688... (more ethnicities), Val Loss: 721.5304, Val MAE: 12.3875, Val R2: 0.7793
2025-04-25 19:10:35,295 - spatial_moe_trainer - INFO - Epoch 28/100 - Train Loss: 352.6843 (Col: 153.6016, Jump: 194.5616, Decline: 105.6338, PDE: 1146.3755, Reg: 8828.7973), Eth Losses: China: 409.8396, India: 465.5912, Philippines: 421.1470... (more ethnicities), Val Loss: 774.9597, Val MAE: 12.5946, Val R2: 0.7630
2025-04-25 19:10:57,882 - spatial_moe_trainer - INFO - Epoch 29/100 - Train Loss: 339.0604 (Col: 130.5238, Jump: 175.8191, Decline: 100.9733, PDE: 1139.9436, Reg: 8125.3594), Eth Losses: China: 404.5884, India: 372.2929, Philippines: 422.4781... (more ethnicities), Val Loss: 767.9736, Val MAE: 12.3672, Val R2: 0.7651
2025-04-25 19:11:20,596 - spatial_moe_trainer - INFO - Epoch 30/100 - Train Loss: 345.4354 (Col: 141.6642, Jump: 181.0221, Decline: 108.2436, PDE: 1156.3872, Reg: 6953.1502), Eth Losses: China: 433.0255, India: 356.6968, Philippines: 418.1740... (more ethnicities), Val Loss: 797.4210, Val MAE: 12.5948, Val R2: 0.7561
2025-04-25 19:11:43,070 - spatial_moe_trainer - INFO - Epoch 31/100 - Train Loss: 329.8454 (Col: 117.5806, Jump: 163.8712, Decline: 109.1001, PDE: 1122.4676, Reg: 9579.6705), Eth Losses: China: 356.9508, India: 377.5983, Philippines: 436.1165... (more ethnicities), Val Loss: 764.6537, Val MAE: 12.7170, Val R2: 0.7661
2025-04-25 19:12:05,684 - spatial_moe_trainer - INFO - Epoch 32/100 - Train Loss: 333.6133 (Col: 128.0876, Jump: 161.0716, Decline: 102.2884, PDE: 1128.0516, Reg: 7852.4160), Eth Losses: China: 444.4040, India: 357.2828, Philippines: 407.0019... (more ethnicities), Val Loss: 760.0394, Val MAE: 12.4869, Val R2: 0.7675
2025-04-25 19:12:28,199 - spatial_moe_trainer - INFO - Epoch 33/100 - Train Loss: 343.9879 (Col: 155.7326, Jump: 180.6964, Decline: 101.5170, PDE: 1084.7665, Reg: 11146.1149), Eth Losses: China: 403.1243, India: 512.0913, Philippines: 408.6112... (more ethnicities), Val Loss: 738.4411, Val MAE: 12.4596, Val R2: 0.7741
2025-04-25 19:12:50,778 - spatial_moe_trainer - INFO - Epoch 34/100 - Train Loss: 341.9807 (Col: 129.9402, Jump: 167.7135, Decline: 105.6083, PDE: 1147.8683, Reg: 12765.8917), Eth Losses: China: 405.1887, India: 357.3618, Philippines: 469.2781... (more ethnicities), Val Loss: 765.6358, Val MAE: 12.4988, Val R2: 0.7658
2025-04-25 19:13:13,256 - spatial_moe_trainer - INFO - Epoch 35/100 - Train Loss: 319.9883 (Col: 115.4452, Jump: 165.9214, Decline: 104.8438, PDE: 1095.3031, Reg: 8150.4272), Eth Losses: China: 389.9796, India: 347.4120, Philippines: 387.7817... (more ethnicities), Val Loss: 764.5748, Val MAE: 12.5160, Val R2: 0.7661
2025-04-25 19:13:35,588 - spatial_moe_trainer - INFO - Epoch 36/100 - Train Loss: 327.1645 (Col: 119.3498, Jump: 217.4051, Decline: 105.7166, PDE: 1086.2974, Reg: 12307.3840), Eth Losses: China: 426.7463, India: 368.3191, Philippines: 408.6660... (more ethnicities), Val Loss: 751.5614, Val MAE: 12.3932, Val R2: 0.7701
2025-04-25 19:13:57,928 - spatial_moe_trainer - INFO - Epoch 37/100 - Train Loss: 314.4077 (Col: 104.5219, Jump: 183.0498, Decline: 99.7847, PDE: 1077.0449, Reg: 9958.5259), Eth Losses: China: 381.8994, India: 355.0914, Philippines: 409.8728... (more ethnicities), Val Loss: 749.1379, Val MAE: 12.4673, Val R2: 0.7709
2025-04-25 19:13:57,928 - spatial_moe_trainer - INFO - Early stopping at epoch 37
2025-04-25 19:13:57,949 - spatial_moe_trainer - INFO - Saving metrics to ./optuna_results/trial_21/metrics
2025-04-25 19:13:57,952 - spatial_moe_trainer - INFO - Training metrics saved to ./optuna_results/trial_21/metrics/training_metrics.csv
2025-04-25 19:13:57,955 - spatial_moe_trainer - INFO - Validation metrics saved to ./optuna_results/trial_21/metrics/validation_metrics.csv
2025-04-25 19:13:57,993 - spatial_moe_trainer - INFO - Multi-Ethnic Spatial MoE model saved to ./optuna_results/trial_21/model.pt
2025-04-25 19:13:58,026 - __mp_main__ - INFO - Running trial 22 on device cuda:0
2025-04-25 19:13:58,042 - __main__ - INFO - Trial 21 completed with value: 721.530356
2025-04-25 19:13:58,220 - __mp_main__ - INFO - Using adjusted dimensions - hidden_dims: [84, 24, 8], coord_embed_dim: 28
2025-04-25 19:13:58,267 - spatial_moe_trainer - INFO - Multi-Ethnic Spatial MoE model initialized on cuda:0
2025-04-25 19:13:58,267 - spatial_moe_trainer - INFO - Model will predict 5 ethnicities: ['China', 'India', 'Philippines', 'Portugal', 'Sri Lanka']
2025-04-25 19:13:58,288 - __mp_main__ - INFO - Testing model forward pass before training...
2025-04-25 19:13:58,446 - __mp_main__ - INFO - Test forward pass successful. Output shape: torch.Size([64, 5])
2025-04-25 19:13:58,446 - spatial_moe_trainer - INFO - Starting multi-ethnic spatial MoE model training with learnable expert router...
2025-04-25 19:13:58,446 - spatial_moe_trainer - INFO - Using colonization_weight=4.013156586009125, jump_weight=6.0267225770136115, decline_weight=6.986643578487314, pde_weight=7.178984393429149
2025-04-25 19:14:20,784 - spatial_moe_trainer - INFO - Epoch 1/100 - Train Loss: 1271.8163 (Col: 782.5881, Jump: 417.6160, Decline: 87.7934, PDE: 3649.8706, Reg: 15912.1758), Eth Losses: China: 1639.6102, India: 1400.9610, Philippines: 2004.1929... (more ethnicities), Val Loss: 1129.5657, Val MAE: 15.9116, Val R2: 0.6545
2025-04-25 19:14:43,126 - spatial_moe_trainer - INFO - Epoch 2/100 - Train Loss: 808.5823 (Col: 553.5485, Jump: 301.9396, Decline: 75.4462, PDE: 2191.1356, Reg: 12228.8347), Eth Losses: China: 946.2666, India: 1027.7797, Philippines: 1152.8128... (more ethnicities), Val Loss: 1014.4317, Val MAE: 15.1044, Val R2: 0.6897
2025-04-25 19:15:05,444 - spatial_moe_trainer - INFO - Epoch 3/100 - Train Loss: 718.6090 (Col: 419.3510, Jump: 275.1428, Decline: 71.0590, PDE: 2072.8189, Reg: 11162.8889), Eth Losses: China: 908.4744, India: 899.7029, Philippines: 998.2190... (more ethnicities), Val Loss: 1006.1426, Val MAE: 15.1535, Val R2: 0.6922
2025-04-25 19:15:27,799 - spatial_moe_trainer - INFO - Epoch 4/100 - Train Loss: 674.0515 (Col: 408.2430, Jump: 243.1423, Decline: 73.0632, PDE: 1863.5066, Reg: 21168.8576), Eth Losses: China: 853.0550, India: 805.2774, Philippines: 931.3147... (more ethnicities), Val Loss: 1039.0880, Val MAE: 14.9729, Val R2: 0.6822
2025-04-25 19:15:50,370 - spatial_moe_trainer - INFO - Epoch 5/100 - Train Loss: 638.5634 (Col: 366.9639, Jump: 287.0078, Decline: 76.4584, PDE: 1796.3565, Reg: 11735.6156), Eth Losses: China: 765.5841, India: 748.4893, Philippines: 931.3923... (more ethnicities), Val Loss: 839.4720, Val MAE: 13.8991, Val R2: 0.7432
2025-04-25 19:16:12,777 - spatial_moe_trainer - INFO - Epoch 6/100 - Train Loss: 602.7985 (Col: 347.0513, Jump: 260.5413, Decline: 76.7780, PDE: 1665.7243, Reg: 20913.5409), Eth Losses: China: 860.1983, India: 602.7106, Philippines: 828.0234... (more ethnicities), Val Loss: 840.1557, Val MAE: 14.0410, Val R2: 0.7430
2025-04-25 19:16:35,143 - spatial_moe_trainer - INFO - Epoch 7/100 - Train Loss: 574.3325 (Col: 293.2877, Jump: 231.0279, Decline: 81.4652, PDE: 1674.3478, Reg: 14271.3852), Eth Losses: China: 708.9403, India: 607.0781, Philippines: 826.7816... (more ethnicities), Val Loss: 727.3187, Val MAE: 13.2598, Val R2: 0.7775
2025-04-25 19:16:57,673 - spatial_moe_trainer - INFO - Epoch 8/100 - Train Loss: 523.9224 (Col: 269.1052, Jump: 215.3719, Decline: 87.5993, PDE: 1539.0133, Reg: 10413.9408), Eth Losses: China: 605.2859, India: 572.8513, Philippines: 744.7919... (more ethnicities), Val Loss: 702.3795, Val MAE: 13.1469, Val R2: 0.7852
2025-04-25 19:17:20,040 - spatial_moe_trainer - INFO - Epoch 9/100 - Train Loss: 494.4276 (Col: 223.1199, Jump: 195.1295, Decline: 90.3529, PDE: 1467.6157, Reg: 13685.5281), Eth Losses: China: 617.8369, India: 522.4207, Philippines: 657.2462... (more ethnicities), Val Loss: 765.6466, Val MAE: 13.1559, Val R2: 0.7658
2025-04-25 19:17:42,560 - spatial_moe_trainer - INFO - Epoch 10/100 - Train Loss: 478.6406 (Col: 212.1809, Jump: 217.9554, Decline: 95.8679, PDE: 1475.6948, Reg: 9409.5918), Eth Losses: China: 541.4700, India: 542.1299, Philippines: 674.9721... (more ethnicities), Val Loss: 719.7569, Val MAE: 13.4373, Val R2: 0.7798
2025-04-25 19:18:05,048 - spatial_moe_trainer - INFO - Epoch 11/100 - Train Loss: 474.1434 (Col: 211.8569, Jump: 182.9535, Decline: 94.0714, PDE: 1410.7919, Reg: 14781.5295), Eth Losses: China: 593.9507, India: 514.8788, Philippines: 632.0210... (more ethnicities), Val Loss: 738.9204, Val MAE: 13.1126, Val R2: 0.7740
2025-04-25 19:18:27,599 - spatial_moe_trainer - INFO - Epoch 12/100 - Train Loss: 457.3564 (Col: 187.3376, Jump: 203.3289, Decline: 88.1922, PDE: 1412.8734, Reg: 11459.2287), Eth Losses: China: 545.1397, India: 476.0301, Philippines: 652.0754... (more ethnicities), Val Loss: 711.8675, Val MAE: 12.5606, Val R2: 0.7823
2025-04-25 19:18:49,852 - spatial_moe_trainer - INFO - Epoch 13/100 - Train Loss: 460.2189 (Col: 243.8303, Jump: 177.4143, Decline: 86.4537, PDE: 1308.1519, Reg: 10572.2557), Eth Losses: China: 630.9616, India: 482.9175, Philippines: 590.0462... (more ethnicities), Val Loss: 652.1081, Val MAE: 12.6858, Val R2: 0.8005
2025-04-25 19:19:12,330 - spatial_moe_trainer - INFO - Epoch 14/100 - Train Loss: 455.6053 (Col: 253.6903, Jump: 166.2682, Decline: 91.1381, PDE: 1271.6985, Reg: 11318.0448), Eth Losses: China: 496.5628, India: 653.9160, Philippines: 620.4143... (more ethnicities), Val Loss: 721.5766, Val MAE: 12.6432, Val R2: 0.7793
2025-04-25 19:19:34,741 - spatial_moe_trainer - INFO - Epoch 15/100 - Train Loss: 426.1275 (Col: 222.2303, Jump: 161.2829, Decline: 92.0686, PDE: 1206.0076, Reg: 13952.3173), Eth Losses: China: 562.1981, India: 494.5494, Philippines: 497.0929... (more ethnicities), Val Loss: 699.5400, Val MAE: 12.1146, Val R2: 0.7860
2025-04-25 19:19:57,116 - spatial_moe_trainer - INFO - Epoch 16/100 - Train Loss: 409.4417 (Col: 194.4794, Jump: 158.7166, Decline: 97.9442, PDE: 1168.7565, Reg: 14672.1116), Eth Losses: China: 500.0601, India: 487.2579, Philippines: 504.2581... (more ethnicities), Val Loss: 719.3511, Val MAE: 12.5785, Val R2: 0.7800
2025-04-25 19:20:19,645 - spatial_moe_trainer - INFO - Epoch 17/100 - Train Loss: 403.0552 (Col: 193.2326, Jump: 165.4362, Decline: 97.7800, PDE: 1140.4808, Reg: 13884.5646), Eth Losses: China: 513.2841, India: 501.8443, Philippines: 504.3415... (more ethnicities), Val Loss: 694.7696, Val MAE: 12.1017, Val R2: 0.7875
2025-04-25 19:20:42,124 - spatial_moe_trainer - INFO - Epoch 18/100 - Train Loss: 403.2965 (Col: 192.5446, Jump: 175.7011, Decline: 98.1581, PDE: 1151.3125, Reg: 13230.5073), Eth Losses: China: 515.7858, India: 452.4345, Philippines: 494.3452... (more ethnicities), Val Loss: 666.4845, Val MAE: 12.5240, Val R2: 0.7961
2025-04-25 19:21:04,622 - spatial_moe_trainer - INFO - Epoch 19/100 - Train Loss: 388.2452 (Col: 176.4911, Jump: 144.9252, Decline: 96.7778, PDE: 1078.7700, Reg: 18877.0696), Eth Losses: China: 513.1782, India: 437.7982, Philippines: 454.5335... (more ethnicities), Val Loss: 619.9989, Val MAE: 11.8244, Val R2: 0.8104
2025-04-25 19:21:27,127 - spatial_moe_trainer - INFO - Epoch 20/100 - Train Loss: 384.0396 (Col: 198.5450, Jump: 150.5622, Decline: 93.4006, PDE: 1059.3191, Reg: 8633.2761), Eth Losses: China: 519.6642, India: 445.2741, Philippines: 453.3117... (more ethnicities), Val Loss: 639.3167, Val MAE: 12.0764, Val R2: 0.8044
2025-04-25 19:21:49,477 - spatial_moe_trainer - INFO - Epoch 21/100 - Train Loss: 360.7243 (Col: 172.6500, Jump: 145.2102, Decline: 94.2008, PDE: 1036.0074, Reg: 11689.2971), Eth Losses: China: 489.5471, India: 372.5192, Philippines: 444.0565... (more ethnicities), Val Loss: 663.2848, Val MAE: 12.3578, Val R2: 0.7971
2025-04-25 19:22:12,076 - spatial_moe_trainer - INFO - Epoch 22/100 - Train Loss: 378.5521 (Col: 178.9431, Jump: 158.5064, Decline: 92.0176, PDE: 1047.0626, Reg: 17024.7278), Eth Losses: China: 533.5529, India: 370.9190, Philippines: 472.1162... (more ethnicities), Val Loss: 631.9959, Val MAE: 11.8066, Val R2: 0.8067
2025-04-25 19:22:34,578 - spatial_moe_trainer - INFO - Epoch 23/100 - Train Loss: 339.4218 (Col: 152.0114, Jump: 124.3887, Decline: 92.7690, PDE: 948.9675, Reg: 14364.6955), Eth Losses: China: 422.5732, India: 375.3413, Philippines: 448.6963... (more ethnicities), Val Loss: 584.7736, Val MAE: 11.8456, Val R2: 0.8211
2025-04-25 19:22:57,063 - spatial_moe_trainer - INFO - Epoch 24/100 - Train Loss: 360.6446 (Col: 170.5983, Jump: 131.0276, Decline: 88.9324, PDE: 1026.9173, Reg: 10101.1442), Eth Losses: China: 467.7270, India: 455.8795, Philippines: 400.6245... (more ethnicities), Val Loss: 638.6465, Val MAE: 12.1608, Val R2: 0.8047
2025-04-25 19:23:19,615 - spatial_moe_trainer - INFO - Epoch 25/100 - Train Loss: 330.6490 (Col: 153.5430, Jump: 109.3058, Decline: 100.6844, PDE: 934.5648, Reg: 10563.7986), Eth Losses: China: 461.2363, India: 348.8513, Philippines: 383.5856... (more ethnicities), Val Loss: 595.8918, Val MAE: 11.9809, Val R2: 0.8177
2025-04-25 19:23:41,913 - spatial_moe_trainer - INFO - Epoch 26/100 - Train Loss: 308.5827 (Col: 115.8856, Jump: 127.3118, Decline: 92.3314, PDE: 922.2983, Reg: 12175.1970), Eth Losses: China: 428.2556, India: 299.1401, Philippines: 404.0276... (more ethnicities), Val Loss: 605.1639, Val MAE: 12.0102, Val R2: 0.8149
2025-04-25 19:24:04,321 - spatial_moe_trainer - INFO - Epoch 27/100 - Train Loss: 302.1495 (Col: 107.4427, Jump: 117.9426, Decline: 96.5569, PDE: 894.0721, Reg: 13781.3802), Eth Losses: China: 414.9086, India: 277.8677, Philippines: 397.4942... (more ethnicities), Val Loss: 582.1376, Val MAE: 11.7758, Val R2: 0.8219
2025-04-25 19:24:26,602 - spatial_moe_trainer - INFO - Epoch 28/100 - Train Loss: 329.5466 (Col: 167.4439, Jump: 133.7675, Decline: 98.6338, PDE: 902.3319, Reg: 8707.5687), Eth Losses: China: 428.0589, India: 474.3891, Philippines: 382.2410... (more ethnicities), Val Loss: 583.6932, Val MAE: 11.6678, Val R2: 0.8215
2025-04-25 19:24:49,065 - spatial_moe_trainer - INFO - Epoch 29/100 - Train Loss: 281.2884 (Col: 107.4663, Jump: 118.6949, Decline: 94.4331, PDE: 852.4957, Reg: 6871.9869), Eth Losses: China: 369.2880, India: 282.6160, Philippines: 375.9190... (more ethnicities), Val Loss: 567.4846, Val MAE: 11.7077, Val R2: 0.8264
2025-04-25 19:25:11,451 - spatial_moe_trainer - INFO - Epoch 30/100 - Train Loss: 294.0816 (Col: 115.9210, Jump: 116.6556, Decline: 93.0695, PDE: 847.1018, Reg: 11815.4375), Eth Losses: China: 398.7420, India: 358.6544, Philippines: 361.8607... (more ethnicities), Val Loss: 579.7516, Val MAE: 11.8883, Val R2: 0.8227
2025-04-25 19:25:33,947 - spatial_moe_trainer - INFO - Epoch 31/100 - Train Loss: 303.3800 (Col: 140.9939, Jump: 124.5998, Decline: 93.0640, PDE: 880.2262, Reg: 8189.1700), Eth Losses: China: 405.6311, India: 341.0125, Philippines: 371.3572... (more ethnicities), Val Loss: 579.5416, Val MAE: 11.6493, Val R2: 0.8227
2025-04-25 19:25:56,620 - spatial_moe_trainer - INFO - Epoch 32/100 - Train Loss: 293.1856 (Col: 126.8184, Jump: 151.6001, Decline: 93.0670, PDE: 836.3506, Reg: 10295.8425), Eth Losses: China: 442.7332, India: 255.8845, Philippines: 372.2622... (more ethnicities), Val Loss: 576.5515, Val MAE: 11.8392, Val R2: 0.8236
2025-04-25 19:26:19,145 - spatial_moe_trainer - INFO - Epoch 33/100 - Train Loss: 280.2055 (Col: 123.2476, Jump: 128.1404, Decline: 95.0187, PDE: 786.8293, Reg: 8727.4619), Eth Losses: China: 374.2879, India: 339.1889, Philippines: 354.9726... (more ethnicities), Val Loss: 584.9768, Val MAE: 11.7337, Val R2: 0.8211
2025-04-25 19:26:41,607 - spatial_moe_trainer - INFO - Epoch 34/100 - Train Loss: 296.0422 (Col: 113.4717, Jump: 128.4025, Decline: 99.9158, PDE: 845.7060, Reg: 12510.5984), Eth Losses: China: 430.1012, India: 312.6932, Philippines: 357.9351... (more ethnicities), Val Loss: 594.1674, Val MAE: 11.6526, Val R2: 0.8183
2025-04-25 19:27:04,170 - spatial_moe_trainer - INFO - Epoch 35/100 - Train Loss: 299.6564 (Col: 94.4649, Jump: 110.8047, Decline: 102.9388, PDE: 878.0870, Reg: 15145.1356), Eth Losses: China: 473.6228, India: 350.2314, Philippines: 331.8464... (more ethnicities), Val Loss: 572.2040, Val MAE: 11.6217, Val R2: 0.8250
2025-04-25 19:27:26,581 - spatial_moe_trainer - INFO - Epoch 36/100 - Train Loss: 266.6952 (Col: 99.5246, Jump: 111.5996, Decline: 97.0176, PDE: 755.4189, Reg: 11997.4094), Eth Losses: China: 407.6314, India: 260.1499, Philippines: 325.6804... (more ethnicities), Val Loss: 597.6759, Val MAE: 11.5962, Val R2: 0.8172
2025-04-25 19:27:49,312 - spatial_moe_trainer - INFO - Epoch 37/100 - Train Loss: 280.4351 (Col: 114.1369, Jump: 126.7699, Decline: 96.5425, PDE: 777.6304, Reg: 10085.9161), Eth Losses: China: 421.5868, India: 328.4914, Philippines: 322.3449... (more ethnicities), Val Loss: 557.7952, Val MAE: 11.6341, Val R2: 0.8294
2025-04-25 19:28:11,805 - spatial_moe_trainer - INFO - Epoch 38/100 - Train Loss: 250.5157 (Col: 93.4614, Jump: 106.2902, Decline: 95.4227, PDE: 738.6284, Reg: 8654.1350), Eth Losses: China: 348.1048, India: 248.1301, Philippines: 315.9440... (more ethnicities), Val Loss: 570.4188, Val MAE: 11.6026, Val R2: 0.8255
2025-04-25 19:28:34,299 - spatial_moe_trainer - INFO - Epoch 39/100 - Train Loss: 266.6635 (Col: 86.0002, Jump: 112.0702, Decline: 92.4073, PDE: 783.7551, Reg: 15275.4138), Eth Losses: China: 399.5245, India: 238.5804, Philippines: 346.0834... (more ethnicities), Val Loss: 557.8359, Val MAE: 11.5584, Val R2: 0.8294
2025-04-25 19:28:56,712 - spatial_moe_trainer - INFO - Epoch 40/100 - Train Loss: 245.9681 (Col: 80.2325, Jump: 101.3274, Decline: 90.1699, PDE: 754.8651, Reg: 7696.6042), Eth Losses: China: 329.7103, India: 262.9917, Philippines: 320.7866... (more ethnicities), Val Loss: 585.7663, Val MAE: 11.7174, Val R2: 0.8208
2025-04-25 19:29:19,217 - spatial_moe_trainer - INFO - Epoch 41/100 - Train Loss: 264.4685 (Col: 111.4346, Jump: 132.1193, Decline: 90.1529, PDE: 749.8799, Reg: 7704.6681), Eth Losses: China: 340.5819, India: 340.7722, Philippines: 318.5846... (more ethnicities), Val Loss: 568.9161, Val MAE: 11.5112, Val R2: 0.8260
2025-04-25 19:29:41,635 - spatial_moe_trainer - INFO - Epoch 42/100 - Train Loss: 228.5038 (Col: 90.5485, Jump: 127.3046, Decline: 91.7747, PDE: 663.1173, Reg: 6191.8614), Eth Losses: China: 328.4170, India: 238.5173, Philippines: 263.5745... (more ethnicities), Val Loss: 562.8623, Val MAE: 11.6280, Val R2: 0.8278
2025-04-25 19:30:04,167 - spatial_moe_trainer - INFO - Epoch 43/100 - Train Loss: 235.3589 (Col: 95.1950, Jump: 113.5049, Decline: 90.3672, PDE: 686.7236, Reg: 6053.3182), Eth Losses: China: 303.4017, India: 241.0325, Philippines: 293.5982... (more ethnicities), Val Loss: 562.0837, Val MAE: 11.4590, Val R2: 0.8281
2025-04-25 19:30:26,477 - spatial_moe_trainer - INFO - Epoch 44/100 - Train Loss: 229.5012 (Col: 79.0441, Jump: 140.7156, Decline: 88.6258, PDE: 685.6908, Reg: 6681.4584), Eth Losses: China: 312.1728, India: 224.9893, Philippines: 282.0329... (more ethnicities), Val Loss: 560.3851, Val MAE: 11.4607, Val R2: 0.8286
2025-04-25 19:30:49,025 - spatial_moe_trainer - INFO - Epoch 45/100 - Train Loss: 231.9962 (Col: 95.8272, Jump: 104.7948, Decline: 90.5038, PDE: 666.9505, Reg: 7016.3186), Eth Losses: China: 310.2045, India: 256.0539, Philippines: 307.3088... (more ethnicities), Val Loss: 558.7277, Val MAE: 11.5092, Val R2: 0.8291
2025-04-25 19:31:11,439 - spatial_moe_trainer - INFO - Epoch 46/100 - Train Loss: 225.4306 (Col: 81.6982, Jump: 153.4105, Decline: 91.3733, PDE: 671.8761, Reg: 6720.0414), Eth Losses: China: 294.1656, India: 233.5204, Philippines: 270.1424... (more ethnicities), Val Loss: 565.9923, Val MAE: 11.4898, Val R2: 0.8269
2025-04-25 19:31:33,758 - spatial_moe_trainer - INFO - Epoch 47/100 - Train Loss: 226.1635 (Col: 71.9283, Jump: 91.8940, Decline: 91.6321, PDE: 693.5585, Reg: 7839.3494), Eth Losses: China: 319.0256, India: 222.1625, Philippines: 282.8111... (more ethnicities), Val Loss: 564.8110, Val MAE: 11.5281, Val R2: 0.8272
2025-04-25 19:31:33,758 - spatial_moe_trainer - INFO - Early stopping at epoch 47
2025-04-25 19:31:33,780 - spatial_moe_trainer - INFO - Saving metrics to ./optuna_results/trial_22/metrics
2025-04-25 19:31:33,783 - spatial_moe_trainer - INFO - Training metrics saved to ./optuna_results/trial_22/metrics/training_metrics.csv
2025-04-25 19:31:33,786 - spatial_moe_trainer - INFO - Validation metrics saved to ./optuna_results/trial_22/metrics/validation_metrics.csv
2025-04-25 19:31:33,823 - spatial_moe_trainer - INFO - Multi-Ethnic Spatial MoE model saved to ./optuna_results/trial_22/model.pt
2025-04-25 19:31:33,856 - __mp_main__ - INFO - Running trial 23 on device cuda:0
2025-04-25 19:31:33,873 - __main__ - INFO - Trial 22 completed with value: 557.795237
2025-04-25 19:31:34,054 - __mp_main__ - INFO - Using adjusted dimensions - hidden_dims: [56, 20, 8], coord_embed_dim: 28
2025-04-25 19:31:34,099 - spatial_moe_trainer - INFO - Multi-Ethnic Spatial MoE model initialized on cuda:0
2025-04-25 19:31:34,099 - spatial_moe_trainer - INFO - Model will predict 5 ethnicities: ['China', 'India', 'Philippines', 'Portugal', 'Sri Lanka']
2025-04-25 19:31:34,120 - __mp_main__ - INFO - Testing model forward pass before training...
2025-04-25 19:31:34,278 - __mp_main__ - INFO - Test forward pass successful. Output shape: torch.Size([64, 5])
2025-04-25 19:31:34,278 - spatial_moe_trainer - INFO - Starting multi-ethnic spatial MoE model training with learnable expert router...
2025-04-25 19:31:34,278 - spatial_moe_trainer - INFO - Using colonization_weight=2.3877778531124934, jump_weight=8.254453060125112, decline_weight=8.44826617540144, pde_weight=5.26537051417564
2025-04-25 19:31:56,552 - spatial_moe_trainer - INFO - Epoch 1/100 - Train Loss: 1400.4748 (Col: 804.0810, Jump: 875.6240, Decline: 101.3469, PDE: 4132.4553, Reg: 25768.2625), Eth Losses: China: 1659.0827, India: 1845.8899, Philippines: 2077.2685... (more ethnicities), Val Loss: 1218.2774, Val MAE: 17.0663, Val R2: 0.6274
2025-04-25 19:32:18,979 - spatial_moe_trainer - INFO - Epoch 2/100 - Train Loss: 982.1260 (Col: 561.3236, Jump: 460.0444, Decline: 81.7635, PDE: 2715.5213, Reg: 35677.6594), Eth Losses: China: 1305.8067, India: 1387.1567, Philippines: 1207.8012... (more ethnicities), Val Loss: 1051.7158, Val MAE: 16.1666, Val R2: 0.6783
2025-04-25 19:32:41,439 - spatial_moe_trainer - INFO - Epoch 3/100 - Train Loss: 868.9392 (Col: 535.1258, Jump: 345.6625, Decline: 80.2004, PDE: 2484.2489, Reg: 15734.1056), Eth Losses: China: 1009.4970, India: 1091.2897, Philippines: 1297.6781... (more ethnicities), Val Loss: 931.7836, Val MAE: 15.5287, Val R2: 0.7150
2025-04-25 19:33:03,968 - spatial_moe_trainer - INFO - Epoch 4/100 - Train Loss: 720.2677 (Col: 374.6278, Jump: 287.9092, Decline: 72.3505, PDE: 2185.5602, Reg: 13247.7249), Eth Losses: China: 938.6877, India: 775.3450, Philippines: 1012.0445... (more ethnicities), Val Loss: 849.1995, Val MAE: 15.1475, Val R2: 0.7402
2025-04-25 19:33:26,365 - spatial_moe_trainer - INFO - Epoch 5/100 - Train Loss: 712.6021 (Col: 429.1795, Jump: 250.1525, Decline: 76.9173, PDE: 2022.0129, Reg: 20362.3286), Eth Losses: China: 920.6383, India: 796.0566, Philippines: 998.7564... (more ethnicities), Val Loss: 825.7499, Val MAE: 15.0563, Val R2: 0.7474
2025-04-25 19:33:48,657 - spatial_moe_trainer - INFO - Epoch 6/100 - Train Loss: 655.6802 (Col: 361.0249, Jump: 241.9136, Decline: 76.2993, PDE: 1951.1069, Reg: 10543.7129), Eth Losses: China: 807.7270, India: 673.1713, Philippines: 962.0082... (more ethnicities), Val Loss: 806.2370, Val MAE: 14.2006, Val R2: 0.7534
2025-04-25 19:34:11,043 - spatial_moe_trainer - INFO - Epoch 7/100 - Train Loss: 616.0882 (Col: 282.0082, Jump: 244.2983, Decline: 75.7935, PDE: 1858.2515, Reg: 22352.5452), Eth Losses: China: 843.1620, India: 639.5046, Philippines: 829.4422... (more ethnicities), Val Loss: 799.2217, Val MAE: 14.8212, Val R2: 0.7555
2025-04-25 19:34:33,450 - spatial_moe_trainer - INFO - Epoch 8/100 - Train Loss: 600.7962 (Col: 295.4024, Jump: 220.2432, Decline: 74.7625, PDE: 1832.4092, Reg: 16762.2063), Eth Losses: China: 744.4480, India: 662.2301, Philippines: 802.4725... (more ethnicities), Val Loss: 814.3514, Val MAE: 13.9598, Val R2: 0.7509
2025-04-25 19:34:56,044 - spatial_moe_trainer - INFO - Epoch 9/100 - Train Loss: 553.4572 (Col: 289.7451, Jump: 197.3614, Decline: 78.2312, PDE: 1672.9063, Reg: 11099.6155), Eth Losses: China: 691.3384, India: 568.7589, Philippines: 702.3531... (more ethnicities), Val Loss: 762.4459, Val MAE: 13.9740, Val R2: 0.7668
2025-04-25 19:35:18,559 - spatial_moe_trainer - INFO - Epoch 10/100 - Train Loss: 549.6530 (Col: 260.7799, Jump: 208.0757, Decline: 86.7907, PDE: 1767.5940, Reg: 8926.4608), Eth Losses: China: 629.2340, India: 673.8870, Philippines: 697.1819... (more ethnicities), Val Loss: 769.9906, Val MAE: 13.5794, Val R2: 0.7645
2025-04-25 19:35:40,979 - spatial_moe_trainer - INFO - Epoch 11/100 - Train Loss: 517.6124 (Col: 225.1838, Jump: 206.0742, Decline: 82.4650, PDE: 1587.5071, Reg: 21704.7909), Eth Losses: China: 680.0610, India: 554.1832, Philippines: 607.6833... (more ethnicities), Val Loss: 693.3628, Val MAE: 13.1885, Val R2: 0.7879
2025-04-25 19:36:03,621 - spatial_moe_trainer - INFO - Epoch 12/100 - Train Loss: 487.3115 (Col: 230.8792, Jump: 175.6501, Decline: 82.2912, PDE: 1459.2362, Reg: 22336.2308), Eth Losses: China: 641.4639, India: 539.8472, Philippines: 526.0636... (more ethnicities), Val Loss: 679.7866, Val MAE: 13.3866, Val R2: 0.7921
2025-04-25 19:36:25,999 - spatial_moe_trainer - INFO - Epoch 13/100 - Train Loss: 485.2339 (Col: 208.2447, Jump: 180.7307, Decline: 80.1596, PDE: 1480.1254, Reg: 23601.1490), Eth Losses: China: 666.6913, India: 476.2156, Philippines: 572.0343... (more ethnicities), Val Loss: 697.1546, Val MAE: 13.3383, Val R2: 0.7868
2025-04-25 19:36:48,465 - spatial_moe_trainer - INFO - Epoch 14/100 - Train Loss: 496.3725 (Col: 250.9810, Jump: 210.2819, Decline: 83.1848, PDE: 1437.0040, Reg: 17108.2448), Eth Losses: China: 706.4117, India: 515.1792, Philippines: 571.0220... (more ethnicities), Val Loss: 671.8781, Val MAE: 13.4250, Val R2: 0.7945
2025-04-25 19:37:10,903 - spatial_moe_trainer - INFO - Epoch 15/100 - Train Loss: 475.5259 (Col: 250.9187, Jump: 152.4042, Decline: 83.1721, PDE: 1335.1685, Reg: 14214.9619), Eth Losses: China: 611.5730, India: 520.4173, Philippines: 560.7636... (more ethnicities), Val Loss: 680.2578, Val MAE: 12.9507, Val R2: 0.7919
2025-04-25 19:37:33,459 - spatial_moe_trainer - INFO - Epoch 16/100 - Train Loss: 488.2217 (Col: 269.4778, Jump: 163.9546, Decline: 76.9513, PDE: 1380.5359, Reg: 21133.0379), Eth Losses: China: 695.6545, India: 541.3217, Philippines: 555.4075... (more ethnicities), Val Loss: 706.1204, Val MAE: 13.4003, Val R2: 0.7840
2025-04-25 19:37:55,822 - spatial_moe_trainer - INFO - Epoch 17/100 - Train Loss: 445.3085 (Col: 239.5496, Jump: 152.3157, Decline: 89.8920, PDE: 1243.7872, Reg: 15763.8570), Eth Losses: China: 595.9121, India: 484.6734, Philippines: 523.0469... (more ethnicities), Val Loss: 642.6950, Val MAE: 12.4496, Val R2: 0.8034
2025-04-25 19:38:18,229 - spatial_moe_trainer - INFO - Epoch 18/100 - Train Loss: 436.6458 (Col: 212.4910, Jump: 135.3004, Decline: 99.1901, PDE: 1274.3904, Reg: 12862.3052), Eth Losses: China: 584.5930, India: 443.7162, Philippines: 529.5609... (more ethnicities), Val Loss: 656.9569, Val MAE: 12.4139, Val R2: 0.7991
2025-04-25 19:38:40,694 - spatial_moe_trainer - INFO - Epoch 19/100 - Train Loss: 408.2604 (Col: 183.6684, Jump: 153.3433, Decline: 103.5985, PDE: 1231.6404, Reg: 10022.4788), Eth Losses: China: 516.4864, India: 410.8274, Philippines: 503.3489... (more ethnicities), Val Loss: 659.6006, Val MAE: 12.7508, Val R2: 0.7982
2025-04-25 19:39:03,284 - spatial_moe_trainer - INFO - Epoch 20/100 - Train Loss: 385.2132 (Col: 171.9503, Jump: 148.0669, Decline: 86.6030, PDE: 1156.1753, Reg: 13386.3458), Eth Losses: China: 504.6967, India: 382.6730, Philippines: 444.7373... (more ethnicities), Val Loss: 647.6297, Val MAE: 12.4648, Val R2: 0.8019
2025-04-25 19:39:25,652 - spatial_moe_trainer - INFO - Epoch 21/100 - Train Loss: 381.0208 (Col: 172.8544, Jump: 135.6501, Decline: 80.1586, PDE: 1151.6348, Reg: 12049.8753), Eth Losses: China: 470.2156, India: 397.8092, Philippines: 453.1874... (more ethnicities), Val Loss: 650.1461, Val MAE: 12.3052, Val R2: 0.8011
2025-04-25 19:39:47,997 - spatial_moe_trainer - INFO - Epoch 22/100 - Train Loss: 414.3686 (Col: 185.1226, Jump: 145.8515, Decline: 81.7584, PDE: 1253.1468, Reg: 17832.7679), Eth Losses: China: 513.2717, India: 451.3220, Philippines: 505.6402... (more ethnicities), Val Loss: 642.1153, Val MAE: 12.4036, Val R2: 0.8036
2025-04-25 19:40:10,437 - spatial_moe_trainer - INFO - Epoch 23/100 - Train Loss: 382.7361 (Col: 178.1234, Jump: 141.6091, Decline: 84.5114, PDE: 1119.1002, Reg: 14784.4786), Eth Losses: China: 522.0936, India: 359.1927, Philippines: 437.3892... (more ethnicities), Val Loss: 612.6109, Val MAE: 11.9365, Val R2: 0.8126
2025-04-25 19:40:32,756 - spatial_moe_trainer - INFO - Epoch 24/100 - Train Loss: 387.0654 (Col: 191.9697, Jump: 153.8373, Decline: 88.4249, PDE: 1127.8831, Reg: 11754.1241), Eth Losses: China: 474.7781, India: 421.9542, Philippines: 457.4864... (more ethnicities), Val Loss: 686.8334, Val MAE: 12.3304, Val R2: 0.7899
2025-04-25 19:40:55,101 - spatial_moe_trainer - INFO - Epoch 25/100 - Train Loss: 374.0520 (Col: 164.7303, Jump: 127.5398, Decline: 84.3959, PDE: 1096.5691, Reg: 15230.0957), Eth Losses: China: 489.5134, India: 399.1857, Philippines: 437.9214... (more ethnicities), Val Loss: 612.4428, Val MAE: 11.8643, Val R2: 0.8127
2025-04-25 19:41:17,484 - spatial_moe_trainer - INFO - Epoch 26/100 - Train Loss: 375.2769 (Col: 166.3330, Jump: 131.5953, Decline: 91.1126, PDE: 1087.1688, Reg: 16138.3914), Eth Losses: China: 531.5827, India: 356.4173, Philippines: 459.5747... (more ethnicities), Val Loss: 611.8371, Val MAE: 12.1800, Val R2: 0.8129
2025-04-25 19:41:39,716 - spatial_moe_trainer - INFO - Epoch 27/100 - Train Loss: 396.8335 (Col: 211.8570, Jump: 160.9215, Decline: 82.3966, PDE: 1085.2743, Reg: 16791.8872), Eth Losses: China: 583.0726, India: 403.2142, Philippines: 448.3840... (more ethnicities), Val Loss: 584.6317, Val MAE: 11.4628, Val R2: 0.8212
2025-04-25 19:42:02,133 - spatial_moe_trainer - INFO - Epoch 28/100 - Train Loss: 364.8390 (Col: 189.0399, Jump: 114.5411, Decline: 84.0796, PDE: 1006.0395, Reg: 12769.2516), Eth Losses: China: 481.6354, India: 332.7987, Philippines: 518.0535... (more ethnicities), Val Loss: 588.1216, Val MAE: 11.6584, Val R2: 0.8201
2025-04-25 19:42:24,611 - spatial_moe_trainer - INFO - Epoch 29/100 - Train Loss: 349.4768 (Col: 182.7719, Jump: 143.4577, Decline: 84.7880, PDE: 974.3992, Reg: 11188.2610), Eth Losses: China: 401.6743, India: 400.8569, Philippines: 433.2816... (more ethnicities), Val Loss: 583.1042, Val MAE: 11.6608, Val R2: 0.8216
2025-04-25 19:42:47,150 - spatial_moe_trainer - INFO - Epoch 30/100 - Train Loss: 341.0426 (Col: 160.8429, Jump: 114.7558, Decline: 84.3998, PDE: 1001.7326, Reg: 8919.2018), Eth Losses: China: 443.1537, India: 370.8214, Philippines: 389.7098... (more ethnicities), Val Loss: 671.7744, Val MAE: 11.9282, Val R2: 0.7945
2025-04-25 19:43:09,482 - spatial_moe_trainer - INFO - Epoch 31/100 - Train Loss: 340.0858 (Col: 154.6302, Jump: 140.9194, Decline: 85.0950, PDE: 982.8907, Reg: 11189.7940), Eth Losses: China: 478.5001, India: 316.7574, Philippines: 407.7622... (more ethnicities), Val Loss: 573.0046, Val MAE: 11.5840, Val R2: 0.8247
2025-04-25 19:43:31,850 - spatial_moe_trainer - INFO - Epoch 32/100 - Train Loss: 331.3221 (Col: 156.9280, Jump: 125.9655, Decline: 87.7725, PDE: 949.7874, Reg: 11224.6641), Eth Losses: China: 411.7271, India: 322.3803, Philippines: 419.8604... (more ethnicities), Val Loss: 599.6678, Val MAE: 11.6887, Val R2: 0.8166
2025-04-25 19:43:54,277 - spatial_moe_trainer - INFO - Epoch 33/100 - Train Loss: 352.5145 (Col: 173.0476, Jump: 111.8127, Decline: 85.8868, PDE: 994.4657, Reg: 11017.6195), Eth Losses: China: 502.5642, India: 380.9495, Philippines: 397.8508... (more ethnicities), Val Loss: 629.8552, Val MAE: 11.9707, Val R2: 0.8073
2025-04-25 19:44:16,682 - spatial_moe_trainer - INFO - Epoch 34/100 - Train Loss: 335.3828 (Col: 158.2705, Jump: 116.0790, Decline: 83.1401, PDE: 945.2055, Reg: 18528.2216), Eth Losses: China: 473.5206, India: 328.7592, Philippines: 402.8427... (more ethnicities), Val Loss: 585.8781, Val MAE: 11.9254, Val R2: 0.8208
2025-04-25 19:44:39,134 - spatial_moe_trainer - INFO - Epoch 35/100 - Train Loss: 308.4653 (Col: 155.2233, Jump: 109.3573, Decline: 90.7517, PDE: 829.6790, Reg: 14402.3350), Eth Losses: China: 402.0372, India: 339.0883, Philippines: 350.3162... (more ethnicities), Val Loss: 570.9717, Val MAE: 11.6350, Val R2: 0.8254
2025-04-25 19:45:01,841 - spatial_moe_trainer - INFO - Epoch 36/100 - Train Loss: 330.7479 (Col: 168.5938, Jump: 132.8375, Decline: 82.3833, PDE: 933.0666, Reg: 10473.5419), Eth Losses: China: 406.0985, India: 372.7144, Philippines: 402.6551... (more ethnicities), Val Loss: 558.6919, Val MAE: 11.3600, Val R2: 0.8291
2025-04-25 19:45:24,418 - spatial_moe_trainer - INFO - Epoch 37/100 - Train Loss: 328.2317 (Col: 193.3124, Jump: 108.4038, Decline: 88.0488, PDE: 872.9601, Reg: 9316.3332), Eth Losses: China: 446.3884, India: 334.7641, Philippines: 372.2700... (more ethnicities), Val Loss: 589.3532, Val MAE: 11.5601, Val R2: 0.8197
2025-04-25 19:45:46,879 - spatial_moe_trainer - INFO - Epoch 38/100 - Train Loss: 322.5552 (Col: 162.7518, Jump: 113.2427, Decline: 81.8862, PDE: 898.7472, Reg: 13978.7190), Eth Losses: China: 445.4464, India: 334.6998, Philippines: 367.5283... (more ethnicities), Val Loss: 605.4194, Val MAE: 11.6823, Val R2: 0.8148
2025-04-25 19:46:09,405 - spatial_moe_trainer - INFO - Epoch 39/100 - Train Loss: 309.6426 (Col: 146.1110, Jump: 130.1064, Decline: 85.3116, PDE: 841.8531, Reg: 15122.5775), Eth Losses: China: 435.9619, India: 327.8929, Philippines: 349.6190... (more ethnicities), Val Loss: 607.6235, Val MAE: 11.4996, Val R2: 0.8141
2025-04-25 19:46:31,914 - spatial_moe_trainer - INFO - Epoch 40/100 - Train Loss: 322.6484 (Col: 175.0850, Jump: 104.9956, Decline: 79.8167, PDE: 857.7711, Reg: 13501.5585), Eth Losses: China: 471.5615, India: 338.5339, Philippines: 348.6574... (more ethnicities), Val Loss: 592.4512, Val MAE: 11.6300, Val R2: 0.8188
2025-04-25 19:46:54,477 - spatial_moe_trainer - INFO - Epoch 41/100 - Train Loss: 297.2841 (Col: 135.9662, Jump: 118.3975, Decline: 87.3484, PDE: 821.6687, Reg: 15462.2095), Eth Losses: China: 399.6115, India: 323.0602, Philippines: 350.9266... (more ethnicities), Val Loss: 637.1666, Val MAE: 11.7952, Val R2: 0.8051
2025-04-25 19:47:16,901 - spatial_moe_trainer - INFO - Epoch 42/100 - Train Loss: 304.1502 (Col: 128.0180, Jump: 150.0106, Decline: 80.9873, PDE: 837.7473, Reg: 17463.8509), Eth Losses: China: 444.0631, India: 259.5528, Philippines: 380.9869... (more ethnicities), Val Loss: 680.9288, Val MAE: 11.7908, Val R2: 0.7917
2025-04-25 19:47:39,540 - spatial_moe_trainer - INFO - Epoch 43/100 - Train Loss: 281.9386 (Col: 128.9119, Jump: 133.4280, Decline: 81.8922, PDE: 803.6616, Reg: 12115.3157), Eth Losses: China: 388.6623, India: 273.8592, Philippines: 305.9497... (more ethnicities), Val Loss: 578.7840, Val MAE: 11.4725, Val R2: 0.8230
2025-04-25 19:48:02,088 - spatial_moe_trainer - INFO - Epoch 44/100 - Train Loss: 290.7789 (Col: 125.0213, Jump: 124.5753, Decline: 80.2721, PDE: 811.4602, Reg: 12709.2726), Eth Losses: China: 455.5777, India: 291.7140, Philippines: 294.5814... (more ethnicities), Val Loss: 581.8843, Val MAE: 11.4634, Val R2: 0.8220
2025-04-25 19:48:24,474 - spatial_moe_trainer - INFO - Epoch 45/100 - Train Loss: 282.2972 (Col: 129.9298, Jump: 132.8335, Decline: 76.8331, PDE: 778.4911, Reg: 15013.6001), Eth Losses: China: 368.6803, India: 278.1813, Philippines: 327.7051... (more ethnicities), Val Loss: 589.6976, Val MAE: 11.5508, Val R2: 0.8196
2025-04-25 19:48:46,935 - spatial_moe_trainer - INFO - Epoch 46/100 - Train Loss: 322.6655 (Col: 194.4580, Jump: 101.8498, Decline: 79.5991, PDE: 817.8187, Reg: 14394.7652), Eth Losses: China: 433.5619, India: 465.3994, Philippines: 344.4274... (more ethnicities), Val Loss: 578.9240, Val MAE: 11.4093, Val R2: 0.8229
2025-04-25 19:48:46,935 - spatial_moe_trainer - INFO - Early stopping at epoch 46
2025-04-25 19:48:46,951 - spatial_moe_trainer - INFO - Saving metrics to ./optuna_results/trial_23/metrics
2025-04-25 19:48:46,954 - spatial_moe_trainer - INFO - Training metrics saved to ./optuna_results/trial_23/metrics/training_metrics.csv
2025-04-25 19:48:46,957 - spatial_moe_trainer - INFO - Validation metrics saved to ./optuna_results/trial_23/metrics/validation_metrics.csv
2025-04-25 19:48:46,994 - spatial_moe_trainer - INFO - Multi-Ethnic Spatial MoE model saved to ./optuna_results/trial_23/model.pt
2025-04-25 19:48:47,027 - __mp_main__ - INFO - Running trial 24 on device cuda:0
2025-04-25 19:48:47,043 - __main__ - INFO - Trial 23 completed with value: 558.691884
2025-04-25 19:48:47,230 - __mp_main__ - INFO - Using adjusted dimensions - hidden_dims: [52, 24, 8], coord_embed_dim: 28
2025-04-25 19:48:47,276 - spatial_moe_trainer - INFO - Multi-Ethnic Spatial MoE model initialized on cuda:0
2025-04-25 19:48:47,276 - spatial_moe_trainer - INFO - Model will predict 5 ethnicities: ['China', 'India', 'Philippines', 'Portugal', 'Sri Lanka']
2025-04-25 19:48:47,297 - __mp_main__ - INFO - Testing model forward pass before training...
2025-04-25 19:48:47,456 - __mp_main__ - INFO - Test forward pass successful. Output shape: torch.Size([64, 5])
2025-04-25 19:48:47,456 - spatial_moe_trainer - INFO - Starting multi-ethnic spatial MoE model training with learnable expert router...
2025-04-25 19:48:47,456 - spatial_moe_trainer - INFO - Using colonization_weight=2.3877778531124934, jump_weight=8.218138809244339, decline_weight=9.837482852396969, pde_weight=5.042510374008792
2025-04-25 19:49:09,964 - spatial_moe_trainer - INFO - Epoch 1/100 - Train Loss: 1192.2130 (Col: 758.6086, Jump: 436.6880, Decline: 53.7012, PDE: 2992.4104, Reg: 12024.9946), Eth Losses: China: 1423.9837, India: 1416.2978, Philippines: 1741.0757... (more ethnicities), Val Loss: 1116.9377, Val MAE: 15.6053, Val R2: 0.6584
2025-04-25 19:49:32,370 - spatial_moe_trainer - INFO - Epoch 2/100 - Train Loss: 837.2689 (Col: 511.2760, Jump: 268.2056, Decline: 49.2239, PDE: 2085.0164, Reg: 10589.1938), Eth Losses: China: 978.8262, India: 996.1892, Philippines: 1235.6408... (more ethnicities), Val Loss: 914.3971, Val MAE: 15.1056, Val R2: 0.7203
2025-04-25 19:49:55,010 - spatial_moe_trainer - INFO - Epoch 3/100 - Train Loss: 720.9477 (Col: 376.6331, Jump: 243.7060, Decline: 45.4315, PDE: 1936.6890, Reg: 8346.5512), Eth Losses: China: 905.6943, India: 796.5030, Philippines: 1028.7189... (more ethnicities), Val Loss: 900.3440, Val MAE: 15.3681, Val R2: 0.7246
2025-04-25 19:50:17,555 - spatial_moe_trainer - INFO - Epoch 4/100 - Train Loss: 676.0397 (Col: 387.4843, Jump: 200.4378, Decline: 46.9798, PDE: 1725.4599, Reg: 10618.4068), Eth Losses: China: 851.1578, India: 758.2482, Philippines: 959.4986... (more ethnicities), Val Loss: 883.3258, Val MAE: 14.7679, Val R2: 0.7298
2025-04-25 19:50:39,974 - spatial_moe_trainer - INFO - Epoch 5/100 - Train Loss: 670.4368 (Col: 371.1651, Jump: 229.9848, Decline: 47.9375, PDE: 1684.3678, Reg: 16875.9472), Eth Losses: China: 820.2329, India: 699.8118, Philippines: 1062.7181... (more ethnicities), Val Loss: 881.6320, Val MAE: 14.5841, Val R2: 0.7303
2025-04-25 19:51:02,500 - spatial_moe_trainer - INFO - Epoch 6/100 - Train Loss: 588.3331 (Col: 277.7255, Jump: 188.4157, Decline: 48.2242, PDE: 1565.1332, Reg: 12482.0281), Eth Losses: China: 768.6089, India: 582.7502, Philippines: 847.3069... (more ethnicities), Val Loss: 810.2784, Val MAE: 14.1166, Val R2: 0.7522
2025-04-25 19:51:25,015 - spatial_moe_trainer - INFO - Epoch 7/100 - Train Loss: 569.3838 (Col: 277.3659, Jump: 180.4595, Decline: 47.7937, PDE: 1519.9899, Reg: 10018.8289), Eth Losses: China: 720.9780, India: 541.4149, Philippines: 837.5436... (more ethnicities), Val Loss: 782.8853, Val MAE: 13.7824, Val R2: 0.7605
2025-04-25 19:51:47,376 - spatial_moe_trainer - INFO - Epoch 8/100 - Train Loss: 538.9858 (Col: 249.2763, Jump: 202.7617, Decline: 50.0457, PDE: 1452.5324, Reg: 10292.6868), Eth Losses: China: 660.6035, India: 520.7494, Philippines: 774.1530... (more ethnicities), Val Loss: 738.6061, Val MAE: 13.2784, Val R2: 0.7741
2025-04-25 19:52:09,910 - spatial_moe_trainer - INFO - Epoch 9/100 - Train Loss: 528.1634 (Col: 258.9973, Jump: 176.4350, Decline: 50.9035, PDE: 1376.2356, Reg: 10740.3677), Eth Losses: China: 717.5748, India: 552.2515, Philippines: 671.7263... (more ethnicities), Val Loss: 764.6135, Val MAE: 13.8267, Val R2: 0.7661
2025-04-25 19:52:32,379 - spatial_moe_trainer - INFO - Epoch 10/100 - Train Loss: 518.6790 (Col: 263.0710, Jump: 148.6563, Decline: 51.7573, PDE: 1329.5342, Reg: 11007.9021), Eth Losses: China: 695.1700, India: 504.1158, Philippines: 690.4957... (more ethnicities), Val Loss: 702.3167, Val MAE: 13.3843, Val R2: 0.7852
2025-04-25 19:52:54,760 - spatial_moe_trainer - INFO - Epoch 11/100 - Train Loss: 489.7636 (Col: 236.4898, Jump: 174.2962, Decline: 53.4862, PDE: 1304.1946, Reg: 8212.5670), Eth Losses: China: 615.3428, India: 519.6349, Philippines: 645.1003... (more ethnicities), Val Loss: 742.2265, Val MAE: 13.0648, Val R2: 0.7730
2025-04-25 19:53:17,382 - spatial_moe_trainer - INFO - Epoch 12/100 - Train Loss: 455.2495 (Col: 207.2893, Jump: 159.2694, Decline: 54.7110, PDE: 1216.3301, Reg: 8749.0663), Eth Losses: China: 561.1214, India: 473.0662, Philippines: 579.9524... (more ethnicities), Val Loss: 732.2355, Val MAE: 13.2236, Val R2: 0.7760
2025-04-25 19:53:39,692 - spatial_moe_trainer - INFO - Epoch 13/100 - Train Loss: 433.6080 (Col: 183.2663, Jump: 146.0748, Decline: 54.7199, PDE: 1172.0734, Reg: 9098.1754), Eth Losses: China: 569.6388, India: 438.2866, Philippines: 533.2413... (more ethnicities), Val Loss: 712.2406, Val MAE: 13.5863, Val R2: 0.7821
2025-04-25 19:54:01,998 - spatial_moe_trainer - INFO - Epoch 14/100 - Train Loss: 450.7717 (Col: 228.1072, Jump: 128.9052, Decline: 53.1759, PDE: 1167.9220, Reg: 7424.8130), Eth Losses: China: 492.8402, India: 447.4443, Philippines: 680.1844... (more ethnicities), Val Loss: 713.3357, Val MAE: 12.5670, Val R2: 0.7818
2025-04-25 19:54:24,491 - spatial_moe_trainer - INFO - Epoch 15/100 - Train Loss: 431.6061 (Col: 203.0506, Jump: 161.7358, Decline: 53.8766, PDE: 1128.4879, Reg: 8900.9727), Eth Losses: China: 528.5324, India: 467.3940, Philippines: 568.1241... (more ethnicities), Val Loss: 707.2874, Val MAE: 12.8274, Val R2: 0.7837
2025-04-25 19:54:46,889 - spatial_moe_trainer - INFO - Epoch 16/100 - Train Loss: 419.6591 (Col: 196.7251, Jump: 142.5416, Decline: 58.8526, PDE: 1104.1484, Reg: 6830.1656), Eth Losses: China: 477.4126, India: 461.7482, Philippines: 586.5262... (more ethnicities), Val Loss: 738.7398, Val MAE: 13.0888, Val R2: 0.7740
2025-04-25 19:55:09,338 - spatial_moe_trainer - INFO - Epoch 17/100 - Train Loss: 411.6298 (Col: 225.9594, Jump: 165.4615, Decline: 55.6014, PDE: 1026.8070, Reg: 7010.0021), Eth Losses: China: 487.4672, India: 491.3674, Philippines: 492.4506... (more ethnicities), Val Loss: 675.2955, Val MAE: 12.6679, Val R2: 0.7934
2025-04-25 19:55:31,682 - spatial_moe_trainer - INFO - Epoch 18/100 - Train Loss: 390.2552 (Col: 174.3093, Jump: 134.9466, Decline: 55.7052, PDE: 1009.6877, Reg: 8308.1293), Eth Losses: China: 489.0259, India: 406.8566, Philippines: 482.2826... (more ethnicities), Val Loss: 692.7096, Val MAE: 12.8636, Val R2: 0.7881
2025-04-25 19:55:54,052 - spatial_moe_trainer - INFO - Epoch 19/100 - Train Loss: 371.0102 (Col: 150.9403, Jump: 137.6657, Decline: 53.8450, PDE: 1012.8085, Reg: 8540.3684), Eth Losses: China: 478.7406, India: 382.2597, Philippines: 449.4815... (more ethnicities), Val Loss: 665.9128, Val MAE: 12.6506, Val R2: 0.7963
2025-04-25 19:56:16,642 - spatial_moe_trainer - INFO - Epoch 20/100 - Train Loss: 375.7580 (Col: 161.9087, Jump: 148.8504, Decline: 52.0156, PDE: 1016.8493, Reg: 7872.3534), Eth Losses: China: 488.6582, India: 374.1900, Philippines: 451.7875... (more ethnicities), Val Loss: 687.9398, Val MAE: 12.6354, Val R2: 0.7896
2025-04-25 19:56:38,953 - spatial_moe_trainer - INFO - Epoch 21/100 - Train Loss: 370.9350 (Col: 158.8597, Jump: 128.4286, Decline: 52.3761, PDE: 991.4248, Reg: 11060.9124), Eth Losses: China: 474.7873, India: 345.6155, Philippines: 478.3883... (more ethnicities), Val Loss: 705.7125, Val MAE: 12.9021, Val R2: 0.7841
2025-04-25 19:57:01,321 - spatial_moe_trainer - INFO - Epoch 22/100 - Train Loss: 346.9882 (Col: 131.2213, Jump: 135.8287, Decline: 56.2926, PDE: 978.7184, Reg: 7230.3160), Eth Losses: China: 455.8097, India: 349.7678, Philippines: 402.0966... (more ethnicities), Val Loss: 726.5751, Val MAE: 12.8756, Val R2: 0.7778
2025-04-25 19:57:23,661 - spatial_moe_trainer - INFO - Epoch 23/100 - Train Loss: 349.8674 (Col: 131.9984, Jump: 116.8824, Decline: 57.3148, PDE: 972.0829, Reg: 7801.3223), Eth Losses: China: 428.8426, India: 345.5582, Philippines: 426.2722... (more ethnicities), Val Loss: 686.6250, Val MAE: 12.6790, Val R2: 0.7900
2025-04-25 19:57:46,236 - spatial_moe_trainer - INFO - Epoch 24/100 - Train Loss: 350.4335 (Col: 145.1404, Jump: 132.0157, Decline: 56.1685, PDE: 944.7567, Reg: 7298.1377), Eth Losses: China: 453.5786, India: 360.2472, Philippines: 404.4726... (more ethnicities), Val Loss: 674.8905, Val MAE: 12.4836, Val R2: 0.7936
2025-04-25 19:58:08,659 - spatial_moe_trainer - INFO - Epoch 25/100 - Train Loss: 356.1656 (Col: 131.1407, Jump: 133.3139, Decline: 53.9906, PDE: 952.6992, Reg: 10115.1932), Eth Losses: China: 491.7114, India: 337.8639, Philippines: 414.8589... (more ethnicities), Val Loss: 693.3681, Val MAE: 12.7697, Val R2: 0.7879
2025-04-25 19:58:31,116 - spatial_moe_trainer - INFO - Epoch 26/100 - Train Loss: 339.0431 (Col: 130.4221, Jump: 119.3247, Decline: 56.7465, PDE: 937.9392, Reg: 6833.1835), Eth Losses: China: 414.4064, India: 348.1100, Philippines: 395.7217... (more ethnicities), Val Loss: 679.0025, Val MAE: 12.6998, Val R2: 0.7923
2025-04-25 19:58:53,469 - spatial_moe_trainer - INFO - Epoch 27/100 - Train Loss: 339.0153 (Col: 127.8812, Jump: 126.2450, Decline: 57.2708, PDE: 926.7475, Reg: 9816.6019), Eth Losses: China: 466.7564, India: 303.3979, Philippines: 400.5567... (more ethnicities), Val Loss: 669.8899, Val MAE: 12.6830, Val R2: 0.7951
2025-04-25 19:59:15,950 - spatial_moe_trainer - INFO - Epoch 28/100 - Train Loss: 329.0650 (Col: 126.1483, Jump: 127.8623, Decline: 54.9499, PDE: 926.7694, Reg: 6367.7099), Eth Losses: China: 410.2328, India: 334.5431, Philippines: 411.2982... (more ethnicities), Val Loss: 677.2113, Val MAE: 12.6146, Val R2: 0.7929
2025-04-25 19:59:38,568 - spatial_moe_trainer - INFO - Epoch 29/100 - Train Loss: 342.9241 (Col: 140.5212, Jump: 113.2143, Decline: 54.2446, PDE: 910.5590, Reg: 7350.4339), Eth Losses: China: 424.7848, India: 337.6940, Philippines: 410.5823... (more ethnicities), Val Loss: 663.3781, Val MAE: 12.5665, Val R2: 0.7971
2025-04-25 20:00:00,951 - spatial_moe_trainer - INFO - Epoch 30/100 - Train Loss: 326.8206 (Col: 132.4399, Jump: 126.1411, Decline: 54.5443, PDE: 878.2412, Reg: 8191.9296), Eth Losses: China: 451.9100, India: 299.8697, Philippines: 370.9981... (more ethnicities), Val Loss: 676.7830, Val MAE: 12.4949, Val R2: 0.7930
2025-04-25 20:00:23,419 - spatial_moe_trainer - INFO - Epoch 31/100 - Train Loss: 332.6632 (Col: 132.0732, Jump: 128.6582, Decline: 57.4622, PDE: 910.1031, Reg: 7884.3631), Eth Losses: China: 414.1168, India: 313.8876, Philippines: 383.2637... (more ethnicities), Val Loss: 681.9722, Val MAE: 12.6269, Val R2: 0.7914
2025-04-25 20:00:45,960 - spatial_moe_trainer - INFO - Epoch 32/100 - Train Loss: 317.1366 (Col: 120.0264, Jump: 102.8487, Decline: 51.6550, PDE: 874.5869, Reg: 8166.0977), Eth Losses: China: 422.6564, India: 298.1814, Philippines: 348.8022... (more ethnicities), Val Loss: 675.0661, Val MAE: 12.5852, Val R2: 0.7935
2025-04-25 20:01:08,451 - spatial_moe_trainer - INFO - Epoch 33/100 - Train Loss: 311.6689 (Col: 117.6253, Jump: 117.3933, Decline: 53.7841, PDE: 860.3449, Reg: 6776.9774), Eth Losses: China: 409.0247, India: 270.7888, Philippines: 372.5849... (more ethnicities), Val Loss: 679.8155, Val MAE: 12.5220, Val R2: 0.7921
2025-04-25 20:01:30,876 - spatial_moe_trainer - INFO - Epoch 34/100 - Train Loss: 320.5936 (Col: 122.8546, Jump: 107.4869, Decline: 53.6337, PDE: 875.3648, Reg: 6379.6620), Eth Losses: China: 413.1186, India: 296.8357, Philippines: 386.4846... (more ethnicities), Val Loss: 685.9170, Val MAE: 12.6530, Val R2: 0.7902
2025-04-25 20:01:53,192 - spatial_moe_trainer - INFO - Epoch 35/100 - Train Loss: 319.3354 (Col: 124.3988, Jump: 125.9148, Decline: 53.1850, PDE: 894.7363, Reg: 6005.2510), Eth Losses: China: 383.9181, India: 313.9530, Philippines: 366.3775... (more ethnicities), Val Loss: 680.6552, Val MAE: 12.6182, Val R2: 0.7918
2025-04-25 20:02:15,599 - spatial_moe_trainer - INFO - Epoch 36/100 - Train Loss: 316.6107 (Col: 121.3192, Jump: 99.2664, Decline: 53.5915, PDE: 876.8274, Reg: 6768.0343), Eth Losses: China: 376.6941, India: 327.4323, Philippines: 363.7625... (more ethnicities), Val Loss: 686.4515, Val MAE: 12.5629, Val R2: 0.7900
2025-04-25 20:02:38,130 - spatial_moe_trainer - INFO - Epoch 37/100 - Train Loss: 304.7284 (Col: 108.5839, Jump: 124.7369, Decline: 53.7095, PDE: 839.6273, Reg: 6372.4224), Eth Losses: China: 404.3260, India: 271.7446, Philippines: 362.8566... (more ethnicities), Val Loss: 683.5960, Val MAE: 12.5527, Val R2: 0.7909
2025-04-25 20:03:00,560 - spatial_moe_trainer - INFO - Epoch 38/100 - Train Loss: 307.0500 (Col: 109.3891, Jump: 108.1155, Decline: 53.0675, PDE: 862.8109, Reg: 7524.5185), Eth Losses: China: 384.0456, India: 288.7683, Philippines: 372.4798... (more ethnicities), Val Loss: 676.5810, Val MAE: 12.4526, Val R2: 0.7930
2025-04-25 20:03:23,062 - spatial_moe_trainer - INFO - Epoch 39/100 - Train Loss: 308.0995 (Col: 117.0547, Jump: 111.2312, Decline: 51.9664, PDE: 835.4885, Reg: 8013.3542), Eth Losses: China: 426.4177, India: 316.4274, Philippines: 329.1288... (more ethnicities), Val Loss: 678.7906, Val MAE: 12.4098, Val R2: 0.7924
2025-04-25 20:03:23,062 - spatial_moe_trainer - INFO - Early stopping at epoch 39
2025-04-25 20:03:23,077 - spatial_moe_trainer - INFO - Saving metrics to ./optuna_results/trial_24/metrics
2025-04-25 20:03:23,080 - spatial_moe_trainer - INFO - Training metrics saved to ./optuna_results/trial_24/metrics/training_metrics.csv
2025-04-25 20:03:23,083 - spatial_moe_trainer - INFO - Validation metrics saved to ./optuna_results/trial_24/metrics/validation_metrics.csv
2025-04-25 20:03:23,120 - spatial_moe_trainer - INFO - Multi-Ethnic Spatial MoE model saved to ./optuna_results/trial_24/model.pt
2025-04-25 20:03:23,153 - __mp_main__ - INFO - Running trial 25 on device cuda:0
2025-04-25 20:03:23,167 - __main__ - INFO - Trial 24 completed with value: 663.378146
2025-04-25 20:03:23,350 - __mp_main__ - INFO - Using adjusted dimensions - hidden_dims: [80, 20, 8], coord_embed_dim: 24
2025-04-25 20:03:23,396 - spatial_moe_trainer - INFO - Multi-Ethnic Spatial MoE model initialized on cuda:0
2025-04-25 20:03:23,397 - spatial_moe_trainer - INFO - Model will predict 5 ethnicities: ['China', 'India', 'Philippines', 'Portugal', 'Sri Lanka']
2025-04-25 20:03:23,417 - __mp_main__ - INFO - Testing model forward pass before training...
2025-04-25 20:03:23,584 - __mp_main__ - INFO - Test forward pass successful. Output shape: torch.Size([64, 5])
2025-04-25 20:03:23,585 - spatial_moe_trainer - INFO - Starting multi-ethnic spatial MoE model training with learnable expert router...
2025-04-25 20:03:23,585 - spatial_moe_trainer - INFO - Using colonization_weight=2.3877778531124934, jump_weight=8.218138809244339, decline_weight=8.305075480367297, pde_weight=8.071084958729553
2025-04-25 20:03:45,960 - spatial_moe_trainer - INFO - Epoch 1/100 - Train Loss: 1522.3877 (Col: 979.5943, Jump: 848.5877, Decline: 98.4542, PDE: 4235.4820, Reg: 19760.6085), Eth Losses: China: 1832.1235, India: 1802.3320, Philippines: 2221.2717... (more ethnicities), Val Loss: 1296.0098, Val MAE: 17.6777, Val R2: 0.6036
2025-04-25 20:04:08,350 - spatial_moe_trainer - INFO - Epoch 2/100 - Train Loss: 1044.5723 (Col: 632.1819, Jump: 371.6974, Decline: 84.4460, PDE: 3067.1789, Reg: 20420.4132), Eth Losses: China: 1199.0864, India: 1162.2014, Philippines: 1413.3177... (more ethnicities), Val Loss: 1290.0001, Val MAE: 16.7912, Val R2: 0.6054
2025-04-25 20:04:30,866 - spatial_moe_trainer - INFO - Epoch 3/100 - Train Loss: 890.8317 (Col: 530.5284, Jump: 416.0618, Decline: 82.6828, PDE: 2535.2084, Reg: 30395.0211), Eth Losses: China: 1109.6640, India: 1005.1922, Philippines: 1123.8112... (more ethnicities), Val Loss: 1213.2396, Val MAE: 16.3606, Val R2: 0.6289
2025-04-25 20:04:53,341 - spatial_moe_trainer - INFO - Epoch 4/100 - Train Loss: 800.7612 (Col: 412.6231, Jump: 296.1745, Decline: 80.5728, PDE: 2451.3618, Reg: 18632.5096), Eth Losses: China: 964.6510, India: 817.6647, Philippines: 1133.5875... (more ethnicities), Val Loss: 1005.3362, Val MAE: 15.8270, Val R2: 0.6925
2025-04-25 20:05:15,745 - spatial_moe_trainer - INFO - Epoch 5/100 - Train Loss: 774.1011 (Col: 404.1834, Jump: 308.1043, Decline: 82.3693, PDE: 2335.5523, Reg: 19430.7617), Eth Losses: China: 918.8780, India: 789.7395, Philippines: 1017.3526... (more ethnicities), Val Loss: 950.8580, Val MAE: 15.4036, Val R2: 0.7092
2025-04-25 20:05:38,047 - spatial_moe_trainer - INFO - Epoch 6/100 - Train Loss: 776.7031 (Col: 380.3697, Jump: 292.9028, Decline: 83.2556, PDE: 2354.0514, Reg: 28357.1749), Eth Losses: China: 870.8442, India: 828.0552, Philippines: 1084.0809... (more ethnicities), Val Loss: 941.4353, Val MAE: 16.0439, Val R2: 0.7120
2025-04-25 20:06:00,380 - spatial_moe_trainer - INFO - Epoch 7/100 - Train Loss: 708.6221 (Col: 353.7837, Jump: 264.7692, Decline: 78.1873, PDE: 2133.3451, Reg: 25513.3808), Eth Losses: China: 879.2476, India: 697.7681, Philippines: 919.1539... (more ethnicities), Val Loss: 861.0283, Val MAE: 14.9229, Val R2: 0.7366
2025-04-25 20:06:22,899 - spatial_moe_trainer - INFO - Epoch 8/100 - Train Loss: 675.4675 (Col: 352.0798, Jump: 273.3066, Decline: 82.0624, PDE: 2059.1663, Reg: 14198.3524), Eth Losses: China: 847.2276, India: 654.4401, Philippines: 872.5057... (more ethnicities), Val Loss: 833.3292, Val MAE: 15.1035, Val R2: 0.7451
2025-04-25 20:06:45,341 - spatial_moe_trainer - INFO - Epoch 9/100 - Train Loss: 649.9143 (Col: 299.9521, Jump: 248.7177, Decline: 81.5810, PDE: 2003.5345, Reg: 19775.2376), Eth Losses: China: 741.9158, India: 660.6790, Philippines: 866.8275... (more ethnicities), Val Loss: 812.7923, Val MAE: 14.5985, Val R2: 0.7514
2025-04-25 20:07:07,777 - spatial_moe_trainer - INFO - Epoch 10/100 - Train Loss: 623.8201 (Col: 300.3801, Jump: 227.4196, Decline: 86.4361, PDE: 1899.3106, Reg: 19687.9009), Eth Losses: China: 733.7084, India: 598.2319, Philippines: 844.6432... (more ethnicities), Val Loss: 798.1368, Val MAE: 14.2875, Val R2: 0.7559
2025-04-25 20:07:30,359 - spatial_moe_trainer - INFO - Epoch 11/100 - Train Loss: 610.5156 (Col: 319.8466, Jump: 265.5647, Decline: 86.9873, PDE: 1800.0733, Reg: 13884.1315), Eth Losses: China: 732.0647, India: 609.2919, Philippines: 762.4104... (more ethnicities), Val Loss: 753.5504, Val MAE: 14.2727, Val R2: 0.7695
2025-04-25 20:07:52,896 - spatial_moe_trainer - INFO - Epoch 12/100 - Train Loss: 549.4286 (Col: 266.5022, Jump: 250.5890, Decline: 90.7748, PDE: 1671.8438, Reg: 12819.6337), Eth Losses: China: 670.7798, India: 543.1610, Philippines: 704.9060... (more ethnicities), Val Loss: 788.8591, Val MAE: 14.0469, Val R2: 0.7587
2025-04-25 20:08:15,427 - spatial_moe_trainer - INFO - Epoch 13/100 - Train Loss: 550.9995 (Col: 255.5827, Jump: 201.9319, Decline: 90.9769, PDE: 1657.8832, Reg: 18293.4904), Eth Losses: China: 694.5458, India: 520.4558, Philippines: 740.1819... (more ethnicities), Val Loss: 724.0233, Val MAE: 13.5966, Val R2: 0.7785
2025-04-25 20:08:37,892 - spatial_moe_trainer - INFO - Epoch 14/100 - Train Loss: 532.2900 (Col: 251.4002, Jump: 183.5351, Decline: 93.0157, PDE: 1590.2491, Reg: 16243.8076), Eth Losses: China: 662.1759, India: 523.0894, Philippines: 703.7672... (more ethnicities), Val Loss: 702.5672, Val MAE: 13.4183, Val R2: 0.7851
2025-04-25 20:09:00,366 - spatial_moe_trainer - INFO - Epoch 15/100 - Train Loss: 519.4343 (Col: 293.3753, Jump: 203.7146, Decline: 91.8383, PDE: 1450.6698, Reg: 16076.5750), Eth Losses: China: 718.5751, India: 500.1128, Philippines: 637.8783... (more ethnicities), Val Loss: 737.5274, Val MAE: 13.9413, Val R2: 0.7744
2025-04-25 20:09:22,874 - spatial_moe_trainer - INFO - Epoch 16/100 - Train Loss: 498.3161 (Col: 285.1122, Jump: 202.0218, Decline: 98.2312, PDE: 1413.1078, Reg: 12737.5321), Eth Losses: China: 606.8566, India: 497.3265, Philippines: 661.7613... (more ethnicities), Val Loss: 681.2014, Val MAE: 13.4647, Val R2: 0.7916
2025-04-25 20:09:45,241 - spatial_moe_trainer - INFO - Epoch 17/100 - Train Loss: 494.9713 (Col: 289.6264, Jump: 162.2444, Decline: 96.7828, PDE: 1360.8687, Reg: 12802.9066), Eth Losses: China: 694.7853, India: 497.6670, Philippines: 580.2971... (more ethnicities), Val Loss: 631.6000, Val MAE: 12.6565, Val R2: 0.8068
2025-04-25 20:10:07,874 - spatial_moe_trainer - INFO - Epoch 18/100 - Train Loss: 459.8645 (Col: 224.7219, Jump: 180.1603, Decline: 100.5722, PDE: 1344.2998, Reg: 14555.5028), Eth Losses: China: 595.7998, India: 466.7811, Philippines: 587.5916... (more ethnicities), Val Loss: 647.1414, Val MAE: 13.2797, Val R2: 0.8021
2025-04-25 20:10:30,397 - spatial_moe_trainer - INFO - Epoch 19/100 - Train Loss: 457.1399 (Col: 229.2281, Jump: 161.8723, Decline: 96.9312, PDE: 1350.2292, Reg: 12089.5687), Eth Losses: China: 596.9396, India: 465.7132, Philippines: 540.4123... (more ethnicities), Val Loss: 640.6510, Val MAE: 12.8674, Val R2: 0.8040
2025-04-25 20:10:52,833 - spatial_moe_trainer - INFO - Epoch 20/100 - Train Loss: 437.7661 (Col: 223.1033, Jump: 158.0829, Decline: 98.1931, PDE: 1257.5281, Reg: 14088.0554), Eth Losses: China: 583.1649, India: 468.7174, Philippines: 503.0875... (more ethnicities), Val Loss: 650.3561, Val MAE: 12.6754, Val R2: 0.8011
2025-04-25 20:11:15,312 - spatial_moe_trainer - INFO - Epoch 21/100 - Train Loss: 447.4772 (Col: 239.5900, Jump: 158.4488, Decline: 96.4182, PDE: 1231.7128, Reg: 18196.0679), Eth Losses: China: 573.9700, India: 465.7117, Philippines: 537.6843... (more ethnicities), Val Loss: 636.7775, Val MAE: 13.1868, Val R2: 0.8052
2025-04-25 20:11:37,867 - spatial_moe_trainer - INFO - Epoch 22/100 - Train Loss: 427.0373 (Col: 219.4061, Jump: 153.6778, Decline: 103.6410, PDE: 1205.0179, Reg: 14957.5625), Eth Losses: China: 579.4412, India: 447.0419, Philippines: 495.3228... (more ethnicities), Val Loss: 638.5231, Val MAE: 12.6406, Val R2: 0.8047
2025-04-25 20:12:00,314 - spatial_moe_trainer - INFO - Epoch 23/100 - Train Loss: 403.2791 (Col: 188.0110, Jump: 148.4703, Decline: 104.1797, PDE: 1187.9812, Reg: 13915.8565), Eth Losses: China: 506.9679, India: 406.1696, Philippines: 516.2823... (more ethnicities), Val Loss: 660.7830, Val MAE: 12.9547, Val R2: 0.7979
2025-04-25 20:12:22,875 - spatial_moe_trainer - INFO - Epoch 24/100 - Train Loss: 426.2989 (Col: 186.8651, Jump: 125.3509, Decline: 106.7792, PDE: 1263.5516, Reg: 14517.2072), Eth Losses: China: 544.2597, India: 415.5266, Philippines: 523.0587... (more ethnicities), Val Loss: 633.7418, Val MAE: 12.7704, Val R2: 0.8062
2025-04-25 20:12:45,631 - spatial_moe_trainer - INFO - Epoch 25/100 - Train Loss: 382.2136 (Col: 181.9626, Jump: 131.7014, Decline: 101.7488, PDE: 1134.0465, Reg: 8920.5450), Eth Losses: China: 541.1240, India: 390.9373, Philippines: 447.9571... (more ethnicities), Val Loss: 654.8609, Val MAE: 12.9776, Val R2: 0.7997
2025-04-25 20:13:08,268 - spatial_moe_trainer - INFO - Epoch 26/100 - Train Loss: 398.2921 (Col: 180.3797, Jump: 136.5626, Decline: 119.3904, PDE: 1159.5388, Reg: 12955.2262), Eth Losses: China: 537.2042, India: 433.5582, Philippines: 461.5580... (more ethnicities), Val Loss: 702.8902, Val MAE: 13.2536, Val R2: 0.7850
2025-04-25 20:13:30,753 - spatial_moe_trainer - INFO - Epoch 27/100 - Train Loss: 427.8858 (Col: 194.0335, Jump: 125.9045, Decline: 131.3385, PDE: 1157.2890, Reg: 20351.9495), Eth Losses: China: 706.3746, India: 413.8716, Philippines: 431.1534... (more ethnicities), Val Loss: 659.7120, Val MAE: 12.7705, Val R2: 0.7982
2025-04-25 20:13:30,753 - spatial_moe_trainer - INFO - Early stopping at epoch 27
2025-04-25 20:13:30,769 - spatial_moe_trainer - INFO - Saving metrics to ./optuna_results/trial_25/metrics
2025-04-25 20:13:30,772 - spatial_moe_trainer - INFO - Training metrics saved to ./optuna_results/trial_25/metrics/training_metrics.csv
2025-04-25 20:13:30,774 - spatial_moe_trainer - INFO - Validation metrics saved to ./optuna_results/trial_25/metrics/validation_metrics.csv
2025-04-25 20:13:30,812 - spatial_moe_trainer - INFO - Multi-Ethnic Spatial MoE model saved to ./optuna_results/trial_25/model.pt
2025-04-25 20:13:30,847 - __mp_main__ - INFO - Running trial 26 on device cuda:0
2025-04-25 20:13:30,864 - __main__ - INFO - Trial 25 completed with value: 631.600033
2025-04-25 20:13:31,050 - __mp_main__ - INFO - Using adjusted dimensions - hidden_dims: [108, 24, 8], coord_embed_dim: 28
2025-04-25 20:13:31,097 - spatial_moe_trainer - INFO - Multi-Ethnic Spatial MoE model initialized on cuda:0
2025-04-25 20:13:31,097 - spatial_moe_trainer - INFO - Model will predict 5 ethnicities: ['China', 'India', 'Philippines', 'Portugal', 'Sri Lanka']
2025-04-25 20:13:31,118 - __mp_main__ - INFO - Testing model forward pass before training...
2025-04-25 20:13:31,282 - __mp_main__ - INFO - Test forward pass successful. Output shape: torch.Size([64, 5])
2025-04-25 20:13:31,282 - spatial_moe_trainer - INFO - Starting multi-ethnic spatial MoE model training with learnable expert router...
2025-04-25 20:13:31,282 - spatial_moe_trainer - INFO - Using colonization_weight=4.893645791055788, jump_weight=6.153224686495365, decline_weight=7.58634062299952, pde_weight=4.9361974382388425
2025-04-25 20:13:53,904 - spatial_moe_trainer - INFO - Epoch 1/100 - Train Loss: 1447.2290 (Col: 789.3119, Jump: 808.7022, Decline: 71.0981, PDE: 4200.7080, Reg: 31187.7276), Eth Losses: China: 1722.3410, India: 1671.3985, Philippines: 2381.6761... (more ethnicities), Val Loss: 1284.7895, Val MAE: 16.2201, Val R2: 0.6070
2025-04-25 20:14:16,472 - spatial_moe_trainer - INFO - Epoch 2/100 - Train Loss: 1008.9250 (Col: 507.8780, Jump: 529.1984, Decline: 62.0779, PDE: 2973.3951, Reg: 11882.7988), Eth Losses: China: 1147.3963, India: 1212.9166, Philippines: 1554.1073... (more ethnicities), Val Loss: 1146.0490, Val MAE: 15.7152, Val R2: 0.6494
2025-04-25 20:14:39,110 - spatial_moe_trainer - INFO - Epoch 3/100 - Train Loss: 834.8988 (Col: 383.7492, Jump: 335.6416, Decline: 56.5171, PDE: 2496.4726, Reg: 25593.2175), Eth Losses: China: 1077.4895, India: 965.8711, Philippines: 1226.6267... (more ethnicities), Val Loss: 1024.1865, Val MAE: 15.0207, Val R2: 0.6867
2025-04-25 20:15:01,658 - spatial_moe_trainer - INFO - Epoch 4/100 - Train Loss: 759.6049 (Col: 309.3296, Jump: 283.9976, Decline: 56.0290, PDE: 2346.4661, Reg: 18238.6181), Eth Losses: China: 955.4547, India: 855.0314, Philippines: 1161.5170... (more ethnicities), Val Loss: 977.3920, Val MAE: 14.6637, Val R2: 0.7010
2025-04-25 20:15:24,541 - spatial_moe_trainer - INFO - Epoch 5/100 - Train Loss: 739.6081 (Col: 287.2894, Jump: 256.7416, Decline: 55.6973, PDE: 2327.8712, Reg: 21053.3776), Eth Losses: China: 925.6544, India: 866.5680, Philippines: 1076.8834... (more ethnicities), Val Loss: 916.8893, Val MAE: 14.6963, Val R2: 0.7195
2025-04-25 20:15:47,168 - spatial_moe_trainer - INFO - Epoch 6/100 - Train Loss: 673.6493 (Col: 262.5320, Jump: 275.0737, Decline: 56.6424, PDE: 2090.0794, Reg: 25065.1274), Eth Losses: China: 769.1677, India: 740.0018, Philippines: 1012.6456... (more ethnicities), Val Loss: 967.4685, Val MAE: 14.4869, Val R2: 0.7041
2025-04-25 20:16:09,795 - spatial_moe_trainer - INFO - Epoch 7/100 - Train Loss: 608.4418 (Col: 241.2181, Jump: 275.7150, Decline: 55.7978, PDE: 1896.9177, Reg: 19716.4275), Eth Losses: China: 647.7209, India: 663.8277, Philippines: 924.3317... (more ethnicities), Val Loss: 828.2608, Val MAE: 13.4718, Val R2: 0.7467
2025-04-25 20:16:32,153 - spatial_moe_trainer - INFO - Epoch 8/100 - Train Loss: 627.5079 (Col: 281.6661, Jump: 197.9699, Decline: 58.3581, PDE: 1848.5813, Reg: 26382.7712), Eth Losses: China: 695.4385, India: 740.8606, Philippines: 905.9043... (more ethnicities), Val Loss: 812.1301, Val MAE: 13.4571, Val R2: 0.7516
2025-04-25 20:16:54,581 - spatial_moe_trainer - INFO - Epoch 9/100 - Train Loss: 547.3254 (Col: 209.5256, Jump: 213.3800, Decline: 58.2047, PDE: 1657.5899, Reg: 28126.8992), Eth Losses: China: 665.8050, India: 582.4901, Philippines: 770.9492... (more ethnicities), Val Loss: 734.0426, Val MAE: 12.8369, Val R2: 0.7755
2025-04-25 20:17:16,972 - spatial_moe_trainer - INFO - Epoch 10/100 - Train Loss: 509.3419 (Col: 192.9149, Jump: 236.5924, Decline: 58.9426, PDE: 1578.9922, Reg: 16621.2126), Eth Losses: China: 509.4853, India: 590.8729, Philippines: 744.6517... (more ethnicities), Val Loss: 784.0995, Val MAE: 12.8174, Val R2: 0.7602
2025-04-25 20:17:39,545 - spatial_moe_trainer - INFO - Epoch 11/100 - Train Loss: 508.8231 (Col: 224.1999, Jump: 218.0340, Decline: 66.0636, PDE: 1486.4999, Reg: 17960.6039), Eth Losses: China: 606.4980, India: 518.0410, Philippines: 719.1654... (more ethnicities), Val Loss: 767.6589, Val MAE: 12.4701, Val R2: 0.7652
2025-04-25 20:18:01,948 - spatial_moe_trainer - INFO - Epoch 12/100 - Train Loss: 485.3309 (Col: 183.4716, Jump: 222.2827, Decline: 66.0731, PDE: 1477.8909, Reg: 19010.2144), Eth Losses: China: 503.7062, India: 557.9923, Philippines: 709.6851... (more ethnicities), Val Loss: 787.8106, Val MAE: 12.8021, Val R2: 0.7590
2025-04-25 20:18:24,454 - spatial_moe_trainer - INFO - Epoch 13/100 - Train Loss: 457.2067 (Col: 186.2626, Jump: 219.0480, Decline: 66.0153, PDE: 1388.3801, Reg: 13512.7676), Eth Losses: China: 443.9553, India: 552.6188, Philippines: 658.7634... (more ethnicities), Val Loss: 758.0230, Val MAE: 12.7048, Val R2: 0.7681
2025-04-25 20:18:46,815 - spatial_moe_trainer - INFO - Epoch 14/100 - Train Loss: 462.6410 (Col: 189.9868, Jump: 207.5334, Decline: 63.8300, PDE: 1401.4166, Reg: 12835.2172), Eth Losses: China: 486.3594, India: 529.3840, Philippines: 645.9355... (more ethnicities), Val Loss: 725.6555, Val MAE: 12.4552, Val R2: 0.7780
2025-04-25 20:19:09,210 - spatial_moe_trainer - INFO - Epoch 15/100 - Train Loss: 492.8232 (Col: 218.8646, Jump: 198.0834, Decline: 64.8227, PDE: 1463.0286, Reg: 13267.6664), Eth Losses: China: 592.1461, India: 525.9153, Philippines: 717.3121... (more ethnicities), Val Loss: 724.7026, Val MAE: 12.2428, Val R2: 0.7783
2025-04-25 20:19:31,689 - spatial_moe_trainer - INFO - Epoch 16/100 - Train Loss: 439.5141 (Col: 184.6093, Jump: 186.2741, Decline: 63.1210, PDE: 1326.9406, Reg: 16891.0759), Eth Losses: China: 470.2343, India: 493.7775, Philippines: 607.5218... (more ethnicities), Val Loss: 686.8128, Val MAE: 12.1963, Val R2: 0.7899
2025-04-25 20:19:54,136 - spatial_moe_trainer - INFO - Epoch 17/100 - Train Loss: 430.7861 (Col: 174.0295, Jump: 165.5403, Decline: 66.3620, PDE: 1306.1101, Reg: 9747.9638), Eth Losses: China: 537.9208, India: 449.1231, Philippines: 566.0916... (more ethnicities), Val Loss: 740.7749, Val MAE: 12.3411, Val R2: 0.7734
2025-04-25 20:20:16,642 - spatial_moe_trainer - INFO - Epoch 18/100 - Train Loss: 425.9766 (Col: 145.6542, Jump: 197.3916, Decline: 62.6962, PDE: 1339.8293, Reg: 14978.3097), Eth Losses: China: 478.7510, India: 471.7547, Philippines: 614.4258... (more ethnicities), Val Loss: 721.9095, Val MAE: 12.2979, Val R2: 0.7792
2025-04-25 20:20:39,195 - spatial_moe_trainer - INFO - Epoch 19/100 - Train Loss: 406.6127 (Col: 157.4075, Jump: 172.9384, Decline: 63.7618, PDE: 1222.4593, Reg: 19112.3605), Eth Losses: China: 453.8407, India: 489.6752, Philippines: 558.3389... (more ethnicities), Val Loss: 699.8675, Val MAE: 12.2409, Val R2: 0.7859
2025-04-25 20:21:01,649 - spatial_moe_trainer - INFO - Epoch 20/100 - Train Loss: 397.3929 (Col: 142.2315, Jump: 152.9647, Decline: 66.7607, PDE: 1206.8252, Reg: 20286.8438), Eth Losses: China: 425.7985, India: 478.8661, Philippines: 512.3763... (more ethnicities), Val Loss: 681.0879, Val MAE: 12.1711, Val R2: 0.7917
2025-04-25 20:21:24,075 - spatial_moe_trainer - INFO - Epoch 21/100 - Train Loss: 393.7716 (Col: 159.1256, Jump: 155.0884, Decline: 62.2508, PDE: 1171.8958, Reg: 15443.2795), Eth Losses: China: 464.0769, India: 449.3188, Philippines: 506.7173... (more ethnicities), Val Loss: 673.6855, Val MAE: 12.0914, Val R2: 0.7939
2025-04-25 20:21:46,467 - spatial_moe_trainer - INFO - Epoch 22/100 - Train Loss: 377.7236 (Col: 151.5978, Jump: 165.8772, Decline: 61.1725, PDE: 1122.0547, Reg: 15464.8433), Eth Losses: China: 417.5307, India: 471.1177, Philippines: 506.5080... (more ethnicities), Val Loss: 650.2004, Val MAE: 11.8681, Val R2: 0.8011
2025-04-25 20:22:08,841 - spatial_moe_trainer - INFO - Epoch 23/100 - Train Loss: 392.9676 (Col: 158.4560, Jump: 187.3300, Decline: 60.3022, PDE: 1196.7189, Reg: 7883.2553), Eth Losses: China: 385.4101, India: 472.5270, Philippines: 573.1899... (more ethnicities), Val Loss: 678.6982, Val MAE: 11.9726, Val R2: 0.7924
2025-04-25 20:22:31,135 - spatial_moe_trainer - INFO - Epoch 24/100 - Train Loss: 376.2925 (Col: 178.3401, Jump: 167.6457, Decline: 62.5219, PDE: 1079.8195, Reg: 11140.0367), Eth Losses: China: 512.2751, India: 422.9027, Philippines: 451.5911... (more ethnicities), Val Loss: 626.2372, Val MAE: 11.7082, Val R2: 0.8084
2025-04-25 20:22:53,449 - spatial_moe_trainer - INFO - Epoch 25/100 - Train Loss: 371.3575 (Col: 140.4007, Jump: 157.4938, Decline: 62.5627, PDE: 1115.8383, Reg: 18124.5566), Eth Losses: China: 415.3654, India: 460.7134, Philippines: 480.6281... (more ethnicities), Val Loss: 624.7451, Val MAE: 11.7328, Val R2: 0.8089
2025-04-25 20:23:15,998 - spatial_moe_trainer - INFO - Epoch 26/100 - Train Loss: 383.5212 (Col: 166.0609, Jump: 173.6997, Decline: 61.9496, PDE: 1116.4753, Reg: 9682.9591), Eth Losses: China: 523.0463, India: 373.0033, Philippines: 533.2971... (more ethnicities), Val Loss: 630.5470, Val MAE: 11.9622, Val R2: 0.8071
2025-04-25 20:23:38,619 - spatial_moe_trainer - INFO - Epoch 27/100 - Train Loss: 354.5503 (Col: 117.3562, Jump: 159.2796, Decline: 66.3471, PDE: 1085.6543, Reg: 20450.9653), Eth Losses: China: 415.5131, India: 398.5851, Philippines: 497.4827... (more ethnicities), Val Loss: 640.6288, Val MAE: 11.7337, Val R2: 0.8040
2025-04-25 20:24:01,089 - spatial_moe_trainer - INFO - Epoch 28/100 - Train Loss: 342.3998 (Col: 129.7589, Jump: 178.3948, Decline: 66.4034, PDE: 1045.5997, Reg: 9820.9959), Eth Losses: China: 382.5310, India: 367.1895, Philippines: 480.9482... (more ethnicities), Val Loss: 615.8110, Val MAE: 11.4843, Val R2: 0.8116
2025-04-25 20:24:23,618 - spatial_moe_trainer - INFO - Epoch 29/100 - Train Loss: 358.6749 (Col: 183.1463, Jump: 164.7085, Decline: 63.3341, PDE: 994.8043, Reg: 9943.9376), Eth Losses: China: 362.5562, India: 536.5433, Philippines: 448.9425... (more ethnicities), Val Loss: 619.3948, Val MAE: 11.5911, Val R2: 0.8105
2025-04-25 20:24:46,115 - spatial_moe_trainer - INFO - Epoch 30/100 - Train Loss: 337.2982 (Col: 152.7796, Jump: 155.5455, Decline: 61.6491, PDE: 972.8085, Reg: 11533.3880), Eth Losses: China: 387.5866, India: 388.9598, Philippines: 446.1042... (more ethnicities), Val Loss: 610.6490, Val MAE: 11.4816, Val R2: 0.8132
2025-04-25 20:25:08,602 - spatial_moe_trainer - INFO - Epoch 31/100 - Train Loss: 326.3878 (Col: 133.4025, Jump: 128.5058, Decline: 64.0982, PDE: 962.6691, Reg: 9777.1464), Eth Losses: China: 383.8469, India: 366.0101, Philippines: 463.9108... (more ethnicities), Val Loss: 621.9857, Val MAE: 11.5773, Val R2: 0.8097
2025-04-25 20:25:31,071 - spatial_moe_trainer - INFO - Epoch 32/100 - Train Loss: 338.0167 (Col: 141.7849, Jump: 158.1057, Decline: 63.2742, PDE: 999.4549, Reg: 8638.8417), Eth Losses: China: 403.2932, India: 349.9652, Philippines: 501.7375... (more ethnicities), Val Loss: 612.9149, Val MAE: 11.5012, Val R2: 0.8125
2025-04-25 20:25:53,554 - spatial_moe_trainer - INFO - Epoch 33/100 - Train Loss: 313.1447 (Col: 127.3755, Jump: 137.4029, Decline: 64.9160, PDE: 930.3464, Reg: 7482.1108), Eth Losses: China: 353.1103, India: 372.2910, Philippines: 430.0511... (more ethnicities), Val Loss: 596.0166, Val MAE: 11.2931, Val R2: 0.8177
2025-04-25 20:26:16,025 - spatial_moe_trainer - INFO - Epoch 34/100 - Train Loss: 314.6936 (Col: 126.1353, Jump: 148.6786, Decline: 64.0561, PDE: 947.4767, Reg: 8549.3860), Eth Losses: China: 364.0574, India: 364.4413, Philippines: 443.9396... (more ethnicities), Val Loss: 630.6670, Val MAE: 11.5600, Val R2: 0.8071
2025-04-25 20:26:38,548 - spatial_moe_trainer - INFO - Epoch 35/100 - Train Loss: 301.5180 (Col: 123.0349, Jump: 146.1398, Decline: 65.9620, PDE: 895.2670, Reg: 10202.5912), Eth Losses: China: 315.8596, India: 356.6322, Philippines: 418.5974... (more ethnicities), Val Loss: 659.3561, Val MAE: 11.9256, Val R2: 0.7983
2025-04-25 20:27:00,996 - spatial_moe_trainer - INFO - Epoch 36/100 - Train Loss: 326.7743 (Col: 127.8666, Jump: 151.0001, Decline: 94.6188, PDE: 953.9874, Reg: 12184.4756), Eth Losses: China: 340.4316, India: 453.7906, Philippines: 415.9024... (more ethnicities), Val Loss: 670.3665, Val MAE: 12.4139, Val R2: 0.7949
2025-04-25 20:27:23,330 - spatial_moe_trainer - INFO - Epoch 37/100 - Train Loss: 317.5937 (Col: 144.5841, Jump: 131.8490, Decline: 68.5635, PDE: 886.1958, Reg: 12880.1707), Eth Losses: China: 446.3717, India: 335.9063, Philippines: 386.2803... (more ethnicities), Val Loss: 636.6629, Val MAE: 11.7155, Val R2: 0.8053
2025-04-25 20:27:45,769 - spatial_moe_trainer - INFO - Epoch 38/100 - Train Loss: 306.3094 (Col: 129.7535, Jump: 153.9285, Decline: 70.6491, PDE: 872.9788, Reg: 11688.9192), Eth Losses: China: 374.3521, India: 337.0426, Philippines: 406.1474... (more ethnicities), Val Loss: 612.2681, Val MAE: 11.7739, Val R2: 0.8127
2025-04-25 20:28:08,108 - spatial_moe_trainer - INFO - Epoch 39/100 - Train Loss: 295.9818 (Col: 125.4058, Jump: 125.4753, Decline: 66.4580, PDE: 874.5939, Reg: 6717.3982), Eth Losses: China: 310.8007, India: 355.2314, Philippines: 399.6406... (more ethnicities), Val Loss: 610.2249, Val MAE: 11.6718, Val R2: 0.8133
2025-04-25 20:28:30,531 - spatial_moe_trainer - INFO - Epoch 40/100 - Train Loss: 292.3809 (Col: 115.9277, Jump: 140.4150, Decline: 65.5028, PDE: 874.4060, Reg: 7606.7455), Eth Losses: China: 336.2931, India: 318.5268, Philippines: 407.9290... (more ethnicities), Val Loss: 609.3044, Val MAE: 11.5903, Val R2: 0.8136
2025-04-25 20:28:52,990 - spatial_moe_trainer - INFO - Epoch 41/100 - Train Loss: 269.9791 (Col: 105.0974, Jump: 132.6015, Decline: 65.5232, PDE: 808.5171, Reg: 6350.4203), Eth Losses: China: 289.6430, India: 316.9684, Philippines: 346.2574... (more ethnicities), Val Loss: 600.4759, Val MAE: 11.5225, Val R2: 0.8163
2025-04-25 20:29:15,429 - spatial_moe_trainer - INFO - Epoch 42/100 - Train Loss: 271.5586 (Col: 103.0644, Jump: 124.3442, Decline: 67.5549, PDE: 801.2984, Reg: 10537.1274), Eth Losses: China: 336.7713, India: 288.4722, Philippines: 343.7273... (more ethnicities), Val Loss: 591.8687, Val MAE: 11.5800, Val R2: 0.8190
2025-04-25 20:29:37,903 - spatial_moe_trainer - INFO - Epoch 43/100 - Train Loss: 275.9255 (Col: 102.2408, Jump: 150.7636, Decline: 65.7578, PDE: 824.5777, Reg: 9155.6870), Eth Losses: China: 318.6010, India: 319.7366, Philippines: 363.0862... (more ethnicities), Val Loss: 604.4605, Val MAE: 11.5719, Val R2: 0.8151
2025-04-25 20:30:00,342 - spatial_moe_trainer - INFO - Epoch 44/100 - Train Loss: 261.5880 (Col: 84.1740, Jump: 138.6492, Decline: 66.5790, PDE: 808.2837, Reg: 9337.5735), Eth Losses: China: 287.8427, India: 284.4611, Philippines: 350.3553... (more ethnicities), Val Loss: 591.7046, Val MAE: 11.5772, Val R2: 0.8190
2025-04-25 20:30:22,742 - spatial_moe_trainer - INFO - Epoch 45/100 - Train Loss: 263.6722 (Col: 98.9126, Jump: 112.2442, Decline: 61.1367, PDE: 782.3642, Reg: 11042.3114), Eth Losses: China: 285.2733, India: 328.7912, Philippines: 361.8379... (more ethnicities), Val Loss: 593.5272, Val MAE: 11.5261, Val R2: 0.8185
2025-04-25 20:30:45,089 - spatial_moe_trainer - INFO - Epoch 46/100 - Train Loss: 262.4099 (Col: 89.0365, Jump: 144.8308, Decline: 62.0422, PDE: 815.0450, Reg: 6234.3199), Eth Losses: China: 283.0328, India: 284.3420, Philippines: 371.7564... (more ethnicities), Val Loss: 588.4074, Val MAE: 11.6143, Val R2: 0.8200
2025-04-25 20:31:07,454 - spatial_moe_trainer - INFO - Epoch 47/100 - Train Loss: 262.8448 (Col: 91.8149, Jump: 134.9789, Decline: 65.5312, PDE: 785.1878, Reg: 11461.9827), Eth Losses: China: 294.5177, India: 283.5936, Philippines: 341.4078... (more ethnicities), Val Loss: 596.8806, Val MAE: 11.6396, Val R2: 0.8174
2025-04-25 20:31:29,873 - spatial_moe_trainer - INFO - Epoch 48/100 - Train Loss: 264.9675 (Col: 102.7437, Jump: 157.0670, Decline: 63.6176, PDE: 757.3936, Reg: 16160.4718), Eth Losses: China: 301.2795, India: 296.7824, Philippines: 357.9495... (more ethnicities), Val Loss: 595.1721, Val MAE: 11.5507, Val R2: 0.8179
2025-04-25 20:31:52,313 - spatial_moe_trainer - INFO - Epoch 49/100 - Train Loss: 292.3389 (Col: 192.8037, Jump: 139.2900, Decline: 63.3536, PDE: 731.5614, Reg: 10928.4701), Eth Losses: China: 284.9773, India: 527.3630, Philippines: 317.2310... (more ethnicities), Val Loss: 601.5890, Val MAE: 11.7832, Val R2: 0.8160
2025-04-25 20:32:14,752 - spatial_moe_trainer - INFO - Epoch 50/100 - Train Loss: 265.7157 (Col: 99.4313, Jump: 137.4052, Decline: 68.7699, PDE: 792.0808, Reg: 10672.9138), Eth Losses: China: 305.4362, India: 297.5983, Philippines: 370.9576... (more ethnicities), Val Loss: 596.0059, Val MAE: 11.5665, Val R2: 0.8177
2025-04-25 20:32:37,246 - spatial_moe_trainer - INFO - Epoch 51/100 - Train Loss: 263.9413 (Col: 114.0940, Jump: 116.1805, Decline: 67.6168, PDE: 753.3143, Reg: 5933.9052), Eth Losses: China: 294.3309, India: 280.2062, Philippines: 371.9384... (more ethnicities), Val Loss: 593.9140, Val MAE: 11.5550, Val R2: 0.8183
2025-04-25 20:32:59,605 - spatial_moe_trainer - INFO - Epoch 52/100 - Train Loss: 256.1721 (Col: 104.7659, Jump: 136.5976, Decline: 67.6179, PDE: 721.5365, Reg: 14121.8361), Eth Losses: China: 346.3038, India: 280.7690, Philippines: 316.1791... (more ethnicities), Val Loss: 597.2360, Val MAE: 11.5481, Val R2: 0.8173
2025-04-25 20:33:22,001 - spatial_moe_trainer - INFO - Epoch 53/100 - Train Loss: 240.8520 (Col: 84.9201, Jump: 129.4180, Decline: 67.8727, PDE: 727.4550, Reg: 5847.6115), Eth Losses: China: 293.9820, India: 250.7906, Philippines: 326.1315... (more ethnicities), Val Loss: 606.2686, Val MAE: 11.6176, Val R2: 0.8146
2025-04-25 20:33:44,356 - spatial_moe_trainer - INFO - Epoch 54/100 - Train Loss: 239.7626 (Col: 85.9956, Jump: 110.6572, Decline: 66.9362, PDE: 721.3320, Reg: 7090.8528), Eth Losses: China: 295.8807, India: 272.3202, Philippines: 299.6931... (more ethnicities), Val Loss: 591.5472, Val MAE: 11.5792, Val R2: 0.8191
2025-04-25 20:34:06,806 - spatial_moe_trainer - INFO - Epoch 55/100 - Train Loss: 237.6970 (Col: 77.0060, Jump: 112.0661, Decline: 64.6700, PDE: 705.3063, Reg: 11803.1834), Eth Losses: China: 270.5448, India: 260.9751, Philippines: 298.1058... (more ethnicities), Val Loss: 610.4487, Val MAE: 11.5266, Val R2: 0.8133
2025-04-25 20:34:29,383 - spatial_moe_trainer - INFO - Epoch 56/100 - Train Loss: 231.2919 (Col: 77.9571, Jump: 130.4974, Decline: 68.1071, PDE: 706.9983, Reg: 6817.5030), Eth Losses: China: 245.0703, India: 248.7043, Philippines: 308.5684... (more ethnicities), Val Loss: 598.5967, Val MAE: 11.6038, Val R2: 0.8169
2025-04-25 20:34:29,383 - spatial_moe_trainer - INFO - Early stopping at epoch 56
2025-04-25 20:34:29,405 - spatial_moe_trainer - INFO - Saving metrics to ./optuna_results/trial_26/metrics
2025-04-25 20:34:29,409 - spatial_moe_trainer - INFO - Training metrics saved to ./optuna_results/trial_26/metrics/training_metrics.csv
2025-04-25 20:34:29,412 - spatial_moe_trainer - INFO - Validation metrics saved to ./optuna_results/trial_26/metrics/validation_metrics.csv
2025-04-25 20:34:29,451 - spatial_moe_trainer - INFO - Multi-Ethnic Spatial MoE model saved to ./optuna_results/trial_26/model.pt
2025-04-25 20:34:29,485 - __mp_main__ - INFO - Running trial 27 on device cuda:0
2025-04-25 20:34:29,627 - __main__ - INFO - Trial 26 completed with value: 588.407372
2025-04-25 20:34:29,693 - __mp_main__ - INFO - Using adjusted dimensions - hidden_dims: [108, 24, 8], coord_embed_dim: 28
2025-04-25 20:34:29,740 - spatial_moe_trainer - INFO - Multi-Ethnic Spatial MoE model initialized on cuda:0
2025-04-25 20:34:29,740 - spatial_moe_trainer - INFO - Model will predict 5 ethnicities: ['China', 'India', 'Philippines', 'Portugal', 'Sri Lanka']
2025-04-25 20:34:29,761 - __mp_main__ - INFO - Testing model forward pass before training...
2025-04-25 20:34:29,919 - __mp_main__ - INFO - Test forward pass successful. Output shape: torch.Size([64, 5])
2025-04-25 20:34:29,919 - spatial_moe_trainer - INFO - Starting multi-ethnic spatial MoE model training with learnable expert router...
2025-04-25 20:34:29,919 - spatial_moe_trainer - INFO - Using colonization_weight=4.893645791055788, jump_weight=6.153224686495365, decline_weight=7.58634062299952, pde_weight=4.9361974382388425
2025-04-25 20:34:52,271 - spatial_moe_trainer - INFO - Epoch 1/100 - Train Loss: 1460.2122 (Col: 719.9271, Jump: 798.4607, Decline: 72.7531, PDE: 4318.5903, Reg: 23143.4689), Eth Losses: China: 1695.8818, India: 1817.4187, Philippines: 2270.9587... (more ethnicities), Val Loss: 1402.2964, Val MAE: 16.9629, Val R2: 0.5711
2025-04-25 20:35:14,761 - spatial_moe_trainer - INFO - Epoch 2/100 - Train Loss: 1042.0703 (Col: 453.4416, Jump: 531.9847, Decline: 62.4387, PDE: 3183.5807, Reg: 22567.4740), Eth Losses: China: 1224.8943, India: 1333.7626, Philippines: 1436.4332... (more ethnicities), Val Loss: 1160.1714, Val MAE: 16.1325, Val R2: 0.6451
2025-04-25 20:35:37,058 - spatial_moe_trainer - INFO - Epoch 3/100 - Train Loss: 847.4379 (Col: 334.1222, Jump: 432.9423, Decline: 57.9723, PDE: 2667.5041, Reg: 28040.8005), Eth Losses: China: 1186.0484, India: 899.1158, Philippines: 1180.8156... (more ethnicities), Val Loss: 1041.1312, Val MAE: 15.1232, Val R2: 0.6815
2025-04-25 20:35:59,409 - spatial_moe_trainer - INFO - Epoch 4/100 - Train Loss: 817.1551 (Col: 351.3573, Jump: 344.4982, Decline: 56.5365, PDE: 2472.3306, Reg: 27297.1754), Eth Losses: China: 997.5080, India: 965.0981, Philippines: 1171.3267... (more ethnicities), Val Loss: 920.1891, Val MAE: 14.3298, Val R2: 0.7185
2025-04-25 20:36:21,820 - spatial_moe_trainer - INFO - Epoch 5/100 - Train Loss: 743.3765 (Col: 300.1789, Jump: 317.1279, Decline: 56.0916, PDE: 2347.4183, Reg: 17873.5366), Eth Losses: China: 925.5807, India: 862.5072, Philippines: 1037.8132... (more ethnicities), Val Loss: 900.3456, Val MAE: 14.8282, Val R2: 0.7246
2025-04-25 20:36:44,226 - spatial_moe_trainer - INFO - Epoch 6/100 - Train Loss: 670.2099 (Col: 247.5987, Jump: 278.5229, Decline: 56.6547, PDE: 2094.6854, Reg: 25988.5037), Eth Losses: China: 869.9405, India: 706.4100, Philippines: 941.9237... (more ethnicities), Val Loss: 886.3502, Val MAE: 14.2935, Val R2: 0.7289
2025-04-25 20:37:06,756 - spatial_moe_trainer - INFO - Epoch 7/100 - Train Loss: 654.1250 (Col: 203.7549, Jump: 292.7770, Decline: 57.8895, PDE: 2094.2194, Reg: 29906.9018), Eth Losses: China: 714.1665, India: 748.8797, Philippines: 972.7972... (more ethnicities), Val Loss: 858.5467, Val MAE: 13.9305, Val R2: 0.7374
2025-04-25 20:37:29,209 - spatial_moe_trainer - INFO - Epoch 8/100 - Train Loss: 599.8145 (Col: 220.9088, Jump: 219.4026, Decline: 58.0186, PDE: 1840.0617, Reg: 25978.1842), Eth Losses: China: 764.7064, India: 669.6365, Philippines: 825.0210... (more ethnicities), Val Loss: 796.5908, Val MAE: 13.4882, Val R2: 0.7563
2025-04-25 20:37:51,621 - spatial_moe_trainer - INFO - Epoch 9/100 - Train Loss: 581.7118 (Col: 212.4642, Jump: 250.1597, Decline: 60.6312, PDE: 1808.4668, Reg: 20433.9010), Eth Losses: China: 611.5222, India: 684.3149, Philippines: 857.6907... (more ethnicities), Val Loss: 777.9478, Val MAE: 13.2991, Val R2: 0.7620
2025-04-25 20:38:14,121 - spatial_moe_trainer - INFO - Epoch 10/100 - Train Loss: 558.5869 (Col: 191.8924, Jump: 251.8344, Decline: 61.5944, PDE: 1806.4018, Reg: 14522.9899), Eth Losses: China: 634.7744, India: 618.6690, Philippines: 813.1202... (more ethnicities), Val Loss: 743.1725, Val MAE: 12.9946, Val R2: 0.7727
2025-04-25 20:38:36,471 - spatial_moe_trainer - INFO - Epoch 11/100 - Train Loss: 583.4931 (Col: 295.8435, Jump: 274.1018, Decline: 61.1614, PDE: 1681.8572, Reg: 17569.0214), Eth Losses: China: 722.4927, India: 690.7173, Philippines: 775.4367... (more ethnicities), Val Loss: 702.6988, Val MAE: 12.4559, Val R2: 0.7851
2025-04-25 20:38:58,810 - spatial_moe_trainer - INFO - Epoch 12/100 - Train Loss: 539.3403 (Col: 227.3088, Jump: 255.3406, Decline: 62.1907, PDE: 1606.7204, Reg: 19945.0118), Eth Losses: China: 603.4861, India: 661.6011, Philippines: 724.9766... (more ethnicities), Val Loss: 742.0948, Val MAE: 12.8983, Val R2: 0.7730
2025-04-25 20:39:21,246 - spatial_moe_trainer - INFO - Epoch 13/100 - Train Loss: 546.8000 (Col: 256.8715, Jump: 247.7473, Decline: 62.8483, PDE: 1555.3931, Reg: 19363.3013), Eth Losses: China: 671.7423, India: 705.7453, Philippines: 680.1627... (more ethnicities), Val Loss: 710.2365, Val MAE: 12.6359, Val R2: 0.7828
2025-04-25 20:39:43,597 - spatial_moe_trainer - INFO - Epoch 14/100 - Train Loss: 461.7615 (Col: 172.4587, Jump: 261.5752, Decline: 70.5895, PDE: 1423.3585, Reg: 13189.0968), Eth Losses: China: 549.4759, India: 579.9398, Philippines: 552.4331... (more ethnicities), Val Loss: 707.0231, Val MAE: 12.6101, Val R2: 0.7837
2025-04-25 20:40:05,963 - spatial_moe_trainer - INFO - Epoch 15/100 - Train Loss: 422.5806 (Col: 141.2684, Jump: 245.8510, Decline: 65.5375, PDE: 1355.6074, Reg: 13214.4823), Eth Losses: China: 476.7293, India: 478.7360, Philippines: 547.8353... (more ethnicities), Val Loss: 676.2216, Val MAE: 12.5540, Val R2: 0.7932
2025-04-25 20:40:28,355 - spatial_moe_trainer - INFO - Epoch 16/100 - Train Loss: 467.6463 (Col: 165.5705, Jump: 206.1750, Decline: 71.9844, PDE: 1431.2894, Reg: 15222.5961), Eth Losses: China: 556.4033, India: 520.9716, Philippines: 596.3516... (more ethnicities), Val Loss: 749.8676, Val MAE: 13.3150, Val R2: 0.7706
2025-04-25 20:40:50,725 - spatial_moe_trainer - INFO - Epoch 17/100 - Train Loss: 465.3680 (Col: 135.5201, Jump: 202.0620, Decline: 140.5998, PDE: 1467.7121, Reg: 13800.7365), Eth Losses: China: 487.4378, India: 467.9123, Philippines: 505.6027... (more ethnicities), Val Loss: 740.4610, Val MAE: 13.5618, Val R2: 0.7735
2025-04-25 20:41:13,265 - spatial_moe_trainer - INFO - Epoch 18/100 - Train Loss: 499.5015 (Col: 135.2760, Jump: 216.0037, Decline: 232.7463, PDE: 1549.6257, Reg: 11135.7187), Eth Losses: China: 542.0127, India: 435.4590, Philippines: 493.7488... (more ethnicities), Val Loss: 831.5783, Val MAE: 14.2370, Val R2: 0.7456
2025-04-25 20:41:35,629 - spatial_moe_trainer - INFO - Epoch 19/100 - Train Loss: 574.7086 (Col: 126.3369, Jump: 244.9866, Decline: 307.3619, PDE: 1775.2047, Reg: 18346.7956), Eth Losses: China: 715.6547, India: 430.1342, Philippines: 508.8939... (more ethnicities), Val Loss: 858.8233, Val MAE: 14.5161, Val R2: 0.7373
2025-04-25 20:41:57,990 - spatial_moe_trainer - INFO - Epoch 20/100 - Train Loss: 454.4145 (Col: 127.8729, Jump: 184.2062, Decline: 145.3606, PDE: 1397.2367, Reg: 18377.8216), Eth Losses: China: 658.0133, India: 511.4111, Philippines: 475.8902... (more ethnicities), Val Loss: 659.4588, Val MAE: 12.4689, Val R2: 0.7983
2025-04-25 20:42:20,367 - spatial_moe_trainer - INFO - Epoch 21/100 - Train Loss: 404.8315 (Col: 140.3947, Jump: 204.5603, Decline: 63.8132, PDE: 1276.2631, Reg: 11312.8704), Eth Losses: China: 484.4184, India: 472.7985, Philippines: 462.9303... (more ethnicities), Val Loss: 658.3228, Val MAE: 12.3116, Val R2: 0.7986
2025-04-25 20:42:42,686 - spatial_moe_trainer - INFO - Epoch 22/100 - Train Loss: 414.7131 (Col: 187.8641, Jump: 206.0688, Decline: 62.2843, PDE: 1266.8107, Reg: 4373.1726), Eth Losses: China: 428.4618, India: 555.2272, Philippines: 539.2352... (more ethnicities), Val Loss: 731.0128, Val MAE: 12.0342, Val R2: 0.7764
2025-04-25 20:43:05,118 - spatial_moe_trainer - INFO - Epoch 23/100 - Train Loss: 401.4623 (Col: 178.7301, Jump: 202.5433, Decline: 59.7311, PDE: 1186.8220, Reg: 11671.0714), Eth Losses: China: 452.2250, India: 505.0655, Philippines: 511.3754... (more ethnicities), Val Loss: 685.6187, Val MAE: 11.8124, Val R2: 0.7903
2025-04-25 20:43:27,518 - spatial_moe_trainer - INFO - Epoch 24/100 - Train Loss: 415.0238 (Col: 175.4275, Jump: 209.2472, Decline: 62.3465, PDE: 1226.4524, Reg: 10047.4334), Eth Losses: China: 487.3710, India: 606.5786, Philippines: 493.4221... (more ethnicities), Val Loss: 655.2530, Val MAE: 11.8867, Val R2: 0.7996
2025-04-25 20:43:50,060 - spatial_moe_trainer - INFO - Epoch 25/100 - Train Loss: 368.1777 (Col: 139.7144, Jump: 198.9287, Decline: 59.9787, PDE: 1179.9797, Reg: 7073.9651), Eth Losses: China: 416.1835, India: 420.3859, Philippines: 476.0292... (more ethnicities), Val Loss: 687.3376, Val MAE: 11.9880, Val R2: 0.7898
2025-04-25 20:44:12,503 - spatial_moe_trainer - INFO - Epoch 26/100 - Train Loss: 369.0061 (Col: 129.5632, Jump: 180.9978, Decline: 60.6989, PDE: 1146.7370, Reg: 15858.5598), Eth Losses: China: 423.7279, India: 421.1123, Philippines: 483.5948... (more ethnicities), Val Loss: 648.9294, Val MAE: 11.8301, Val R2: 0.8015
2025-04-25 20:44:34,856 - spatial_moe_trainer - INFO - Epoch 27/100 - Train Loss: 393.0460 (Col: 201.9322, Jump: 176.1415, Decline: 62.5051, PDE: 1085.3131, Reg: 10839.9035), Eth Losses: China: 494.1171, India: 572.5320, Philippines: 418.8963... (more ethnicities), Val Loss: 683.4679, Val MAE: 12.1921, Val R2: 0.7909
2025-04-25 20:44:57,119 - spatial_moe_trainer - INFO - Epoch 28/100 - Train Loss: 365.1379 (Col: 129.8198, Jump: 190.4397, Decline: 62.1722, PDE: 1139.8598, Reg: 11997.5802), Eth Losses: China: 439.0340, India: 443.2272, Philippines: 432.0306... (more ethnicities), Val Loss: 624.8855, Val MAE: 11.5736, Val R2: 0.8089
2025-04-25 20:45:19,521 - spatial_moe_trainer - INFO - Epoch 29/100 - Train Loss: 340.5987 (Col: 121.3264, Jump: 187.5098, Decline: 58.8166, PDE: 1049.2239, Reg: 13768.7900), Eth Losses: China: 395.9954, India: 434.5122, Philippines: 397.7460... (more ethnicities), Val Loss: 647.4466, Val MAE: 11.6430, Val R2: 0.8020
2025-04-25 20:45:41,772 - spatial_moe_trainer - INFO - Epoch 30/100 - Train Loss: 333.3340 (Col: 127.7581, Jump: 170.0955, Decline: 54.9294, PDE: 1030.1209, Reg: 8456.6160), Eth Losses: China: 397.8349, India: 390.9022, Philippines: 413.9647... (more ethnicities), Val Loss: 635.3715, Val MAE: 11.6913, Val R2: 0.8057
2025-04-25 20:46:04,130 - spatial_moe_trainer - INFO - Epoch 31/100 - Train Loss: 341.2937 (Col: 142.0315, Jump: 192.7573, Decline: 56.3095, PDE: 1025.7759, Reg: 9176.4131), Eth Losses: China: 438.8385, India: 441.4692, Philippines: 386.4800... (more ethnicities), Val Loss: 652.0333, Val MAE: 11.5894, Val R2: 0.8006
2025-04-25 20:46:26,691 - spatial_moe_trainer - INFO - Epoch 32/100 - Train Loss: 318.1277 (Col: 106.5135, Jump: 178.1569, Decline: 59.3442, PDE: 1016.3544, Reg: 5895.2436), Eth Losses: China: 365.2724, India: 407.6857, Philippines: 384.5536... (more ethnicities), Val Loss: 639.5097, Val MAE: 11.7040, Val R2: 0.8044
2025-04-25 20:46:49,024 - spatial_moe_trainer - INFO - Epoch 33/100 - Train Loss: 318.8441 (Col: 111.2006, Jump: 161.8516, Decline: 57.4705, PDE: 989.1868, Reg: 8822.5344), Eth Losses: China: 375.4045, India: 387.3739, Philippines: 401.9634... (more ethnicities), Val Loss: 587.1967, Val MAE: 11.3621, Val R2: 0.8204
2025-04-25 20:47:11,464 - spatial_moe_trainer - INFO - Epoch 34/100 - Train Loss: 327.1520 (Col: 115.8621, Jump: 158.7803, Decline: 58.4304, PDE: 1025.9717, Reg: 7004.8225), Eth Losses: China: 390.1691, India: 394.0435, Philippines: 398.4642... (more ethnicities), Val Loss: 669.7088, Val MAE: 11.7701, Val R2: 0.7952
2025-04-25 20:47:33,879 - spatial_moe_trainer - INFO - Epoch 35/100 - Train Loss: 343.1245 (Col: 134.1210, Jump: 177.7774, Decline: 57.1466, PDE: 1012.3910, Reg: 12690.0057), Eth Losses: China: 439.4212, India: 467.7506, Philippines: 429.1275... (more ethnicities), Val Loss: 632.6277, Val MAE: 11.4002, Val R2: 0.8065
2025-04-25 20:47:56,276 - spatial_moe_trainer - INFO - Epoch 36/100 - Train Loss: 315.9474 (Col: 138.6360, Jump: 176.6454, Decline: 58.7517, PDE: 943.6406, Reg: 6435.9815), Eth Losses: China: 387.9926, India: 509.5713, Philippines: 356.7298... (more ethnicities), Val Loss: 608.5090, Val MAE: 11.6016, Val R2: 0.8139
2025-04-25 20:48:18,641 - spatial_moe_trainer - INFO - Epoch 37/100 - Train Loss: 293.4814 (Col: 87.2572, Jump: 167.5955, Decline: 58.5756, PDE: 924.9940, Reg: 12019.5495), Eth Losses: China: 391.3624, India: 313.5779, Philippines: 343.5416... (more ethnicities), Val Loss: 603.7891, Val MAE: 11.4108, Val R2: 0.8153
2025-04-25 20:48:41,144 - spatial_moe_trainer - INFO - Epoch 38/100 - Train Loss: 289.2567 (Col: 105.2426, Jump: 172.7554, Decline: 58.4866, PDE: 891.0245, Reg: 5515.9536), Eth Losses: China: 328.9976, India: 382.4543, Philippines: 362.8351... (more ethnicities), Val Loss: 592.6150, Val MAE: 11.3012, Val R2: 0.8187
2025-04-25 20:49:03,428 - spatial_moe_trainer - INFO - Epoch 39/100 - Train Loss: 311.3541 (Col: 119.9511, Jump: 142.6382, Decline: 56.3969, PDE: 949.6514, Reg: 8236.8496), Eth Losses: China: 375.4405, India: 446.3690, Philippines: 357.9205... (more ethnicities), Val Loss: 574.1044, Val MAE: 11.2670, Val R2: 0.8244
2025-04-25 20:49:25,736 - spatial_moe_trainer - INFO - Epoch 40/100 - Train Loss: 290.4899 (Col: 111.1749, Jump: 164.2846, Decline: 57.1593, PDE: 890.5658, Reg: 6891.9654), Eth Losses: China: 339.3872, India: 389.8465, Philippines: 316.0439... (more ethnicities), Val Loss: 594.5386, Val MAE: 11.3171, Val R2: 0.8181
2025-04-25 20:49:48,071 - spatial_moe_trainer - INFO - Epoch 41/100 - Train Loss: 292.3536 (Col: 106.6687, Jump: 155.8007, Decline: 57.9315, PDE: 890.5163, Reg: 8923.8438), Eth Losses: China: 336.4673, India: 348.5617, Philippines: 347.4850... (more ethnicities), Val Loss: 571.0422, Val MAE: 11.1978, Val R2: 0.8253
2025-04-25 20:50:10,542 - spatial_moe_trainer - INFO - Epoch 42/100 - Train Loss: 279.4234 (Col: 99.2239, Jump: 166.1107, Decline: 60.0067, PDE: 862.1433, Reg: 10323.2925), Eth Losses: China: 377.1618, India: 291.1358, Philippines: 325.4531... (more ethnicities), Val Loss: 590.8515, Val MAE: 11.2111, Val R2: 0.8193
2025-04-25 20:50:32,915 - spatial_moe_trainer - INFO - Epoch 43/100 - Train Loss: 276.3281 (Col: 100.8984, Jump: 165.1651, Decline: 55.6727, PDE: 869.6240, Reg: 5594.5438), Eth Losses: China: 322.6255, India: 343.0910, Philippines: 368.6038... (more ethnicities), Val Loss: 602.3730, Val MAE: 11.3517, Val R2: 0.8157
2025-04-25 20:50:55,269 - spatial_moe_trainer - INFO - Epoch 44/100 - Train Loss: 264.4725 (Col: 92.7338, Jump: 136.2897, Decline: 58.2965, PDE: 810.7647, Reg: 8218.8018), Eth Losses: China: 300.0230, India: 382.1090, Philippines: 314.1677... (more ethnicities), Val Loss: 575.8597, Val MAE: 11.2557, Val R2: 0.8239
2025-04-25 20:51:17,670 - spatial_moe_trainer - INFO - Epoch 45/100 - Train Loss: 319.7622 (Col: 175.4905, Jump: 160.3921, Decline: 58.3268, PDE: 835.7816, Reg: 10966.4928), Eth Losses: China: 396.5191, India: 509.6416, Philippines: 368.8183... (more ethnicities), Val Loss: 593.5482, Val MAE: 11.1721, Val R2: 0.8184
2025-04-25 20:51:40,133 - spatial_moe_trainer - INFO - Epoch 46/100 - Train Loss: 264.1743 (Col: 100.2329, Jump: 157.3763, Decline: 59.2682, PDE: 791.6771, Reg: 8448.6703), Eth Losses: China: 292.8502, India: 365.4750, Philippines: 340.2470... (more ethnicities), Val Loss: 591.4688, Val MAE: 11.1745, Val R2: 0.8191
2025-04-25 20:52:02,469 - spatial_moe_trainer - INFO - Epoch 47/100 - Train Loss: 274.5907 (Col: 81.8550, Jump: 160.3051, Decline: 57.2607, PDE: 872.3213, Reg: 10171.7923), Eth Losses: China: 317.9861, India: 332.5064, Philippines: 352.5887... (more ethnicities), Val Loss: 586.2395, Val MAE: 11.1398, Val R2: 0.8207
2025-04-25 20:52:24,832 - spatial_moe_trainer - INFO - Epoch 48/100 - Train Loss: 263.8879 (Col: 86.7581, Jump: 128.8451, Decline: 57.1317, PDE: 832.0688, Reg: 6338.7435), Eth Losses: China: 321.3473, India: 322.5305, Philippines: 345.5060... (more ethnicities), Val Loss: 602.5647, Val MAE: 11.2337, Val R2: 0.8157
2025-04-25 20:52:47,216 - spatial_moe_trainer - INFO - Epoch 49/100 - Train Loss: 262.2067 (Col: 70.7690, Jump: 160.4215, Decline: 58.9542, PDE: 807.0388, Reg: 12932.1731), Eth Losses: China: 345.2561, India: 279.1088, Philippines: 323.0440... (more ethnicities), Val Loss: 596.0683, Val MAE: 11.2264, Val R2: 0.8177
2025-04-25 20:53:09,554 - spatial_moe_trainer - INFO - Epoch 50/100 - Train Loss: 245.1702 (Col: 83.4811, Jump: 152.9567, Decline: 56.9219, PDE: 764.6575, Reg: 4624.1493), Eth Losses: China: 321.1779, India: 297.2072, Philippines: 287.0967... (more ethnicities), Val Loss: 582.8490, Val MAE: 11.1867, Val R2: 0.8217
2025-04-25 20:53:31,863 - spatial_moe_trainer - INFO - Epoch 51/100 - Train Loss: 234.7431 (Col: 61.7692, Jump: 147.5913, Decline: 58.2267, PDE: 745.7921, Reg: 11233.4375), Eth Losses: China: 271.2657, India: 297.7556, Philippines: 294.0073... (more ethnicities), Val Loss: 567.7497, Val MAE: 11.1203, Val R2: 0.8263
2025-04-25 20:53:54,153 - spatial_moe_trainer - INFO - Epoch 52/100 - Train Loss: 262.0773 (Col: 74.5035, Jump: 144.7912, Decline: 56.4021, PDE: 786.5990, Reg: 19641.3232), Eth Losses: China: 351.8650, India: 335.8481, Philippines: 300.4728... (more ethnicities), Val Loss: 582.8955, Val MAE: 11.1530, Val R2: 0.8217
2025-04-25 20:54:16,600 - spatial_moe_trainer - INFO - Epoch 53/100 - Train Loss: 231.1681 (Col: 66.8105, Jump: 145.7755, Decline: 56.1350, PDE: 731.6155, Reg: 5929.2486), Eth Losses: China: 304.2676, India: 264.4476, Philippines: 290.4386... (more ethnicities), Val Loss: 559.6200, Val MAE: 11.0319, Val R2: 0.8288
2025-04-25 20:54:39,129 - spatial_moe_trainer - INFO - Epoch 54/100 - Train Loss: 220.9360 (Col: 60.2294, Jump: 134.2377, Decline: 56.8871, PDE: 701.4137, Reg: 8899.2820), Eth Losses: China: 274.4221, India: 276.5846, Philippines: 268.6312... (more ethnicities), Val Loss: 576.6862, Val MAE: 11.1000, Val R2: 0.8236
2025-04-25 20:55:01,475 - spatial_moe_trainer - INFO - Epoch 55/100 - Train Loss: 233.5744 (Col: 60.7594, Jump: 145.8514, Decline: 58.4478, PDE: 737.9100, Reg: 14804.3197), Eth Losses: China: 310.8935, India: 277.6208, Philippines: 283.9202... (more ethnicities), Val Loss: 577.5791, Val MAE: 11.1476, Val R2: 0.8233
2025-04-25 20:55:23,818 - spatial_moe_trainer - INFO - Epoch 56/100 - Train Loss: 225.0092 (Col: 63.7529, Jump: 137.7289, Decline: 57.5208, PDE: 722.9416, Reg: 5266.5447), Eth Losses: China: 289.0866, India: 287.0460, Philippines: 269.8717... (more ethnicities), Val Loss: 598.3576, Val MAE: 11.2049, Val R2: 0.8170
2025-04-25 20:55:46,180 - spatial_moe_trainer - INFO - Epoch 57/100 - Train Loss: 222.1116 (Col: 68.0778, Jump: 142.2321, Decline: 56.2540, PDE: 700.4987, Reg: 5390.1186), Eth Losses: China: 263.7013, India: 254.9622, Philippines: 278.7146... (more ethnicities), Val Loss: 549.2326, Val MAE: 10.8896, Val R2: 0.8320
2025-04-25 20:56:08,662 - spatial_moe_trainer - INFO - Epoch 58/100 - Train Loss: 216.8634 (Col: 58.8688, Jump: 149.3885, Decline: 54.9862, PDE: 692.8103, Reg: 8225.1781), Eth Losses: China: 263.6634, India: 272.7784, Philippines: 278.0604... (more ethnicities), Val Loss: 586.3969, Val MAE: 11.1335, Val R2: 0.8206
2025-04-25 20:56:31,033 - spatial_moe_trainer - INFO - Epoch 59/100 - Train Loss: 221.1078 (Col: 60.7490, Jump: 137.6921, Decline: 55.9302, PDE: 688.9238, Reg: 9068.3575), Eth Losses: China: 295.8978, India: 288.3383, Philippines: 252.6464... (more ethnicities), Val Loss: 566.3826, Val MAE: 11.0072, Val R2: 0.8268
2025-04-25 20:56:53,424 - spatial_moe_trainer - INFO - Epoch 60/100 - Train Loss: 225.4445 (Col: 72.2437, Jump: 139.0172, Decline: 57.9655, PDE: 705.8875, Reg: 5901.4078), Eth Losses: China: 281.9136, India: 310.5675, Philippines: 245.0464... (more ethnicities), Val Loss: 576.4248, Val MAE: 11.1675, Val R2: 0.8237
2025-04-25 20:57:15,963 - spatial_moe_trainer - INFO - Epoch 61/100 - Train Loss: 235.5777 (Col: 73.5410, Jump: 131.7249, Decline: 54.2990, PDE: 738.0406, Reg: 9539.6488), Eth Losses: China: 283.8140, India: 315.5316, Philippines: 326.7743... (more ethnicities), Val Loss: 595.7892, Val MAE: 11.2037, Val R2: 0.8178
2025-04-25 20:57:38,468 - spatial_moe_trainer - INFO - Epoch 62/100 - Train Loss: 220.0988 (Col: 65.1010, Jump: 141.2663, Decline: 56.3155, PDE: 699.0112, Reg: 7249.2961), Eth Losses: China: 260.3422, India: 294.5717, Philippines: 286.4095... (more ethnicities), Val Loss: 590.5393, Val MAE: 11.1368, Val R2: 0.8194
2025-04-25 20:58:00,766 - spatial_moe_trainer - INFO - Epoch 63/100 - Train Loss: 220.2788 (Col: 64.6098, Jump: 140.3917, Decline: 55.6799, PDE: 678.5647, Reg: 10132.9603), Eth Losses: China: 249.2936, India: 298.1131, Philippines: 263.7654... (more ethnicities), Val Loss: 586.6735, Val MAE: 11.1843, Val R2: 0.8205
2025-04-25 20:58:23,179 - spatial_moe_trainer - INFO - Epoch 64/100 - Train Loss: 202.7878 (Col: 63.6104, Jump: 141.5160, Decline: 58.0823, PDE: 639.4133, Reg: 4191.1097), Eth Losses: China: 256.2028, India: 252.7206, Philippines: 241.7048... (more ethnicities), Val Loss: 585.8765, Val MAE: 11.1963, Val R2: 0.8208
2025-04-25 20:58:45,487 - spatial_moe_trainer - INFO - Epoch 65/100 - Train Loss: 204.0120 (Col: 46.0536, Jump: 163.2565, Decline: 58.0400, PDE: 670.9336, Reg: 8401.3987), Eth Losses: China: 259.6997, India: 240.7872, Philippines: 254.0310... (more ethnicities), Val Loss: 582.4871, Val MAE: 11.1144, Val R2: 0.8218
2025-04-25 20:59:07,870 - spatial_moe_trainer - INFO - Epoch 66/100 - Train Loss: 202.5904 (Col: 46.4057, Jump: 115.9495, Decline: 52.6274, PDE: 668.6960, Reg: 6752.0338), Eth Losses: China: 253.9466, India: 241.1949, Philippines: 245.9977... (more ethnicities), Val Loss: 584.4642, Val MAE: 11.0418, Val R2: 0.8212
2025-04-25 20:59:30,201 - spatial_moe_trainer - INFO - Epoch 67/100 - Train Loss: 223.4123 (Col: 42.8612, Jump: 143.5725, Decline: 51.9868, PDE: 755.5305, Reg: 6069.9069), Eth Losses: China: 309.3570, India: 281.6491, Philippines: 256.9174... (more ethnicities), Val Loss: 588.7080, Val MAE: 11.1320, Val R2: 0.8199
2025-04-25 20:59:30,201 - spatial_moe_trainer - INFO - Early stopping at epoch 67
2025-04-25 20:59:30,222 - spatial_moe_trainer - INFO - Saving metrics to ./optuna_results/trial_27/metrics
2025-04-25 20:59:30,226 - spatial_moe_trainer - INFO - Training metrics saved to ./optuna_results/trial_27/metrics/training_metrics.csv
2025-04-25 20:59:30,230 - spatial_moe_trainer - INFO - Validation metrics saved to ./optuna_results/trial_27/metrics/validation_metrics.csv
2025-04-25 20:59:30,268 - spatial_moe_trainer - INFO - Multi-Ethnic Spatial MoE model saved to ./optuna_results/trial_27/model.pt
2025-04-25 20:59:30,303 - __mp_main__ - INFO - Running trial 28 on device cuda:0
2025-04-25 20:59:30,316 - __main__ - INFO - Trial 27 completed with value: 549.232621
2025-04-25 20:59:30,499 - __mp_main__ - INFO - Using adjusted dimensions - hidden_dims: [52, 44, 8], coord_embed_dim: 24
2025-04-25 20:59:30,544 - spatial_moe_trainer - INFO - Multi-Ethnic Spatial MoE model initialized on cuda:0
2025-04-25 20:59:30,544 - spatial_moe_trainer - INFO - Model will predict 5 ethnicities: ['China', 'India', 'Philippines', 'Portugal', 'Sri Lanka']
2025-04-25 20:59:30,565 - __mp_main__ - INFO - Testing model forward pass before training...
2025-04-25 20:59:30,722 - __mp_main__ - INFO - Test forward pass successful. Output shape: torch.Size([64, 5])
2025-04-25 20:59:30,723 - spatial_moe_trainer - INFO - Starting multi-ethnic spatial MoE model training with learnable expert router...
2025-04-25 20:59:30,723 - spatial_moe_trainer - INFO - Using colonization_weight=2.705156081566563, jump_weight=4.204821010014943, decline_weight=9.51131581752651, pde_weight=2.0782176795602387
2025-04-25 20:59:53,260 - spatial_moe_trainer - INFO - Epoch 1/100 - Train Loss: 1685.3473 (Col: 793.3632, Jump: 1185.4063, Decline: 45.4731, PDE: 4547.9879, Reg: 32970.6624), Eth Losses: China: 1936.9337, India: 2233.9418, Philippines: 2771.7819... (more ethnicities), Val Loss: 1620.0702, Val MAE: 17.2310, Val R2: 0.5045
2025-04-25 21:00:15,659 - spatial_moe_trainer - INFO - Epoch 2/100 - Train Loss: 1367.1604 (Col: 536.8474, Jump: 1003.7415, Decline: 39.1516, PDE: 3915.0182, Reg: 41089.0838), Eth Losses: China: 1624.9211, India: 1809.9946, Philippines: 2097.7556... (more ethnicities), Val Loss: 1499.8877, Val MAE: 17.0218, Val R2: 0.5412
2025-04-25 21:00:38,015 - spatial_moe_trainer - INFO - Epoch 3/100 - Train Loss: 1147.4401 (Col: 382.9967, Jump: 609.2737, Decline: 38.1342, PDE: 3404.8035, Reg: 7862.0874), Eth Losses: China: 1450.8748, India: 1503.0334, Philippines: 1678.1401... (more ethnicities), Val Loss: 1395.1279, Val MAE: 16.2337, Val R2: 0.5733
2025-04-25 21:01:00,396 - spatial_moe_trainer - INFO - Epoch 4/100 - Train Loss: 1049.3160 (Col: 339.9200, Jump: 746.7549, Decline: 37.2922, PDE: 3084.4959, Reg: 50322.6216), Eth Losses: China: 1428.0413, India: 1362.4197, Philippines: 1493.4264... (more ethnicities), Val Loss: 1337.9845, Val MAE: 16.1635, Val R2: 0.5907
2025-04-25 21:01:22,774 - spatial_moe_trainer - INFO - Epoch 5/100 - Train Loss: 982.2861 (Col: 316.7373, Jump: 605.7877, Decline: 37.2216, PDE: 2946.4635, Reg: 20609.7642), Eth Losses: China: 1245.5360, India: 1282.3428, Philippines: 1389.4683... (more ethnicities), Val Loss: 1223.2154, Val MAE: 15.6762, Val R2: 0.6258
2025-04-25 21:01:45,304 - spatial_moe_trainer - INFO - Epoch 6/100 - Train Loss: 917.4736 (Col: 266.4034, Jump: 622.0387, Decline: 39.0162, PDE: 2810.1288, Reg: 6179.7567), Eth Losses: China: 1181.6797, India: 1204.0001, Philippines: 1323.2962... (more ethnicities), Val Loss: 1185.7866, Val MAE: 15.5093, Val R2: 0.6373
2025-04-25 21:02:07,768 - spatial_moe_trainer - INFO - Epoch 7/100 - Train Loss: 851.3820 (Col: 245.5923, Jump: 395.7063, Decline: 37.2807, PDE: 2608.3128, Reg: 8722.9365), Eth Losses: China: 1070.7734, India: 1061.3454, Philippines: 1273.4350... (more ethnicities), Val Loss: 1087.3809, Val MAE: 15.0466, Val R2: 0.6674
2025-04-25 21:02:30,166 - spatial_moe_trainer - INFO - Epoch 8/100 - Train Loss: 821.6900 (Col: 214.6074, Jump: 494.7476, Decline: 36.9215, PDE: 2489.7949, Reg: 43058.7205), Eth Losses: China: 939.5068, India: 1008.9179, Philippines: 1305.0601... (more ethnicities), Val Loss: 1090.9687, Val MAE: 14.6399, Val R2: 0.6663
2025-04-25 21:02:52,548 - spatial_moe_trainer - INFO - Epoch 9/100 - Train Loss: 811.8502 (Col: 238.6912, Jump: 448.8233, Decline: 36.5438, PDE: 2457.5328, Reg: 13936.8618), Eth Losses: China: 904.2841, India: 990.6845, Philippines: 1332.7831... (more ethnicities), Val Loss: 1094.3159, Val MAE: 14.5988, Val R2: 0.6653
2025-04-25 21:03:14,965 - spatial_moe_trainer - INFO - Epoch 10/100 - Train Loss: 773.6375 (Col: 206.5050, Jump: 308.5393, Decline: 38.2197, PDE: 2349.0910, Reg: 25004.9289), Eth Losses: China: 885.3548, India: 1013.3123, Philippines: 1176.1304... (more ethnicities), Val Loss: 1122.5052, Val MAE: 14.7564, Val R2: 0.6566
2025-04-25 21:03:37,340 - spatial_moe_trainer - INFO - Trial pruned at epoch 11
2025-04-25 21:03:37,355 - spatial_moe_trainer - INFO - Saving metrics to ./optuna_results/trial_28/metrics
2025-04-25 21:03:37,357 - spatial_moe_trainer - INFO - Training metrics saved to ./optuna_results/trial_28/metrics/training_metrics.csv
2025-04-25 21:03:37,359 - spatial_moe_trainer - INFO - Validation metrics saved to ./optuna_results/trial_28/metrics/validation_metrics.csv
2025-04-25 21:03:37,396 - spatial_moe_trainer - INFO - Multi-Ethnic Spatial MoE model saved to ./optuna_results/trial_28/model.pt
2025-04-25 21:03:37,430 - __mp_main__ - INFO - Running trial 29 on device cuda:0
2025-04-25 21:03:37,445 - __main__ - INFO - Trial 28 completed with value: 1040.392777
2025-04-25 21:03:37,624 - __mp_main__ - INFO - Using adjusted dimensions - hidden_dims: [84, 28, 12], coord_embed_dim: 16
2025-04-25 21:03:37,669 - spatial_moe_trainer - INFO - Multi-Ethnic Spatial MoE model initialized on cuda:0
2025-04-25 21:03:37,669 - spatial_moe_trainer - INFO - Model will predict 5 ethnicities: ['China', 'India', 'Philippines', 'Portugal', 'Sri Lanka']
2025-04-25 21:03:37,690 - __mp_main__ - INFO - Testing model forward pass before training...
2025-04-25 21:03:37,848 - __mp_main__ - INFO - Test forward pass successful. Output shape: torch.Size([64, 5])
2025-04-25 21:03:37,848 - spatial_moe_trainer - INFO - Starting multi-ethnic spatial MoE model training with learnable expert router...
2025-04-25 21:03:37,848 - spatial_moe_trainer - INFO - Using colonization_weight=7.70194809505662, jump_weight=8.828098767694765, decline_weight=8.834098467681429, pde_weight=9.194014751776788
2025-04-25 21:04:00,315 - spatial_moe_trainer - INFO - Epoch 1/100 - Train Loss: 2139.5079 (Col: 1266.9077, Jump: 1239.9796, Decline: 100.0747, PDE: 5790.7698, Reg: 46668.1099), Eth Losses: China: 2887.2773, India: 2110.5792, Philippines: 3476.6362... (more ethnicities), Val Loss: 2376.6844, Val MAE: 28.2732, Val R2: 0.2730
2025-04-25 21:04:22,693 - spatial_moe_trainer - INFO - Epoch 2/100 - Train Loss: 2086.0122 (Col: 1217.3478, Jump: 1139.5801, Decline: 99.3927, PDE: 5761.2997, Reg: 43887.8675), Eth Losses: China: 2770.5252, India: 2065.7396, Philippines: 3433.6211... (more ethnicities), Val Loss: 2320.1471, Val MAE: 27.4933, Val R2: 0.2903
2025-04-25 21:04:45,008 - spatial_moe_trainer - INFO - Epoch 3/100 - Train Loss: 2052.6209 (Col: 1142.5001, Jump: 1048.8128, Decline: 96.7867, PDE: 5760.8334, Reg: 53274.2220), Eth Losses: China: 2825.5623, India: 2014.3786, Philippines: 3423.1253... (more ethnicities), Val Loss: 2280.6214, Val MAE: 26.7795, Val R2: 0.3024
2025-04-25 21:05:07,352 - spatial_moe_trainer - INFO - Epoch 4/100 - Train Loss: 2010.7869 (Col: 1076.8077, Jump: 1029.4091, Decline: 96.4139, PDE: 5676.4483, Reg: 73839.5632), Eth Losses: China: 2736.2823, India: 2005.5419, Philippines: 3353.9267... (more ethnicities), Val Loss: 2242.8122, Val MAE: 26.0414, Val R2: 0.3140
2025-04-25 21:05:29,677 - spatial_moe_trainer - INFO - Epoch 5/100 - Train Loss: 1982.5607 (Col: 1011.2758, Jump: 1037.6131, Decline: 92.9710, PDE: 5767.4563, Reg: 45009.4162), Eth Losses: China: 2711.0359, India: 1942.8493, Philippines: 3383.0490... (more ethnicities), Val Loss: 2184.9661, Val MAE: 25.2830, Val R2: 0.3317
2025-04-25 21:05:52,002 - spatial_moe_trainer - INFO - Epoch 6/100 - Train Loss: 1916.1969 (Col: 993.9756, Jump: 1042.6332, Decline: 89.6455, PDE: 5541.5666, Reg: 61479.2384), Eth Losses: China: 2650.2658, India: 1906.1151, Philippines: 3242.0383... (more ethnicities), Val Loss: 2152.9666, Val MAE: 24.5405, Val R2: 0.3415
2025-04-25 21:06:14,410 - spatial_moe_trainer - INFO - Epoch 7/100 - Train Loss: 1875.3781 (Col: 944.8781, Jump: 974.8141, Decline: 86.8934, PDE: 5567.0153, Reg: 40155.8079), Eth Losses: China: 2582.5124, India: 1855.5381, Philippines: 3245.8364... (more ethnicities), Val Loss: 2105.6714, Val MAE: 23.8135, Val R2: 0.3559
2025-04-25 21:06:36,799 - spatial_moe_trainer - INFO - Epoch 8/100 - Train Loss: 1853.1100 (Col: 908.6611, Jump: 1116.6851, Decline: 87.5885, PDE: 5437.2037, Reg: 56620.7774), Eth Losses: China: 2560.2013, India: 1874.3700, Philippines: 3185.8120... (more ethnicities), Val Loss: 2071.8125, Val MAE: 23.1014, Val R2: 0.3663
2025-04-25 21:06:59,170 - spatial_moe_trainer - INFO - Epoch 9/100 - Train Loss: 1814.8707 (Col: 860.4362, Jump: 908.1758, Decline: 84.9476, PDE: 5314.9892, Reg: 64625.5342), Eth Losses: China: 2522.8207, India: 1861.6644, Philippines: 3094.0260... (more ethnicities), Val Loss: 2043.9127, Val MAE: 22.4712, Val R2: 0.3748
2025-04-25 21:07:21,572 - spatial_moe_trainer - INFO - Epoch 10/100 - Train Loss: 1787.6134 (Col: 827.8546, Jump: 996.0002, Decline: 83.0210, PDE: 5431.2417, Reg: 53126.3548), Eth Losses: China: 2446.7220, India: 1835.1374, Philippines: 3079.2296... (more ethnicities), Val Loss: 2001.1228, Val MAE: 21.8633, Val R2: 0.3879
2025-04-25 21:07:43,924 - spatial_moe_trainer - INFO - Trial pruned at epoch 11
2025-04-25 21:07:43,939 - spatial_moe_trainer - INFO - Saving metrics to ./optuna_results/trial_29/metrics
2025-04-25 21:07:43,941 - spatial_moe_trainer - INFO - Training metrics saved to ./optuna_results/trial_29/metrics/training_metrics.csv
2025-04-25 21:07:43,942 - spatial_moe_trainer - INFO - Validation metrics saved to ./optuna_results/trial_29/metrics/validation_metrics.csv
2025-04-25 21:07:43,980 - spatial_moe_trainer - INFO - Multi-Ethnic Spatial MoE model saved to ./optuna_results/trial_29/model.pt
2025-04-25 21:07:44,015 - __mp_main__ - INFO - Running trial 30 on device cuda:0
2025-04-25 21:07:44,028 - __main__ - INFO - Trial 29 completed with value: 1963.317333
2025-04-25 21:07:44,214 - __mp_main__ - INFO - Using adjusted dimensions - hidden_dims: [70, 55, 40], coord_embed_dim: 35
2025-04-25 21:07:44,260 - spatial_moe_trainer - INFO - Multi-Ethnic Spatial MoE model initialized on cuda:0
2025-04-25 21:07:44,260 - spatial_moe_trainer - INFO - Model will predict 5 ethnicities: ['China', 'India', 'Philippines', 'Portugal', 'Sri Lanka']
2025-04-25 21:07:44,281 - __mp_main__ - INFO - Testing model forward pass before training...
2025-04-25 21:07:44,437 - __mp_main__ - INFO - Test forward pass successful. Output shape: torch.Size([64, 5])
2025-04-25 21:07:44,437 - spatial_moe_trainer - INFO - Starting multi-ethnic spatial MoE model training with learnable expert router...
2025-04-25 21:07:44,437 - spatial_moe_trainer - INFO - Using colonization_weight=5.451798712798487, jump_weight=6.540008740402991, decline_weight=7.021538610356891, pde_weight=7.209013810147226
2025-04-25 21:08:07,067 - spatial_moe_trainer - INFO - Epoch 1/100 - Train Loss: 1463.9575 (Col: 845.4891, Jump: 898.3164, Decline: 126.2968, PDE: 4510.5057, Reg: 17506.2349), Eth Losses: China: 1605.0189, India: 1777.8183, Philippines: 2504.3537... (more ethnicities), Val Loss: 1462.6797, Val MAE: 17.0724, Val R2: 0.5526
2025-04-25 21:08:29,404 - spatial_moe_trainer - INFO - Epoch 2/100 - Train Loss: 1058.2668 (Col: 565.5133, Jump: 801.5360, Decline: 106.8480, PDE: 3332.4485, Reg: 7016.2013), Eth Losses: China: 1107.8744, India: 1526.4540, Philippines: 1502.5657... (more ethnicities), Val Loss: 1330.5389, Val MAE: 16.1967, Val R2: 0.5930
2025-04-25 21:08:51,759 - spatial_moe_trainer - INFO - Epoch 3/100 - Train Loss: 904.5531 (Col: 442.2746, Jump: 562.5168, Decline: 102.3538, PDE: 2941.0908, Reg: 12382.5665), Eth Losses: China: 1077.5335, India: 1246.6456, Philippines: 1234.2611... (more ethnicities), Val Loss: 1173.9984, Val MAE: 15.5959, Val R2: 0.6409
2025-04-25 21:09:14,162 - spatial_moe_trainer - INFO - Epoch 4/100 - Train Loss: 838.1088 (Col: 397.9125, Jump: 418.9687, Decline: 92.1455, PDE: 2754.3869, Reg: 13224.2709), Eth Losses: China: 1020.8909, India: 1016.0851, Philippines: 1236.1698... (more ethnicities), Val Loss: 1195.0954, Val MAE: 15.4834, Val R2: 0.6344
2025-04-25 21:09:36,442 - spatial_moe_trainer - INFO - Epoch 5/100 - Train Loss: 731.4735 (Col: 337.3778, Jump: 426.0608, Decline: 87.9350, PDE: 2339.2733, Reg: 17044.3181), Eth Losses: China: 978.5464, India: 857.0605, Philippines: 931.5369... (more ethnicities), Val Loss: 1108.9060, Val MAE: 15.1029, Val R2: 0.6608
2025-04-25 21:09:58,761 - spatial_moe_trainer - INFO - Epoch 6/100 - Train Loss: 750.4716 (Col: 307.2529, Jump: 364.1131, Decline: 88.6487, PDE: 2503.9296, Reg: 24433.0739), Eth Losses: China: 968.7546, India: 718.8745, Philippines: 1212.5833... (more ethnicities), Val Loss: 1005.9014, Val MAE: 14.9955, Val R2: 0.6923
2025-04-25 21:10:21,152 - spatial_moe_trainer - INFO - Epoch 7/100 - Train Loss: 715.1833 (Col: 284.2481, Jump: 360.1833, Decline: 87.9610, PDE: 2183.6106, Reg: 33751.0578), Eth Losses: China: 842.6566, India: 985.8927, Philippines: 947.9647... (more ethnicities), Val Loss: 966.8031, Val MAE: 14.7014, Val R2: 0.7043
2025-04-25 21:10:43,479 - spatial_moe_trainer - INFO - Epoch 8/100 - Train Loss: 617.6412 (Col: 239.9847, Jump: 307.5488, Decline: 82.9345, PDE: 2157.4837, Reg: 8778.7577), Eth Losses: China: 721.5993, India: 601.2036, Philippines: 986.0722... (more ethnicities), Val Loss: 961.8217, Val MAE: 14.7190, Val R2: 0.7058
2025-04-25 21:11:05,855 - spatial_moe_trainer - INFO - Epoch 9/100 - Train Loss: 602.4036 (Col: 230.8906, Jump: 332.0200, Decline: 79.8859, PDE: 1997.4666, Reg: 17670.5696), Eth Losses: China: 681.6825, India: 713.5804, Philippines: 841.8424... (more ethnicities), Val Loss: 904.6460, Val MAE: 14.4956, Val R2: 0.7233
2025-04-25 21:11:28,308 - spatial_moe_trainer - INFO - Epoch 10/100 - Train Loss: 592.1429 (Col: 235.4252, Jump: 254.6760, Decline: 80.3420, PDE: 1976.2642, Reg: 14710.5723), Eth Losses: China: 686.6629, India: 593.4761, Philippines: 929.3356... (more ethnicities), Val Loss: 852.2293, Val MAE: 14.0386, Val R2: 0.7393
2025-04-25 21:11:50,620 - spatial_moe_trainer - INFO - Epoch 11/100 - Train Loss: 575.8858 (Col: 234.1424, Jump: 237.7664, Decline: 77.2151, PDE: 1988.7675, Reg: 8589.0081), Eth Losses: China: 683.8386, India: 639.9159, Philippines: 820.0507... (more ethnicities), Val Loss: 794.4779, Val MAE: 14.1215, Val R2: 0.7570
2025-04-25 21:12:13,047 - spatial_moe_trainer - INFO - Epoch 12/100 - Train Loss: 542.5842 (Col: 216.9470, Jump: 227.6161, Decline: 85.0781, PDE: 1813.2477, Reg: 11543.2527), Eth Losses: China: 639.4473, India: 572.2536, Philippines: 774.0172... (more ethnicities), Val Loss: 784.4040, Val MAE: 13.5970, Val R2: 0.7601
2025-04-25 21:12:35,428 - spatial_moe_trainer - INFO - Epoch 13/100 - Train Loss: 527.6141 (Col: 207.7885, Jump: 188.0191, Decline: 82.0648, PDE: 1784.2999, Reg: 9436.3341), Eth Losses: China: 619.3921, India: 554.3106, Philippines: 769.1505... (more ethnicities), Val Loss: 791.9121, Val MAE: 13.8668, Val R2: 0.7578
2025-04-25 21:12:57,787 - spatial_moe_trainer - INFO - Epoch 14/100 - Train Loss: 543.1814 (Col: 199.4494, Jump: 220.6713, Decline: 82.7284, PDE: 1837.2508, Reg: 18130.7802), Eth Losses: China: 588.1114, India: 589.6180, Philippines: 862.2281... (more ethnicities), Val Loss: 775.3735, Val MAE: 13.4571, Val R2: 0.7628
2025-04-25 21:13:20,159 - spatial_moe_trainer - INFO - Epoch 15/100 - Train Loss: 519.4087 (Col: 224.7080, Jump: 199.2856, Decline: 84.1755, PDE: 1696.9242, Reg: 9883.4074), Eth Losses: China: 569.7559, India: 613.6542, Philippines: 723.0271... (more ethnicities), Val Loss: 773.6956, Val MAE: 13.4815, Val R2: 0.7633
2025-04-25 21:13:42,508 - spatial_moe_trainer - INFO - Epoch 16/100 - Train Loss: 519.0726 (Col: 209.6378, Jump: 223.9477, Decline: 81.1674, PDE: 1687.2437, Reg: 14795.4464), Eth Losses: China: 634.4116, India: 548.4552, Philippines: 737.6573... (more ethnicities), Val Loss: 754.9370, Val MAE: 13.4033, Val R2: 0.7691
2025-04-25 21:14:04,903 - spatial_moe_trainer - INFO - Epoch 17/100 - Train Loss: 501.8460 (Col: 181.2588, Jump: 188.9438, Decline: 83.3484, PDE: 1716.1875, Reg: 13585.2089), Eth Losses: China: 611.4964, India: 558.3173, Philippines: 654.2261... (more ethnicities), Val Loss: 764.6359, Val MAE: 13.5977, Val R2: 0.7661
2025-04-25 21:14:27,465 - spatial_moe_trainer - INFO - Epoch 18/100 - Train Loss: 468.6470 (Col: 182.3497, Jump: 173.6070, Decline: 83.7674, PDE: 1563.9830, Reg: 10931.9751), Eth Losses: China: 589.2163, India: 475.5866, Philippines: 641.9449... (more ethnicities), Val Loss: 739.9938, Val MAE: 13.4019, Val R2: 0.7737
2025-04-25 21:14:49,964 - spatial_moe_trainer - INFO - Epoch 19/100 - Train Loss: 466.5384 (Col: 189.5128, Jump: 175.4075, Decline: 92.7298, PDE: 1449.9872, Reg: 20671.6734), Eth Losses: China: 531.3879, India: 544.6553, Philippines: 637.9243... (more ethnicities), Val Loss: 726.8357, Val MAE: 13.1806, Val R2: 0.7777
2025-04-25 21:15:12,445 - spatial_moe_trainer - INFO - Epoch 20/100 - Train Loss: 465.0931 (Col: 179.9909, Jump: 192.4199, Decline: 93.4526, PDE: 1441.9695, Reg: 22191.4932), Eth Losses: China: 582.2089, India: 539.6186, Philippines: 593.3639... (more ethnicities), Val Loss: 701.8581, Val MAE: 12.7110, Val R2: 0.7853
2025-04-25 21:15:34,838 - spatial_moe_trainer - INFO - Epoch 21/100 - Train Loss: 442.5983 (Col: 182.8559, Jump: 170.1290, Decline: 93.5783, PDE: 1439.8979, Reg: 10427.7083), Eth Losses: China: 525.3329, India: 489.6712, Philippines: 614.6321... (more ethnicities), Val Loss: 729.0014, Val MAE: 12.6843, Val R2: 0.7770
2025-04-25 21:15:57,238 - spatial_moe_trainer - INFO - Epoch 22/100 - Train Loss: 430.2597 (Col: 158.9348, Jump: 178.7825, Decline: 97.7759, PDE: 1410.0618, Reg: 9452.7437), Eth Losses: China: 531.9291, India: 430.3531, Philippines: 600.6095... (more ethnicities), Val Loss: 721.4550, Val MAE: 12.5962, Val R2: 0.7793
2025-04-25 21:16:19,562 - spatial_moe_trainer - INFO - Epoch 23/100 - Train Loss: 438.6677 (Col: 193.3867, Jump: 161.5212, Decline: 100.8442, PDE: 1310.3645, Reg: 13451.3248), Eth Losses: China: 521.5588, India: 469.0802, Philippines: 645.0113... (more ethnicities), Val Loss: 688.5028, Val MAE: 12.8405, Val R2: 0.7894
2025-04-25 21:16:41,889 - spatial_moe_trainer - INFO - Epoch 24/100 - Train Loss: 389.6879 (Col: 150.6621, Jump: 158.4169, Decline: 96.5158, PDE: 1288.5474, Reg: 5122.1548), Eth Losses: China: 433.1172, India: 408.7699, Philippines: 565.9418... (more ethnicities), Val Loss: 666.9397, Val MAE: 12.7545, Val R2: 0.7960
2025-04-25 21:17:04,260 - spatial_moe_trainer - INFO - Epoch 25/100 - Train Loss: 372.7938 (Col: 142.0650, Jump: 193.5148, Decline: 101.8730, PDE: 1197.0749, Reg: 9133.2975), Eth Losses: China: 483.1407, India: 370.7901, Philippines: 497.0689... (more ethnicities), Val Loss: 684.0755, Val MAE: 12.6648, Val R2: 0.7908
2025-04-25 21:17:26,911 - spatial_moe_trainer - INFO - Epoch 26/100 - Train Loss: 396.9018 (Col: 141.1182, Jump: 181.3190, Decline: 109.9395, PDE: 1299.4760, Reg: 9968.9230), Eth Losses: China: 490.0627, India: 434.1162, Philippines: 531.8303... (more ethnicities), Val Loss: 674.4439, Val MAE: 12.5392, Val R2: 0.7937
2025-04-25 21:17:49,511 - spatial_moe_trainer - INFO - Epoch 27/100 - Train Loss: 373.6967 (Col: 142.7601, Jump: 171.0520, Decline: 111.6528, PDE: 1182.9021, Reg: 10639.4692), Eth Losses: China: 488.7929, India: 422.5445, Philippines: 475.2395... (more ethnicities), Val Loss: 713.6266, Val MAE: 12.4760, Val R2: 0.7817
2025-04-25 21:18:11,933 - spatial_moe_trainer - INFO - Epoch 28/100 - Train Loss: 369.7801 (Col: 136.6418, Jump: 146.1176, Decline: 107.7203, PDE: 1184.0488, Reg: 9351.3532), Eth Losses: China: 499.0043, India: 386.0751, Philippines: 443.5604... (more ethnicities), Val Loss: 691.9426, Val MAE: 12.3695, Val R2: 0.7883
2025-04-25 21:18:34,298 - spatial_moe_trainer - INFO - Epoch 29/100 - Train Loss: 369.4764 (Col: 151.4744, Jump: 144.8382, Decline: 104.2128, PDE: 1180.4128, Reg: 8369.4950), Eth Losses: China: 454.2138, India: 408.6570, Philippines: 516.7802... (more ethnicities), Val Loss: 700.3799, Val MAE: 12.6031, Val R2: 0.7858
2025-04-25 21:18:56,660 - spatial_moe_trainer - INFO - Epoch 30/100 - Train Loss: 359.6869 (Col: 134.7768, Jump: 151.0026, Decline: 109.2163, PDE: 1137.1969, Reg: 8429.5148), Eth Losses: China: 485.0069, India: 372.4100, Philippines: 465.0838... (more ethnicities), Val Loss: 666.3793, Val MAE: 12.1737, Val R2: 0.7962
2025-04-25 21:19:19,178 - spatial_moe_trainer - INFO - Epoch 31/100 - Train Loss: 360.1119 (Col: 126.9093, Jump: 139.7410, Decline: 110.5262, PDE: 1140.9654, Reg: 10642.7225), Eth Losses: China: 538.9448, India: 330.0267, Philippines: 467.0245... (more ethnicities), Val Loss: 661.6413, Val MAE: 12.2953, Val R2: 0.7976
2025-04-25 21:19:41,444 - spatial_moe_trainer - INFO - Epoch 32/100 - Train Loss: 366.5326 (Col: 149.5306, Jump: 164.0943, Decline: 115.2545, PDE: 1105.2076, Reg: 13021.4558), Eth Losses: China: 485.3267, India: 438.1311, Philippines: 442.2580... (more ethnicities), Val Loss: 672.7418, Val MAE: 12.2106, Val R2: 0.7942
2025-04-25 21:20:03,854 - spatial_moe_trainer - INFO - Epoch 33/100 - Train Loss: 393.0331 (Col: 223.9801, Jump: 141.7500, Decline: 118.4884, PDE: 1073.6986, Reg: 7986.9366), Eth Losses: China: 569.5039, India: 483.2334, Philippines: 427.7694... (more ethnicities), Val Loss: 628.9810, Val MAE: 11.9521, Val R2: 0.8076
2025-04-25 21:20:26,213 - spatial_moe_trainer - INFO - Epoch 34/100 - Train Loss: 363.0582 (Col: 154.8293, Jump: 134.9771, Decline: 115.3099, PDE: 1027.1353, Reg: 16307.5328), Eth Losses: China: 567.8088, India: 397.9052, Philippines: 413.5787... (more ethnicities), Val Loss: 640.5118, Val MAE: 12.0702, Val R2: 0.8041
2025-04-25 21:20:48,554 - spatial_moe_trainer - INFO - Epoch 35/100 - Train Loss: 345.4045 (Col: 150.0429, Jump: 158.7082, Decline: 114.9580, PDE: 1016.4192, Reg: 10822.7716), Eth Losses: China: 489.7684, India: 369.4784, Philippines: 411.6674... (more ethnicities), Val Loss: 604.3804, Val MAE: 11.9938, Val R2: 0.8151
2025-04-25 21:21:10,970 - spatial_moe_trainer - INFO - Epoch 36/100 - Train Loss: 342.9083 (Col: 124.1660, Jump: 118.5503, Decline: 115.0277, PDE: 1050.6530, Reg: 11143.7524), Eth Losses: China: 513.6210, India: 336.1383, Philippines: 421.7686... (more ethnicities), Val Loss: 610.3579, Val MAE: 11.9962, Val R2: 0.8133
2025-04-25 21:21:33,303 - spatial_moe_trainer - INFO - Epoch 37/100 - Train Loss: 347.1322 (Col: 157.6456, Jump: 147.7480, Decline: 118.4924, PDE: 1000.6377, Reg: 11775.0933), Eth Losses: China: 504.3533, India: 388.5918, Philippines: 412.4455... (more ethnicities), Val Loss: 613.1216, Val MAE: 11.8229, Val R2: 0.8125
2025-04-25 21:21:55,690 - spatial_moe_trainer - INFO - Epoch 38/100 - Train Loss: 314.9884 (Col: 105.5087, Jump: 132.5009, Decline: 113.2435, PDE: 1021.2082, Reg: 6033.2089), Eth Losses: China: 426.5667, India: 330.4631, Philippines: 388.0300... (more ethnicities), Val Loss: 657.0835, Val MAE: 12.0495, Val R2: 0.7990
2025-04-25 21:22:18,265 - spatial_moe_trainer - INFO - Epoch 39/100 - Train Loss: 333.1115 (Col: 128.5107, Jump: 125.4848, Decline: 118.7263, PDE: 978.2798, Reg: 11820.6792), Eth Losses: China: 479.3138, India: 389.5772, Philippines: 389.6602... (more ethnicities), Val Loss: 666.6906, Val MAE: 12.0344, Val R2: 0.7961
2025-04-25 21:22:40,628 - spatial_moe_trainer - INFO - Epoch 40/100 - Train Loss: 319.5534 (Col: 133.1171, Jump: 114.4409, Decline: 118.0037, PDE: 974.4174, Reg: 6826.5564), Eth Losses: China: 414.4184, India: 400.9327, Philippines: 394.6531... (more ethnicities), Val Loss: 662.4105, Val MAE: 11.8843, Val R2: 0.7974
2025-04-25 21:23:02,972 - spatial_moe_trainer - INFO - Epoch 41/100 - Train Loss: 309.8889 (Col: 105.5243, Jump: 106.2034, Decline: 110.9709, PDE: 1010.5755, Reg: 6424.1022), Eth Losses: China: 404.0937, India: 308.8376, Philippines: 416.6714... (more ethnicities), Val Loss: 624.8894, Val MAE: 11.8093, Val R2: 0.8089
2025-04-25 21:23:25,384 - spatial_moe_trainer - INFO - Epoch 42/100 - Train Loss: 286.1023 (Col: 109.4697, Jump: 124.3727, Decline: 113.6478, PDE: 900.0690, Reg: 5378.1410), Eth Losses: China: 363.1584, India: 305.3557, Philippines: 378.6885... (more ethnicities), Val Loss: 649.2270, Val MAE: 11.8631, Val R2: 0.8014
2025-04-25 21:23:47,789 - spatial_moe_trainer - INFO - Epoch 43/100 - Train Loss: 309.5313 (Col: 133.6392, Jump: 128.7708, Decline: 113.1699, PDE: 930.6765, Reg: 5467.1805), Eth Losses: China: 460.4480, India: 314.4857, Philippines: 385.7600... (more ethnicities), Val Loss: 641.0831, Val MAE: 11.7629, Val R2: 0.8039
2025-04-25 21:24:10,104 - spatial_moe_trainer - INFO - Epoch 44/100 - Train Loss: 288.1078 (Col: 96.4175, Jump: 117.8430, Decline: 117.2591, PDE: 903.8065, Reg: 7982.6781), Eth Losses: China: 370.2706, India: 332.2018, Philippines: 363.0382... (more ethnicities), Val Loss: 632.9596, Val MAE: 11.7639, Val R2: 0.8064
2025-04-25 21:24:32,432 - spatial_moe_trainer - INFO - Epoch 45/100 - Train Loss: 289.2079 (Col: 94.4751, Jump: 114.6448, Decline: 108.4731, PDE: 903.7778, Reg: 9791.3658), Eth Losses: China: 378.2388, India: 342.7733, Philippines: 346.9196... (more ethnicities), Val Loss: 635.9873, Val MAE: 11.6351, Val R2: 0.8055
2025-04-25 21:24:32,433 - spatial_moe_trainer - INFO - Early stopping at epoch 45
2025-04-25 21:24:32,448 - spatial_moe_trainer - INFO - Saving metrics to ./optuna_results/trial_30/metrics
2025-04-25 21:24:32,451 - spatial_moe_trainer - INFO - Training metrics saved to ./optuna_results/trial_30/metrics/training_metrics.csv
2025-04-25 21:24:32,454 - spatial_moe_trainer - INFO - Validation metrics saved to ./optuna_results/trial_30/metrics/validation_metrics.csv
2025-04-25 21:24:32,492 - spatial_moe_trainer - INFO - Multi-Ethnic Spatial MoE model saved to ./optuna_results/trial_30/model.pt
2025-04-25 21:24:32,525 - __mp_main__ - INFO - Running trial 31 on device cuda:0
2025-04-25 21:24:32,539 - __main__ - INFO - Trial 30 completed with value: 604.380422
2025-04-25 21:24:32,720 - __mp_main__ - INFO - Using adjusted dimensions - hidden_dims: [108, 24, 8], coord_embed_dim: 28
2025-04-25 21:24:32,766 - spatial_moe_trainer - INFO - Multi-Ethnic Spatial MoE model initialized on cuda:0
2025-04-25 21:24:32,766 - spatial_moe_trainer - INFO - Model will predict 5 ethnicities: ['China', 'India', 'Philippines', 'Portugal', 'Sri Lanka']
2025-04-25 21:24:32,787 - __mp_main__ - INFO - Testing model forward pass before training...
2025-04-25 21:24:32,946 - __mp_main__ - INFO - Test forward pass successful. Output shape: torch.Size([64, 5])
2025-04-25 21:24:32,946 - spatial_moe_trainer - INFO - Starting multi-ethnic spatial MoE model training with learnable expert router...
2025-04-25 21:24:32,946 - spatial_moe_trainer - INFO - Using colonization_weight=4.68246666274058, jump_weight=5.9091898471271795, decline_weight=7.646004863581341, pde_weight=4.658167312150433
2025-04-25 21:24:55,329 - spatial_moe_trainer - INFO - Epoch 1/100 - Train Loss: 1487.0154 (Col: 774.6040, Jump: 742.9925, Decline: 76.0039, PDE: 4405.5863, Reg: 19259.1192), Eth Losses: China: 1673.3961, India: 1857.8765, Philippines: 2563.2591... (more ethnicities), Val Loss: 1298.6104, Val MAE: 16.6448, Val R2: 0.6028
2025-04-25 21:25:17,923 - spatial_moe_trainer - INFO - Epoch 2/100 - Train Loss: 1000.4542 (Col: 441.0458, Jump: 433.4923, Decline: 64.1649, PDE: 3092.3445, Reg: 21250.9867), Eth Losses: China: 1209.7310, India: 1272.6138, Philippines: 1534.0310... (more ethnicities), Val Loss: 1147.9606, Val MAE: 15.8195, Val R2: 0.6489
2025-04-25 21:25:40,255 - spatial_moe_trainer - INFO - Epoch 3/100 - Train Loss: 932.3536 (Col: 436.8693, Jump: 377.6463, Decline: 56.6243, PDE: 2753.0352, Reg: 35248.3069), Eth Losses: China: 1113.7526, India: 1248.6259, Philippines: 1359.5792... (more ethnicities), Val Loss: 1123.7184, Val MAE: 15.2324, Val R2: 0.6563
2025-04-25 21:26:02,642 - spatial_moe_trainer - INFO - Epoch 4/100 - Train Loss: 813.3674 (Col: 342.2695, Jump: 363.8710, Decline: 57.1137, PDE: 2559.8139, Reg: 18135.4274), Eth Losses: China: 885.3688, India: 1030.1914, Philippines: 1310.5711... (more ethnicities), Val Loss: 1054.2280, Val MAE: 14.6557, Val R2: 0.6775
2025-04-25 21:26:24,954 - spatial_moe_trainer - INFO - Epoch 5/100 - Train Loss: 683.8682 (Col: 225.9481, Jump: 330.0164, Decline: 62.8111, PDE: 2225.2426, Reg: 14077.0539), Eth Losses: China: 751.9671, India: 753.6654, Philippines: 1061.0714... (more ethnicities), Val Loss: 917.6225, Val MAE: 14.1120, Val R2: 0.7193
2025-04-25 21:26:47,212 - spatial_moe_trainer - INFO - Epoch 6/100 - Train Loss: 699.2397 (Col: 284.4164, Jump: 301.9202, Decline: 59.5119, PDE: 2179.6904, Reg: 20436.7796), Eth Losses: China: 835.1830, India: 757.7213, Philippines: 1083.7093... (more ethnicities), Val Loss: 885.4581, Val MAE: 14.2287, Val R2: 0.7292
2025-04-25 21:27:09,539 - spatial_moe_trainer - INFO - Epoch 7/100 - Train Loss: 654.0630 (Col: 254.9244, Jump: 271.2194, Decline: 81.1234, PDE: 1972.0596, Reg: 37224.3223), Eth Losses: China: 827.7453, India: 640.0624, Philippines: 1017.4216... (more ethnicities), Val Loss: 882.2043, Val MAE: 14.5503, Val R2: 0.7302
2025-04-25 21:27:32,032 - spatial_moe_trainer - INFO - Epoch 8/100 - Train Loss: 694.0854 (Col: 231.9200, Jump: 241.6160, Decline: 266.1466, PDE: 2054.0141, Reg: 25851.4660), Eth Losses: China: 623.5170, India: 649.9237, Philippines: 1479.1348... (more ethnicities), Val Loss: 1059.4919, Val MAE: 16.0493, Val R2: 0.6759
2025-04-25 21:27:54,442 - spatial_moe_trainer - INFO - Epoch 9/100 - Train Loss: 673.2517 (Col: 197.9098, Jump: 237.7793, Decline: 298.2861, PDE: 2010.1817, Reg: 25198.7899), Eth Losses: China: 742.3590, India: 599.1594, Philippines: 1306.8694... (more ethnicities), Val Loss: 849.9222, Val MAE: 14.0117, Val R2: 0.7400
2025-04-25 21:28:16,795 - spatial_moe_trainer - INFO - Epoch 10/100 - Train Loss: 579.3489 (Col: 198.4892, Jump: 311.3083, Decline: 130.3934, PDE: 1821.7985, Reg: 10080.9130), Eth Losses: China: 638.9885, India: 617.6627, Philippines: 958.3654... (more ethnicities), Val Loss: 822.6693, Val MAE: 13.7270, Val R2: 0.7484
2025-04-25 21:28:39,240 - spatial_moe_trainer - INFO - Epoch 11/100 - Train Loss: 652.7801 (Col: 208.3778, Jump: 216.5894, Decline: 285.2713, PDE: 1912.3035, Reg: 22788.6255), Eth Losses: China: 921.6341, India: 611.2717, Philippines: 1026.3975... (more ethnicities), Val Loss: 943.7744, Val MAE: 15.6352, Val R2: 0.7113
2025-04-25 21:29:01,578 - spatial_moe_trainer - INFO - Epoch 12/100 - Train Loss: 709.5790 (Col: 212.3296, Jump: 246.7069, Decline: 536.1247, PDE: 1897.8887, Reg: 23122.3148), Eth Losses: China: 1212.4524, India: 688.8581, Philippines: 1006.3310... (more ethnicities), Val Loss: 1094.1875, Val MAE: 16.2503, Val R2: 0.6653
2025-04-25 21:29:24,017 - spatial_moe_trainer - INFO - Epoch 13/100 - Train Loss: 787.4664 (Col: 194.6698, Jump: 240.4958, Decline: 627.6318, PDE: 2206.9497, Reg: 28454.1797), Eth Losses: China: 1382.0838, India: 619.1984, Philippines: 1264.4643... (more ethnicities), Val Loss: 970.4213, Val MAE: 15.5879, Val R2: 0.7032
2025-04-25 21:29:46,352 - spatial_moe_trainer - INFO - Epoch 14/100 - Train Loss: 657.2542 (Col: 198.9460, Jump: 214.2288, Decline: 463.6127, PDE: 1831.3672, Reg: 9897.0385), Eth Losses: China: 1053.3850, India: 584.8959, Philippines: 1003.9449... (more ethnicities), Val Loss: 1023.9448, Val MAE: 16.2472, Val R2: 0.6868
2025-04-25 21:30:08,689 - spatial_moe_trainer - INFO - Trial pruned at epoch 15
2025-04-25 21:30:08,703 - spatial_moe_trainer - INFO - Saving metrics to ./optuna_results/trial_31/metrics
2025-04-25 21:30:08,705 - spatial_moe_trainer - INFO - Training metrics saved to ./optuna_results/trial_31/metrics/training_metrics.csv
2025-04-25 21:30:08,707 - spatial_moe_trainer - INFO - Validation metrics saved to ./optuna_results/trial_31/metrics/validation_metrics.csv
2025-04-25 21:30:08,745 - spatial_moe_trainer - INFO - Multi-Ethnic Spatial MoE model saved to ./optuna_results/trial_31/model.pt
2025-04-25 21:30:08,778 - __mp_main__ - INFO - Running trial 32 on device cuda:0
2025-04-25 21:30:08,792 - __main__ - INFO - Trial 31 completed with value: 822.669290
2025-04-25 21:30:08,973 - __mp_main__ - INFO - Using adjusted dimensions - hidden_dims: [116, 20, 8], coord_embed_dim: 28
2025-04-25 21:30:09,021 - spatial_moe_trainer - INFO - Multi-Ethnic Spatial MoE model initialized on cuda:0
2025-04-25 21:30:09,021 - spatial_moe_trainer - INFO - Model will predict 5 ethnicities: ['China', 'India', 'Philippines', 'Portugal', 'Sri Lanka']
2025-04-25 21:30:09,041 - __mp_main__ - INFO - Testing model forward pass before training...
2025-04-25 21:30:09,199 - __mp_main__ - INFO - Test forward pass successful. Output shape: torch.Size([64, 5])
2025-04-25 21:30:09,200 - spatial_moe_trainer - INFO - Starting multi-ethnic spatial MoE model training with learnable expert router...
2025-04-25 21:30:09,200 - spatial_moe_trainer - INFO - Using colonization_weight=3.417977749341608, jump_weight=3.8634882822398025, decline_weight=6.122277392227244, pde_weight=5.348143693547763
2025-04-25 21:30:31,807 - spatial_moe_trainer - INFO - Epoch 1/100 - Train Loss: 1512.1521 (Col: 780.2707, Jump: 892.4235, Decline: 76.6537, PDE: 4389.7739, Reg: 38895.5531), Eth Losses: China: 1981.5112, India: 1589.8011, Philippines: 2518.7909... (more ethnicities), Val Loss: 1211.4073, Val MAE: 16.7296, Val R2: 0.6295
2025-04-25 21:30:54,207 - spatial_moe_trainer - INFO - Epoch 2/100 - Train Loss: 1032.1394 (Col: 447.8391, Jump: 393.4011, Decline: 60.7897, PDE: 3202.6905, Reg: 26749.2422), Eth Losses: China: 1337.6738, India: 1136.9209, Philippines: 1585.3342... (more ethnicities), Val Loss: 1148.8356, Val MAE: 16.7261, Val R2: 0.6486
2025-04-25 21:31:16,719 - spatial_moe_trainer - INFO - Epoch 3/100 - Train Loss: 865.4163 (Col: 341.7750, Jump: 366.1892, Decline: 55.9099, PDE: 2750.8458, Reg: 19905.6858), Eth Losses: China: 1126.0339, India: 905.9713, Philippines: 1384.8474... (more ethnicities), Val Loss: 1014.9114, Val MAE: 15.4631, Val R2: 0.6896
2025-04-25 21:31:39,065 - spatial_moe_trainer - INFO - Epoch 4/100 - Train Loss: 808.5072 (Col: 320.0143, Jump: 365.1680, Decline: 53.5212, PDE: 2573.7881, Reg: 17891.1293), Eth Losses: China: 1019.1173, India: 942.0471, Philippines: 1194.7585... (more ethnicities), Val Loss: 995.2073, Val MAE: 15.0991, Val R2: 0.6956
2025-04-25 21:32:01,466 - spatial_moe_trainer - INFO - Epoch 5/100 - Train Loss: 713.9670 (Col: 234.1280, Jump: 352.0442, Decline: 55.1125, PDE: 2363.7084, Reg: 20604.6401), Eth Losses: China: 754.9351, India: 848.6106, Philippines: 1075.1713... (more ethnicities), Val Loss: 989.8222, Val MAE: 14.6032, Val R2: 0.6972
2025-04-25 21:32:23,897 - spatial_moe_trainer - INFO - Epoch 6/100 - Train Loss: 718.7722 (Col: 240.3210, Jump: 306.9534, Decline: 54.3977, PDE: 2342.4737, Reg: 26988.0488), Eth Losses: China: 871.2866, India: 774.1469, Philippines: 1083.6780... (more ethnicities), Val Loss: 837.6570, Val MAE: 13.5101, Val R2: 0.7438
2025-04-25 21:32:46,233 - spatial_moe_trainer - INFO - Epoch 7/100 - Train Loss: 648.7663 (Col: 245.9207, Jump: 269.4610, Decline: 58.6470, PDE: 2091.7982, Reg: 9361.4627), Eth Losses: China: 657.6801, India: 789.7599, Philippines: 997.1990... (more ethnicities), Val Loss: 824.4401, Val MAE: 13.7032, Val R2: 0.7478
2025-04-25 21:33:08,672 - spatial_moe_trainer - INFO - Epoch 8/100 - Train Loss: 608.9854 (Col: 211.7908, Jump: 251.8325, Decline: 59.2281, PDE: 1923.4949, Reg: 34288.3406), Eth Losses: China: 648.0649, India: 751.8316, Philippines: 896.0023... (more ethnicities), Val Loss: 800.2653, Val MAE: 13.4085, Val R2: 0.7552
2025-04-25 21:33:31,332 - spatial_moe_trainer - INFO - Epoch 9/100 - Train Loss: 569.8202 (Col: 230.0866, Jump: 304.3812, Decline: 62.6352, PDE: 1738.9172, Reg: 20080.5794), Eth Losses: China: 711.0973, India: 625.5971, Philippines: 841.4090... (more ethnicities), Val Loss: 731.8960, Val MAE: 12.8543, Val R2: 0.7761
2025-04-25 21:33:53,843 - spatial_moe_trainer - INFO - Epoch 10/100 - Train Loss: 524.4772 (Col: 197.7835, Jump: 226.6614, Decline: 64.6642, PDE: 1655.1934, Reg: 17477.1645), Eth Losses: China: 597.4908, India: 574.3262, Philippines: 763.1022... (more ethnicities), Val Loss: 726.1804, Val MAE: 12.5994, Val R2: 0.7779
2025-04-25 21:34:16,275 - spatial_moe_trainer - INFO - Epoch 11/100 - Train Loss: 534.7941 (Col: 190.5233, Jump: 231.9696, Decline: 70.5453, PDE: 1716.2548, Reg: 12796.8365), Eth Losses: China: 609.5548, India: 591.3056, Philippines: 781.0841... (more ethnicities), Val Loss: 759.4308, Val MAE: 13.0730, Val R2: 0.7677
2025-04-25 21:34:38,657 - spatial_moe_trainer - INFO - Epoch 12/100 - Train Loss: 501.4539 (Col: 179.6889, Jump: 258.7120, Decline: 70.6285, PDE: 1583.0066, Reg: 18010.3821), Eth Losses: China: 577.7631, India: 514.5569, Philippines: 784.7967... (more ethnicities), Val Loss: 741.6409, Val MAE: 13.0376, Val R2: 0.7731
2025-04-25 21:35:01,066 - spatial_moe_trainer - INFO - Epoch 13/100 - Train Loss: 487.3668 (Col: 178.1671, Jump: 274.6180, Decline: 74.7262, PDE: 1503.4834, Reg: 19839.9019), Eth Losses: China: 523.4383, India: 543.6103, Philippines: 701.3905... (more ethnicities), Val Loss: 749.6174, Val MAE: 12.9055, Val R2: 0.7707
2025-04-25 21:35:23,542 - spatial_moe_trainer - INFO - Epoch 14/100 - Train Loss: 474.3869 (Col: 164.7482, Jump: 232.2687, Decline: 76.3137, PDE: 1490.6562, Reg: 14371.8426), Eth Losses: China: 462.1290, India: 616.9931, Philippines: 674.6057... (more ethnicities), Val Loss: 675.8823, Val MAE: 12.5467, Val R2: 0.7933
2025-04-25 21:35:46,039 - spatial_moe_trainer - INFO - Epoch 15/100 - Train Loss: 460.9319 (Col: 163.9630, Jump: 208.3298, Decline: 74.2614, PDE: 1415.8712, Reg: 17429.0324), Eth Losses: China: 536.7091, India: 534.8551, Philippines: 639.0829... (more ethnicities), Val Loss: 654.8654, Val MAE: 12.4724, Val R2: 0.7997
2025-04-25 21:36:08,470 - spatial_moe_trainer - INFO - Epoch 16/100 - Train Loss: 450.2057 (Col: 151.8383, Jump: 249.0730, Decline: 68.8830, PDE: 1454.4445, Reg: 8998.7008), Eth Losses: China: 476.7133, India: 523.7368, Philippines: 648.8362... (more ethnicities), Val Loss: 680.3654, Val MAE: 12.5943, Val R2: 0.7919
2025-04-25 21:36:30,871 - spatial_moe_trainer - INFO - Epoch 17/100 - Train Loss: 444.3613 (Col: 167.5078, Jump: 221.9518, Decline: 71.8625, PDE: 1375.3711, Reg: 11195.3188), Eth Losses: China: 453.1128, India: 526.4388, Philippines: 657.4179... (more ethnicities), Val Loss: 692.5478, Val MAE: 12.6590, Val R2: 0.7882
2025-04-25 21:36:53,264 - spatial_moe_trainer - INFO - Epoch 18/100 - Train Loss: 436.7067 (Col: 158.8319, Jump: 220.6226, Decline: 77.8601, PDE: 1375.7403, Reg: 10056.0994), Eth Losses: China: 516.1883, India: 501.6178, Philippines: 643.9652... (more ethnicities), Val Loss: 700.4173, Val MAE: 13.0652, Val R2: 0.7858
2025-04-25 21:37:15,613 - spatial_moe_trainer - INFO - Epoch 19/100 - Train Loss: 465.6194 (Col: 144.3240, Jump: 203.3713, Decline: 79.1832, PDE: 1534.6530, Reg: 14898.2752), Eth Losses: China: 596.3596, India: 556.6441, Philippines: 620.4357... (more ethnicities), Val Loss: 748.3211, Val MAE: 13.5046, Val R2: 0.7711
2025-04-25 21:37:38,085 - spatial_moe_trainer - INFO - Epoch 20/100 - Train Loss: 499.5849 (Col: 121.9936, Jump: 245.0885, Decline: 91.9802, PDE: 1683.6359, Reg: 12859.7716), Eth Losses: China: 744.1390, India: 593.3348, Philippines: 639.7033... (more ethnicities), Val Loss: 903.2159, Val MAE: 14.6692, Val R2: 0.7237
2025-04-25 21:38:00,410 - spatial_moe_trainer - INFO - Epoch 21/100 - Train Loss: 598.8934 (Col: 129.0685, Jump: 225.9502, Decline: 270.2233, PDE: 1920.6195, Reg: 13940.7392), Eth Losses: China: 1235.3006, India: 672.9164, Philippines: 568.3651... (more ethnicities), Val Loss: 953.5251, Val MAE: 14.9942, Val R2: 0.7083
2025-04-25 21:38:22,942 - spatial_moe_trainer - INFO - Epoch 22/100 - Train Loss: 603.9422 (Col: 118.1036, Jump: 251.9650, Decline: 392.8547, PDE: 1827.7315, Reg: 17764.5377), Eth Losses: China: 1299.9012, India: 717.0679, Philippines: 511.6312... (more ethnicities), Val Loss: 965.2048, Val MAE: 15.4704, Val R2: 0.7048
2025-04-25 21:38:45,474 - spatial_moe_trainer - INFO - Epoch 23/100 - Train Loss: 666.4738 (Col: 118.3150, Jump: 192.8536, Decline: 557.7435, PDE: 1956.8550, Reg: 13913.9009), Eth Losses: China: 1397.5174, India: 873.3889, Philippines: 525.0479... (more ethnicities), Val Loss: 994.4381, Val MAE: 16.0606, Val R2: 0.6958
2025-04-25 21:39:07,995 - spatial_moe_trainer - INFO - Epoch 24/100 - Train Loss: 657.5789 (Col: 105.2006, Jump: 214.5371, Decline: 575.5797, PDE: 1925.3382, Reg: 10877.6029), Eth Losses: China: 1307.2446, India: 744.9399, Philippines: 552.4485... (more ethnicities), Val Loss: 1066.2774, Val MAE: 16.7305, Val R2: 0.6738
2025-04-25 21:39:30,309 - spatial_moe_trainer - INFO - Epoch 25/100 - Train Loss: 735.2082 (Col: 140.1339, Jump: 188.2060, Decline: 653.7655, PDE: 1972.0026, Reg: 50723.6760), Eth Losses: China: 1372.0354, India: 1019.6380, Philippines: 554.3550... (more ethnicities), Val Loss: 1016.0529, Val MAE: 16.2616, Val R2: 0.6892
2025-04-25 21:39:30,309 - spatial_moe_trainer - INFO - Early stopping at epoch 25
2025-04-25 21:39:30,332 - spatial_moe_trainer - INFO - Saving metrics to ./optuna_results/trial_32/metrics
2025-04-25 21:39:30,334 - spatial_moe_trainer - INFO - Training metrics saved to ./optuna_results/trial_32/metrics/training_metrics.csv
2025-04-25 21:39:30,337 - spatial_moe_trainer - INFO - Validation metrics saved to ./optuna_results/trial_32/metrics/validation_metrics.csv
2025-04-25 21:39:30,375 - spatial_moe_trainer - INFO - Multi-Ethnic Spatial MoE model saved to ./optuna_results/trial_32/model.pt
2025-04-25 21:39:30,409 - __mp_main__ - INFO - Running trial 33 on device cuda:0
2025-04-25 21:39:30,422 - __main__ - INFO - Trial 32 completed with value: 654.865386
2025-04-25 21:39:30,602 - __mp_main__ - INFO - Using adjusted dimensions - hidden_dims: [92, 32, 8], coord_embed_dim: 24
2025-04-25 21:39:30,648 - spatial_moe_trainer - INFO - Multi-Ethnic Spatial MoE model initialized on cuda:0
2025-04-25 21:39:30,648 - spatial_moe_trainer - INFO - Model will predict 5 ethnicities: ['China', 'India', 'Philippines', 'Portugal', 'Sri Lanka']
2025-04-25 21:39:30,669 - __mp_main__ - INFO - Testing model forward pass before training...
2025-04-25 21:39:30,827 - __mp_main__ - INFO - Test forward pass successful. Output shape: torch.Size([64, 5])
2025-04-25 21:39:30,827 - spatial_moe_trainer - INFO - Starting multi-ethnic spatial MoE model training with learnable expert router...
2025-04-25 21:39:30,827 - spatial_moe_trainer - INFO - Using colonization_weight=4.68246666274058, jump_weight=6.249014067067106, decline_weight=7.646004863581341, pde_weight=4.658167312150433
2025-04-25 21:39:53,161 - spatial_moe_trainer - INFO - Epoch 1/100 - Train Loss: 1416.7149 (Col: 741.4727, Jump: 1124.2826, Decline: 62.2966, PDE: 4007.4468, Reg: 31297.1066), Eth Losses: China: 1796.1863, India: 1898.7519, Philippines: 2180.8705... (more ethnicities), Val Loss: 1308.1015, Val MAE: 16.0743, Val R2: 0.5999
2025-04-25 21:40:15,670 - spatial_moe_trainer - INFO - Epoch 2/100 - Train Loss: 1073.4922 (Col: 515.8957, Jump: 557.2112, Decline: 55.3418, PDE: 3156.1974, Reg: 34460.9504), Eth Losses: China: 1498.2283, India: 1363.6276, Philippines: 1551.1606... (more ethnicities), Val Loss: 1319.3696, Val MAE: 15.7246, Val R2: 0.5964
2025-04-25 21:40:38,022 - spatial_moe_trainer - INFO - Epoch 3/100 - Train Loss: 940.3343 (Col: 480.4268, Jump: 378.9171, Decline: 55.0725, PDE: 2703.1036, Reg: 15744.6649), Eth Losses: China: 1315.6128, India: 1392.8547, Philippines: 1104.7378... (more ethnicities), Val Loss: 1224.6109, Val MAE: 15.7551, Val R2: 0.6254
2025-04-25 21:41:00,595 - spatial_moe_trainer - INFO - Epoch 4/100 - Train Loss: 801.6663 (Col: 296.9734, Jump: 558.2538, Decline: 57.0944, PDE: 2523.9213, Reg: 19865.5895), Eth Losses: China: 1085.5956, India: 1053.6863, Philippines: 1016.3140... (more ethnicities), Val Loss: 992.5624, Val MAE: 14.4048, Val R2: 0.6964
2025-04-25 21:41:23,145 - spatial_moe_trainer - INFO - Epoch 5/100 - Train Loss: 752.1632 (Col: 317.1793, Jump: 211.8974, Decline: 61.8120, PDE: 2297.5994, Reg: 9215.6276), Eth Losses: China: 961.6509, India: 847.4610, Philippines: 1071.6960... (more ethnicities), Val Loss: 1098.0076, Val MAE: 14.1717, Val R2: 0.6641
2025-04-25 21:41:45,463 - spatial_moe_trainer - INFO - Epoch 6/100 - Train Loss: 692.7463 (Col: 283.6835, Jump: 232.5656, Decline: 60.9158, PDE: 2113.0541, Reg: 28412.8650), Eth Losses: China: 910.9853, India: 825.5095, Philippines: 915.4608... (more ethnicities), Val Loss: 905.9194, Val MAE: 13.7644, Val R2: 0.7229
2025-04-25 21:42:07,861 - spatial_moe_trainer - INFO - Epoch 7/100 - Train Loss: 645.5517 (Col: 226.8052, Jump: 283.2391, Decline: 61.4007, PDE: 2025.4354, Reg: 30240.3578), Eth Losses: China: 826.4474, India: 820.8386, Philippines: 765.7053... (more ethnicities), Val Loss: 849.7971, Val MAE: 13.6386, Val R2: 0.7401
2025-04-25 21:42:30,252 - spatial_moe_trainer - INFO - Epoch 8/100 - Train Loss: 607.9763 (Col: 240.1693, Jump: 190.7701, Decline: 61.4050, PDE: 1840.8118, Reg: 29900.7191), Eth Losses: China: 721.2496, India: 776.4888, Philippines: 751.5302... (more ethnicities), Val Loss: 909.6789, Val MAE: 13.4734, Val R2: 0.7217
2025-04-25 21:42:52,603 - spatial_moe_trainer - INFO - Epoch 9/100 - Train Loss: 574.4207 (Col: 218.2364, Jump: 218.9167, Decline: 60.5611, PDE: 1796.8734, Reg: 9144.7775), Eth Losses: China: 635.7058, India: 695.1721, Philippines: 765.3228... (more ethnicities), Val Loss: 851.6097, Val MAE: 13.0753, Val R2: 0.7395
2025-04-25 21:43:15,052 - spatial_moe_trainer - INFO - Epoch 10/100 - Train Loss: 589.4536 (Col: 199.6239, Jump: 206.1956, Decline: 63.6813, PDE: 1906.7165, Reg: 9025.5443), Eth Losses: China: 718.3093, India: 681.3177, Philippines: 826.9462... (more ethnicities), Val Loss: 926.8533, Val MAE: 13.3992, Val R2: 0.7165
2025-04-25 21:43:37,422 - spatial_moe_trainer - INFO - Epoch 11/100 - Train Loss: 548.1421 (Col: 192.0451, Jump: 251.7251, Decline: 64.2708, PDE: 1731.7710, Reg: 24830.7432), Eth Losses: China: 701.1113, India: 636.7825, Philippines: 677.7489... (more ethnicities), Val Loss: 856.1456, Val MAE: 13.4632, Val R2: 0.7381
2025-04-25 21:43:59,921 - spatial_moe_trainer - INFO - Epoch 12/100 - Train Loss: 533.0686 (Col: 211.1126, Jump: 259.5911, Decline: 65.5348, PDE: 1632.5192, Reg: 17594.2818), Eth Losses: China: 605.6998, India: 726.2826, Philippines: 646.5203... (more ethnicities), Val Loss: 797.8879, Val MAE: 12.9930, Val R2: 0.7559
2025-04-25 21:44:22,328 - spatial_moe_trainer - INFO - Epoch 13/100 - Train Loss: 512.5176 (Col: 202.2040, Jump: 189.6742, Decline: 64.2366, PDE: 1536.9520, Reg: 27323.4197), Eth Losses: China: 589.4434, India: 606.2449, Philippines: 666.8610... (more ethnicities), Val Loss: 786.4116, Val MAE: 13.1996, Val R2: 0.7595
2025-04-25 21:44:44,661 - spatial_moe_trainer - INFO - Epoch 14/100 - Train Loss: 503.4647 (Col: 173.7296, Jump: 197.2066, Decline: 85.2222, PDE: 1567.8648, Reg: 14694.4262), Eth Losses: China: 614.7304, India: 600.6389, Philippines: 615.0988... (more ethnicities), Val Loss: 796.6671, Val MAE: 13.0803, Val R2: 0.7563
2025-04-25 21:45:07,169 - spatial_moe_trainer - INFO - Epoch 15/100 - Train Loss: 461.3189 (Col: 159.0601, Jump: 193.1166, Decline: 83.6013, PDE: 1442.8355, Reg: 3809.3357), Eth Losses: China: 501.2838, India: 531.3717, Philippines: 615.2668... (more ethnicities), Val Loss: 784.2076, Val MAE: 12.8254, Val R2: 0.7601
2025-04-25 21:45:29,579 - spatial_moe_trainer - INFO - Epoch 16/100 - Train Loss: 483.7134 (Col: 206.3124, Jump: 173.9914, Decline: 87.2560, PDE: 1415.9054, Reg: 26087.5883), Eth Losses: China: 563.0732, India: 644.6693, Philippines: 573.6904... (more ethnicities), Val Loss: 772.7831, Val MAE: 12.5761, Val R2: 0.7636
2025-04-25 21:45:51,961 - spatial_moe_trainer - INFO - Trial pruned at epoch 17
2025-04-25 21:45:51,975 - spatial_moe_trainer - INFO - Saving metrics to ./optuna_results/trial_33/metrics
2025-04-25 21:45:51,978 - spatial_moe_trainer - INFO - Training metrics saved to ./optuna_results/trial_33/metrics/training_metrics.csv
2025-04-25 21:45:51,980 - spatial_moe_trainer - INFO - Validation metrics saved to ./optuna_results/trial_33/metrics/validation_metrics.csv
2025-04-25 21:45:52,017 - spatial_moe_trainer - INFO - Multi-Ethnic Spatial MoE model saved to ./optuna_results/trial_33/model.pt
2025-04-25 21:45:52,052 - __mp_main__ - INFO - Running trial 34 on device cuda:0
2025-04-25 21:45:52,067 - __main__ - INFO - Trial 33 completed with value: 772.783117
2025-04-25 21:45:52,250 - __mp_main__ - INFO - Using adjusted dimensions - hidden_dims: [145, 30, 15], coord_embed_dim: 10
2025-04-25 21:45:52,301 - spatial_moe_trainer - INFO - Multi-Ethnic Spatial MoE model initialized on cuda:0
2025-04-25 21:45:52,301 - spatial_moe_trainer - INFO - Model will predict 5 ethnicities: ['China', 'India', 'Philippines', 'Portugal', 'Sri Lanka']
2025-04-25 21:45:52,322 - __mp_main__ - INFO - Testing model forward pass before training...
2025-04-25 21:45:52,480 - __mp_main__ - INFO - Test forward pass successful. Output shape: torch.Size([64, 5])
2025-04-25 21:45:52,480 - spatial_moe_trainer - INFO - Starting multi-ethnic spatial MoE model training with learnable expert router...
2025-04-25 21:45:52,480 - spatial_moe_trainer - INFO - Using colonization_weight=2.1100665974720263, jump_weight=5.552669945797307, decline_weight=8.77493877349171, pde_weight=5.513342492380526
2025-04-25 21:46:14,834 - spatial_moe_trainer - INFO - Epoch 1/100 - Train Loss: 1443.0605 (Col: 882.9131, Jump: 567.9922, Decline: 86.6710, PDE: 4082.0399, Reg: 28917.5323), Eth Losses: China: 1676.8419, India: 1762.2472, Philippines: 2301.8693... (more ethnicities), Val Loss: 1232.9017, Val MAE: 17.3283, Val R2: 0.6229
2025-04-25 21:46:37,167 - spatial_moe_trainer - INFO - Epoch 2/100 - Train Loss: 1005.9907 (Col: 521.6801, Jump: 291.7482, Decline: 73.7648, PDE: 2950.7157, Reg: 27487.0661), Eth Losses: China: 1310.1302, India: 1146.9378, Philippines: 1412.0346... (more ethnicities), Val Loss: 1156.8226, Val MAE: 17.1967, Val R2: 0.6462
2025-04-25 21:46:59,704 - spatial_moe_trainer - INFO - Epoch 3/100 - Train Loss: 897.6259 (Col: 453.5935, Jump: 265.7448, Decline: 71.5377, PDE: 2639.3943, Reg: 28159.6300), Eth Losses: China: 1140.0945, India: 916.9287, Philippines: 1252.0814... (more ethnicities), Val Loss: 969.4974, Val MAE: 16.4678, Val R2: 0.7035
2025-04-25 21:47:22,167 - spatial_moe_trainer - INFO - Epoch 4/100 - Train Loss: 847.1573 (Col: 440.0892, Jump: 265.4292, Decline: 68.9395, PDE: 2472.1313, Reg: 26174.6824), Eth Losses: China: 1241.6033, India: 769.4720, Philippines: 1128.2045... (more ethnicities), Val Loss: 933.5562, Val MAE: 16.2518, Val R2: 0.7144
2025-04-25 21:47:44,687 - spatial_moe_trainer - INFO - Epoch 5/100 - Train Loss: 808.8789 (Col: 391.7495, Jump: 290.2958, Decline: 69.6330, PDE: 2299.9827, Reg: 59118.6111), Eth Losses: China: 1162.4049, India: 688.0131, Philippines: 1142.3204... (more ethnicities), Val Loss: 886.7243, Val MAE: 14.9430, Val R2: 0.7288
2025-04-25 21:48:07,108 - spatial_moe_trainer - INFO - Epoch 6/100 - Train Loss: 742.3949 (Col: 401.5990, Jump: 224.3575, Decline: 72.9914, PDE: 2114.5543, Reg: 29969.0769), Eth Losses: China: 1074.6934, India: 713.4237, Philippines: 993.6904... (more ethnicities), Val Loss: 844.3999, Val MAE: 14.7342, Val R2: 0.7417
2025-04-25 21:48:29,432 - spatial_moe_trainer - INFO - Epoch 7/100 - Train Loss: 679.0918 (Col: 396.3168, Jump: 221.4510, Decline: 72.5372, PDE: 1867.6935, Reg: 19112.5706), Eth Losses: China: 812.6730, India: 821.8336, Philippines: 814.4793... (more ethnicities), Val Loss: 804.4904, Val MAE: 14.3136, Val R2: 0.7539
2025-04-25 21:48:52,021 - spatial_moe_trainer - INFO - Epoch 8/100 - Train Loss: 606.9832 (Col: 259.8101, Jump: 199.1810, Decline: 74.4721, PDE: 1890.6389, Reg: 21280.4808), Eth Losses: China: 698.0902, India: 607.9172, Philippines: 774.1424... (more ethnicities), Val Loss: 764.7013, Val MAE: 14.3592, Val R2: 0.7661
2025-04-25 21:49:14,583 - spatial_moe_trainer - INFO - Epoch 9/100 - Train Loss: 588.9866 (Col: 319.8940, Jump: 183.0911, Decline: 78.6780, PDE: 1672.1057, Reg: 19518.6238), Eth Losses: China: 617.1439, India: 704.3237, Philippines: 794.0197... (more ethnicities), Val Loss: 746.8890, Val MAE: 13.9658, Val R2: 0.7715
2025-04-25 21:49:36,958 - spatial_moe_trainer - INFO - Epoch 10/100 - Train Loss: 590.7873 (Col: 297.2035, Jump: 203.1744, Decline: 76.6374, PDE: 1746.3879, Reg: 17383.6203), Eth Losses: China: 672.8143, India: 582.9196, Philippines: 880.3159... (more ethnicities), Val Loss: 743.6648, Val MAE: 13.7252, Val R2: 0.7725
2025-04-25 21:49:59,338 - spatial_moe_trainer - INFO - Epoch 11/100 - Train Loss: 551.8451 (Col: 268.8393, Jump: 156.6102, Decline: 78.5276, PDE: 1580.3181, Reg: 24868.5271), Eth Losses: China: 629.1075, India: 568.5421, Philippines: 740.3591... (more ethnicities), Val Loss: 694.4447, Val MAE: 13.2228, Val R2: 0.7876
2025-04-25 21:50:21,764 - spatial_moe_trainer - INFO - Epoch 12/100 - Train Loss: 549.1012 (Col: 273.6303, Jump: 201.8734, Decline: 78.1768, PDE: 1625.2303, Reg: 16288.9262), Eth Losses: China: 545.6453, India: 624.8845, Philippines: 745.7775... (more ethnicities), Val Loss: 697.7349, Val MAE: 12.8645, Val R2: 0.7866
2025-04-25 21:50:44,169 - spatial_moe_trainer - INFO - Epoch 13/100 - Train Loss: 536.3363 (Col: 272.6122, Jump: 178.1825, Decline: 76.1996, PDE: 1516.5326, Reg: 21521.1141), Eth Losses: China: 619.1564, India: 569.1425, Philippines: 688.4942... (more ethnicities), Val Loss: 706.7743, Val MAE: 12.9668, Val R2: 0.7838
2025-04-25 21:51:06,708 - spatial_moe_trainer - INFO - Epoch 14/100 - Train Loss: 476.5269 (Col: 229.1276, Jump: 181.7943, Decline: 74.1018, PDE: 1405.7044, Reg: 16540.8783), Eth Losses: China: 527.5225, India: 581.1667, Philippines: 574.0768... (more ethnicities), Val Loss: 649.7984, Val MAE: 12.7819, Val R2: 0.8012
2025-04-25 21:51:29,089 - spatial_moe_trainer - INFO - Epoch 15/100 - Train Loss: 426.8239 (Col: 196.2558, Jump: 149.8452, Decline: 73.7557, PDE: 1315.4288, Reg: 6965.7470), Eth Losses: China: 453.7921, India: 442.7877, Philippines: 592.9732... (more ethnicities), Val Loss: 706.8809, Val MAE: 12.8182, Val R2: 0.7838
2025-04-25 21:51:51,370 - spatial_moe_trainer - INFO - Epoch 16/100 - Train Loss: 465.9472 (Col: 211.1417, Jump: 195.3477, Decline: 82.7561, PDE: 1339.3462, Reg: 22836.2753), Eth Losses: China: 564.3215, India: 531.6129, Philippines: 566.8472... (more ethnicities), Val Loss: 636.0197, Val MAE: 12.0055, Val R2: 0.8055
2025-04-25 21:52:13,710 - spatial_moe_trainer - INFO - Epoch 17/100 - Train Loss: 462.1932 (Col: 216.0638, Jump: 163.8824, Decline: 75.3751, PDE: 1283.2022, Reg: 40626.0459), Eth Losses: China: 608.6342, India: 501.3167, Philippines: 551.9132... (more ethnicities), Val Loss: 653.9031, Val MAE: 12.5483, Val R2: 0.8000
2025-04-25 21:52:36,180 - spatial_moe_trainer - INFO - Epoch 18/100 - Train Loss: 437.6807 (Col: 217.8388, Jump: 170.8046, Decline: 73.3599, PDE: 1188.7277, Reg: 24271.1715), Eth Losses: China: 572.3619, India: 461.4702, Philippines: 551.2217... (more ethnicities), Val Loss: 654.6722, Val MAE: 12.3624, Val R2: 0.7997
2025-04-25 21:52:58,525 - spatial_moe_trainer - INFO - Epoch 19/100 - Train Loss: 412.3305 (Col: 185.2033, Jump: 145.2123, Decline: 77.4681, PDE: 1235.7997, Reg: 15904.2739), Eth Losses: China: 518.5225, India: 390.3029, Philippines: 521.9306... (more ethnicities), Val Loss: 646.8885, Val MAE: 12.4623, Val R2: 0.8021
2025-04-25 21:53:20,925 - spatial_moe_trainer - INFO - Epoch 20/100 - Train Loss: 391.3294 (Col: 178.0846, Jump: 164.6625, Decline: 77.1477, PDE: 1148.3391, Reg: 15254.0972), Eth Losses: China: 451.7798, India: 419.0813, Philippines: 477.3686... (more ethnicities), Val Loss: 641.1179, Val MAE: 12.5305, Val R2: 0.8039
2025-04-25 21:53:43,227 - spatial_moe_trainer - INFO - Epoch 21/100 - Train Loss: 393.5324 (Col: 178.1192, Jump: 175.9140, Decline: 70.7077, PDE: 1147.5451, Reg: 18470.0462), Eth Losses: China: 488.5991, India: 446.5717, Philippines: 424.0830... (more ethnicities), Val Loss: 638.6345, Val MAE: 12.4656, Val R2: 0.8047
2025-04-25 21:54:05,597 - spatial_moe_trainer - INFO - Epoch 22/100 - Train Loss: 423.6762 (Col: 219.6770, Jump: 156.7593, Decline: 72.9111, PDE: 1174.6920, Reg: 21856.7130), Eth Losses: China: 512.5737, India: 485.8658, Philippines: 530.7996... (more ethnicities), Val Loss: 667.5666, Val MAE: 12.5143, Val R2: 0.7958
2025-04-25 21:54:27,952 - spatial_moe_trainer - INFO - Epoch 23/100 - Train Loss: 388.3430 (Col: 177.7108, Jump: 149.3825, Decline: 69.4382, PDE: 1139.4543, Reg: 16541.2678), Eth Losses: China: 479.1141, India: 386.1331, Philippines: 489.9321... (more ethnicities), Val Loss: 616.6589, Val MAE: 12.1018, Val R2: 0.8114
2025-04-25 21:54:50,255 - spatial_moe_trainer - INFO - Epoch 24/100 - Train Loss: 377.9770 (Col: 186.9660, Jump: 137.2819, Decline: 68.4104, PDE: 1069.4004, Reg: 13910.8039), Eth Losses: China: 468.0807, India: 379.3341, Philippines: 487.4445... (more ethnicities), Val Loss: 613.4551, Val MAE: 11.8447, Val R2: 0.8124
2025-04-25 21:55:12,659 - spatial_moe_trainer - INFO - Epoch 25/100 - Train Loss: 366.5701 (Col: 177.9645, Jump: 160.3106, Decline: 68.0167, PDE: 1042.7047, Reg: 18065.8841), Eth Losses: China: 429.8294, India: 396.4665, Philippines: 445.9619... (more ethnicities), Val Loss: 634.7748, Val MAE: 12.0793, Val R2: 0.8058
2025-04-25 21:55:34,966 - spatial_moe_trainer - INFO - Epoch 26/100 - Train Loss: 361.0166 (Col: 165.6849, Jump: 158.8163, Decline: 69.8532, PDE: 1075.8579, Reg: 10035.6960), Eth Losses: China: 409.3767, India: 381.6068, Philippines: 486.3872... (more ethnicities), Val Loss: 597.9582, Val MAE: 11.8725, Val R2: 0.8171
2025-04-25 21:55:57,534 - spatial_moe_trainer - INFO - Epoch 27/100 - Train Loss: 351.1406 (Col: 156.2417, Jump: 146.0872, Decline: 68.9521, PDE: 1046.9596, Reg: 10574.4187), Eth Losses: China: 407.1021, India: 371.6895, Philippines: 430.0592... (more ethnicities), Val Loss: 612.5727, Val MAE: 11.9985, Val R2: 0.8126
2025-04-25 21:56:19,907 - spatial_moe_trainer - INFO - Epoch 28/100 - Train Loss: 350.9028 (Col: 181.4817, Jump: 162.9654, Decline: 69.2271, PDE: 955.1144, Reg: 23307.8494), Eth Losses: China: 427.6168, India: 408.2127, Philippines: 394.7217... (more ethnicities), Val Loss: 604.6884, Val MAE: 11.8507, Val R2: 0.8150
2025-04-25 21:56:42,221 - spatial_moe_trainer - INFO - Epoch 29/100 - Train Loss: 337.5860 (Col: 167.4865, Jump: 145.1448, Decline: 68.9132, PDE: 959.0560, Reg: 13897.8828), Eth Losses: China: 417.4172, India: 361.5158, Philippines: 365.4687... (more ethnicities), Val Loss: 616.9150, Val MAE: 12.0510, Val R2: 0.8113
2025-04-25 21:57:04,629 - spatial_moe_trainer - INFO - Epoch 30/100 - Train Loss: 351.9893 (Col: 189.3579, Jump: 148.7138, Decline: 66.6629, PDE: 976.1306, Reg: 12310.4802), Eth Losses: China: 431.4728, India: 323.3884, Philippines: 386.5489... (more ethnicities), Val Loss: 620.3097, Val MAE: 12.0045, Val R2: 0.8103
2025-04-25 21:57:27,062 - spatial_moe_trainer - INFO - Epoch 31/100 - Train Loss: 336.2798 (Col: 153.1117, Jump: 157.5944, Decline: 67.6838, PDE: 961.6433, Reg: 16357.9228), Eth Losses: China: 419.9646, India: 332.0549, Philippines: 408.1212... (more ethnicities), Val Loss: 626.1241, Val MAE: 12.1297, Val R2: 0.8085
2025-04-25 21:57:49,536 - spatial_moe_trainer - INFO - Epoch 32/100 - Train Loss: 337.8686 (Col: 153.3271, Jump: 147.7044, Decline: 65.6185, PDE: 975.9427, Reg: 14997.6267), Eth Losses: China: 386.4501, India: 368.2116, Philippines: 410.4305... (more ethnicities), Val Loss: 604.4317, Val MAE: 11.7763, Val R2: 0.8151
2025-04-25 21:58:11,927 - spatial_moe_trainer - INFO - Epoch 33/100 - Train Loss: 336.0873 (Col: 165.1026, Jump: 156.5435, Decline: 65.4790, PDE: 940.5798, Reg: 16634.6302), Eth Losses: China: 408.2988, India: 372.4504, Philippines: 371.1525... (more ethnicities), Val Loss: 606.9939, Val MAE: 11.8456, Val R2: 0.8143
2025-04-25 21:58:34,504 - spatial_moe_trainer - INFO - Epoch 34/100 - Train Loss: 312.7545 (Col: 139.8096, Jump: 144.5792, Decline: 66.5341, PDE: 906.9520, Reg: 14081.0015), Eth Losses: China: 389.7002, India: 325.9789, Philippines: 371.3086... (more ethnicities), Val Loss: 603.7881, Val MAE: 11.8079, Val R2: 0.8153
2025-04-25 21:58:56,949 - spatial_moe_trainer - INFO - Epoch 35/100 - Train Loss: 313.0398 (Col: 137.3337, Jump: 148.0240, Decline: 67.0235, PDE: 944.4142, Reg: 9805.1388), Eth Losses: China: 387.0645, India: 343.0333, Philippines: 356.4887... (more ethnicities), Val Loss: 613.1140, Val MAE: 11.8767, Val R2: 0.8125
2025-04-25 21:59:19,408 - spatial_moe_trainer - INFO - Epoch 36/100 - Train Loss: 306.4335 (Col: 129.7475, Jump: 150.2152, Decline: 66.2882, PDE: 906.7820, Reg: 13295.1488), Eth Losses: China: 384.9546, India: 326.8854, Philippines: 377.1946... (more ethnicities), Val Loss: 613.6757, Val MAE: 12.0561, Val R2: 0.8123
2025-04-25 21:59:19,408 - spatial_moe_trainer - INFO - Early stopping at epoch 36
2025-04-25 21:59:19,424 - spatial_moe_trainer - INFO - Saving metrics to ./optuna_results/trial_34/metrics
2025-04-25 21:59:19,426 - spatial_moe_trainer - INFO - Training metrics saved to ./optuna_results/trial_34/metrics/training_metrics.csv
2025-04-25 21:59:19,429 - spatial_moe_trainer - INFO - Validation metrics saved to ./optuna_results/trial_34/metrics/validation_metrics.csv
2025-04-25 21:59:19,469 - spatial_moe_trainer - INFO - Multi-Ethnic Spatial MoE model saved to ./optuna_results/trial_34/model.pt
2025-04-25 21:59:19,504 - __mp_main__ - INFO - Running trial 35 on device cuda:0
2025-04-25 21:59:19,517 - __main__ - INFO - Trial 34 completed with value: 597.958175
2025-04-25 21:59:19,699 - __mp_main__ - INFO - Using adjusted dimensions - hidden_dims: [116, 32, 8], coord_embed_dim: 32
2025-04-25 21:59:19,746 - spatial_moe_trainer - INFO - Multi-Ethnic Spatial MoE model initialized on cuda:0
2025-04-25 21:59:19,746 - spatial_moe_trainer - INFO - Model will predict 5 ethnicities: ['China', 'India', 'Philippines', 'Portugal', 'Sri Lanka']
2025-04-25 21:59:19,767 - __mp_main__ - INFO - Testing model forward pass before training...
2025-04-25 21:59:19,923 - __mp_main__ - INFO - Test forward pass successful. Output shape: torch.Size([64, 5])
2025-04-25 21:59:19,923 - spatial_moe_trainer - INFO - Starting multi-ethnic spatial MoE model training with learnable expert router...
2025-04-25 21:59:19,923 - spatial_moe_trainer - INFO - Using colonization_weight=3.417977749341608, jump_weight=6.607448003076824, decline_weight=7.383476583947449, pde_weight=7.424618740313271
2025-04-25 21:59:42,223 - spatial_moe_trainer - INFO - Epoch 1/100 - Train Loss: 1726.0258 (Col: 1071.1061, Jump: 1123.4207, Decline: 139.4221, PDE: 5153.6182, Reg: 15920.3991), Eth Losses: China: 2049.4383, India: 2129.9087, Philippines: 2624.9801... (more ethnicities), Val Loss: 1771.6882, Val MAE: 20.8999, Val R2: 0.4581
2025-04-25 22:00:04,555 - spatial_moe_trainer - INFO - Epoch 2/100 - Train Loss: 1283.8185 (Col: 716.7660, Jump: 1057.1600, Decline: 119.5855, PDE: 3971.6232, Reg: 10907.0261), Eth Losses: China: 1314.1682, India: 1796.5473, Philippines: 1941.7409... (more ethnicities), Val Loss: 1474.4601, Val MAE: 18.2474, Val R2: 0.5490
2025-04-25 22:00:26,897 - spatial_moe_trainer - INFO - Epoch 3/100 - Train Loss: 1110.2939 (Col: 618.8860, Jump: 751.9137, Decline: 109.8173, PDE: 3493.8863, Reg: 7407.2479), Eth Losses: China: 1106.4321, India: 1627.9616, Philippines: 1482.2096... (more ethnicities), Val Loss: 1320.0525, Val MAE: 17.1229, Val R2: 0.5962
2025-04-25 22:00:49,438 - spatial_moe_trainer - INFO - Epoch 4/100 - Train Loss: 974.5778 (Col: 510.7026, Jump: 751.0846, Decline: 98.7394, PDE: 3085.0262, Reg: 21601.7345), Eth Losses: China: 1073.4709, India: 1355.2280, Philippines: 1285.1604... (more ethnicities), Val Loss: 1180.7825, Val MAE: 16.4511, Val R2: 0.6388
2025-04-25 22:01:11,896 - spatial_moe_trainer - INFO - Epoch 5/100 - Train Loss: 859.5459 (Col: 431.5289, Jump: 562.7246, Decline: 99.6182, PDE: 2707.2525, Reg: 12051.7830), Eth Losses: China: 935.1667, India: 1174.3706, Philippines: 1100.3855... (more ethnicities), Val Loss: 1087.6835, Val MAE: 15.8168, Val R2: 0.6673
2025-04-25 22:01:34,217 - spatial_moe_trainer - INFO - Epoch 6/100 - Train Loss: 772.9746 (Col: 399.9199, Jump: 346.8264, Decline: 93.4965, PDE: 2405.8721, Reg: 13690.8571), Eth Losses: China: 911.6284, India: 935.4214, Philippines: 1007.8738... (more ethnicities), Val Loss: 1010.7869, Val MAE: 15.9494, Val R2: 0.6908
2025-04-25 22:01:56,551 - spatial_moe_trainer - INFO - Epoch 7/100 - Train Loss: 709.0264 (Col: 335.2486, Jump: 484.4501, Decline: 88.4507, PDE: 2279.2581, Reg: 10757.6318), Eth Losses: China: 855.8629, India: 752.3388, Philippines: 904.9880... (more ethnicities), Val Loss: 991.6814, Val MAE: 15.4768, Val R2: 0.6967
2025-04-25 22:02:18,870 - spatial_moe_trainer - INFO - Epoch 8/100 - Train Loss: 669.2712 (Col: 313.8397, Jump: 376.1112, Decline: 89.3545, PDE: 2157.0174, Reg: 14749.8178), Eth Losses: China: 758.2669, India: 734.4286, Philippines: 840.6771... (more ethnicities), Val Loss: 973.7492, Val MAE: 15.2675, Val R2: 0.7022
2025-04-25 22:02:41,352 - spatial_moe_trainer - INFO - Epoch 9/100 - Train Loss: 695.7058 (Col: 323.9393, Jump: 349.6596, Decline: 87.4219, PDE: 2231.7305, Reg: 17217.6433), Eth Losses: China: 798.4024, India: 749.3723, Philippines: 882.0468... (more ethnicities), Val Loss: 972.5348, Val MAE: 15.1946, Val R2: 0.7025
2025-04-25 22:03:03,758 - spatial_moe_trainer - INFO - Epoch 10/100 - Train Loss: 610.1484 (Col: 274.5182, Jump: 442.9424, Decline: 85.3693, PDE: 2037.4494, Reg: 9768.2824), Eth Losses: China: 659.6410, India: 680.4396, Philippines: 807.1133... (more ethnicities), Val Loss: 951.9320, Val MAE: 14.9453, Val R2: 0.7088
2025-04-25 22:03:26,098 - spatial_moe_trainer - INFO - Trial pruned at epoch 11
2025-04-25 22:03:26,107 - spatial_moe_trainer - INFO - Saving metrics to ./optuna_results/trial_35/metrics
2025-04-25 22:03:26,109 - spatial_moe_trainer - INFO - Training metrics saved to ./optuna_results/trial_35/metrics/training_metrics.csv
2025-04-25 22:03:26,111 - spatial_moe_trainer - INFO - Validation metrics saved to ./optuna_results/trial_35/metrics/validation_metrics.csv
2025-04-25 22:03:26,149 - spatial_moe_trainer - INFO - Multi-Ethnic Spatial MoE model saved to ./optuna_results/trial_35/model.pt
2025-04-25 22:03:26,183 - __mp_main__ - INFO - Running trial 36 on device cuda:0
2025-04-25 22:03:26,197 - __main__ - INFO - Trial 35 completed with value: 939.465869
2025-04-25 22:03:26,375 - __mp_main__ - INFO - Using adjusted dimensions - hidden_dims: [45, 25, 15], coord_embed_dim: 35
2025-04-25 22:03:26,421 - spatial_moe_trainer - INFO - Multi-Ethnic Spatial MoE model initialized on cuda:0
2025-04-25 22:03:26,421 - spatial_moe_trainer - INFO - Model will predict 5 ethnicities: ['China', 'India', 'Philippines', 'Portugal', 'Sri Lanka']
2025-04-25 22:03:26,441 - __mp_main__ - INFO - Testing model forward pass before training...
2025-04-25 22:03:26,600 - __mp_main__ - INFO - Test forward pass successful. Output shape: torch.Size([64, 5])
2025-04-25 22:03:26,601 - spatial_moe_trainer - INFO - Starting multi-ethnic spatial MoE model training with learnable expert router...
2025-04-25 22:03:26,601 - spatial_moe_trainer - INFO - Using colonization_weight=5.928024169633634, jump_weight=8.828098767694765, decline_weight=6.122277392227244, pde_weight=3.235351757320631
2025-04-25 22:03:48,923 - spatial_moe_trainer - INFO - Epoch 1/100 - Train Loss: 1639.2152 (Col: 841.5392, Jump: 726.0579, Decline: 77.2095, PDE: 4853.6928, Reg: 23151.7998), Eth Losses: China: 2108.0422, India: 1947.1020, Philippines: 2660.8440... (more ethnicities), Val Loss: 1500.4633, Val MAE: 17.1990, Val R2: 0.5410
2025-04-25 22:04:11,338 - spatial_moe_trainer - INFO - Epoch 2/100 - Train Loss: 1180.4524 (Col: 487.5228, Jump: 667.3775, Decline: 66.6596, PDE: 3712.3383, Reg: 19695.8111), Eth Losses: China: 1401.2344, India: 1552.3800, Philippines: 1771.0509... (more ethnicities), Val Loss: 1299.9733, Val MAE: 15.7060, Val R2: 0.6024
2025-04-25 22:04:33,769 - spatial_moe_trainer - INFO - Epoch 3/100 - Train Loss: 1028.7779 (Col: 381.7661, Jump: 544.0028, Decline: 62.3302, PDE: 3264.5964, Reg: 24422.0046), Eth Losses: China: 1279.1265, India: 1275.6048, Philippines: 1542.8600... (more ethnicities), Val Loss: 1224.0595, Val MAE: 15.6000, Val R2: 0.6256
2025-04-25 22:04:56,314 - spatial_moe_trainer - INFO - Epoch 4/100 - Train Loss: 944.7636 (Col: 314.2243, Jump: 415.6507, Decline: 61.3601, PDE: 3088.6297, Reg: 34700.5646), Eth Losses: China: 1293.3953, India: 1131.8077, Philippines: 1303.2248... (more ethnicities), Val Loss: 1171.0122, Val MAE: 15.5844, Val R2: 0.6418
2025-04-25 22:05:18,853 - spatial_moe_trainer - INFO - Epoch 5/100 - Train Loss: 885.0104 (Col: 245.2239, Jump: 481.1194, Decline: 59.4115, PDE: 3038.5755, Reg: 12785.8828), Eth Losses: China: 1134.1354, India: 1065.2577, Philippines: 1290.9284... (more ethnicities), Val Loss: 1172.0392, Val MAE: 15.4638, Val R2: 0.6415
2025-04-25 22:05:41,211 - spatial_moe_trainer - INFO - Epoch 6/100 - Train Loss: 909.6590 (Col: 252.4189, Jump: 516.4383, Decline: 60.4946, PDE: 3125.7283, Reg: 24226.6113), Eth Losses: China: 1084.3030, India: 1061.1660, Philippines: 1481.7110... (more ethnicities), Val Loss: 1178.2788, Val MAE: 15.9981, Val R2: 0.6396
2025-04-25 22:06:03,600 - spatial_moe_trainer - INFO - Epoch 7/100 - Train Loss: 865.5362 (Col: 250.3459, Jump: 433.6913, Decline: 57.5503, PDE: 2919.9184, Reg: 30510.6785), Eth Losses: China: 1114.2568, India: 947.4711, Philippines: 1370.0575... (more ethnicities), Val Loss: 1124.3277, Val MAE: 15.6839, Val R2: 0.6561
2025-04-25 22:06:25,950 - spatial_moe_trainer - INFO - Epoch 8/100 - Train Loss: 839.5483 (Col: 222.4636, Jump: 389.1334, Decline: 56.3875, PDE: 2881.9091, Reg: 28943.7116), Eth Losses: China: 1089.5419, India: 939.7278, Philippines: 1330.3929... (more ethnicities), Val Loss: 1041.8440, Val MAE: 15.1539, Val R2: 0.6813
2025-04-25 22:06:48,323 - spatial_moe_trainer - INFO - Epoch 9/100 - Train Loss: 796.1619 (Col: 212.4518, Jump: 422.7662, Decline: 56.0000, PDE: 2755.3452, Reg: 19679.0485), Eth Losses: China: 1016.4742, India: 896.4507, Philippines: 1202.7508... (more ethnicities), Val Loss: 1018.0193, Val MAE: 15.0161, Val R2: 0.6886
2025-04-25 22:07:10,732 - spatial_moe_trainer - INFO - Epoch 10/100 - Train Loss: 793.6288 (Col: 200.4410, Jump: 368.6088, Decline: 54.0656, PDE: 2631.2122, Reg: 62791.1802), Eth Losses: China: 967.4919, India: 1011.2994, Philippines: 1173.3509... (more ethnicities), Val Loss: 1009.8480, Val MAE: 14.8184, Val R2: 0.6911
2025-04-25 22:07:33,435 - spatial_moe_trainer - INFO - Trial pruned at epoch 11
2025-04-25 22:07:33,451 - spatial_moe_trainer - INFO - Saving metrics to ./optuna_results/trial_36/metrics
2025-04-25 22:07:33,453 - spatial_moe_trainer - INFO - Training metrics saved to ./optuna_results/trial_36/metrics/training_metrics.csv
2025-04-25 22:07:33,455 - spatial_moe_trainer - INFO - Validation metrics saved to ./optuna_results/trial_36/metrics/validation_metrics.csv
2025-04-25 22:07:33,493 - spatial_moe_trainer - INFO - Multi-Ethnic Spatial MoE model saved to ./optuna_results/trial_36/model.pt
2025-04-25 22:07:33,527 - __mp_main__ - INFO - Running trial 37 on device cuda:0
2025-04-25 22:07:33,540 - __main__ - INFO - Trial 36 completed with value: 994.543826
2025-04-25 22:07:33,723 - __mp_main__ - INFO - Using adjusted dimensions - hidden_dims: [72, 28, 20], coord_embed_dim: 24
2025-04-25 22:07:33,769 - spatial_moe_trainer - INFO - Multi-Ethnic Spatial MoE model initialized on cuda:0
2025-04-25 22:07:33,769 - spatial_moe_trainer - INFO - Model will predict 5 ethnicities: ['China', 'India', 'Philippines', 'Portugal', 'Sri Lanka']
2025-04-25 22:07:33,790 - __mp_main__ - INFO - Testing model forward pass before training...
2025-04-25 22:07:33,949 - __mp_main__ - INFO - Test forward pass successful. Output shape: torch.Size([64, 5])
2025-04-25 22:07:33,949 - spatial_moe_trainer - INFO - Starting multi-ethnic spatial MoE model training with learnable expert router...
2025-04-25 22:07:33,949 - spatial_moe_trainer - INFO - Using colonization_weight=7.368592125592221, jump_weight=3.8634882822398025, decline_weight=8.143488294825584, pde_weight=4.658167312150433
2025-04-25 22:07:56,351 - spatial_moe_trainer - INFO - Epoch 1/100 - Train Loss: 1736.4292 (Col: 1018.2874, Jump: 1073.2148, Decline: 62.9761, PDE: 4052.3527, Reg: 21424.4827), Eth Losses: China: 2651.7585, India: 1862.4244, Philippines: 2451.7345... (more ethnicities), Val Loss: 2035.4665, Val MAE: 21.1073, Val R2: 0.3774
2025-04-25 22:08:18,848 - spatial_moe_trainer - INFO - Epoch 2/100 - Train Loss: 1243.8611 (Col: 641.6296, Jump: 824.9262, Decline: 44.8820, PDE: 3065.3479, Reg: 13482.1751), Eth Losses: China: 1671.8007, India: 1504.0863, Philippines: 1776.9333... (more ethnicities), Val Loss: 1538.6443, Val MAE: 16.9712, Val R2: 0.5294
2025-04-25 22:08:41,311 - spatial_moe_trainer - INFO - Epoch 3/100 - Train Loss: 993.7366 (Col: 523.4419, Jump: 789.7841, Decline: 41.7041, PDE: 2472.3622, Reg: 14389.9141), Eth Losses: China: 1136.8163, India: 1292.6963, Philippines: 1386.8830... (more ethnicities), Val Loss: 1358.3861, Val MAE: 16.0708, Val R2: 0.5845
2025-04-25 22:09:03,742 - spatial_moe_trainer - INFO - Epoch 4/100 - Train Loss: 846.2744 (Col: 432.8285, Jump: 501.2719, Decline: 41.3398, PDE: 2092.8789, Reg: 7261.7340), Eth Losses: China: 975.8737, India: 1087.8385, Philippines: 1152.1875... (more ethnicities), Val Loss: 1189.1902, Val MAE: 15.2880, Val R2: 0.6363
2025-04-25 22:09:26,306 - spatial_moe_trainer - INFO - Epoch 5/100 - Train Loss: 749.5226 (Col: 378.4388, Jump: 463.5931, Decline: 41.2255, PDE: 1919.6710, Reg: 7683.9209), Eth Losses: China: 946.6554, India: 868.0382, Philippines: 978.1577... (more ethnicities), Val Loss: 1096.1230, Val MAE: 14.9002, Val R2: 0.6647
2025-04-25 22:09:48,847 - spatial_moe_trainer - INFO - Epoch 6/100 - Train Loss: 686.8610 (Col: 339.4012, Jump: 421.0277, Decline: 39.9847, PDE: 1759.5751, Reg: 6131.2494), Eth Losses: China: 847.5115, India: 777.1042, Philippines: 923.0304... (more ethnicities), Val Loss: 1026.4508, Val MAE: 14.6176, Val R2: 0.6860
2025-04-25 22:10:11,314 - spatial_moe_trainer - INFO - Epoch 7/100 - Train Loss: 637.9294 (Col: 279.7098, Jump: 354.8547, Decline: 39.0196, PDE: 1672.6576, Reg: 7653.4899), Eth Losses: China: 785.6386, India: 693.6831, Philippines: 801.9724... (more ethnicities), Val Loss: 1004.7803, Val MAE: 14.5214, Val R2: 0.6927
2025-04-25 22:10:33,773 - spatial_moe_trainer - INFO - Epoch 8/100 - Train Loss: 601.5732 (Col: 249.1097, Jump: 399.1807, Decline: 39.4914, PDE: 1575.9211, Reg: 7210.9620), Eth Losses: China: 784.1346, India: 611.2239, Philippines: 750.3970... (more ethnicities), Val Loss: 958.7395, Val MAE: 14.5056, Val R2: 0.7067
2025-04-25 22:10:56,243 - spatial_moe_trainer - INFO - Epoch 9/100 - Train Loss: 589.8798 (Col: 223.8618, Jump: 318.9449, Decline: 38.4125, PDE: 1549.1021, Reg: 8373.8268), Eth Losses: China: 825.5784, India: 551.2207, Philippines: 746.5470... (more ethnicities), Val Loss: 918.3713, Val MAE: 14.1801, Val R2: 0.7191
2025-04-25 22:11:18,745 - spatial_moe_trainer - INFO - Epoch 10/100 - Train Loss: 552.2497 (Col: 240.0071, Jump: 290.6201, Decline: 37.2897, PDE: 1464.1869, Reg: 5189.6841), Eth Losses: China: 697.1713, India: 562.9698, Philippines: 716.8789... (more ethnicities), Val Loss: 906.3392, Val MAE: 14.3661, Val R2: 0.7228
2025-04-25 22:11:41,155 - spatial_moe_trainer - INFO - Epoch 11/100 - Train Loss: 545.7349 (Col: 233.0044, Jump: 326.2345, Decline: 38.0484, PDE: 1396.0689, Reg: 8877.9702), Eth Losses: China: 712.3817, India: 607.6620, Philippines: 658.1461... (more ethnicities), Val Loss: 895.0879, Val MAE: 14.0363, Val R2: 0.7262
2025-04-25 22:12:03,694 - spatial_moe_trainer - INFO - Trial pruned at epoch 12
2025-04-25 22:12:03,703 - spatial_moe_trainer - INFO - Saving metrics to ./optuna_results/trial_37/metrics
2025-04-25 22:12:03,705 - spatial_moe_trainer - INFO - Training metrics saved to ./optuna_results/trial_37/metrics/training_metrics.csv
2025-04-25 22:12:03,706 - spatial_moe_trainer - INFO - Validation metrics saved to ./optuna_results/trial_37/metrics/validation_metrics.csv
2025-04-25 22:12:03,744 - spatial_moe_trainer - INFO - Multi-Ethnic Spatial MoE model saved to ./optuna_results/trial_37/model.pt
2025-04-25 22:12:03,779 - __mp_main__ - INFO - Running trial 38 on device cuda:0
2025-04-25 22:12:03,791 - __main__ - INFO - Trial 37 completed with value: 875.284187
2025-04-25 22:12:03,976 - __mp_main__ - INFO - Using adjusted dimensions - hidden_dims: [84, 36, 8], coord_embed_dim: 16
2025-04-25 22:12:04,023 - spatial_moe_trainer - INFO - Multi-Ethnic Spatial MoE model initialized on cuda:0
2025-04-25 22:12:04,024 - spatial_moe_trainer - INFO - Model will predict 5 ethnicities: ['China', 'India', 'Philippines', 'Portugal', 'Sri Lanka']
2025-04-25 22:12:04,044 - __mp_main__ - INFO - Testing model forward pass before training...
2025-04-25 22:12:04,205 - __mp_main__ - INFO - Test forward pass successful. Output shape: torch.Size([64, 5])
2025-04-25 22:12:04,206 - spatial_moe_trainer - INFO - Starting multi-ethnic spatial MoE model training with learnable expert router...
2025-04-25 22:12:04,206 - spatial_moe_trainer - INFO - Using colonization_weight=4.240907556201282, jump_weight=6.07226027280937, decline_weight=8.77493877349171, pde_weight=3.235351757320631
2025-04-25 22:12:26,585 - spatial_moe_trainer - INFO - Epoch 1/100 - Train Loss: 1931.2959 (Col: 1098.6787, Jump: 1000.5362, Decline: 137.9428, PDE: 6124.5794, Reg: 86850.8893), Eth Losses: China: 2696.9753, India: 2210.6147, Philippines: 2839.4313... (more ethnicities), Val Loss: 2021.8854, Val MAE: 23.8367, Val R2: 0.3815
2025-04-25 22:12:48,960 - spatial_moe_trainer - INFO - Epoch 2/100 - Train Loss: 1788.3008 (Col: 878.9885, Jump: 1054.0729, Decline: 130.0477, PDE: 5855.7899, Reg: 55059.6781), Eth Losses: China: 2415.2568, India: 2114.0339, Philippines: 2789.7453... (more ethnicities), Val Loss: 1822.2583, Val MAE: 20.3268, Val R2: 0.4426
2025-04-25 22:13:11,562 - spatial_moe_trainer - INFO - Epoch 3/100 - Train Loss: 1644.3134 (Col: 745.9203, Jump: 567.4037, Decline: 125.3863, PDE: 5577.9042, Reg: 57796.0576), Eth Losses: China: 2152.8656, India: 1951.7165, Philippines: 2655.3379... (more ethnicities), Val Loss: 1662.4073, Val MAE: 18.3625, Val R2: 0.4915
2025-04-25 22:13:34,011 - spatial_moe_trainer - INFO - Epoch 4/100 - Train Loss: 1523.0152 (Col: 667.2069, Jump: 675.5319, Decline: 117.2222, PDE: 5124.3814, Reg: 97164.5713), Eth Losses: China: 1973.0660, India: 1813.3850, Philippines: 2417.0200... (more ethnicities), Val Loss: 1591.6126, Val MAE: 17.7050, Val R2: 0.5132
2025-04-25 22:13:56,371 - spatial_moe_trainer - INFO - Epoch 5/100 - Train Loss: 1431.6054 (Col: 591.1372, Jump: 859.9379, Decline: 116.2775, PDE: 5026.0186, Reg: 53983.3450), Eth Losses: China: 1774.3722, India: 1724.1086, Philippines: 2274.7813... (more ethnicities), Val Loss: 1514.8660, Val MAE: 17.3202, Val R2: 0.5366
2025-04-25 22:14:18,826 - spatial_moe_trainer - INFO - Epoch 6/100 - Train Loss: 1335.3224 (Col: 545.5908, Jump: 767.5443, Decline: 112.0576, PDE: 4734.0631, Reg: 20645.7614), Eth Losses: China: 1675.9253, India: 1550.0378, Philippines: 2056.3233... (more ethnicities), Val Loss: 1447.0426, Val MAE: 16.9932, Val R2: 0.5574
2025-04-25 22:14:41,196 - spatial_moe_trainer - INFO - Epoch 7/100 - Train Loss: 1287.9035 (Col: 477.8493, Jump: 626.3594, Decline: 111.0417, PDE: 4578.7366, Reg: 32209.3405), Eth Losses: China: 1653.5448, India: 1427.4022, Philippines: 2010.8906... (more ethnicities), Val Loss: 1401.7231, Val MAE: 16.7538, Val R2: 0.5712
2025-04-25 22:15:03,804 - spatial_moe_trainer - INFO - Epoch 8/100 - Train Loss: 1254.5168 (Col: 442.1430, Jump: 465.8252, Decline: 110.4851, PDE: 4518.1192, Reg: 62445.9322), Eth Losses: China: 1588.5232, India: 1497.4526, Philippines: 1834.4617... (more ethnicities), Val Loss: 1333.1187, Val MAE: 16.6171, Val R2: 0.5922
2025-04-25 22:15:26,272 - spatial_moe_trainer - INFO - Epoch 9/100 - Train Loss: 1153.9474 (Col: 368.7888, Jump: 695.4393, Decline: 109.8629, PDE: 4372.6468, Reg: 31305.8835), Eth Losses: China: 1549.7048, India: 1345.6266, Philippines: 1615.8276... (more ethnicities), Val Loss: 1301.0176, Val MAE: 16.2947, Val R2: 0.6020
2025-04-25 22:15:48,581 - spatial_moe_trainer - INFO - Epoch 10/100 - Train Loss: 1173.3726 (Col: 357.7538, Jump: 479.7733, Decline: 102.5788, PDE: 4482.4067, Reg: 1461.7923), Eth Losses: China: 1538.1038, India: 1258.7299, Philippines: 1788.7756... (more ethnicities), Val Loss: 1268.3372, Val MAE: 16.3990, Val R2: 0.6120
2025-04-25 22:16:10,875 - spatial_moe_trainer - INFO - Trial pruned at epoch 11
2025-04-25 22:16:10,883 - spatial_moe_trainer - INFO - Saving metrics to ./optuna_results/trial_38/metrics
2025-04-25 22:16:10,885 - spatial_moe_trainer - INFO - Training metrics saved to ./optuna_results/trial_38/metrics/training_metrics.csv
2025-04-25 22:16:10,886 - spatial_moe_trainer - INFO - Validation metrics saved to ./optuna_results/trial_38/metrics/validation_metrics.csv
2025-04-25 22:16:10,923 - spatial_moe_trainer - INFO - Multi-Ethnic Spatial MoE model saved to ./optuna_results/trial_38/model.pt
2025-04-25 22:16:10,957 - __mp_main__ - INFO - Running trial 39 on device cuda:0
2025-04-25 22:16:10,971 - __main__ - INFO - Trial 38 completed with value: 1228.844484
2025-04-25 22:16:11,155 - __mp_main__ - INFO - Using adjusted dimensions - hidden_dims: [81, 15, 9], coord_embed_dim: 21
2025-04-25 22:16:11,201 - spatial_moe_trainer - INFO - Multi-Ethnic Spatial MoE model initialized on cuda:0
2025-04-25 22:16:11,201 - spatial_moe_trainer - INFO - Model will predict 5 ethnicities: ['China', 'India', 'Philippines', 'Portugal', 'Sri Lanka']
2025-04-25 22:16:11,221 - __mp_main__ - INFO - Testing model forward pass before training...
2025-04-25 22:16:11,381 - __mp_main__ - INFO - Test forward pass successful. Output shape: torch.Size([64, 5])
2025-04-25 22:16:11,381 - spatial_moe_trainer - INFO - Starting multi-ethnic spatial MoE model training with learnable expert router...
2025-04-25 22:16:11,381 - spatial_moe_trainer - INFO - Using colonization_weight=5.928024169633634, jump_weight=8.828098767694765, decline_weight=6.617046503978646, pde_weight=5.290137584581421
2025-04-25 22:16:33,696 - spatial_moe_trainer - INFO - Epoch 1/100 - Train Loss: 1563.2672 (Col: 766.9894, Jump: 1126.9831, Decline: 72.7579, PDE: 4641.1178, Reg: 33886.9474), Eth Losses: China: 1883.2425, India: 2090.6376, Philippines: 2441.9821... (more ethnicities), Val Loss: 1372.4391, Val MAE: 16.7163, Val R2: 0.5802
2025-04-25 22:16:56,075 - spatial_moe_trainer - INFO - Epoch 2/100 - Train Loss: 1138.2121 (Col: 495.6325, Jump: 545.1836, Decline: 61.4711, PDE: 3496.6813, Reg: 32744.5179), Eth Losses: China: 1394.0447, India: 1460.3569, Philippines: 1644.9618... (more ethnicities), Val Loss: 1147.3487, Val MAE: 15.7276, Val R2: 0.6491
2025-04-25 22:17:18,419 - spatial_moe_trainer - INFO - Epoch 3/100 - Train Loss: 913.8930 (Col: 338.3221, Jump: 341.0969, Decline: 57.3447, PDE: 2963.8231, Reg: 18907.0188), Eth Losses: China: 1179.8199, India: 968.9902, Philippines: 1412.0997... (more ethnicities), Val Loss: 1074.1121, Val MAE: 15.4190, Val R2: 0.6715
2025-04-25 22:17:41,155 - spatial_moe_trainer - INFO - Epoch 4/100 - Train Loss: 852.1613 (Col: 249.8640, Jump: 346.0323, Decline: 55.5389, PDE: 2788.8076, Reg: 55485.0508), Eth Losses: China: 1180.4105, India: 904.4164, Philippines: 1184.8163... (more ethnicities), Val Loss: 932.7819, Val MAE: 14.7747, Val R2: 0.7147
2025-04-25 22:18:03,562 - spatial_moe_trainer - INFO - Epoch 5/100 - Train Loss: 781.8781 (Col: 277.6250, Jump: 323.9254, Decline: 57.6787, PDE: 2525.4549, Reg: 21548.6883), Eth Losses: China: 1136.9212, India: 840.9278, Philippines: 1049.7113... (more ethnicities), Val Loss: 950.5189, Val MAE: 14.8784, Val R2: 0.7093
2025-04-25 22:18:25,951 - spatial_moe_trainer - INFO - Epoch 6/100 - Train Loss: 744.2502 (Col: 267.9545, Jump: 284.2257, Decline: 58.4919, PDE: 2363.5577, Reg: 31104.0443), Eth Losses: China: 1004.0584, India: 859.1846, Philippines: 960.6011... (more ethnicities), Val Loss: 851.1284, Val MAE: 13.9081, Val R2: 0.7397
2025-04-25 22:18:48,377 - spatial_moe_trainer - INFO - Epoch 7/100 - Train Loss: 751.3395 (Col: 305.6345, Jump: 252.8513, Decline: 60.2711, PDE: 2317.8355, Reg: 30592.3486), Eth Losses: China: 1003.1060, India: 819.6870, Philippines: 1066.5577... (more ethnicities), Val Loss: 811.9585, Val MAE: 13.6851, Val R2: 0.7516
2025-04-25 22:19:10,673 - spatial_moe_trainer - INFO - Epoch 8/100 - Train Loss: 712.4200 (Col: 279.4400, Jump: 249.8301, Decline: 61.4868, PDE: 2252.1340, Reg: 15909.6700), Eth Losses: China: 904.3123, India: 858.6963, Philippines: 944.8473... (more ethnicities), Val Loss: 844.5726, Val MAE: 13.8589, Val R2: 0.7417
2025-04-25 22:19:33,037 - spatial_moe_trainer - INFO - Epoch 9/100 - Train Loss: 652.0287 (Col: 225.7229, Jump: 243.4301, Decline: 65.5164, PDE: 2132.6547, Reg: 17133.5712), Eth Losses: China: 814.7980, India: 695.8094, Philippines: 920.0507... (more ethnicities), Val Loss: 769.3662, Val MAE: 13.4217, Val R2: 0.7647
2025-04-25 22:19:55,348 - spatial_moe_trainer - INFO - Epoch 10/100 - Train Loss: 640.3636 (Col: 254.6560, Jump: 234.0134, Decline: 64.8800, PDE: 2031.8113, Reg: 12266.3058), Eth Losses: China: 782.8091, India: 726.7512, Philippines: 889.6843... (more ethnicities), Val Loss: 755.1075, Val MAE: 13.1740, Val R2: 0.7690
2025-04-25 22:20:17,843 - spatial_moe_trainer - INFO - Epoch 11/100 - Train Loss: 598.9704 (Col: 197.0270, Jump: 199.7162, Decline: 65.0490, PDE: 1874.1287, Reg: 30028.3225), Eth Losses: China: 748.8110, India: 605.3585, Philippines: 859.8801... (more ethnicities), Val Loss: 751.2490, Val MAE: 12.9969, Val R2: 0.7702
2025-04-25 22:20:40,199 - spatial_moe_trainer - INFO - Epoch 12/100 - Train Loss: 605.5575 (Col: 213.6027, Jump: 226.2019, Decline: 67.1369, PDE: 1916.2497, Reg: 25372.4525), Eth Losses: China: 748.7059, India: 654.7718, Philippines: 850.8745... (more ethnicities), Val Loss: 751.1949, Val MAE: 12.9340, Val R2: 0.7702
2025-04-25 22:21:02,677 - spatial_moe_trainer - INFO - Epoch 13/100 - Train Loss: 614.9085 (Col: 201.5292, Jump: 192.0161, Decline: 71.9895, PDE: 1846.9157, Reg: 65864.0969), Eth Losses: China: 858.2278, India: 636.6600, Philippines: 869.8121... (more ethnicities), Val Loss: 717.5748, Val MAE: 12.6202, Val R2: 0.7805
2025-04-25 22:21:25,182 - spatial_moe_trainer - INFO - Epoch 14/100 - Train Loss: 549.8403 (Col: 166.0234, Jump: 194.3751, Decline: 69.6512, PDE: 1779.0335, Reg: 28495.6843), Eth Losses: China: 688.7936, India: 615.2183, Philippines: 753.5479... (more ethnicities), Val Loss: 727.2326, Val MAE: 12.7591, Val R2: 0.7776
2025-04-25 22:21:47,620 - spatial_moe_trainer - INFO - Epoch 15/100 - Train Loss: 530.5023 (Col: 164.3911, Jump: 217.1431, Decline: 66.9339, PDE: 1757.8807, Reg: 14958.1948), Eth Losses: China: 625.9045, India: 597.6341, Philippines: 749.5815... (more ethnicities), Val Loss: 740.4982, Val MAE: 12.8753, Val R2: 0.7735
2025-04-25 22:22:10,174 - spatial_moe_trainer - INFO - Epoch 16/100 - Train Loss: 557.6983 (Col: 189.7749, Jump: 192.6932, Decline: 66.8813, PDE: 1838.6743, Reg: 9885.2295), Eth Losses: China: 625.1806, India: 595.9956, Philippines: 856.8560... (more ethnicities), Val Loss: 694.9754, Val MAE: 12.7105, Val R2: 0.7874
2025-04-25 22:22:32,667 - spatial_moe_trainer - INFO - Epoch 17/100 - Train Loss: 510.4223 (Col: 148.5509, Jump: 187.2505, Decline: 63.8755, PDE: 1671.8572, Reg: 22936.2288), Eth Losses: China: 639.4269, India: 558.6622, Philippines: 688.4179... (more ethnicities), Val Loss: 705.3793, Val MAE: 12.4118, Val R2: 0.7842
2025-04-25 22:22:55,022 - spatial_moe_trainer - INFO - Epoch 18/100 - Train Loss: 524.9027 (Col: 203.8120, Jump: 230.1418, Decline: 66.9619, PDE: 1630.0582, Reg: 11674.5428), Eth Losses: China: 703.2520, India: 590.9508, Philippines: 664.2141... (more ethnicities), Val Loss: 680.4401, Val MAE: 12.4829, Val R2: 0.7919
2025-04-25 22:23:17,449 - spatial_moe_trainer - INFO - Epoch 19/100 - Train Loss: 503.6695 (Col: 171.8650, Jump: 192.2587, Decline: 68.2161, PDE: 1601.2400, Reg: 14408.5298), Eth Losses: China: 646.6520, India: 633.2629, Philippines: 627.3610... (more ethnicities), Val Loss: 685.2835, Val MAE: 12.5955, Val R2: 0.7904
2025-04-25 22:23:39,986 - spatial_moe_trainer - INFO - Epoch 20/100 - Train Loss: 497.9800 (Col: 166.2594, Jump: 173.3190, Decline: 69.1787, PDE: 1593.8751, Reg: 16047.6742), Eth Losses: China: 601.7523, India: 528.3182, Philippines: 737.1906... (more ethnicities), Val Loss: 670.5796, Val MAE: 12.2379, Val R2: 0.7949
2025-04-25 22:24:02,345 - spatial_moe_trainer - INFO - Epoch 21/100 - Train Loss: 497.5594 (Col: 167.0888, Jump: 170.6534, Decline: 71.6905, PDE: 1562.7355, Reg: 17636.4027), Eth Losses: China: 690.5541, India: 522.7301, Philippines: 649.9846... (more ethnicities), Val Loss: 672.9986, Val MAE: 12.6681, Val R2: 0.7941
2025-04-25 22:24:24,793 - spatial_moe_trainer - INFO - Epoch 22/100 - Train Loss: 457.5157 (Col: 158.9161, Jump: 172.6715, Decline: 77.6944, PDE: 1465.0703, Reg: 9454.1585), Eth Losses: China: 548.9288, India: 516.5744, Philippines: 618.9018... (more ethnicities), Val Loss: 657.9377, Val MAE: 12.3502, Val R2: 0.7988
2025-04-25 22:24:47,115 - spatial_moe_trainer - INFO - Epoch 23/100 - Train Loss: 478.3767 (Col: 151.4527, Jump: 167.7834, Decline: 75.2074, PDE: 1545.3629, Reg: 10284.2031), Eth Losses: China: 614.4566, India: 512.6373, Philippines: 657.9742... (more ethnicities), Val Loss: 690.2275, Val MAE: 12.6933, Val R2: 0.7889
2025-04-25 22:25:09,456 - spatial_moe_trainer - INFO - Epoch 24/100 - Train Loss: 459.8405 (Col: 154.0129, Jump: 134.3793, Decline: 77.0415, PDE: 1490.7496, Reg: 8496.8506), Eth Losses: China: 607.0672, India: 464.9702, Philippines: 605.8144... (more ethnicities), Val Loss: 657.8283, Val MAE: 12.2902, Val R2: 0.7988
2025-04-25 22:25:31,689 - spatial_moe_trainer - INFO - Epoch 25/100 - Train Loss: 437.0708 (Col: 134.2582, Jump: 208.7360, Decline: 80.6038, PDE: 1414.8614, Reg: 11009.4376), Eth Losses: China: 548.8695, India: 436.9867, Philippines: 589.3947... (more ethnicities), Val Loss: 664.3771, Val MAE: 12.4112, Val R2: 0.7968
2025-04-25 22:25:53,954 - spatial_moe_trainer - INFO - Epoch 26/100 - Train Loss: 434.6218 (Col: 137.1705, Jump: 169.3420, Decline: 77.6836, PDE: 1360.1994, Reg: 22223.9811), Eth Losses: China: 540.1646, India: 456.5194, Philippines: 547.5475... (more ethnicities), Val Loss: 735.7181, Val MAE: 12.9351, Val R2: 0.7750
2025-04-25 22:26:16,293 - spatial_moe_trainer - INFO - Epoch 27/100 - Train Loss: 440.5661 (Col: 143.1088, Jump: 154.8908, Decline: 86.6723, PDE: 1397.0591, Reg: 13732.8853), Eth Losses: China: 584.5702, India: 468.6492, Philippines: 503.1281... (more ethnicities), Val Loss: 652.3678, Val MAE: 12.5470, Val R2: 0.8005
2025-04-25 22:26:38,868 - spatial_moe_trainer - INFO - Epoch 28/100 - Train Loss: 463.8374 (Col: 149.4477, Jump: 177.7952, Decline: 85.0109, PDE: 1497.7591, Reg: 13310.0260), Eth Losses: China: 642.9232, India: 467.8654, Philippines: 558.4503... (more ethnicities), Val Loss: 596.7676, Val MAE: 12.4698, Val R2: 0.8175
2025-04-25 22:27:01,435 - spatial_moe_trainer - INFO - Epoch 29/100 - Train Loss: 423.6492 (Col: 136.5635, Jump: 167.5189, Decline: 85.5680, PDE: 1374.7267, Reg: 7405.9271), Eth Losses: China: 562.2519, India: 480.4909, Philippines: 492.7178... (more ethnicities), Val Loss: 634.2498, Val MAE: 12.4575, Val R2: 0.8060
2025-04-25 22:27:23,922 - spatial_moe_trainer - INFO - Epoch 30/100 - Train Loss: 414.6708 (Col: 118.3103, Jump: 136.3945, Decline: 81.8076, PDE: 1356.7860, Reg: 12372.7147), Eth Losses: China: 523.4704, India: 422.1001, Philippines: 515.9606... (more ethnicities), Val Loss: 641.4447, Val MAE: 12.7016, Val R2: 0.8038
2025-04-25 22:27:46,427 - spatial_moe_trainer - INFO - Epoch 31/100 - Train Loss: 398.5705 (Col: 146.4876, Jump: 147.3945, Decline: 85.9046, PDE: 1216.5810, Reg: 9512.0785), Eth Losses: China: 491.5174, India: 481.9523, Philippines: 412.8964... (more ethnicities), Val Loss: 637.7301, Val MAE: 12.6241, Val R2: 0.8049
2025-04-25 22:28:08,922 - spatial_moe_trainer - INFO - Epoch 32/100 - Train Loss: 386.9383 (Col: 107.7066, Jump: 155.9861, Decline: 89.4412, PDE: 1226.7674, Reg: 19674.6717), Eth Losses: China: 515.9082, India: 338.3441, Philippines: 477.4548... (more ethnicities), Val Loss: 626.2386, Val MAE: 12.3191, Val R2: 0.8084
2025-04-25 22:28:31,393 - spatial_moe_trainer - INFO - Epoch 33/100 - Train Loss: 392.3882 (Col: 107.4013, Jump: 136.1657, Decline: 91.8768, PDE: 1275.3181, Reg: 12874.7645), Eth Losses: China: 528.9596, India: 401.3087, Philippines: 464.3808... (more ethnicities), Val Loss: 619.9296, Val MAE: 12.1644, Val R2: 0.8104
2025-04-25 22:28:53,722 - spatial_moe_trainer - INFO - Epoch 34/100 - Train Loss: 411.6771 (Col: 177.5987, Jump: 130.0355, Decline: 90.0957, PDE: 1194.0488, Reg: 18351.2754), Eth Losses: China: 476.5460, India: 591.5212, Philippines: 467.5406... (more ethnicities), Val Loss: 658.5849, Val MAE: 12.3622, Val R2: 0.7986
2025-04-25 22:29:16,145 - spatial_moe_trainer - INFO - Epoch 35/100 - Train Loss: 426.1209 (Col: 158.5311, Jump: 140.9726, Decline: 102.2918, PDE: 1249.7340, Reg: 17068.6011), Eth Losses: China: 496.7324, India: 586.2485, Philippines: 503.3387... (more ethnicities), Val Loss: 597.1742, Val MAE: 12.0540, Val R2: 0.8173
2025-04-25 22:29:38,571 - spatial_moe_trainer - INFO - Epoch 36/100 - Train Loss: 379.5291 (Col: 131.2625, Jump: 135.1949, Decline: 80.6091, PDE: 1164.8439, Reg: 16516.7867), Eth Losses: China: 472.7719, India: 465.7494, Philippines: 456.3177... (more ethnicities), Val Loss: 590.5647, Val MAE: 12.0075, Val R2: 0.8194
2025-04-25 22:30:00,982 - spatial_moe_trainer - INFO - Epoch 37/100 - Train Loss: 335.5279 (Col: 115.4103, Jump: 122.7141, Decline: 78.9451, PDE: 1061.9160, Reg: 7495.5611), Eth Losses: China: 400.9330, India: 351.2584, Philippines: 417.7384... (more ethnicities), Val Loss: 584.4683, Val MAE: 12.0188, Val R2: 0.8212
2025-04-25 22:30:23,402 - spatial_moe_trainer - INFO - Epoch 38/100 - Train Loss: 355.8779 (Col: 103.4863, Jump: 124.3733, Decline: 80.3009, PDE: 1125.5224, Reg: 15383.8687), Eth Losses: China: 510.0953, India: 348.5434, Philippines: 421.4487... (more ethnicities), Val Loss: 592.3094, Val MAE: 12.0323, Val R2: 0.8188
2025-04-25 22:30:45,744 - spatial_moe_trainer - INFO - Epoch 39/100 - Train Loss: 347.3130 (Col: 103.1304, Jump: 143.5359, Decline: 84.9782, PDE: 1126.5393, Reg: 4818.8416), Eth Losses: China: 420.2537, India: 394.4175, Philippines: 422.9451... (more ethnicities), Val Loss: 605.9864, Val MAE: 12.1478, Val R2: 0.8146
2025-04-25 22:31:08,188 - spatial_moe_trainer - INFO - Epoch 40/100 - Train Loss: 360.3871 (Col: 106.4903, Jump: 125.3109, Decline: 85.6351, PDE: 1113.6626, Reg: 20493.6742), Eth Losses: China: 507.9082, India: 364.0741, Philippines: 428.2388... (more ethnicities), Val Loss: 591.7689, Val MAE: 12.0716, Val R2: 0.8190
2025-04-25 22:31:30,543 - spatial_moe_trainer - INFO - Epoch 41/100 - Train Loss: 336.1023 (Col: 112.2115, Jump: 132.9517, Decline: 91.7151, PDE: 1050.2254, Reg: 7608.3308), Eth Losses: China: 385.6219, India: 376.3853, Philippines: 396.9185... (more ethnicities), Val Loss: 605.8696, Val MAE: 12.1663, Val R2: 0.8147
2025-04-25 22:31:52,925 - spatial_moe_trainer - INFO - Epoch 42/100 - Train Loss: 340.2766 (Col: 97.2814, Jump: 129.3578, Decline: 83.7129, PDE: 1085.9236, Reg: 10760.7780), Eth Losses: China: 412.8100, India: 365.8973, Philippines: 398.9771... (more ethnicities), Val Loss: 600.4559, Val MAE: 12.0045, Val R2: 0.8163
2025-04-25 22:32:15,344 - spatial_moe_trainer - INFO - Epoch 43/100 - Train Loss: 344.8904 (Col: 92.6218, Jump: 117.9292, Decline: 81.6402, PDE: 1129.7582, Reg: 8558.4059), Eth Losses: China: 449.3902, India: 341.2935, Philippines: 412.6670... (more ethnicities), Val Loss: 599.3017, Val MAE: 11.9488, Val R2: 0.8167
2025-04-25 22:32:37,718 - spatial_moe_trainer - INFO - Epoch 44/100 - Train Loss: 317.6812 (Col: 78.3190, Jump: 116.7978, Decline: 80.1917, PDE: 1048.9617, Reg: 9844.5494), Eth Losses: China: 432.1847, India: 303.3653, Philippines: 345.7880... (more ethnicities), Val Loss: 591.0925, Val MAE: 11.9985, Val R2: 0.8192
2025-04-25 22:33:00,248 - spatial_moe_trainer - INFO - Epoch 45/100 - Train Loss: 322.1462 (Col: 84.9024, Jump: 96.1500, Decline: 83.9741, PDE: 1043.9201, Reg: 9253.8164), Eth Losses: China: 453.4596, India: 306.5956, Philippines: 357.5573... (more ethnicities), Val Loss: 590.0729, Val MAE: 11.9178, Val R2: 0.8195
2025-04-25 22:33:22,768 - spatial_moe_trainer - INFO - Epoch 46/100 - Train Loss: 350.0695 (Col: 115.2329, Jump: 140.5196, Decline: 79.8690, PDE: 1054.7525, Reg: 24650.4895), Eth Losses: China: 467.4250, India: 389.3678, Philippines: 407.8095... (more ethnicities), Val Loss: 577.6649, Val MAE: 11.8206, Val R2: 0.8233
2025-04-25 22:33:45,190 - spatial_moe_trainer - INFO - Epoch 47/100 - Train Loss: 334.7257 (Col: 90.6401, Jump: 124.5721, Decline: 81.3758, PDE: 1097.0442, Reg: 9010.4549), Eth Losses: China: 473.7748, India: 339.9274, Philippines: 396.2472... (more ethnicities), Val Loss: 580.4068, Val MAE: 11.9171, Val R2: 0.8225
2025-04-25 22:34:07,636 - spatial_moe_trainer - INFO - Epoch 48/100 - Train Loss: 319.0341 (Col: 83.1841, Jump: 117.5450, Decline: 91.6633, PDE: 1041.0540, Reg: 7879.4012), Eth Losses: China: 433.4210, India: 336.9041, Philippines: 349.6470... (more ethnicities), Val Loss: 582.6502, Val MAE: 11.8487, Val R2: 0.8218
2025-04-25 22:34:30,063 - spatial_moe_trainer - INFO - Epoch 49/100 - Train Loss: 308.5951 (Col: 66.0039, Jump: 122.8053, Decline: 86.6130, PDE: 1044.4629, Reg: 8805.0511), Eth Losses: China: 405.8892, India: 311.8379, Philippines: 357.7371... (more ethnicities), Val Loss: 598.1737, Val MAE: 12.0204, Val R2: 0.8170
2025-04-25 22:34:52,513 - spatial_moe_trainer - INFO - Epoch 50/100 - Train Loss: 323.9262 (Col: 94.3219, Jump: 102.9960, Decline: 80.2165, PDE: 1024.6044, Reg: 8670.0552), Eth Losses: China: 410.6320, India: 383.5272, Philippines: 353.8600... (more ethnicities), Val Loss: 590.3182, Val MAE: 11.8785, Val R2: 0.8194
2025-04-25 22:35:14,838 - spatial_moe_trainer - INFO - Epoch 51/100 - Train Loss: 304.3662 (Col: 66.7524, Jump: 130.3304, Decline: 81.4568, PDE: 1008.5552, Reg: 13026.4176), Eth Losses: China: 406.3706, India: 301.4537, Philippines: 368.3425... (more ethnicities), Val Loss: 590.7376, Val MAE: 11.8700, Val R2: 0.8193
2025-04-25 22:35:37,343 - spatial_moe_trainer - INFO - Epoch 52/100 - Train Loss: 318.0598 (Col: 106.4572, Jump: 131.2049, Decline: 84.0738, PDE: 1002.9801, Reg: 6175.6100), Eth Losses: China: 380.9129, India: 333.8762, Philippines: 394.9960... (more ethnicities), Val Loss: 569.4400, Val MAE: 11.7094, Val R2: 0.8258
2025-04-25 22:35:59,843 - spatial_moe_trainer - INFO - Epoch 53/100 - Train Loss: 330.3870 (Col: 86.5031, Jump: 142.8075, Decline: 82.9373, PDE: 1069.7456, Reg: 13473.0264), Eth Losses: China: 409.9890, India: 361.8742, Philippines: 399.6708... (more ethnicities), Val Loss: 566.5529, Val MAE: 11.7153, Val R2: 0.8267
2025-04-25 22:36:22,273 - spatial_moe_trainer - INFO - Epoch 54/100 - Train Loss: 306.7650 (Col: 71.8765, Jump: 102.1832, Decline: 83.9522, PDE: 1031.0976, Reg: 6190.0264), Eth Losses: China: 363.6350, India: 282.9699, Philippines: 401.7873... (more ethnicities), Val Loss: 580.7739, Val MAE: 11.7691, Val R2: 0.8224
2025-04-25 22:36:44,605 - spatial_moe_trainer - INFO - Epoch 55/100 - Train Loss: 308.1581 (Col: 69.9349, Jump: 119.7606, Decline: 82.2852, PDE: 1010.9642, Reg: 13375.7922), Eth Losses: China: 409.5119, India: 310.4077, Philippines: 354.0212... (more ethnicities), Val Loss: 591.3466, Val MAE: 11.9001, Val R2: 0.8191
2025-04-25 22:37:07,091 - spatial_moe_trainer - INFO - Epoch 56/100 - Train Loss: 325.5009 (Col: 95.3332, Jump: 115.8552, Decline: 82.7965, PDE: 990.6168, Reg: 19313.5163), Eth Losses: China: 482.1689, India: 355.0415, Philippines: 381.1640... (more ethnicities), Val Loss: 588.3395, Val MAE: 11.8615, Val R2: 0.8200
2025-04-25 22:37:29,471 - spatial_moe_trainer - INFO - Epoch 57/100 - Train Loss: 300.8233 (Col: 64.2740, Jump: 125.4654, Decline: 85.9504, PDE: 1001.7161, Reg: 10046.5027), Eth Losses: China: 394.4384, India: 313.8145, Philippines: 337.3015... (more ethnicities), Val Loss: 584.5589, Val MAE: 11.8233, Val R2: 0.8212
2025-04-25 22:37:51,926 - spatial_moe_trainer - INFO - Epoch 58/100 - Train Loss: 301.8910 (Col: 67.4979, Jump: 111.3835, Decline: 85.5270, PDE: 1005.7544, Reg: 10418.8318), Eth Losses: China: 409.8729, India: 278.5750, Philippines: 360.3287... (more ethnicities), Val Loss: 600.5863, Val MAE: 11.9061, Val R2: 0.8163
2025-04-25 22:38:14,488 - spatial_moe_trainer - INFO - Epoch 59/100 - Train Loss: 333.8350 (Col: 99.3224, Jump: 126.5116, Decline: 89.3865, PDE: 1049.7292, Reg: 18654.0617), Eth Losses: China: 414.4603, India: 388.8205, Philippines: 412.1862... (more ethnicities), Val Loss: 590.8195, Val MAE: 11.8388, Val R2: 0.8193
2025-04-25 22:38:36,918 - spatial_moe_trainer - INFO - Epoch 60/100 - Train Loss: 307.9653 (Col: 76.5969, Jump: 120.7296, Decline: 87.7773, PDE: 1011.8064, Reg: 7833.9903), Eth Losses: China: 351.3579, India: 329.9106, Philippines: 412.2763... (more ethnicities), Val Loss: 591.3706, Val MAE: 11.8240, Val R2: 0.8191
2025-04-25 22:38:59,288 - spatial_moe_trainer - INFO - Epoch 61/100 - Train Loss: 316.2443 (Col: 99.6715, Jump: 111.2427, Decline: 85.0201, PDE: 971.4823, Reg: 14313.6780), Eth Losses: China: 394.5025, India: 377.5896, Philippines: 342.5894... (more ethnicities), Val Loss: 576.8015, Val MAE: 11.7804, Val R2: 0.8236
2025-04-25 22:39:21,709 - spatial_moe_trainer - INFO - Epoch 62/100 - Train Loss: 310.3919 (Col: 85.6707, Jump: 125.6547, Decline: 89.2626, PDE: 974.6430, Reg: 13893.2434), Eth Losses: China: 398.4588, India: 337.0557, Philippines: 375.2685... (more ethnicities), Val Loss: 574.0714, Val MAE: 11.7110, Val R2: 0.8244
2025-04-25 22:39:44,069 - spatial_moe_trainer - INFO - Epoch 63/100 - Train Loss: 304.5584 (Col: 66.3532, Jump: 165.1672, Decline: 81.6860, PDE: 986.8520, Reg: 25895.2378), Eth Losses: China: 419.0176, India: 295.5366, Philippines: 355.8614... (more ethnicities), Val Loss: 575.3191, Val MAE: 11.7790, Val R2: 0.8240
2025-04-25 22:39:44,069 - spatial_moe_trainer - INFO - Early stopping at epoch 63
2025-04-25 22:39:44,091 - spatial_moe_trainer - INFO - Saving metrics to ./optuna_results/trial_39/metrics
2025-04-25 22:39:44,094 - spatial_moe_trainer - INFO - Training metrics saved to ./optuna_results/trial_39/metrics/training_metrics.csv
2025-04-25 22:39:44,098 - spatial_moe_trainer - INFO - Validation metrics saved to ./optuna_results/trial_39/metrics/validation_metrics.csv
2025-04-25 22:39:44,135 - spatial_moe_trainer - INFO - Multi-Ethnic Spatial MoE model saved to ./optuna_results/trial_39/model.pt
2025-04-25 22:39:44,170 - __mp_main__ - INFO - Running trial 40 on device cuda:0
2025-04-25 22:39:44,184 - __main__ - INFO - Trial 39 completed with value: 566.552898
2025-04-25 22:39:44,366 - __mp_main__ - INFO - Using adjusted dimensions - hidden_dims: [75, 15, 9], coord_embed_dim: 24
2025-04-25 22:39:44,412 - spatial_moe_trainer - INFO - Multi-Ethnic Spatial MoE model initialized on cuda:0
2025-04-25 22:39:44,412 - spatial_moe_trainer - INFO - Model will predict 5 ethnicities: ['China', 'India', 'Philippines', 'Portugal', 'Sri Lanka']
2025-04-25 22:39:44,433 - __mp_main__ - INFO - Testing model forward pass before training...
2025-04-25 22:39:44,592 - __mp_main__ - INFO - Test forward pass successful. Output shape: torch.Size([64, 5])
2025-04-25 22:39:44,592 - spatial_moe_trainer - INFO - Starting multi-ethnic spatial MoE model training with learnable expert router...
2025-04-25 22:39:44,592 - spatial_moe_trainer - INFO - Using colonization_weight=5.901844814134637, jump_weight=8.828098767694765, decline_weight=6.617046503978646, pde_weight=6.882672659705423
2025-04-25 22:40:07,020 - spatial_moe_trainer - INFO - Epoch 1/100 - Train Loss: 2032.2968 (Col: 1198.7531, Jump: 1537.7638, Decline: 117.4156, PDE: 5790.2299, Reg: 22227.7300), Eth Losses: China: 2610.6761, India: 2164.0611, Philippines: 3406.1113... (more ethnicities), Val Loss: 2158.7571, Val MAE: 26.2879, Val R2: 0.3397
2025-04-25 22:40:29,488 - spatial_moe_trainer - INFO - Epoch 2/100 - Train Loss: 1838.9310 (Col: 977.7028, Jump: 1248.4845, Decline: 107.4214, PDE: 5643.4988, Reg: 18231.9783), Eth Losses: China: 2316.4141, India: 1998.5051, Philippines: 3186.9404... (more ethnicities), Val Loss: 1894.8792, Val MAE: 22.5730, Val R2: 0.4204
2025-04-25 22:40:51,816 - spatial_moe_trainer - INFO - Epoch 3/100 - Train Loss: 1617.7281 (Col: 738.8318, Jump: 1197.3847, Decline: 98.1577, PDE: 5075.4137, Reg: 17542.1565), Eth Losses: China: 1948.6736, India: 1906.5343, Philippines: 2751.0526... (more ethnicities), Val Loss: 1718.5896, Val MAE: 18.9502, Val R2: 0.4743
2025-04-25 22:41:14,338 - spatial_moe_trainer - INFO - Epoch 4/100 - Train Loss: 1460.4690 (Col: 632.9104, Jump: 927.5575, Decline: 94.3498, PDE: 4695.1911, Reg: 10170.9340), Eth Losses: China: 1597.5330, India: 1770.2401, Philippines: 2533.0177... (more ethnicities), Val Loss: 1571.3653, Val MAE: 17.9379, Val R2: 0.5194
2025-04-25 22:41:36,702 - spatial_moe_trainer - INFO - Epoch 5/100 - Train Loss: 1353.6402 (Col: 549.2755, Jump: 775.1479, Decline: 94.1716, PDE: 4463.6778, Reg: 26441.8211), Eth Losses: China: 1530.1413, India: 1712.6337, Philippines: 2189.2867... (more ethnicities), Val Loss: 1511.0230, Val MAE: 17.7412, Val R2: 0.5378
2025-04-25 22:41:59,163 - spatial_moe_trainer - INFO - Epoch 6/100 - Train Loss: 1260.6055 (Col: 499.6901, Jump: 905.8072, Decline: 87.5722, PDE: 4131.7703, Reg: 20601.8154), Eth Losses: China: 1449.1885, India: 1624.3302, Philippines: 1911.5344... (more ethnicities), Val Loss: 1445.0924, Val MAE: 17.1701, Val R2: 0.5580
2025-04-25 22:42:21,579 - spatial_moe_trainer - INFO - Epoch 7/100 - Train Loss: 1204.2670 (Col: 459.9846, Jump: 981.2872, Decline: 87.2979, PDE: 4004.3605, Reg: 19845.4989), Eth Losses: China: 1335.1623, India: 1567.1625, Philippines: 1808.4466... (more ethnicities), Val Loss: 1398.4646, Val MAE: 17.2921, Val R2: 0.5722
2025-04-25 22:42:43,968 - spatial_moe_trainer - INFO - Epoch 8/100 - Train Loss: 1188.6416 (Col: 431.1235, Jump: 1080.4790, Decline: 85.3961, PDE: 3967.6835, Reg: 24424.1004), Eth Losses: China: 1355.4174, India: 1505.0709, Philippines: 1761.3506... (more ethnicities), Val Loss: 1361.2112, Val MAE: 17.1690, Val R2: 0.5836
2025-04-25 22:43:06,385 - spatial_moe_trainer - INFO - Epoch 9/100 - Train Loss: 1106.1879 (Col: 388.4458, Jump: 882.9104, Decline: 85.5335, PDE: 3703.3555, Reg: 26197.7945), Eth Losses: China: 1279.6678, India: 1485.8299, Philippines: 1491.3054... (more ethnicities), Val Loss: 1334.7361, Val MAE: 16.9347, Val R2: 0.5917
2025-04-25 22:43:28,852 - spatial_moe_trainer - INFO - Epoch 10/100 - Train Loss: 1113.9835 (Col: 357.5188, Jump: 939.1755, Decline: 83.1349, PDE: 3638.5026, Reg: 31150.1692), Eth Losses: China: 1351.8720, India: 1421.3738, Philippines: 1570.8836... (more ethnicities), Val Loss: 1313.8230, Val MAE: 16.7841, Val R2: 0.5981
2025-04-25 22:43:51,159 - spatial_moe_trainer - INFO - Trial pruned at epoch 11
2025-04-25 22:43:51,167 - spatial_moe_trainer - INFO - Saving metrics to ./optuna_results/trial_40/metrics
2025-04-25 22:43:51,169 - spatial_moe_trainer - INFO - Training metrics saved to ./optuna_results/trial_40/metrics/training_metrics.csv
2025-04-25 22:43:51,170 - spatial_moe_trainer - INFO - Validation metrics saved to ./optuna_results/trial_40/metrics/validation_metrics.csv
2025-04-25 22:43:51,208 - spatial_moe_trainer - INFO - Multi-Ethnic Spatial MoE model saved to ./optuna_results/trial_40/model.pt
2025-04-25 22:43:51,242 - __mp_main__ - INFO - Running trial 41 on device cuda:0
2025-04-25 22:43:51,255 - __main__ - INFO - Trial 40 completed with value: 1300.293310
2025-04-25 22:43:51,440 - __mp_main__ - INFO - Using adjusted dimensions - hidden_dims: [81, 18, 6], coord_embed_dim: 21
2025-04-25 22:43:51,488 - spatial_moe_trainer - INFO - Multi-Ethnic Spatial MoE model initialized on cuda:0
2025-04-25 22:43:51,488 - spatial_moe_trainer - INFO - Model will predict 5 ethnicities: ['China', 'India', 'Philippines', 'Portugal', 'Sri Lanka']
2025-04-25 22:43:51,508 - __mp_main__ - INFO - Testing model forward pass before training...
2025-04-25 22:43:51,668 - __mp_main__ - INFO - Test forward pass successful. Output shape: torch.Size([64, 5])
2025-04-25 22:43:51,668 - spatial_moe_trainer - INFO - Starting multi-ethnic spatial MoE model training with learnable expert router...
2025-04-25 22:43:51,668 - spatial_moe_trainer - INFO - Using colonization_weight=5.9089176446298035, jump_weight=5.293351357810203, decline_weight=7.075360403136699, pde_weight=5.285691914224152
2025-04-25 22:44:13,964 - spatial_moe_trainer - INFO - Epoch 1/100 - Train Loss: 1447.1973 (Col: 702.1371, Jump: 672.0250, Decline: 80.8264, PDE: 4341.4811, Reg: 22796.4312), Eth Losses: China: 1820.4626, India: 1596.5286, Philippines: 2363.1498... (more ethnicities), Val Loss: 1227.4560, Val MAE: 15.8492, Val R2: 0.6245
2025-04-25 22:44:36,411 - spatial_moe_trainer - INFO - Epoch 2/100 - Train Loss: 948.7440 (Col: 507.9181, Jump: 332.5224, Decline: 66.3908, PDE: 2672.9624, Reg: 22425.1004), Eth Losses: China: 1181.6771, India: 1164.0562, Philippines: 1392.1719... (more ethnicities), Val Loss: 1099.3029, Val MAE: 15.4845, Val R2: 0.6637
2025-04-25 22:44:58,709 - spatial_moe_trainer - INFO - Epoch 3/100 - Train Loss: 836.2422 (Col: 389.4475, Jump: 304.8201, Decline: 71.0374, PDE: 2419.2976, Reg: 26991.6589), Eth Losses: China: 1148.3580, India: 967.6269, Philippines: 1195.2004... (more ethnicities), Val Loss: 1122.4481, Val MAE: 14.9064, Val R2: 0.6567
2025-04-25 22:45:21,260 - spatial_moe_trainer - INFO - Epoch 4/100 - Train Loss: 733.3749 (Col: 301.6011, Jump: 299.1307, Decline: 65.2011, PDE: 2211.4698, Reg: 20861.7943), Eth Losses: China: 952.2215, India: 762.7905, Philippines: 1073.3791... (more ethnicities), Val Loss: 1039.1573, Val MAE: 14.9975, Val R2: 0.6821
2025-04-25 22:45:43,656 - spatial_moe_trainer - INFO - Epoch 5/100 - Train Loss: 704.6233 (Col: 281.8841, Jump: 327.0388, Decline: 64.0202, PDE: 2167.9580, Reg: 18545.2383), Eth Losses: China: 882.6293, India: 773.1788, Philippines: 981.9988... (more ethnicities), Val Loss: 861.6225, Val MAE: 13.8359, Val R2: 0.7364
2025-04-25 22:46:06,156 - spatial_moe_trainer - INFO - Epoch 6/100 - Train Loss: 636.1834 (Col: 245.0253, Jump: 283.9505, Decline: 62.7721, PDE: 1966.8677, Reg: 18292.6388), Eth Losses: China: 752.8080, India: 744.7702, Philippines: 868.5021... (more ethnicities), Val Loss: 826.3895, Val MAE: 13.5128, Val R2: 0.7472
2025-04-25 22:46:28,492 - spatial_moe_trainer - INFO - Epoch 7/100 - Train Loss: 587.1299 (Col: 225.3603, Jump: 232.1235, Decline: 63.8202, PDE: 1811.5222, Reg: 15639.7369), Eth Losses: China: 675.5836, India: 702.3151, Philippines: 805.1604... (more ethnicities), Val Loss: 853.4601, Val MAE: 13.5142, Val R2: 0.7389
2025-04-25 22:46:50,900 - spatial_moe_trainer - INFO - Epoch 8/100 - Train Loss: 626.7704 (Col: 284.4538, Jump: 226.6175, Decline: 62.0265, PDE: 1867.3376, Reg: 20846.1251), Eth Losses: China: 632.6951, India: 886.3805, Philippines: 838.0127... (more ethnicities), Val Loss: 760.1250, Val MAE: 13.0297, Val R2: 0.7675
2025-04-25 22:47:13,359 - spatial_moe_trainer - INFO - Epoch 9/100 - Train Loss: 562.9125 (Col: 280.3823, Jump: 177.0540, Decline: 63.7876, PDE: 1616.7473, Reg: 13072.1793), Eth Losses: China: 705.6592, India: 659.1285, Philippines: 771.4859... (more ethnicities), Val Loss: 699.7571, Val MAE: 12.7416, Val R2: 0.7860
2025-04-25 22:47:36,018 - spatial_moe_trainer - INFO - Epoch 10/100 - Train Loss: 524.6076 (Col: 207.9028, Jump: 160.4559, Decline: 64.2019, PDE: 1603.2050, Reg: 12451.0055), Eth Losses: China: 599.8385, India: 610.3209, Philippines: 718.7869... (more ethnicities), Val Loss: 693.5187, Val MAE: 12.5374, Val R2: 0.7879
2025-04-25 22:47:58,336 - spatial_moe_trainer - INFO - Epoch 11/100 - Train Loss: 545.1865 (Col: 192.5772, Jump: 196.2404, Decline: 65.4341, PDE: 1617.9780, Reg: 34092.5362), Eth Losses: China: 524.9669, India: 759.1304, Philippines: 770.9007... (more ethnicities), Val Loss: 703.5716, Val MAE: 12.5304, Val R2: 0.7848
2025-04-25 22:48:20,704 - spatial_moe_trainer - INFO - Epoch 12/100 - Train Loss: 514.5280 (Col: 222.0884, Jump: 181.1056, Decline: 65.1568, PDE: 1480.5831, Reg: 22303.6771), Eth Losses: China: 691.1822, India: 609.5424, Philippines: 628.1897... (more ethnicities), Val Loss: 694.1367, Val MAE: 12.6149, Val R2: 0.7877
2025-04-25 22:48:43,090 - spatial_moe_trainer - INFO - Epoch 13/100 - Train Loss: 479.3989 (Col: 175.3741, Jump: 183.7141, Decline: 68.6021, PDE: 1465.8704, Reg: 13782.8035), Eth Losses: China: 559.0960, India: 562.6233, Philippines: 642.8094... (more ethnicities), Val Loss: 689.7195, Val MAE: 12.5866, Val R2: 0.7890
2025-04-25 22:49:05,582 - spatial_moe_trainer - INFO - Epoch 14/100 - Train Loss: 468.9315 (Col: 167.8598, Jump: 177.1225, Decline: 64.6845, PDE: 1427.8500, Reg: 14878.4075), Eth Losses: China: 564.9192, India: 558.3805, Philippines: 603.7590... (more ethnicities), Val Loss: 674.6372, Val MAE: 12.4040, Val R2: 0.7936
2025-04-25 22:49:28,133 - spatial_moe_trainer - INFO - Epoch 15/100 - Train Loss: 485.5641 (Col: 235.9249, Jump: 169.4048, Decline: 63.3847, PDE: 1368.4123, Reg: 15782.3728), Eth Losses: China: 691.3127, India: 562.2430, Philippines: 611.5872... (more ethnicities), Val Loss: 707.2423, Val MAE: 12.3014, Val R2: 0.7837
2025-04-25 22:49:50,636 - spatial_moe_trainer - INFO - Epoch 16/100 - Train Loss: 449.8854 (Col: 209.4195, Jump: 189.7569, Decline: 64.3849, PDE: 1310.6878, Reg: 8522.2854), Eth Losses: China: 527.0511, India: 538.0346, Philippines: 587.5428... (more ethnicities), Val Loss: 661.6649, Val MAE: 12.3758, Val R2: 0.7976
2025-04-25 22:50:13,095 - spatial_moe_trainer - INFO - Epoch 17/100 - Train Loss: 428.8040 (Col: 168.1631, Jump: 179.9458, Decline: 64.9652, PDE: 1272.5653, Reg: 14197.6954), Eth Losses: China: 502.3239, India: 516.6495, Philippines: 552.1459... (more ethnicities), Val Loss: 648.4500, Val MAE: 11.8769, Val R2: 0.8017
2025-04-25 22:50:35,460 - spatial_moe_trainer - INFO - Epoch 18/100 - Train Loss: 418.2078 (Col: 179.0717, Jump: 164.3346, Decline: 65.5954, PDE: 1250.1292, Reg: 8260.6330), Eth Losses: China: 440.3334, India: 499.4871, Philippines: 600.8525... (more ethnicities), Val Loss: 677.8007, Val MAE: 12.3643, Val R2: 0.7927
2025-04-25 22:50:57,932 - spatial_moe_trainer - INFO - Epoch 19/100 - Train Loss: 400.4510 (Col: 151.4490, Jump: 148.8355, Decline: 64.6160, PDE: 1207.3513, Reg: 12272.6097), Eth Losses: China: 474.2433, India: 482.7953, Philippines: 528.7878... (more ethnicities), Val Loss: 608.4898, Val MAE: 11.7405, Val R2: 0.8139
2025-04-25 22:51:20,309 - spatial_moe_trainer - INFO - Epoch 20/100 - Train Loss: 414.3526 (Col: 155.8787, Jump: 137.9292, Decline: 68.4444, PDE: 1223.4029, Reg: 15315.6128), Eth Losses: China: 475.3040, India: 523.4273, Philippines: 565.7388... (more ethnicities), Val Loss: 599.7122, Val MAE: 11.9673, Val R2: 0.8166
2025-04-25 22:51:42,594 - spatial_moe_trainer - INFO - Epoch 21/100 - Train Loss: 380.6017 (Col: 136.4052, Jump: 163.4304, Decline: 70.0404, PDE: 1186.1546, Reg: 8484.3148), Eth Losses: China: 440.5720, India: 468.9953, Philippines: 514.3328... (more ethnicities), Val Loss: 646.9773, Val MAE: 12.0402, Val R2: 0.8021
2025-04-25 22:52:04,913 - spatial_moe_trainer - INFO - Epoch 22/100 - Train Loss: 416.6720 (Col: 176.8367, Jump: 182.8648, Decline: 70.6656, PDE: 1224.6912, Reg: 11171.8552), Eth Losses: China: 472.8129, India: 549.3821, Philippines: 552.1280... (more ethnicities), Val Loss: 601.4151, Val MAE: 11.5064, Val R2: 0.8160
2025-04-25 22:52:27,277 - spatial_moe_trainer - INFO - Epoch 23/100 - Train Loss: 399.3521 (Col: 154.7462, Jump: 171.1350, Decline: 71.6367, PDE: 1192.2040, Reg: 15638.6503), Eth Losses: China: 494.3754, India: 475.1840, Philippines: 504.2813... (more ethnicities), Val Loss: 652.5310, Val MAE: 12.1403, Val R2: 0.8004
2025-04-25 22:52:49,770 - spatial_moe_trainer - INFO - Epoch 24/100 - Train Loss: 416.4532 (Col: 183.5661, Jump: 140.4766, Decline: 76.6932, PDE: 1209.4935, Reg: 10213.6009), Eth Losses: China: 522.1593, India: 577.3276, Philippines: 532.4390... (more ethnicities), Val Loss: 646.0427, Val MAE: 12.0289, Val R2: 0.8024
2025-04-25 22:53:12,199 - spatial_moe_trainer - INFO - Epoch 25/100 - Train Loss: 372.5027 (Col: 144.8375, Jump: 206.0063, Decline: 74.1906, PDE: 1103.9562, Reg: 11667.0816), Eth Losses: China: 508.6560, India: 442.2713, Philippines: 432.4416... (more ethnicities), Val Loss: 661.2159, Val MAE: 12.2355, Val R2: 0.7977
2025-04-25 22:53:34,716 - spatial_moe_trainer - INFO - Epoch 26/100 - Train Loss: 378.1135 (Col: 160.4634, Jump: 150.4794, Decline: 73.6439, PDE: 1103.2001, Reg: 7331.1310), Eth Losses: China: 443.3155, India: 496.4041, Philippines: 499.2690... (more ethnicities), Val Loss: 602.6939, Val MAE: 11.6987, Val R2: 0.8156
2025-04-25 22:53:57,098 - spatial_moe_trainer - INFO - Epoch 27/100 - Train Loss: 373.7451 (Col: 152.8551, Jump: 129.9360, Decline: 69.8504, PDE: 1121.9825, Reg: 7363.2029), Eth Losses: China: 482.3413, India: 442.7976, Philippines: 493.9157... (more ethnicities), Val Loss: 623.3187, Val MAE: 11.6895, Val R2: 0.8093
2025-04-25 22:54:19,563 - spatial_moe_trainer - INFO - Epoch 28/100 - Train Loss: 349.0814 (Col: 123.4774, Jump: 149.7577, Decline: 74.3955, PDE: 1038.7108, Reg: 10106.0479), Eth Losses: China: 455.1268, India: 421.5023, Philippines: 445.1869... (more ethnicities), Val Loss: 595.9518, Val MAE: 11.4962, Val R2: 0.8177
2025-04-25 22:54:41,944 - spatial_moe_trainer - INFO - Epoch 29/100 - Train Loss: 340.6922 (Col: 117.1765, Jump: 158.0566, Decline: 72.5461, PDE: 1037.3553, Reg: 8113.9212), Eth Losses: China: 396.4934, India: 425.8504, Philippines: 453.0107... (more ethnicities), Val Loss: 632.4285, Val MAE: 11.7393, Val R2: 0.8066
2025-04-25 22:55:04,436 - spatial_moe_trainer - INFO - Epoch 30/100 - Train Loss: 339.0350 (Col: 130.9228, Jump: 139.3424, Decline: 74.8610, PDE: 1023.5346, Reg: 9967.9773), Eth Losses: China: 406.1646, India: 466.9394, Philippines: 408.6030... (more ethnicities), Val Loss: 619.3620, Val MAE: 11.6517, Val R2: 0.8106
2025-04-25 22:55:26,944 - spatial_moe_trainer - INFO - Epoch 31/100 - Train Loss: 320.7622 (Col: 104.6730, Jump: 142.9237, Decline: 74.6156, PDE: 995.3176, Reg: 7655.2475), Eth Losses: China: 391.8575, India: 404.3167, Philippines: 425.6423... (more ethnicities), Val Loss: 601.5716, Val MAE: 11.6358, Val R2: 0.8160
2025-04-25 22:55:49,380 - spatial_moe_trainer - INFO - Epoch 32/100 - Train Loss: 333.1051 (Col: 109.3065, Jump: 136.5343, Decline: 75.3549, PDE: 992.2543, Reg: 12527.5882), Eth Losses: China: 473.4382, India: 406.9133, Philippines: 429.4259... (more ethnicities), Val Loss: 601.9567, Val MAE: 11.5906, Val R2: 0.8159
2025-04-25 22:56:12,033 - spatial_moe_trainer - INFO - Epoch 33/100 - Train Loss: 315.3414 (Col: 110.4112, Jump: 144.7437, Decline: 78.7855, PDE: 986.9971, Reg: 4544.8677), Eth Losses: China: 401.9627, India: 422.2264, Philippines: 386.5190... (more ethnicities), Val Loss: 609.4525, Val MAE: 11.6864, Val R2: 0.8136
2025-04-25 22:56:34,404 - spatial_moe_trainer - INFO - Epoch 34/100 - Train Loss: 313.6094 (Col: 82.1436, Jump: 139.3924, Decline: 73.6331, PDE: 977.5643, Reg: 14421.4370), Eth Losses: China: 402.3218, India: 391.2582, Philippines: 404.5135... (more ethnicities), Val Loss: 583.2352, Val MAE: 11.5604, Val R2: 0.8216
2025-04-25 22:56:56,706 - spatial_moe_trainer - INFO - Epoch 35/100 - Train Loss: 324.1114 (Col: 124.8118, Jump: 126.3954, Decline: 74.9673, PDE: 945.5217, Reg: 13276.2910), Eth Losses: China: 408.6785, India: 462.7114, Philippines: 429.0039... (more ethnicities), Val Loss: 593.4011, Val MAE: 11.4657, Val R2: 0.8185
2025-04-25 22:57:19,072 - spatial_moe_trainer - INFO - Epoch 36/100 - Train Loss: 320.5242 (Col: 116.3972, Jump: 147.0951, Decline: 74.7690, PDE: 966.1714, Reg: 8848.3898), Eth Losses: China: 381.3035, India: 416.5671, Philippines: 416.9955... (more ethnicities), Val Loss: 592.3294, Val MAE: 11.5943, Val R2: 0.8188
2025-04-25 22:57:41,538 - spatial_moe_trainer - INFO - Epoch 37/100 - Train Loss: 296.3348 (Col: 79.3630, Jump: 133.2091, Decline: 72.5226, PDE: 963.5623, Reg: 5980.3907), Eth Losses: China: 376.1741, India: 352.2030, Philippines: 417.9372... (more ethnicities), Val Loss: 579.3167, Val MAE: 11.3986, Val R2: 0.8228
2025-04-25 22:58:03,885 - spatial_moe_trainer - INFO - Epoch 38/100 - Train Loss: 305.2833 (Col: 116.2007, Jump: 94.6900, Decline: 83.0391, PDE: 908.7059, Reg: 6610.8846), Eth Losses: China: 367.0672, India: 484.0824, Philippines: 375.0889... (more ethnicities), Val Loss: 580.1096, Val MAE: 11.3290, Val R2: 0.8226
2025-04-25 22:58:26,208 - spatial_moe_trainer - INFO - Epoch 39/100 - Train Loss: 294.2237 (Col: 79.0801, Jump: 110.8228, Decline: 74.4234, PDE: 955.9440, Reg: 6699.8565), Eth Losses: China: 353.7600, India: 364.8292, Philippines: 386.8479... (more ethnicities), Val Loss: 602.0106, Val MAE: 11.5359, Val R2: 0.8159
2025-04-25 22:58:48,516 - spatial_moe_trainer - INFO - Epoch 40/100 - Train Loss: 289.9782 (Col: 64.5220, Jump: 104.3695, Decline: 74.8759, PDE: 943.9884, Reg: 11706.5763), Eth Losses: China: 372.2656, India: 398.5234, Philippines: 357.9046... (more ethnicities), Val Loss: 588.8175, Val MAE: 11.4057, Val R2: 0.8199
2025-04-25 22:59:10,906 - spatial_moe_trainer - INFO - Epoch 41/100 - Train Loss: 310.3878 (Col: 97.5527, Jump: 152.8363, Decline: 79.2345, PDE: 953.4214, Reg: 11029.0904), Eth Losses: China: 379.5427, India: 493.7979, Philippines: 351.8157... (more ethnicities), Val Loss: 590.2401, Val MAE: 11.3637, Val R2: 0.8195
2025-04-25 22:59:33,454 - spatial_moe_trainer - INFO - Epoch 42/100 - Train Loss: 285.7103 (Col: 78.2309, Jump: 134.2921, Decline: 76.3792, PDE: 922.9476, Reg: 5808.0103), Eth Losses: China: 339.3445, India: 348.1999, Philippines: 366.4181... (more ethnicities), Val Loss: 601.9296, Val MAE: 11.3281, Val R2: 0.8159
2025-04-25 22:59:55,926 - spatial_moe_trainer - INFO - Epoch 43/100 - Train Loss: 286.8825 (Col: 85.1058, Jump: 128.9032, Decline: 73.5054, PDE: 899.2510, Reg: 5162.9846), Eth Losses: China: 344.0045, India: 445.1312, Philippines: 351.4241... (more ethnicities), Val Loss: 609.2181, Val MAE: 11.4956, Val R2: 0.8137
2025-04-25 23:00:18,319 - spatial_moe_trainer - INFO - Epoch 44/100 - Train Loss: 283.6962 (Col: 88.5400, Jump: 135.1186, Decline: 76.4470, PDE: 890.3083, Reg: 4947.4646), Eth Losses: China: 340.1999, India: 373.5045, Philippines: 356.4018... (more ethnicities), Val Loss: 594.1750, Val MAE: 11.4442, Val R2: 0.8183
2025-04-25 23:00:40,729 - spatial_moe_trainer - INFO - Epoch 45/100 - Train Loss: 287.5617 (Col: 89.5216, Jump: 120.7395, Decline: 79.4897, PDE: 898.4946, Reg: 5924.0511), Eth Losses: China: 337.7208, India: 394.1997, Philippines: 358.4343... (more ethnicities), Val Loss: 597.1034, Val MAE: 11.4446, Val R2: 0.8174
2025-04-25 23:01:03,317 - spatial_moe_trainer - INFO - Epoch 46/100 - Train Loss: 272.9625 (Col: 68.9733, Jump: 153.8855, Decline: 76.8710, PDE: 866.1398, Reg: 9913.1622), Eth Losses: China: 344.7714, India: 393.9549, Philippines: 323.9412... (more ethnicities), Val Loss: 578.5898, Val MAE: 11.3414, Val R2: 0.8230
2025-04-25 23:01:25,736 - spatial_moe_trainer - INFO - Epoch 47/100 - Train Loss: 263.8790 (Col: 75.0716, Jump: 144.0344, Decline: 73.4712, PDE: 846.7562, Reg: 6347.6748), Eth Losses: China: 337.1730, India: 363.4627, Philippines: 334.3086... (more ethnicities), Val Loss: 571.2351, Val MAE: 11.2687, Val R2: 0.8253
2025-04-25 23:01:48,077 - spatial_moe_trainer - INFO - Epoch 48/100 - Train Loss: 274.9618 (Col: 82.5294, Jump: 142.0689, Decline: 77.8492, PDE: 844.5715, Reg: 8162.8259), Eth Losses: China: 366.3363, India: 353.2361, Philippines: 343.3088... (more ethnicities), Val Loss: 577.0390, Val MAE: 11.2201, Val R2: 0.8235
2025-04-25 23:02:10,575 - spatial_moe_trainer - INFO - Epoch 49/100 - Train Loss: 289.5721 (Col: 93.9356, Jump: 141.5987, Decline: 81.9606, PDE: 896.1822, Reg: 6654.9500), Eth Losses: China: 357.3450, India: 419.2789, Philippines: 384.4862... (more ethnicities), Val Loss: 573.0220, Val MAE: 11.2084, Val R2: 0.8247
2025-04-25 23:02:33,024 - spatial_moe_trainer - INFO - Epoch 50/100 - Train Loss: 287.1724 (Col: 91.6157, Jump: 133.5000, Decline: 71.8800, PDE: 867.7833, Reg: 9062.7722), Eth Losses: China: 402.4587, India: 348.6092, Philippines: 353.7498... (more ethnicities), Val Loss: 576.9500, Val MAE: 11.2823, Val R2: 0.8235
2025-04-25 23:02:55,314 - spatial_moe_trainer - INFO - Epoch 51/100 - Train Loss: 262.6920 (Col: 59.3890, Jump: 122.8788, Decline: 75.0370, PDE: 830.0900, Reg: 8519.2290), Eth Losses: China: 326.9356, India: 365.4618, Philippines: 335.6511... (more ethnicities), Val Loss: 565.8459, Val MAE: 11.2468, Val R2: 0.8269
2025-04-25 23:03:17,754 - spatial_moe_trainer - INFO - Epoch 52/100 - Train Loss: 261.0660 (Col: 58.0418, Jump: 143.6275, Decline: 71.4063, PDE: 865.1903, Reg: 7574.6533), Eth Losses: China: 345.2526, India: 340.9702, Philippines: 336.8996... (more ethnicities), Val Loss: 572.9178, Val MAE: 11.2192, Val R2: 0.8248
2025-04-25 23:03:40,164 - spatial_moe_trainer - INFO - Epoch 53/100 - Train Loss: 257.4780 (Col: 61.1223, Jump: 142.9561, Decline: 76.3003, PDE: 851.8217, Reg: 4204.5837), Eth Losses: China: 307.3736, India: 375.3654, Philippines: 330.6305... (more ethnicities), Val Loss: 568.3261, Val MAE: 11.2180, Val R2: 0.8262
2025-04-25 23:04:02,521 - spatial_moe_trainer - INFO - Epoch 54/100 - Train Loss: 267.1573 (Col: 63.2057, Jump: 142.6963, Decline: 71.8502, PDE: 883.2400, Reg: 6458.9354), Eth Losses: China: 370.5184, India: 337.0733, Philippines: 353.4490... (more ethnicities), Val Loss: 564.2996, Val MAE: 11.2354, Val R2: 0.8274
2025-04-25 23:04:24,842 - spatial_moe_trainer - INFO - Epoch 55/100 - Train Loss: 257.9504 (Col: 54.7330, Jump: 108.0851, Decline: 72.5282, PDE: 855.5795, Reg: 5806.9700), Eth Losses: China: 342.6580, India: 321.0728, Philippines: 328.7457... (more ethnicities), Val Loss: 573.4312, Val MAE: 11.2833, Val R2: 0.8246
2025-04-25 23:04:47,211 - spatial_moe_trainer - INFO - Epoch 56/100 - Train Loss: 274.3835 (Col: 95.8741, Jump: 136.3258, Decline: 73.4066, PDE: 841.4435, Reg: 3526.5699), Eth Losses: China: 343.9037, India: 391.6527, Philippines: 352.2113... (more ethnicities), Val Loss: 561.1863, Val MAE: 11.2195, Val R2: 0.8283
2025-04-25 23:05:09,644 - spatial_moe_trainer - INFO - Epoch 57/100 - Train Loss: 252.1381 (Col: 51.8136, Jump: 122.7016, Decline: 71.8876, PDE: 850.2931, Reg: 4815.3990), Eth Losses: China: 301.6088, India: 351.6800, Philippines: 334.7759... (more ethnicities), Val Loss: 573.4068, Val MAE: 11.2579, Val R2: 0.8246
2025-04-25 23:05:32,036 - spatial_moe_trainer - INFO - Epoch 58/100 - Train Loss: 264.2724 (Col: 63.5742, Jump: 133.6070, Decline: 75.6936, PDE: 854.1643, Reg: 7363.9911), Eth Losses: China: 325.9575, India: 348.2937, Philippines: 347.4411... (more ethnicities), Val Loss: 572.5658, Val MAE: 11.2038, Val R2: 0.8249
2025-04-25 23:05:54,497 - spatial_moe_trainer - INFO - Epoch 59/100 - Train Loss: 253.7742 (Col: 57.5519, Jump: 137.3020, Decline: 76.0002, PDE: 849.0906, Reg: 3291.6107), Eth Losses: China: 313.4990, India: 320.0798, Philippines: 361.9162... (more ethnicities), Val Loss: 565.3987, Val MAE: 11.2212, Val R2: 0.8271
2025-04-25 23:06:16,921 - spatial_moe_trainer - INFO - Epoch 60/100 - Train Loss: 260.1468 (Col: 60.6205, Jump: 116.8536, Decline: 75.9687, PDE: 864.2826, Reg: 5797.9377), Eth Losses: China: 350.2101, India: 333.0355, Philippines: 351.1532... (more ethnicities), Val Loss: 564.3686, Val MAE: 11.1349, Val R2: 0.8274
2025-04-25 23:06:39,334 - spatial_moe_trainer - INFO - Epoch 61/100 - Train Loss: 263.4449 (Col: 59.9736, Jump: 134.2413, Decline: 74.5798, PDE: 878.7813, Reg: 4826.1387), Eth Losses: China: 323.7799, India: 346.3123, Philippines: 348.1562... (more ethnicities), Val Loss: 583.9290, Val MAE: 11.3569, Val R2: 0.8214
2025-04-25 23:07:01,754 - spatial_moe_trainer - INFO - Epoch 62/100 - Train Loss: 255.5864 (Col: 58.3602, Jump: 118.3291, Decline: 77.9995, PDE: 845.2808, Reg: 4125.8491), Eth Losses: China: 310.7162, India: 321.4610, Philippines: 356.6351... (more ethnicities), Val Loss: 574.3604, Val MAE: 11.1649, Val R2: 0.8243
2025-04-25 23:07:24,150 - spatial_moe_trainer - INFO - Epoch 63/100 - Train Loss: 264.2348 (Col: 55.4106, Jump: 128.2106, Decline: 75.8481, PDE: 837.4527, Reg: 13579.4001), Eth Losses: China: 306.3874, India: 403.8994, Philippines: 343.0686... (more ethnicities), Val Loss: 577.5363, Val MAE: 11.2441, Val R2: 0.8233
2025-04-25 23:07:46,714 - spatial_moe_trainer - INFO - Epoch 64/100 - Train Loss: 248.3630 (Col: 53.9209, Jump: 129.1942, Decline: 68.8997, PDE: 819.0354, Reg: 6828.0828), Eth Losses: China: 339.2584, India: 309.1479, Philippines: 326.7845... (more ethnicities), Val Loss: 567.1789, Val MAE: 11.1712, Val R2: 0.8265
2025-04-25 23:08:09,133 - spatial_moe_trainer - INFO - Epoch 65/100 - Train Loss: 240.6451 (Col: 49.2800, Jump: 134.0331, Decline: 75.9209, PDE: 805.2598, Reg: 4411.1794), Eth Losses: China: 313.7014, India: 330.1851, Philippines: 294.2222... (more ethnicities), Val Loss: 560.0311, Val MAE: 11.2288, Val R2: 0.8287
2025-04-25 23:08:31,514 - spatial_moe_trainer - INFO - Epoch 66/100 - Train Loss: 257.2501 (Col: 64.0688, Jump: 148.4972, Decline: 81.5016, PDE: 806.4926, Reg: 8002.8781), Eth Losses: China: 327.9573, India: 380.4793, Philippines: 313.5763... (more ethnicities), Val Loss: 572.2943, Val MAE: 11.1836, Val R2: 0.8249
2025-04-25 23:08:53,856 - spatial_moe_trainer - INFO - Epoch 67/100 - Train Loss: 252.9207 (Col: 67.7364, Jump: 133.4140, Decline: 74.3263, PDE: 803.1287, Reg: 5792.7687), Eth Losses: China: 311.0323, India: 370.0053, Philippines: 304.1848... (more ethnicities), Val Loss: 568.8107, Val MAE: 11.2050, Val R2: 0.8260
2025-04-25 23:09:16,229 - spatial_moe_trainer - INFO - Epoch 68/100 - Train Loss: 254.0200 (Col: 71.5158, Jump: 149.9697, Decline: 71.7943, PDE: 811.1094, Reg: 4440.5442), Eth Losses: China: 311.4669, India: 373.4960, Philippines: 308.2717... (more ethnicities), Val Loss: 568.0842, Val MAE: 11.2115, Val R2: 0.8262
2025-04-25 23:09:38,644 - spatial_moe_trainer - INFO - Epoch 69/100 - Train Loss: 248.4001 (Col: 65.9279, Jump: 145.2876, Decline: 74.8136, PDE: 794.7252, Reg: 4823.8064), Eth Losses: China: 293.2561, India: 366.9032, Philippines: 303.5279... (more ethnicities), Val Loss: 577.0481, Val MAE: 11.2165, Val R2: 0.8235
2025-04-25 23:10:01,110 - spatial_moe_trainer - INFO - Epoch 70/100 - Train Loss: 239.3718 (Col: 59.7641, Jump: 109.7050, Decline: 69.0688, PDE: 783.3768, Reg: 5159.7071), Eth Losses: China: 278.6390, India: 340.7391, Philippines: 298.8313... (more ethnicities), Val Loss: 567.9135, Val MAE: 11.2017, Val R2: 0.8263
2025-04-25 23:10:23,417 - spatial_moe_trainer - INFO - Epoch 71/100 - Train Loss: 236.0726 (Col: 57.1575, Jump: 129.6790, Decline: 72.4580, PDE: 756.5754, Reg: 7235.5051), Eth Losses: China: 286.9417, India: 316.8315, Philippines: 307.0729... (more ethnicities), Val Loss: 566.7168, Val MAE: 11.2043, Val R2: 0.8267
2025-04-25 23:10:45,757 - spatial_moe_trainer - INFO - Epoch 72/100 - Train Loss: 246.2416 (Col: 43.7371, Jump: 138.7947, Decline: 78.5880, PDE: 822.0606, Reg: 6146.0996), Eth Losses: China: 311.3780, India: 322.9625, Philippines: 331.8968... (more ethnicities), Val Loss: 572.5970, Val MAE: 11.1950, Val R2: 0.8249
2025-04-25 23:11:08,074 - spatial_moe_trainer - INFO - Epoch 73/100 - Train Loss: 234.6746 (Col: 46.4951, Jump: 147.3688, Decline: 70.7607, PDE: 793.6173, Reg: 4347.1977), Eth Losses: China: 277.4633, India: 308.5662, Philippines: 342.0351... (more ethnicities), Val Loss: 563.8642, Val MAE: 11.1517, Val R2: 0.8275
2025-04-25 23:11:30,422 - spatial_moe_trainer - INFO - Epoch 74/100 - Train Loss: 254.2116 (Col: 58.9096, Jump: 159.0068, Decline: 67.8653, PDE: 822.7002, Reg: 8387.8526), Eth Losses: China: 345.5398, India: 354.9284, Philippines: 319.1792... (more ethnicities), Val Loss: 571.5445, Val MAE: 11.2048, Val R2: 0.8252
2025-04-25 23:11:52,739 - spatial_moe_trainer - INFO - Epoch 75/100 - Train Loss: 241.2436 (Col: 47.9531, Jump: 153.2751, Decline: 71.9438, PDE: 805.8100, Reg: 4829.7446), Eth Losses: China: 293.9852, India: 334.5143, Philippines: 307.1595... (more ethnicities), Val Loss: 569.5501, Val MAE: 11.1634, Val R2: 0.8258
2025-04-25 23:11:52,739 - spatial_moe_trainer - INFO - Early stopping at epoch 75
2025-04-25 23:11:52,761 - spatial_moe_trainer - INFO - Saving metrics to ./optuna_results/trial_41/metrics
2025-04-25 23:11:52,764 - spatial_moe_trainer - INFO - Training metrics saved to ./optuna_results/trial_41/metrics/training_metrics.csv
2025-04-25 23:11:52,769 - spatial_moe_trainer - INFO - Validation metrics saved to ./optuna_results/trial_41/metrics/validation_metrics.csv
2025-04-25 23:11:52,807 - spatial_moe_trainer - INFO - Multi-Ethnic Spatial MoE model saved to ./optuna_results/trial_41/model.pt
2025-04-25 23:11:52,841 - __mp_main__ - INFO - Running trial 42 on device cuda:0
2025-04-25 23:11:52,858 - __main__ - INFO - Trial 41 completed with value: 560.031118
2025-04-25 23:11:53,037 - __mp_main__ - INFO - Using adjusted dimensions - hidden_dims: [87, 15, 6], coord_embed_dim: 21
2025-04-25 23:11:53,223 - spatial_moe_trainer - INFO - Multi-Ethnic Spatial MoE model initialized on cuda:0
2025-04-25 23:11:53,223 - spatial_moe_trainer - INFO - Model will predict 5 ethnicities: ['China', 'India', 'Philippines', 'Portugal', 'Sri Lanka']
2025-04-25 23:11:53,244 - __mp_main__ - INFO - Testing model forward pass before training...
2025-04-25 23:11:53,427 - __mp_main__ - INFO - Test forward pass successful. Output shape: torch.Size([64, 5])
2025-04-25 23:11:53,428 - spatial_moe_trainer - INFO - Starting multi-ethnic spatial MoE model training with learnable expert router...
2025-04-25 23:11:53,428 - spatial_moe_trainer - INFO - Using colonization_weight=5.7379162374002926, jump_weight=5.091604299828809, decline_weight=7.075360403136699, pde_weight=5.533437005986002
2025-04-25 23:12:15,789 - spatial_moe_trainer - INFO - Epoch 1/100 - Train Loss: 1421.3006 (Col: 721.6160, Jump: 587.7303, Decline: 61.2309, PDE: 3888.3974, Reg: 36247.0775), Eth Losses: China: 2233.1480, India: 1435.1747, Philippines: 2069.7095... (more ethnicities), Val Loss: 1271.3508, Val MAE: 16.6716, Val R2: 0.6111
2025-04-25 23:12:38,117 - spatial_moe_trainer - INFO - Epoch 2/100 - Train Loss: 994.6711 (Col: 447.2084, Jump: 330.1320, Decline: 54.1673, PDE: 2871.3145, Reg: 23066.0584), Eth Losses: China: 1429.6273, India: 1089.0211, Philippines: 1391.6934... (more ethnicities), Val Loss: 1043.6742, Val MAE: 15.3865, Val R2: 0.6808
2025-04-25 23:13:00,521 - spatial_moe_trainer - INFO - Epoch 3/100 - Train Loss: 832.4299 (Col: 387.1079, Jump: 336.0790, Decline: 52.0876, PDE: 2412.9063, Reg: 17588.3473), Eth Losses: China: 992.6152, India: 951.5840, Philippines: 1228.3720... (more ethnicities), Val Loss: 948.6766, Val MAE: 14.5178, Val R2: 0.7098
2025-04-25 23:13:22,875 - spatial_moe_trainer - INFO - Epoch 4/100 - Train Loss: 767.8980 (Col: 339.2139, Jump: 209.2603, Decline: 53.6696, PDE: 2266.4324, Reg: 15934.2393), Eth Losses: China: 1014.7658, India: 741.9756, Philippines: 1154.7494... (more ethnicities), Val Loss: 876.4385, Val MAE: 13.9750, Val R2: 0.7319
2025-04-25 23:13:45,269 - spatial_moe_trainer - INFO - Epoch 5/100 - Train Loss: 701.9445 (Col: 294.8003, Jump: 223.8155, Decline: 50.8826, PDE: 2065.9055, Reg: 16077.2692), Eth Losses: China: 961.5070, India: 794.8146, Philippines: 950.1895... (more ethnicities), Val Loss: 910.5100, Val MAE: 14.1606, Val R2: 0.7215
2025-04-25 23:14:07,674 - spatial_moe_trainer - INFO - Epoch 6/100 - Train Loss: 709.7416 (Col: 294.0010, Jump: 259.4570, Decline: 53.1868, PDE: 2080.9565, Reg: 20392.9383), Eth Losses: China: 1013.7175, India: 734.5879, Philippines: 997.7803... (more ethnicities), Val Loss: 926.7699, Val MAE: 13.9695, Val R2: 0.7165
2025-04-25 23:14:29,983 - spatial_moe_trainer - INFO - Epoch 7/100 - Train Loss: 617.6901 (Col: 225.7508, Jump: 202.8511, Decline: 59.1056, PDE: 1895.8028, Reg: 16294.8208), Eth Losses: China: 753.8188, India: 634.4865, Philippines: 921.2150... (more ethnicities), Val Loss: 861.2834, Val MAE: 13.8343, Val R2: 0.7366
2025-04-25 23:14:52,266 - spatial_moe_trainer - INFO - Epoch 8/100 - Train Loss: 580.7274 (Col: 222.2424, Jump: 237.7388, Decline: 64.6488, PDE: 1734.9248, Reg: 13162.3980), Eth Losses: China: 704.7841, India: 546.0498, Philippines: 881.4160... (more ethnicities), Val Loss: 759.1858, Val MAE: 13.2503, Val R2: 0.7678
2025-04-25 23:15:14,863 - spatial_moe_trainer - INFO - Epoch 9/100 - Train Loss: 550.4736 (Col: 218.7428, Jump: 201.5976, Decline: 61.3583, PDE: 1610.9819, Reg: 12699.3877), Eth Losses: China: 699.3992, India: 528.5377, Philippines: 778.9145... (more ethnicities), Val Loss: 780.4516, Val MAE: 13.1330, Val R2: 0.7613
2025-04-25 23:15:37,263 - spatial_moe_trainer - INFO - Epoch 10/100 - Train Loss: 520.1794 (Col: 206.0048, Jump: 247.2063, Decline: 66.2660, PDE: 1535.1484, Reg: 11679.1219), Eth Losses: China: 624.7280, India: 549.5542, Philippines: 744.1797... (more ethnicities), Val Loss: 962.7721, Val MAE: 13.3101, Val R2: 0.7055
2025-04-25 23:15:59,712 - spatial_moe_trainer - INFO - Epoch 11/100 - Train Loss: 472.0763 (Col: 185.7939, Jump: 186.2455, Decline: 62.1811, PDE: 1412.8040, Reg: 10092.5418), Eth Losses: China: 574.2277, India: 487.1622, Philippines: 629.7168... (more ethnicities), Val Loss: 939.8021, Val MAE: 13.5820, Val R2: 0.7125
2025-04-25 23:16:22,173 - spatial_moe_trainer - INFO - Epoch 12/100 - Train Loss: 519.1260 (Col: 236.4032, Jump: 193.8721, Decline: 68.0055, PDE: 1439.4339, Reg: 21616.2793), Eth Losses: China: 693.9609, India: 561.6716, Philippines: 654.4813... (more ethnicities), Val Loss: 736.8257, Val MAE: 12.7614, Val R2: 0.7746
2025-04-25 23:16:44,597 - spatial_moe_trainer - INFO - Epoch 13/100 - Train Loss: 486.9864 (Col: 205.4783, Jump: 203.5228, Decline: 67.2471, PDE: 1423.9949, Reg: 10511.9851), Eth Losses: China: 572.4281, India: 546.2074, Philippines: 650.6544... (more ethnicities), Val Loss: 756.9908, Val MAE: 13.1827, Val R2: 0.7685
2025-04-25 23:17:07,060 - spatial_moe_trainer - INFO - Epoch 14/100 - Train Loss: 473.2807 (Col: 190.3628, Jump: 184.5558, Decline: 76.1775, PDE: 1356.5949, Reg: 14352.9172), Eth Losses: China: 603.0264, India: 467.3957, Philippines: 631.1662... (more ethnicities), Val Loss: 682.2804, Val MAE: 12.1449, Val R2: 0.7913
2025-04-25 23:17:29,532 - spatial_moe_trainer - INFO - Epoch 15/100 - Train Loss: 454.8252 (Col: 158.1445, Jump: 171.2014, Decline: 75.3148, PDE: 1364.0068, Reg: 14021.8315), Eth Losses: China: 582.2033, India: 483.3186, Philippines: 609.1516... (more ethnicities), Val Loss: 722.8699, Val MAE: 12.6491, Val R2: 0.7789
2025-04-25 23:17:52,003 - spatial_moe_trainer - INFO - Epoch 16/100 - Train Loss: 438.0658 (Col: 171.4696, Jump: 161.3326, Decline: 76.4160, PDE: 1260.3393, Reg: 18243.4534), Eth Losses: China: 636.7143, India: 445.3005, Philippines: 520.6295... (more ethnicities), Val Loss: 641.1962, Val MAE: 12.2502, Val R2: 0.8039
2025-04-25 23:18:14,471 - spatial_moe_trainer - INFO - Epoch 17/100 - Train Loss: 429.1161 (Col: 174.7976, Jump: 134.6310, Decline: 75.4006, PDE: 1229.6696, Reg: 14122.7152), Eth Losses: China: 576.8375, India: 434.5523, Philippines: 561.7990... (more ethnicities), Val Loss: 686.6752, Val MAE: 12.4197, Val R2: 0.7900
2025-04-25 23:18:36,786 - spatial_moe_trainer - INFO - Epoch 18/100 - Train Loss: 417.7149 (Col: 148.4422, Jump: 170.7694, Decline: 68.4666, PDE: 1236.0166, Reg: 14612.6138), Eth Losses: China: 515.0922, India: 404.2815, Philippines: 587.5071... (more ethnicities), Val Loss: 677.4065, Val MAE: 12.0920, Val R2: 0.7928
2025-04-25 23:18:59,137 - spatial_moe_trainer - INFO - Epoch 19/100 - Train Loss: 431.4648 (Col: 173.7526, Jump: 223.5776, Decline: 69.0275, PDE: 1246.4240, Reg: 11091.9263), Eth Losses: China: 553.9024, India: 567.5616, Philippines: 528.1145... (more ethnicities), Val Loss: 670.2815, Val MAE: 12.1622, Val R2: 0.7950
2025-04-25 23:19:21,532 - spatial_moe_trainer - INFO - Epoch 20/100 - Train Loss: 400.0371 (Col: 116.5999, Jump: 193.3167, Decline: 81.0023, PDE: 1186.9298, Reg: 23705.6664), Eth Losses: China: 524.4785, India: 360.3145, Philippines: 519.8072... (more ethnicities), Val Loss: 613.9976, Val MAE: 11.9606, Val R2: 0.8122
2025-04-25 23:19:43,901 - spatial_moe_trainer - INFO - Epoch 21/100 - Train Loss: 388.0553 (Col: 127.5271, Jump: 149.1130, Decline: 68.4251, PDE: 1170.0411, Reg: 12923.0840), Eth Losses: China: 489.2661, India: 458.7748, Philippines: 463.3696... (more ethnicities), Val Loss: 627.2214, Val MAE: 12.0002, Val R2: 0.8081
2025-04-25 23:20:06,347 - spatial_moe_trainer - INFO - Epoch 22/100 - Train Loss: 375.8766 (Col: 122.1418, Jump: 159.1107, Decline: 71.7286, PDE: 1102.9832, Reg: 18161.4264), Eth Losses: China: 508.5077, India: 406.2035, Philippines: 443.9235... (more ethnicities), Val Loss: 637.1666, Val MAE: 11.8766, Val R2: 0.8051
2025-04-25 23:20:28,727 - spatial_moe_trainer - INFO - Epoch 23/100 - Train Loss: 397.3829 (Col: 155.3415, Jump: 135.1191, Decline: 70.0022, PDE: 1179.6363, Reg: 7248.9283), Eth Losses: China: 458.6954, India: 447.5060, Philippines: 511.2269... (more ethnicities), Val Loss: 643.9299, Val MAE: 11.8936, Val R2: 0.8030
2025-04-25 23:20:50,996 - spatial_moe_trainer - INFO - Epoch 24/100 - Train Loss: 363.8083 (Col: 144.1770, Jump: 193.5218, Decline: 66.8332, PDE: 1045.9599, Reg: 11882.3501), Eth Losses: China: 449.2451, India: 426.0437, Philippines: 435.3241... (more ethnicities), Val Loss: 637.6388, Val MAE: 12.2145, Val R2: 0.8050
2025-04-25 23:21:13,424 - spatial_moe_trainer - INFO - Epoch 25/100 - Train Loss: 368.5206 (Col: 151.0215, Jump: 158.0780, Decline: 68.4139, PDE: 1054.9799, Reg: 9620.8095), Eth Losses: China: 464.6668, India: 403.5069, Philippines: 467.9202... (more ethnicities), Val Loss: 653.0596, Val MAE: 12.1050, Val R2: 0.8002
2025-04-25 23:21:35,919 - spatial_moe_trainer - INFO - Epoch 26/100 - Train Loss: 397.0050 (Col: 202.1360, Jump: 152.7863, Decline: 74.9235, PDE: 1032.6759, Reg: 13949.4242), Eth Losses: China: 714.7252, India: 386.4478, Philippines: 415.0348... (more ethnicities), Val Loss: 680.5144, Val MAE: 12.4546, Val R2: 0.7918
2025-04-25 23:21:58,181 - spatial_moe_trainer - INFO - Epoch 27/100 - Train Loss: 365.3652 (Col: 109.6142, Jump: 122.2957, Decline: 87.5575, PDE: 1098.0874, Reg: 13041.0315), Eth Losses: China: 573.7563, India: 362.1426, Philippines: 420.1809... (more ethnicities), Val Loss: 655.5821, Val MAE: 12.4021, Val R2: 0.7995
2025-04-25 23:22:20,534 - spatial_moe_trainer - INFO - Epoch 28/100 - Train Loss: 421.5920 (Col: 127.1150, Jump: 123.0760, Decline: 227.8078, PDE: 1147.1778, Reg: 14388.5409), Eth Losses: China: 877.9993, India: 353.7514, Philippines: 398.5760... (more ethnicities), Val Loss: 698.0726, Val MAE: 12.7580, Val R2: 0.7865
2025-04-25 23:22:42,837 - spatial_moe_trainer - INFO - Epoch 29/100 - Train Loss: 484.7215 (Col: 118.7972, Jump: 90.3061, Decline: 304.8425, PDE: 1333.3042, Reg: 13381.7273), Eth Losses: China: 1204.1423, India: 324.0994, Philippines: 407.2561... (more ethnicities), Val Loss: 729.9522, Val MAE: 13.0938, Val R2: 0.7767
2025-04-25 23:23:05,193 - spatial_moe_trainer - INFO - Epoch 30/100 - Train Loss: 505.9140 (Col: 122.8920, Jump: 146.1836, Decline: 338.6177, PDE: 1386.6247, Reg: 11836.0188), Eth Losses: China: 1281.0229, India: 332.3094, Philippines: 415.9796... (more ethnicities), Val Loss: 750.2876, Val MAE: 13.3371, Val R2: 0.7705
2025-04-25 23:23:05,193 - spatial_moe_trainer - INFO - Early stopping at epoch 30
2025-04-25 23:23:05,209 - spatial_moe_trainer - INFO - Saving metrics to ./optuna_results/trial_42/metrics
2025-04-25 23:23:05,212 - spatial_moe_trainer - INFO - Training metrics saved to ./optuna_results/trial_42/metrics/training_metrics.csv
2025-04-25 23:23:05,214 - spatial_moe_trainer - INFO - Validation metrics saved to ./optuna_results/trial_42/metrics/validation_metrics.csv
2025-04-25 23:23:05,251 - spatial_moe_trainer - INFO - Multi-Ethnic Spatial MoE model saved to ./optuna_results/trial_42/model.pt
2025-04-25 23:23:05,286 - __mp_main__ - INFO - Running trial 43 on device cuda:0
2025-04-25 23:23:05,302 - __main__ - INFO - Trial 42 completed with value: 613.997636
2025-04-25 23:23:05,482 - __mp_main__ - INFO - Using adjusted dimensions - hidden_dims: [60, 48, 9], coord_embed_dim: 21
2025-04-25 23:23:05,528 - spatial_moe_trainer - INFO - Multi-Ethnic Spatial MoE model initialized on cuda:0
2025-04-25 23:23:05,528 - spatial_moe_trainer - INFO - Model will predict 5 ethnicities: ['China', 'India', 'Philippines', 'Portugal', 'Sri Lanka']
2025-04-25 23:23:05,549 - __mp_main__ - INFO - Testing model forward pass before training...
2025-04-25 23:23:05,708 - __mp_main__ - INFO - Test forward pass successful. Output shape: torch.Size([64, 5])
2025-04-25 23:23:05,708 - spatial_moe_trainer - INFO - Starting multi-ethnic spatial MoE model training with learnable expert router...
2025-04-25 23:23:05,708 - spatial_moe_trainer - INFO - Using colonization_weight=5.337875586773371, jump_weight=3.222021667640255, decline_weight=8.004534643670643, pde_weight=5.351321038460136
2025-04-25 23:23:27,978 - spatial_moe_trainer - INFO - Epoch 1/100 - Train Loss: 1617.0169 (Col: 857.9259, Jump: 480.5053, Decline: 58.9548, PDE: 4362.8832, Reg: 26374.2458), Eth Losses: China: 2044.5717, India: 1741.4697, Philippines: 2660.0635... (more ethnicities), Val Loss: 1395.9188, Val MAE: 17.4732, Val R2: 0.5730
2025-04-25 23:23:50,319 - spatial_moe_trainer - INFO - Epoch 2/100 - Train Loss: 1211.0176 (Col: 558.3909, Jump: 378.5024, Decline: 49.5334, PDE: 3465.1226, Reg: 31936.8972), Eth Losses: China: 1487.2112, India: 1379.4294, Philippines: 1897.2723... (more ethnicities), Val Loss: 1264.2030, Val MAE: 16.2207, Val R2: 0.6133
2025-04-25 23:24:12,650 - spatial_moe_trainer - INFO - Epoch 3/100 - Train Loss: 1034.1922 (Col: 349.9794, Jump: 506.0478, Decline: 48.8735, PDE: 3125.9672, Reg: 35326.1367), Eth Losses: China: 1350.2678, India: 1196.4371, Philippines: 1482.2967... (more ethnicities), Val Loss: 1154.1734, Val MAE: 15.9740, Val R2: 0.6470
2025-04-25 23:24:35,006 - spatial_moe_trainer - INFO - Epoch 4/100 - Train Loss: 983.6953 (Col: 344.1622, Jump: 316.1850, Decline: 49.0782, PDE: 2987.7679, Reg: 29724.1221), Eth Losses: China: 1230.9008, India: 1158.6513, Philippines: 1503.6301... (more ethnicities), Val Loss: 1174.5809, Val MAE: 15.4672, Val R2: 0.6407
2025-04-25 23:24:57,511 - spatial_moe_trainer - INFO - Epoch 5/100 - Train Loss: 938.4352 (Col: 312.8103, Jump: 383.9961, Decline: 43.5330, PDE: 2784.9506, Reg: 56991.4294), Eth Losses: China: 1225.1177, India: 1141.5803, Philippines: 1363.0633... (more ethnicities), Val Loss: 1126.6482, Val MAE: 15.7364, Val R2: 0.6554
2025-04-25 23:25:19,841 - spatial_moe_trainer - INFO - Epoch 6/100 - Train Loss: 875.6697 (Col: 254.9908, Jump: 255.9089, Decline: 45.1851, PDE: 2765.3886, Reg: 23327.2025), Eth Losses: China: 1101.9489, India: 1020.6867, Philippines: 1284.7424... (more ethnicities), Val Loss: 1071.5253, Val MAE: 15.3899, Val R2: 0.6722
2025-04-25 23:25:42,110 - spatial_moe_trainer - INFO - Epoch 7/100 - Train Loss: 849.5671 (Col: 240.3807, Jump: 307.9889, Decline: 44.0405, PDE: 2691.2356, Reg: 24661.8215), Eth Losses: China: 1100.6596, India: 962.5249, Philippines: 1250.0051... (more ethnicities), Val Loss: 1055.4723, Val MAE: 15.1408, Val R2: 0.6772
2025-04-25 23:26:04,503 - spatial_moe_trainer - INFO - Epoch 8/100 - Train Loss: 831.5827 (Col: 263.7720, Jump: 264.2163, Decline: 46.4713, PDE: 2530.3353, Reg: 40886.8188), Eth Losses: China: 1058.6486, India: 990.2463, Philippines: 1162.0380... (more ethnicities), Val Loss: 1015.4278, Val MAE: 14.9093, Val R2: 0.6894
2025-04-25 23:26:26,850 - spatial_moe_trainer - INFO - Epoch 9/100 - Train Loss: 778.8309 (Col: 213.3696, Jump: 221.9121, Decline: 47.9520, PDE: 2410.6548, Reg: 43511.6488), Eth Losses: China: 1030.9815, India: 859.5014, Philippines: 1090.7468... (more ethnicities), Val Loss: 908.5932, Val MAE: 14.3643, Val R2: 0.7221
2025-04-25 23:26:49,342 - spatial_moe_trainer - INFO - Epoch 10/100 - Train Loss: 707.7202 (Col: 208.0336, Jump: 207.5151, Decline: 46.4445, PDE: 2183.5951, Reg: 28469.1113), Eth Losses: China: 919.3884, India: 710.1511, Philippines: 1076.7179... (more ethnicities), Val Loss: 904.1227, Val MAE: 14.5458, Val R2: 0.7234
2025-04-25 23:27:11,808 - spatial_moe_trainer - INFO - Epoch 11/100 - Train Loss: 667.3285 (Col: 218.4356, Jump: 205.4323, Decline: 48.8590, PDE: 2044.1478, Reg: 25411.0010), Eth Losses: China: 856.2996, India: 714.1106, Philippines: 945.6598... (more ethnicities), Val Loss: 809.4946, Val MAE: 13.8402, Val R2: 0.7524
2025-04-25 23:27:34,285 - spatial_moe_trainer - INFO - Epoch 12/100 - Train Loss: 658.7645 (Col: 227.0206, Jump: 236.3426, Decline: 53.1570, PDE: 1995.4400, Reg: 19416.8983), Eth Losses: China: 776.0415, India: 731.0836, Philippines: 937.5538... (more ethnicities), Val Loss: 799.9306, Val MAE: 13.6405, Val R2: 0.7553
2025-04-25 23:27:56,725 - spatial_moe_trainer - INFO - Epoch 13/100 - Train Loss: 640.3499 (Col: 219.3416, Jump: 192.6404, Decline: 52.3276, PDE: 1925.3681, Reg: 19605.5694), Eth Losses: China: 802.2387, India: 700.6555, Philippines: 896.6480... (more ethnicities), Val Loss: 807.0508, Val MAE: 13.6285, Val R2: 0.7531
2025-04-25 23:28:19,075 - spatial_moe_trainer - INFO - Trial pruned at epoch 14
2025-04-25 23:28:19,089 - spatial_moe_trainer - INFO - Saving metrics to ./optuna_results/trial_43/metrics
2025-04-25 23:28:19,091 - spatial_moe_trainer - INFO - Training metrics saved to ./optuna_results/trial_43/metrics/training_metrics.csv
2025-04-25 23:28:19,093 - spatial_moe_trainer - INFO - Validation metrics saved to ./optuna_results/trial_43/metrics/validation_metrics.csv
2025-04-25 23:28:19,131 - spatial_moe_trainer - INFO - Multi-Ethnic Spatial MoE model saved to ./optuna_results/trial_43/model.pt
2025-04-25 23:28:19,165 - __mp_main__ - INFO - Running trial 44 on device cuda:0
2025-04-25 23:28:19,180 - __main__ - INFO - Trial 43 completed with value: 799.930639
2025-04-25 23:28:19,363 - __mp_main__ - INFO - Using adjusted dimensions - hidden_dims: [78, 18, 6], coord_embed_dim: 18
2025-04-25 23:28:19,415 - spatial_moe_trainer - INFO - Multi-Ethnic Spatial MoE model initialized on cuda:0
2025-04-25 23:28:19,415 - spatial_moe_trainer - INFO - Model will predict 5 ethnicities: ['China', 'India', 'Philippines', 'Portugal', 'Sri Lanka']
2025-04-25 23:28:19,436 - __mp_main__ - INFO - Testing model forward pass before training...
2025-04-25 23:28:19,593 - __mp_main__ - INFO - Test forward pass successful. Output shape: torch.Size([64, 5])
2025-04-25 23:28:19,593 - spatial_moe_trainer - INFO - Starting multi-ethnic spatial MoE model training with learnable expert router...
2025-04-25 23:28:19,593 - spatial_moe_trainer - INFO - Using colonization_weight=7.465985721091565, jump_weight=5.091604299828809, decline_weight=9.24451461323449, pde_weight=5.947731399718705
2025-04-25 23:28:41,906 - spatial_moe_trainer - INFO - Epoch 1/100 - Train Loss: 1609.7679 (Col: 796.6081, Jump: 974.1628, Decline: 81.4692, PDE: 4816.4911, Reg: 12278.9421), Eth Losses: China: 2111.7091, India: 1861.2463, Philippines: 2509.8042... (more ethnicities), Val Loss: 1535.8963, Val MAE: 16.9703, Val R2: 0.5302
2025-04-25 23:29:04,345 - spatial_moe_trainer - INFO - Epoch 2/100 - Train Loss: 1065.2149 (Col: 497.0683, Jump: 539.9352, Decline: 69.1164, PDE: 3149.9597, Reg: 18636.1468), Eth Losses: China: 1391.4523, India: 1290.4275, Philippines: 1378.2750... (more ethnicities), Val Loss: 1207.2948, Val MAE: 16.2499, Val R2: 0.6307
2025-04-25 23:29:26,782 - spatial_moe_trainer - INFO - Epoch 3/100 - Train Loss: 893.3199 (Col: 415.5886, Jump: 533.0728, Decline: 63.5974, PDE: 2632.9518, Reg: 17865.1834), Eth Losses: China: 1132.4662, India: 1044.4372, Philippines: 1144.8210... (more ethnicities), Val Loss: 1093.6368, Val MAE: 15.3895, Val R2: 0.6655
2025-04-25 23:29:49,266 - spatial_moe_trainer - INFO - Epoch 4/100 - Train Loss: 802.0375 (Col: 336.1183, Jump: 346.1086, Decline: 60.7508, PDE: 2429.3766, Reg: 13799.5304), Eth Losses: China: 1144.3123, India: 786.6357, Philippines: 1074.9997... (more ethnicities), Val Loss: 1021.0411, Val MAE: 14.7617, Val R2: 0.6877
2025-04-25 23:30:11,777 - spatial_moe_trainer - INFO - Epoch 5/100 - Train Loss: 723.9989 (Col: 312.7712, Jump: 391.0088, Decline: 61.6202, PDE: 2190.1940, Reg: 10279.0632), Eth Losses: China: 951.6073, India: 768.0160, Philippines: 967.5246... (more ethnicities), Val Loss: 996.9764, Val MAE: 14.8693, Val R2: 0.6950
2025-04-25 23:30:34,175 - spatial_moe_trainer - INFO - Epoch 6/100 - Train Loss: 704.4821 (Col: 318.1893, Jump: 329.7558, Decline: 58.0524, PDE: 2091.1688, Reg: 14339.4158), Eth Losses: China: 908.9375, India: 852.5016, Philippines: 930.2749... (more ethnicities), Val Loss: 979.2283, Val MAE: 14.9505, Val R2: 0.7005
2025-04-25 23:30:56,762 - spatial_moe_trainer - INFO - Epoch 7/100 - Train Loss: 692.4611 (Col: 265.6094, Jump: 342.1282, Decline: 57.2769, PDE: 2218.7913, Reg: 7180.2345), Eth Losses: China: 825.2827, India: 728.6523, Philippines: 1074.5742... (more ethnicities), Val Loss: 948.3557, Val MAE: 14.7555, Val R2: 0.7099
2025-04-25 23:31:19,136 - spatial_moe_trainer - INFO - Epoch 8/100 - Train Loss: 678.1724 (Col: 220.8191, Jump: 336.7131, Decline: 59.5944, PDE: 2022.6701, Reg: 25261.3006), Eth Losses: China: 1008.1336, India: 663.4709, Philippines: 912.9367... (more ethnicities), Val Loss: 913.3812, Val MAE: 14.6273, Val R2: 0.7206
2025-04-25 23:31:41,413 - spatial_moe_trainer - INFO - Epoch 9/100 - Train Loss: 625.4853 (Col: 215.9317, Jump: 318.9717, Decline: 56.0968, PDE: 1948.8110, Reg: 19344.9377), Eth Losses: China: 778.9575, India: 683.5933, Philippines: 925.6204... (more ethnicities), Val Loss: 910.6441, Val MAE: 14.4962, Val R2: 0.7215
2025-04-25 23:32:03,790 - spatial_moe_trainer - INFO - Epoch 10/100 - Train Loss: 578.7902 (Col: 198.8835, Jump: 285.6674, Decline: 54.4938, PDE: 1852.9868, Reg: 14796.9820), Eth Losses: China: 704.7470, India: 589.6094, Philippines: 863.2966... (more ethnicities), Val Loss: 853.1544, Val MAE: 14.1691, Val R2: 0.7390
2025-04-25 23:32:26,159 - spatial_moe_trainer - INFO - Epoch 11/100 - Train Loss: 578.7365 (Col: 182.6337, Jump: 287.2654, Decline: 55.5560, PDE: 1860.1437, Reg: 16006.3647), Eth Losses: China: 668.5744, India: 648.8131, Philippines: 866.5344... (more ethnicities), Val Loss: 842.8327, Val MAE: 14.2675, Val R2: 0.7422
2025-04-25 23:32:48,601 - spatial_moe_trainer - INFO - Trial pruned at epoch 12
2025-04-25 23:32:48,610 - spatial_moe_trainer - INFO - Saving metrics to ./optuna_results/trial_44/metrics
2025-04-25 23:32:48,612 - spatial_moe_trainer - INFO - Training metrics saved to ./optuna_results/trial_44/metrics/training_metrics.csv
2025-04-25 23:32:48,613 - spatial_moe_trainer - INFO - Validation metrics saved to ./optuna_results/trial_44/metrics/validation_metrics.csv
2025-04-25 23:32:48,651 - spatial_moe_trainer - INFO - Multi-Ethnic Spatial MoE model saved to ./optuna_results/trial_44/model.pt
2025-04-25 23:32:48,687 - __mp_main__ - INFO - Running trial 45 on device cuda:0
2025-04-25 23:32:48,703 - __main__ - INFO - Trial 44 completed with value: 842.832710
2025-04-25 23:32:48,883 - __mp_main__ - INFO - Using adjusted dimensions - hidden_dims: [69, 21, 9], coord_embed_dim: 24
2025-04-25 23:32:48,928 - spatial_moe_trainer - INFO - Multi-Ethnic Spatial MoE model initialized on cuda:0
2025-04-25 23:32:48,928 - spatial_moe_trainer - INFO - Model will predict 5 ethnicities: ['China', 'India', 'Philippines', 'Portugal', 'Sri Lanka']
2025-04-25 23:32:48,949 - __mp_main__ - INFO - Testing model forward pass before training...
2025-04-25 23:32:49,108 - __mp_main__ - INFO - Test forward pass successful. Output shape: torch.Size([64, 5])
2025-04-25 23:32:49,108 - spatial_moe_trainer - INFO - Starting multi-ethnic spatial MoE model training with learnable expert router...
2025-04-25 23:32:49,108 - spatial_moe_trainer - INFO - Using colonization_weight=5.929797740894588, jump_weight=8.243832678569301, decline_weight=7.21336390171172, pde_weight=3.968937001448836
2025-04-25 23:33:11,561 - spatial_moe_trainer - INFO - Epoch 1/100 - Train Loss: 1466.7770 (Col: 716.2270, Jump: 832.6706, Decline: 126.0224, PDE: 4769.1780, Reg: 24657.7998), Eth Losses: China: 1810.3754, India: 1633.4673, Philippines: 2429.1905... (more ethnicities), Val Loss: 1287.9664, Val MAE: 16.2945, Val R2: 0.6060
2025-04-25 23:33:34,168 - spatial_moe_trainer - INFO - Epoch 2/100 - Train Loss: 981.7183 (Col: 398.4654, Jump: 339.7263, Decline: 96.7060, PDE: 3396.4206, Reg: 26769.1007), Eth Losses: China: 1257.9306, India: 1185.0618, Philippines: 1363.5000... (more ethnicities), Val Loss: 1201.0659, Val MAE: 16.0824, Val R2: 0.6326
2025-04-25 23:33:56,588 - spatial_moe_trainer - INFO - Epoch 3/100 - Train Loss: 888.6176 (Col: 340.7103, Jump: 316.0883, Decline: 89.8299, PDE: 3096.5036, Reg: 20744.9394), Eth Losses: China: 1116.4006, India: 1144.2150, Philippines: 1114.8786... (more ethnicities), Val Loss: 1025.2352, Val MAE: 15.0313, Val R2: 0.6864
2025-04-25 23:34:19,115 - spatial_moe_trainer - INFO - Epoch 4/100 - Train Loss: 842.4371 (Col: 307.2048, Jump: 247.6874, Decline: 85.8982, PDE: 3070.5445, Reg: 16030.9204), Eth Losses: China: 1042.5588, India: 919.8092, Philippines: 1282.5787... (more ethnicities), Val Loss: 1049.1540, Val MAE: 14.7782, Val R2: 0.6791
2025-04-25 23:34:41,602 - spatial_moe_trainer - INFO - Epoch 5/100 - Train Loss: 804.6447 (Col: 318.2402, Jump: 290.0432, Decline: 82.1677, PDE: 2758.6809, Reg: 32896.0172), Eth Losses: China: 1015.4373, India: 1029.7849, Philippines: 1065.1385... (more ethnicities), Val Loss: 1012.7706, Val MAE: 14.4603, Val R2: 0.6902
2025-04-25 23:35:03,993 - spatial_moe_trainer - INFO - Epoch 6/100 - Train Loss: 745.2148 (Col: 250.8216, Jump: 267.4642, Decline: 82.4601, PDE: 2660.4718, Reg: 29228.0405), Eth Losses: China: 970.9225, India: 903.8775, Philippines: 1023.5534... (more ethnicities), Val Loss: 873.4271, Val MAE: 14.1360, Val R2: 0.7328
2025-04-25 23:35:26,406 - spatial_moe_trainer - INFO - Epoch 7/100 - Train Loss: 701.3668 (Col: 225.6586, Jump: 292.0287, Decline: 81.6250, PDE: 2528.0847, Reg: 24742.9154), Eth Losses: China: 851.8405, India: 732.4132, Philippines: 1114.5160... (more ethnicities), Val Loss: 886.3098, Val MAE: 13.9620, Val R2: 0.7289
2025-04-25 23:35:48,788 - spatial_moe_trainer - INFO - Epoch 8/100 - Train Loss: 696.8223 (Col: 221.3442, Jump: 237.4175, Decline: 79.5636, PDE: 2358.8158, Reg: 48506.5414), Eth Losses: China: 936.1831, India: 816.2351, Philippines: 950.7669... (more ethnicities), Val Loss: 838.4813, Val MAE: 13.7668, Val R2: 0.7435
2025-04-25 23:36:11,337 - spatial_moe_trainer - INFO - Epoch 9/100 - Train Loss: 639.3674 (Col: 195.0887, Jump: 171.1479, Decline: 85.0765, PDE: 2359.0585, Reg: 17634.5445), Eth Losses: China: 691.8002, India: 708.5914, Philippines: 1016.8378... (more ethnicities), Val Loss: 833.8359, Val MAE: 13.3770, Val R2: 0.7449
2025-04-25 23:36:33,793 - spatial_moe_trainer - INFO - Epoch 10/100 - Train Loss: 611.3791 (Col: 210.9699, Jump: 245.5107, Decline: 82.0780, PDE: 2161.4793, Reg: 26475.1449), Eth Losses: China: 673.1734, India: 701.0039, Philippines: 983.9510... (more ethnicities), Val Loss: 842.5965, Val MAE: 13.2333, Val R2: 0.7423
2025-04-25 23:36:56,201 - spatial_moe_trainer - INFO - Epoch 11/100 - Train Loss: 612.8604 (Col: 225.1261, Jump: 226.4107, Decline: 83.1996, PDE: 2067.1067, Reg: 40130.4345), Eth Losses: China: 797.4939, India: 652.4127, Philippines: 833.0993... (more ethnicities), Val Loss: 856.7517, Val MAE: 13.2088, Val R2: 0.7379
2025-04-25 23:37:18,680 - spatial_moe_trainer - INFO - Epoch 12/100 - Train Loss: 583.3515 (Col: 248.3075, Jump: 221.1976, Decline: 84.1875, PDE: 1956.6804, Reg: 18853.8796), Eth Losses: China: 664.0097, India: 687.8121, Philippines: 867.6187... (more ethnicities), Val Loss: 767.9355, Val MAE: 12.9668, Val R2: 0.7651
2025-04-25 23:37:41,289 - spatial_moe_trainer - INFO - Epoch 13/100 - Train Loss: 582.0040 (Col: 203.7953, Jump: 196.1342, Decline: 82.1837, PDE: 1995.3736, Reg: 30172.7232), Eth Losses: China: 750.5954, India: 637.4768, Philippines: 785.6336... (more ethnicities), Val Loss: 792.6401, Val MAE: 12.7835, Val R2: 0.7575
2025-04-25 23:38:03,758 - spatial_moe_trainer - INFO - Epoch 14/100 - Train Loss: 559.2782 (Col: 217.9829, Jump: 256.8025, Decline: 86.8094, PDE: 1943.6280, Reg: 17440.3689), Eth Losses: China: 721.1290, India: 682.4704, Philippines: 749.9826... (more ethnicities), Val Loss: 753.1312, Val MAE: 12.8275, Val R2: 0.7696
2025-04-25 23:38:26,221 - spatial_moe_trainer - INFO - Epoch 15/100 - Train Loss: 487.9314 (Col: 151.4653, Jump: 171.3838, Decline: 84.7300, PDE: 1738.2337, Reg: 17318.9720), Eth Losses: China: 587.5842, India: 556.9319, Philippines: 705.4820... (more ethnicities), Val Loss: 758.0606, Val MAE: 12.7858, Val R2: 0.7681
2025-04-25 23:38:48,650 - spatial_moe_trainer - INFO - Epoch 16/100 - Train Loss: 492.8862 (Col: 175.6657, Jump: 169.0431, Decline: 84.0925, PDE: 1701.0093, Reg: 21955.1926), Eth Losses: China: 619.2813, India: 554.5017, Philippines: 691.7438... (more ethnicities), Val Loss: 723.6228, Val MAE: 12.3320, Val R2: 0.7787
2025-04-25 23:39:11,195 - spatial_moe_trainer - INFO - Epoch 17/100 - Train Loss: 473.5084 (Col: 163.3427, Jump: 130.0816, Decline: 80.5964, PDE: 1669.1771, Reg: 18907.2999), Eth Losses: China: 557.1557, India: 514.6450, Philippines: 724.6129... (more ethnicities), Val Loss: 711.9234, Val MAE: 12.4631, Val R2: 0.7822
2025-04-25 23:39:33,599 - spatial_moe_trainer - INFO - Epoch 18/100 - Train Loss: 443.1473 (Col: 143.3094, Jump: 205.4182, Decline: 83.4590, PDE: 1557.1807, Reg: 10778.6666), Eth Losses: China: 535.3050, India: 517.1667, Philippines: 648.7294... (more ethnicities), Val Loss: 728.6096, Val MAE: 12.2548, Val R2: 0.7771
2025-04-25 23:39:55,952 - spatial_moe_trainer - INFO - Epoch 19/100 - Train Loss: 432.2206 (Col: 131.0275, Jump: 157.5354, Decline: 78.4242, PDE: 1562.4823, Reg: 9922.7422), Eth Losses: China: 524.5689, India: 489.2350, Philippines: 626.0401... (more ethnicities), Val Loss: 776.8584, Val MAE: 12.4761, Val R2: 0.7624
2025-04-25 23:40:18,385 - spatial_moe_trainer - INFO - Epoch 20/100 - Train Loss: 423.4215 (Col: 126.7630, Jump: 175.6389, Decline: 82.4807, PDE: 1518.8852, Reg: 14888.5708), Eth Losses: China: 503.6861, India: 484.3614, Philippines: 618.4594... (more ethnicities), Val Loss: 702.4711, Val MAE: 12.2850, Val R2: 0.7851
2025-04-25 23:40:40,778 - spatial_moe_trainer - INFO - Epoch 21/100 - Train Loss: 443.3799 (Col: 154.4134, Jump: 147.7989, Decline: 84.5998, PDE: 1516.8849, Reg: 19241.0132), Eth Losses: China: 536.2432, India: 600.9415, Philippines: 618.0828... (more ethnicities), Val Loss: 715.4355, Val MAE: 12.5357, Val R2: 0.7812
2025-04-25 23:41:03,190 - spatial_moe_trainer - INFO - Epoch 22/100 - Train Loss: 423.3513 (Col: 132.6296, Jump: 132.0892, Decline: 90.3285, PDE: 1517.3407, Reg: 7632.1374), Eth Losses: China: 543.0764, India: 473.6937, Philippines: 587.1402... (more ethnicities), Val Loss: 687.1223, Val MAE: 12.4735, Val R2: 0.7898
2025-04-25 23:41:25,615 - spatial_moe_trainer - INFO - Epoch 23/100 - Train Loss: 423.0471 (Col: 166.3907, Jump: 157.0396, Decline: 81.2497, PDE: 1425.5513, Reg: 14094.7557), Eth Losses: China: 580.1826, India: 463.9158, Philippines: 587.0118... (more ethnicities), Val Loss: 701.0145, Val MAE: 12.3527, Val R2: 0.7856
2025-04-25 23:41:48,091 - spatial_moe_trainer - INFO - Epoch 24/100 - Train Loss: 397.8312 (Col: 117.7532, Jump: 152.1646, Decline: 78.7007, PDE: 1434.9307, Reg: 10067.5804), Eth Losses: China: 532.4341, India: 431.6106, Philippines: 551.9772... (more ethnicities), Val Loss: 678.8997, Val MAE: 12.2259, Val R2: 0.7923
2025-04-25 23:42:10,610 - spatial_moe_trainer - INFO - Epoch 25/100 - Train Loss: 419.0372 (Col: 145.4699, Jump: 150.0143, Decline: 78.7668, PDE: 1419.6870, Reg: 21627.2223), Eth Losses: China: 500.5771, India: 540.7173, Philippines: 556.0996... (more ethnicities), Val Loss: 726.1428, Val MAE: 12.0574, Val R2: 0.7779
2025-04-25 23:42:33,024 - spatial_moe_trainer - INFO - Epoch 26/100 - Train Loss: 397.3247 (Col: 126.5172, Jump: 142.6256, Decline: 77.9301, PDE: 1413.2874, Reg: 16604.6770), Eth Losses: China: 469.0297, India: 497.7631, Philippines: 561.1034... (more ethnicities), Val Loss: 698.8877, Val MAE: 12.0141, Val R2: 0.7862
2025-04-25 23:42:55,364 - spatial_moe_trainer - INFO - Epoch 27/100 - Train Loss: 402.4677 (Col: 148.8057, Jump: 129.0634, Decline: 77.2844, PDE: 1374.7416, Reg: 15294.9135), Eth Losses: China: 524.1821, India: 550.8349, Philippines: 524.7639... (more ethnicities), Val Loss: 692.8887, Val MAE: 11.9747, Val R2: 0.7881
2025-04-25 23:43:17,768 - spatial_moe_trainer - INFO - Epoch 28/100 - Train Loss: 376.2167 (Col: 107.2756, Jump: 133.5055, Decline: 78.0219, PDE: 1370.7449, Reg: 11525.4750), Eth Losses: China: 444.8686, India: 451.0892, Philippines: 524.1548... (more ethnicities), Val Loss: 699.3541, Val MAE: 11.9855, Val R2: 0.7861
2025-04-25 23:43:40,101 - spatial_moe_trainer - INFO - Epoch 29/100 - Train Loss: 375.7863 (Col: 117.6366, Jump: 186.2708, Decline: 81.2599, PDE: 1357.4941, Reg: 8025.4036), Eth Losses: China: 450.8428, India: 444.5938, Philippines: 569.4364... (more ethnicities), Val Loss: 716.7792, Val MAE: 12.0020, Val R2: 0.7808
2025-04-25 23:44:02,506 - spatial_moe_trainer - INFO - Epoch 30/100 - Train Loss: 372.8496 (Col: 131.5534, Jump: 132.9232, Decline: 81.1923, PDE: 1284.8597, Reg: 8984.7193), Eth Losses: China: 475.6848, India: 419.4376, Philippines: 507.6785... (more ethnicities), Val Loss: 744.0296, Val MAE: 12.0055, Val R2: 0.7724
2025-04-25 23:44:24,847 - spatial_moe_trainer - INFO - Epoch 31/100 - Train Loss: 363.4430 (Col: 101.3874, Jump: 154.2266, Decline: 77.3698, PDE: 1335.6510, Reg: 6290.6056), Eth Losses: China: 428.8436, India: 392.4124, Philippines: 554.7321... (more ethnicities), Val Loss: 674.7816, Val MAE: 11.7359, Val R2: 0.7936
2025-04-25 23:44:47,308 - spatial_moe_trainer - INFO - Epoch 32/100 - Train Loss: 377.0731 (Col: 147.7178, Jump: 154.5009, Decline: 80.9972, PDE: 1241.6898, Reg: 12880.9636), Eth Losses: China: 527.7896, India: 415.8048, Philippines: 535.5743... (more ethnicities), Val Loss: 681.2893, Val MAE: 11.7430, Val R2: 0.7916
2025-04-25 23:45:09,666 - spatial_moe_trainer - INFO - Epoch 33/100 - Train Loss: 353.8142 (Col: 102.5969, Jump: 159.2586, Decline: 77.7140, PDE: 1260.2245, Reg: 10467.5349), Eth Losses: China: 467.2490, India: 427.7728, Philippines: 466.9849... (more ethnicities), Val Loss: 697.3168, Val MAE: 11.7722, Val R2: 0.7867
2025-04-25 23:45:32,129 - spatial_moe_trainer - INFO - Epoch 34/100 - Train Loss: 344.6560 (Col: 103.2464, Jump: 120.4502, Decline: 75.0619, PDE: 1223.5436, Reg: 11934.6993), Eth Losses: China: 463.8246, India: 425.4258, Philippines: 460.1944... (more ethnicities), Val Loss: 708.1844, Val MAE: 11.9179, Val R2: 0.7834
2025-04-25 23:45:54,466 - spatial_moe_trainer - INFO - Epoch 35/100 - Train Loss: 321.8542 (Col: 88.2141, Jump: 138.9455, Decline: 81.4148, PDE: 1165.9306, Reg: 6324.9934), Eth Losses: China: 391.8117, India: 371.0597, Philippines: 449.1084... (more ethnicities), Val Loss: 699.4788, Val MAE: 11.8314, Val R2: 0.7860
2025-04-25 23:46:16,836 - spatial_moe_trainer - INFO - Epoch 36/100 - Train Loss: 343.4936 (Col: 114.8269, Jump: 143.8994, Decline: 76.7919, PDE: 1214.8830, Reg: 6697.6080), Eth Losses: China: 423.3403, India: 432.5801, Philippines: 487.0535... (more ethnicities), Val Loss: 708.7235, Val MAE: 11.9311, Val R2: 0.7832
2025-04-25 23:46:39,297 - spatial_moe_trainer - INFO - Epoch 37/100 - Train Loss: 353.7392 (Col: 124.4719, Jump: 139.3409, Decline: 82.7887, PDE: 1228.2525, Reg: 5111.5907), Eth Losses: China: 441.2333, India: 486.3907, Philippines: 456.4761... (more ethnicities), Val Loss: 700.7573, Val MAE: 11.9466, Val R2: 0.7857
2025-04-25 23:47:01,756 - spatial_moe_trainer - INFO - Epoch 38/100 - Train Loss: 319.0213 (Col: 113.5124, Jump: 155.9480, Decline: 77.9246, PDE: 1093.8278, Reg: 5831.5545), Eth Losses: China: 370.8480, India: 442.1043, Philippines: 436.3740... (more ethnicities), Val Loss: 698.9729, Val MAE: 11.9059, Val R2: 0.7862
2025-04-25 23:47:24,121 - spatial_moe_trainer - INFO - Epoch 39/100 - Train Loss: 348.8691 (Col: 85.8053, Jump: 171.3418, Decline: 78.5940, PDE: 1276.1469, Reg: 12050.3933), Eth Losses: China: 429.6964, India: 360.1572, Philippines: 550.2680... (more ethnicities), Val Loss: 710.2239, Val MAE: 11.9060, Val R2: 0.7828
2025-04-25 23:47:46,755 - spatial_moe_trainer - INFO - Trial pruned at epoch 40
2025-04-25 23:47:46,762 - spatial_moe_trainer - INFO - Saving metrics to ./optuna_results/trial_45/metrics
2025-04-25 23:47:46,765 - spatial_moe_trainer - INFO - Training metrics saved to ./optuna_results/trial_45/metrics/training_metrics.csv
2025-04-25 23:47:46,768 - spatial_moe_trainer - INFO - Validation metrics saved to ./optuna_results/trial_45/metrics/validation_metrics.csv
2025-04-25 23:47:46,806 - spatial_moe_trainer - INFO - Multi-Ethnic Spatial MoE model saved to ./optuna_results/trial_45/model.pt
2025-04-25 23:47:46,841 - __mp_main__ - INFO - Running trial 46 on device cuda:0
2025-04-25 23:47:46,857 - __main__ - INFO - Trial 45 completed with value: 674.781641
2025-04-25 23:47:47,042 - __mp_main__ - INFO - Using adjusted dimensions - hidden_dims: [78, 12, 6], coord_embed_dim: 21
2025-04-25 23:47:47,088 - spatial_moe_trainer - INFO - Multi-Ethnic Spatial MoE model initialized on cuda:0
2025-04-25 23:47:47,088 - spatial_moe_trainer - INFO - Model will predict 5 ethnicities: ['China', 'India', 'Philippines', 'Portugal', 'Sri Lanka']
2025-04-25 23:47:47,109 - __mp_main__ - INFO - Testing model forward pass before training...
2025-04-25 23:47:47,268 - __mp_main__ - INFO - Test forward pass successful. Output shape: torch.Size([64, 5])
2025-04-25 23:47:47,268 - spatial_moe_trainer - INFO - Starting multi-ethnic spatial MoE model training with learnable expert router...
2025-04-25 23:47:47,268 - spatial_moe_trainer - INFO - Using colonization_weight=6.64195280415911, jump_weight=6.782379814063325, decline_weight=6.259608110326931, pde_weight=8.777672978372246
2025-04-25 23:48:09,671 - spatial_moe_trainer - INFO - Epoch 1/100 - Train Loss: 1552.4417 (Col: 811.5163, Jump: 924.5748, Decline: 90.6082, PDE: 4690.4624, Reg: 24929.6910), Eth Losses: China: 1730.7798, India: 1935.7436, Philippines: 2596.9579... (more ethnicities), Val Loss: 1456.4211, Val MAE: 17.1277, Val R2: 0.5545
2025-04-25 23:48:32,210 - spatial_moe_trainer - INFO - Epoch 2/100 - Train Loss: 1109.8067 (Col: 514.2446, Jump: 892.6513, Decline: 80.6816, PDE: 3515.1061, Reg: 13660.9395), Eth Losses: China: 1220.9267, India: 1617.8901, Philippines: 1401.7704... (more ethnicities), Val Loss: 1247.4278, Val MAE: 16.4273, Val R2: 0.6184
2025-04-25 23:48:54,646 - spatial_moe_trainer - INFO - Epoch 3/100 - Train Loss: 921.5649 (Col: 407.3420, Jump: 494.8417, Decline: 73.1179, PDE: 2883.7870, Reg: 21934.7447), Eth Losses: China: 1149.4482, India: 1166.9577, Philippines: 1245.7944... (more ethnicities), Val Loss: 1192.3540, Val MAE: 16.2461, Val R2: 0.6353
2025-04-25 23:49:17,089 - spatial_moe_trainer - INFO - Epoch 4/100 - Train Loss: 806.1464 (Col: 341.3772, Jump: 377.4802, Decline: 70.3122, PDE: 2520.7436, Reg: 20721.0680), Eth Losses: China: 1136.1234, India: 958.3180, Philippines: 1012.7351... (more ethnicities), Val Loss: 1066.0742, Val MAE: 15.6875, Val R2: 0.6739
2025-04-25 23:49:39,520 - spatial_moe_trainer - INFO - Epoch 5/100 - Train Loss: 775.4595 (Col: 343.4091, Jump: 325.4585, Decline: 72.1827, PDE: 2374.6815, Reg: 29605.1866), Eth Losses: China: 1049.7560, India: 866.6160, Philippines: 1060.6221... (more ethnicities), Val Loss: 1002.2752, Val MAE: 15.3398, Val R2: 0.6934
2025-04-25 23:50:01,877 - spatial_moe_trainer - INFO - Epoch 6/100 - Train Loss: 702.9988 (Col: 278.8001, Jump: 362.9313, Decline: 69.4786, PDE: 2222.4578, Reg: 21818.4409), Eth Losses: China: 907.9794, India: 796.7778, Philippines: 926.4112... (more ethnicities), Val Loss: 946.9314, Val MAE: 15.2702, Val R2: 0.7104
2025-04-25 23:50:24,296 - spatial_moe_trainer - INFO - Epoch 7/100 - Train Loss: 644.9214 (Col: 223.6968, Jump: 276.2524, Decline: 71.2063, PDE: 2110.7178, Reg: 19192.8186), Eth Losses: China: 803.5384, India: 635.6673, Philippines: 956.8301... (more ethnicities), Val Loss: 906.0739, Val MAE: 14.2049, Val R2: 0.7229
2025-04-25 23:50:46,543 - spatial_moe_trainer - INFO - Epoch 8/100 - Train Loss: 631.2663 (Col: 256.4268, Jump: 255.9827, Decline: 67.9812, PDE: 2005.6693, Reg: 15441.0560), Eth Losses: China: 793.2716, India: 704.3983, Philippines: 827.8825... (more ethnicities), Val Loss: 870.2544, Val MAE: 14.6844, Val R2: 0.7338
2025-04-25 23:51:08,981 - spatial_moe_trainer - INFO - Epoch 9/100 - Train Loss: 608.7602 (Col: 236.6266, Jump: 261.9499, Decline: 69.2279, PDE: 1948.5650, Reg: 16387.4941), Eth Losses: China: 709.9412, India: 640.1932, Philippines: 857.5028... (more ethnicities), Val Loss: 836.9843, Val MAE: 13.8572, Val R2: 0.7440
2025-04-25 23:51:31,462 - spatial_moe_trainer - INFO - Epoch 10/100 - Train Loss: 603.0098 (Col: 239.5627, Jump: 284.7949, Decline: 70.7159, PDE: 1895.7538, Reg: 23598.6756), Eth Losses: China: 721.6260, India: 667.6037, Philippines: 802.8950... (more ethnicities), Val Loss: 808.0815, Val MAE: 13.8308, Val R2: 0.7528
2025-04-25 23:51:53,835 - spatial_moe_trainer - INFO - Epoch 11/100 - Train Loss: 550.6710 (Col: 207.0712, Jump: 229.5784, Decline: 72.1243, PDE: 1694.2881, Reg: 25664.7348), Eth Losses: China: 682.3723, India: 564.8896, Philippines: 765.7523... (more ethnicities), Val Loss: 800.3209, Val MAE: 13.8605, Val R2: 0.7552
2025-04-25 23:52:16,280 - spatial_moe_trainer - INFO - Epoch 12/100 - Train Loss: 515.6953 (Col: 176.0655, Jump: 277.3555, Decline: 75.9373, PDE: 1672.7618, Reg: 16308.4176), Eth Losses: China: 626.0822, India: 508.7633, Philippines: 723.5260... (more ethnicities), Val Loss: 770.4808, Val MAE: 13.6613, Val R2: 0.7643
2025-04-25 23:52:38,662 - spatial_moe_trainer - INFO - Epoch 13/100 - Train Loss: 537.2701 (Col: 211.3951, Jump: 182.1830, Decline: 82.4411, PDE: 1609.9383, Reg: 20509.9573), Eth Losses: China: 623.0395, India: 640.8245, Philippines: 724.7655... (more ethnicities), Val Loss: 765.1277, Val MAE: 13.4024, Val R2: 0.7660
2025-04-25 23:53:01,110 - spatial_moe_trainer - INFO - Epoch 14/100 - Train Loss: 521.3226 (Col: 206.0466, Jump: 210.9841, Decline: 78.7893, PDE: 1624.9186, Reg: 14705.1964), Eth Losses: China: 650.3748, India: 564.7717, Philippines: 676.3191... (more ethnicities), Val Loss: 750.8650, Val MAE: 13.4220, Val R2: 0.7703
2025-04-25 23:53:23,747 - spatial_moe_trainer - INFO - Epoch 15/100 - Train Loss: 490.7424 (Col: 166.5487, Jump: 212.1311, Decline: 78.2263, PDE: 1610.0370, Reg: 15333.9353), Eth Losses: China: 584.3409, India: 469.1441, Philippines: 712.3518... (more ethnicities), Val Loss: 780.2750, Val MAE: 13.4958, Val R2: 0.7613
2025-04-25 23:53:46,151 - spatial_moe_trainer - INFO - Epoch 16/100 - Train Loss: 536.1633 (Col: 230.8437, Jump: 225.3416, Decline: 80.4872, PDE: 1607.1493, Reg: 16838.0322), Eth Losses: China: 667.8613, India: 565.5121, Philippines: 729.4796... (more ethnicities), Val Loss: 757.4153, Val MAE: 13.2406, Val R2: 0.7683
2025-04-25 23:54:08,798 - spatial_moe_trainer - INFO - Epoch 17/100 - Train Loss: 495.0271 (Col: 192.2090, Jump: 184.7549, Decline: 84.2296, PDE: 1500.9882, Reg: 23673.1976), Eth Losses: China: 609.7942, India: 553.8736, Philippines: 617.8419... (more ethnicities), Val Loss: 734.4966, Val MAE: 13.0122, Val R2: 0.7753
2025-04-25 23:54:31,303 - spatial_moe_trainer - INFO - Epoch 18/100 - Train Loss: 469.1267 (Col: 181.3458, Jump: 183.8165, Decline: 81.8539, PDE: 1424.2641, Reg: 19780.1433), Eth Losses: China: 564.2743, India: 522.9809, Philippines: 599.4975... (more ethnicities), Val Loss: 700.8798, Val MAE: 12.7250, Val R2: 0.7856
2025-04-25 23:54:53,826 - spatial_moe_trainer - INFO - Epoch 19/100 - Train Loss: 455.5097 (Col: 176.7631, Jump: 193.1918, Decline: 80.6683, PDE: 1382.4386, Reg: 15736.7870), Eth Losses: China: 539.2095, India: 486.8569, Philippines: 565.1659... (more ethnicities), Val Loss: 695.4637, Val MAE: 12.7624, Val R2: 0.7873
2025-04-25 23:55:16,328 - spatial_moe_trainer - INFO - Epoch 20/100 - Train Loss: 464.0698 (Col: 163.4910, Jump: 186.0356, Decline: 82.7179, PDE: 1483.3430, Reg: 16984.9545), Eth Losses: China: 533.0213, India: 530.2777, Philippines: 632.6273... (more ethnicities), Val Loss: 713.2755, Val MAE: 12.8353, Val R2: 0.7818
2025-04-25 23:55:38,831 - spatial_moe_trainer - INFO - Epoch 21/100 - Train Loss: 434.3250 (Col: 169.7120, Jump: 188.7474, Decline: 83.5968, PDE: 1336.7225, Reg: 13010.7924), Eth Losses: China: 472.6572, India: 501.5315, Philippines: 569.1535... (more ethnicities), Val Loss: 715.7035, Val MAE: 12.4336, Val R2: 0.7811
2025-04-25 23:56:01,488 - spatial_moe_trainer - INFO - Epoch 22/100 - Train Loss: 477.5177 (Col: 238.3340, Jump: 152.7387, Decline: 82.8112, PDE: 1342.1163, Reg: 20650.7812), Eth Losses: China: 525.4643, India: 690.5827, Philippines: 602.9393... (more ethnicities), Val Loss: 708.4568, Val MAE: 12.5771, Val R2: 0.7833
2025-04-25 23:56:23,939 - spatial_moe_trainer - INFO - Epoch 23/100 - Train Loss: 461.2215 (Col: 187.6653, Jump: 162.9058, Decline: 80.6999, PDE: 1340.8951, Reg: 20417.6076), Eth Losses: China: 615.9091, India: 468.6976, Philippines: 588.8402... (more ethnicities), Val Loss: 719.6219, Val MAE: 12.5162, Val R2: 0.7799
2025-04-25 23:56:46,359 - spatial_moe_trainer - INFO - Epoch 24/100 - Train Loss: 412.3879 (Col: 142.4227, Jump: 194.3479, Decline: 85.1178, PDE: 1292.7498, Reg: 12886.7071), Eth Losses: China: 512.7452, India: 414.8505, Philippines: 509.0295... (more ethnicities), Val Loss: 692.2773, Val MAE: 12.4168, Val R2: 0.7882
2025-04-25 23:57:08,786 - spatial_moe_trainer - INFO - Epoch 25/100 - Train Loss: 417.0878 (Col: 155.5220, Jump: 189.9615, Decline: 83.0170, PDE: 1254.0005, Reg: 18707.1710), Eth Losses: China: 531.0972, India: 461.3320, Philippines: 495.2073... (more ethnicities), Val Loss: 689.3716, Val MAE: 12.1747, Val R2: 0.7891
2025-04-25 23:57:31,294 - spatial_moe_trainer - INFO - Epoch 26/100 - Train Loss: 403.6694 (Col: 141.5781, Jump: 187.9019, Decline: 82.9952, PDE: 1252.7450, Reg: 17486.5123), Eth Losses: China: 471.5244, India: 519.6209, Philippines: 521.4170... (more ethnicities), Val Loss: 724.3923, Val MAE: 12.2535, Val R2: 0.7784
2025-04-25 23:57:53,835 - spatial_moe_trainer - INFO - Epoch 27/100 - Train Loss: 376.3870 (Col: 136.6827, Jump: 164.6763, Decline: 79.9864, PDE: 1170.4801, Reg: 13600.8193), Eth Losses: China: 445.2303, India: 396.3869, Philippines: 452.6528... (more ethnicities), Val Loss: 731.9036, Val MAE: 12.6337, Val R2: 0.7761
2025-04-25 23:58:16,226 - spatial_moe_trainer - INFO - Epoch 28/100 - Train Loss: 417.0769 (Col: 162.2612, Jump: 144.3580, Decline: 82.5734, PDE: 1217.8729, Reg: 22204.7262), Eth Losses: China: 516.0170, India: 465.7024, Philippines: 524.0933... (more ethnicities), Val Loss: 686.1168, Val MAE: 12.1906, Val R2: 0.7901
2025-04-25 23:58:38,567 - spatial_moe_trainer - INFO - Epoch 29/100 - Train Loss: 390.7760 (Col: 147.9761, Jump: 177.5102, Decline: 83.0887, PDE: 1166.0454, Reg: 14548.4612), Eth Losses: China: 502.3239, India: 404.9157, Philippines: 519.7743... (more ethnicities), Val Loss: 679.0427, Val MAE: 12.2386, Val R2: 0.7923
2025-04-25 23:59:00,949 - spatial_moe_trainer - INFO - Epoch 30/100 - Train Loss: 404.6815 (Col: 178.7134, Jump: 170.0630, Decline: 86.6561, PDE: 1161.8823, Reg: 13677.3092), Eth Losses: China: 553.9392, India: 468.5140, Philippines: 494.4741... (more ethnicities), Val Loss: 666.9938, Val MAE: 12.2450, Val R2: 0.7960
2025-04-25 23:59:23,360 - spatial_moe_trainer - INFO - Epoch 31/100 - Train Loss: 380.6005 (Col: 140.9317, Jump: 166.4644, Decline: 90.3586, PDE: 1177.2750, Reg: 13448.0770), Eth Losses: China: 458.0523, India: 395.1448, Philippines: 490.9042... (more ethnicities), Val Loss: 647.0166, Val MAE: 11.9461, Val R2: 0.8021
2025-04-25 23:59:46,020 - spatial_moe_trainer - INFO - Epoch 32/100 - Train Loss: 385.2769 (Col: 148.8020, Jump: 137.6816, Decline: 87.5964, PDE: 1157.5475, Reg: 16608.5506), Eth Losses: China: 537.8290, India: 379.4795, Philippines: 502.1701... (more ethnicities), Val Loss: 642.4826, Val MAE: 12.2728, Val R2: 0.8035
2025-04-26 00:00:08,529 - spatial_moe_trainer - INFO - Epoch 33/100 - Train Loss: 398.3636 (Col: 196.4105, Jump: 146.4073, Decline: 89.1081, PDE: 1113.4562, Reg: 16455.9237), Eth Losses: China: 500.7468, India: 517.2352, Philippines: 428.0552... (more ethnicities), Val Loss: 707.5912, Val MAE: 12.2617, Val R2: 0.7836
2025-04-26 00:00:30,807 - spatial_moe_trainer - INFO - Epoch 34/100 - Train Loss: 351.3079 (Col: 131.8966, Jump: 170.7015, Decline: 85.4360, PDE: 1066.4160, Reg: 11336.7198), Eth Losses: China: 454.4980, India: 381.1200, Philippines: 432.0087... (more ethnicities), Val Loss: 667.0005, Val MAE: 12.3200, Val R2: 0.7960
2025-04-26 00:00:53,153 - spatial_moe_trainer - INFO - Epoch 35/100 - Train Loss: 363.7996 (Col: 148.0402, Jump: 161.8454, Decline: 87.3902, PDE: 1089.4811, Reg: 12513.5161), Eth Losses: China: 449.6771, India: 387.6346, Philippines: 434.9591... (more ethnicities), Val Loss: 640.9403, Val MAE: 12.0691, Val R2: 0.8039
2025-04-26 00:01:15,556 - spatial_moe_trainer - INFO - Epoch 36/100 - Train Loss: 370.9594 (Col: 148.9956, Jump: 166.3015, Decline: 86.6441, PDE: 1107.7523, Reg: 11340.1227), Eth Losses: China: 426.1204, India: 459.0347, Philippines: 440.5589... (more ethnicities), Val Loss: 673.0291, Val MAE: 12.1481, Val R2: 0.7941
2025-04-26 00:01:37,853 - spatial_moe_trainer - INFO - Epoch 37/100 - Train Loss: 363.8261 (Col: 148.4556, Jump: 142.2502, Decline: 84.6475, PDE: 1079.6963, Reg: 14159.8250), Eth Losses: China: 409.9139, India: 378.8907, Philippines: 470.8819... (more ethnicities), Val Loss: 657.9577, Val MAE: 12.1594, Val R2: 0.7987
2025-04-26 00:02:00,306 - spatial_moe_trainer - INFO - Epoch 38/100 - Train Loss: 342.0719 (Col: 123.4866, Jump: 166.6645, Decline: 92.1711, PDE: 1070.4213, Reg: 7454.6015), Eth Losses: China: 419.4032, India: 374.9502, Philippines: 430.1952... (more ethnicities), Val Loss: 650.2689, Val MAE: 11.9527, Val R2: 0.8011
2025-04-26 00:02:22,827 - spatial_moe_trainer - INFO - Epoch 39/100 - Train Loss: 337.7833 (Col: 134.4990, Jump: 147.6699, Decline: 88.1111, PDE: 1037.6284, Reg: 7787.7147), Eth Losses: China: 369.4917, India: 407.1499, Philippines: 426.5253... (more ethnicities), Val Loss: 677.5792, Val MAE: 12.3626, Val R2: 0.7927
2025-04-26 00:02:45,326 - spatial_moe_trainer - INFO - Epoch 40/100 - Train Loss: 355.6674 (Col: 159.5214, Jump: 151.2747, Decline: 90.4706, PDE: 1026.8457, Reg: 9787.5028), Eth Losses: China: 394.1956, India: 421.6528, Philippines: 466.0667... (more ethnicities), Val Loss: 635.0305, Val MAE: 11.8273, Val R2: 0.8058
2025-04-26 00:03:07,730 - spatial_moe_trainer - INFO - Epoch 41/100 - Train Loss: 337.5176 (Col: 110.9848, Jump: 146.2760, Decline: 89.5018, PDE: 1062.1597, Reg: 10406.6289), Eth Losses: China: 398.8457, India: 366.4491, Philippines: 468.5857... (more ethnicities), Val Loss: 618.2709, Val MAE: 11.9223, Val R2: 0.8109
2025-04-26 00:03:30,114 - spatial_moe_trainer - INFO - Epoch 42/100 - Train Loss: 334.9178 (Col: 150.8049, Jump: 164.2091, Decline: 91.1467, PDE: 964.4243, Reg: 10167.9617), Eth Losses: China: 382.9707, India: 466.4978, Philippines: 413.0063... (more ethnicities), Val Loss: 624.1185, Val MAE: 11.8210, Val R2: 0.8091
2025-04-26 00:03:52,366 - spatial_moe_trainer - INFO - Epoch 43/100 - Train Loss: 318.4947 (Col: 115.7946, Jump: 152.0966, Decline: 88.6391, PDE: 983.3241, Reg: 7611.9259), Eth Losses: China: 360.5313, India: 342.6504, Philippines: 423.6039... (more ethnicities), Val Loss: 631.4303, Val MAE: 11.6812, Val R2: 0.8069
2025-04-26 00:04:14,740 - spatial_moe_trainer - INFO - Epoch 44/100 - Train Loss: 313.9506 (Col: 111.6752, Jump: 147.4959, Decline: 90.1391, PDE: 961.2992, Reg: 8723.8811), Eth Losses: China: 363.9756, India: 391.8124, Philippines: 388.6668... (more ethnicities), Val Loss: 656.9697, Val MAE: 11.9095, Val R2: 0.7990
2025-04-26 00:04:37,219 - spatial_moe_trainer - INFO - Epoch 45/100 - Train Loss: 314.8120 (Col: 123.1764, Jump: 142.5543, Decline: 89.7291, PDE: 933.1558, Reg: 9722.6600), Eth Losses: China: 375.1828, India: 335.1906, Philippines: 367.3109... (more ethnicities), Val Loss: 604.0210, Val MAE: 11.7507, Val R2: 0.8152
2025-04-26 00:04:59,788 - spatial_moe_trainer - INFO - Epoch 46/100 - Train Loss: 327.2500 (Col: 136.8990, Jump: 157.8183, Decline: 91.4500, PDE: 965.4902, Reg: 11307.7042), Eth Losses: China: 414.3461, India: 341.6071, Philippines: 425.8148... (more ethnicities), Val Loss: 641.8811, Val MAE: 12.0973, Val R2: 0.8037
2025-04-26 00:05:22,351 - spatial_moe_trainer - INFO - Epoch 47/100 - Train Loss: 319.6689 (Col: 110.4269, Jump: 137.0410, Decline: 90.9684, PDE: 960.2169, Reg: 12881.4957), Eth Losses: China: 381.7644, India: 329.3518, Philippines: 429.3692... (more ethnicities), Val Loss: 601.9866, Val MAE: 11.7999, Val R2: 0.8159
2025-04-26 00:05:44,823 - spatial_moe_trainer - INFO - Epoch 48/100 - Train Loss: 316.8925 (Col: 112.2170, Jump: 133.7997, Decline: 91.3874, PDE: 967.4651, Reg: 8177.4622), Eth Losses: China: 387.7709, India: 386.8763, Philippines: 404.0649... (more ethnicities), Val Loss: 614.8298, Val MAE: 11.7801, Val R2: 0.8119
2025-04-26 00:06:07,281 - spatial_moe_trainer - INFO - Epoch 49/100 - Train Loss: 321.4542 (Col: 104.9097, Jump: 138.5897, Decline: 91.8604, PDE: 954.3309, Reg: 17282.8620), Eth Losses: China: 416.1320, India: 331.9611, Philippines: 385.1876... (more ethnicities), Val Loss: 640.4596, Val MAE: 11.9431, Val R2: 0.8041
2025-04-26 00:06:29,855 - spatial_moe_trainer - INFO - Epoch 50/100 - Train Loss: 336.9507 (Col: 151.2197, Jump: 136.7389, Decline: 91.6132, PDE: 959.4781, Reg: 9655.4791), Eth Losses: China: 399.3738, India: 472.9261, Philippines: 392.3597... (more ethnicities), Val Loss: 667.7536, Val MAE: 11.9617, Val R2: 0.7957
2025-04-26 00:06:52,308 - spatial_moe_trainer - INFO - Epoch 51/100 - Train Loss: 283.3675 (Col: 110.5185, Jump: 141.8918, Decline: 90.9592, PDE: 837.9575, Reg: 7323.3629), Eth Losses: China: 296.8740, India: 292.2494, Philippines: 379.0621... (more ethnicities), Val Loss: 631.3914, Val MAE: 11.8311, Val R2: 0.8069
2025-04-26 00:07:14,833 - spatial_moe_trainer - INFO - Epoch 52/100 - Train Loss: 312.5246 (Col: 126.5855, Jump: 144.7515, Decline: 89.3687, PDE: 934.9335, Reg: 7113.1813), Eth Losses: China: 378.2259, India: 435.0886, Philippines: 372.8901... (more ethnicities), Val Loss: 630.6226, Val MAE: 11.7039, Val R2: 0.8071
2025-04-26 00:07:37,545 - spatial_moe_trainer - INFO - Epoch 53/100 - Train Loss: 330.3721 (Col: 160.5386, Jump: 134.8865, Decline: 96.0900, PDE: 933.8196, Reg: 6413.1177), Eth Losses: China: 468.5749, India: 334.2498, Philippines: 379.8231... (more ethnicities), Val Loss: 651.3059, Val MAE: 11.9052, Val R2: 0.8008
2025-04-26 00:08:00,076 - spatial_moe_trainer - INFO - Epoch 54/100 - Train Loss: 294.0561 (Col: 108.5826, Jump: 140.8584, Decline: 92.8017, PDE: 884.5018, Reg: 9758.2603), Eth Losses: China: 378.5282, India: 312.2418, Philippines: 377.0802... (more ethnicities), Val Loss: 624.7030, Val MAE: 11.7827, Val R2: 0.8089
2025-04-26 00:08:22,650 - spatial_moe_trainer - INFO - Epoch 55/100 - Train Loss: 286.8701 (Col: 106.3476, Jump: 127.3027, Decline: 95.0553, PDE: 852.2264, Reg: 10887.4462), Eth Losses: China: 363.8534, India: 288.4530, Philippines: 343.3199... (more ethnicities), Val Loss: 601.2540, Val MAE: 11.5341, Val R2: 0.8161
2025-04-26 00:08:45,035 - spatial_moe_trainer - INFO - Epoch 56/100 - Train Loss: 293.6771 (Col: 113.3582, Jump: 127.1853, Decline: 91.2106, PDE: 868.1116, Reg: 8678.0576), Eth Losses: China: 351.0974, India: 344.7525, Philippines: 375.0179... (more ethnicities), Val Loss: 601.3495, Val MAE: 11.5861, Val R2: 0.8161
2025-04-26 00:09:07,560 - spatial_moe_trainer - INFO - Epoch 57/100 - Train Loss: 287.7087 (Col: 113.0815, Jump: 118.3367, Decline: 93.0543, PDE: 850.3166, Reg: 7564.6022), Eth Losses: China: 325.0285, India: 333.7231, Philippines: 371.1395... (more ethnicities), Val Loss: 614.9492, Val MAE: 11.5769, Val R2: 0.8119
2025-04-26 00:09:30,049 - spatial_moe_trainer - INFO - Epoch 58/100 - Train Loss: 296.0149 (Col: 120.1770, Jump: 123.4903, Decline: 88.9411, PDE: 861.3098, Reg: 9187.9295), Eth Losses: China: 456.0586, India: 295.2629, Philippines: 359.9978... (more ethnicities), Val Loss: 602.4674, Val MAE: 11.5054, Val R2: 0.8157
2025-04-26 00:09:52,353 - spatial_moe_trainer - INFO - Epoch 59/100 - Train Loss: 269.6493 (Col: 81.6063, Jump: 122.1297, Decline: 86.0798, PDE: 848.6663, Reg: 7778.3616), Eth Losses: China: 326.1353, India: 282.7605, Philippines: 347.5740... (more ethnicities), Val Loss: 592.2949, Val MAE: 11.4231, Val R2: 0.8188
2025-04-26 00:10:14,681 - spatial_moe_trainer - INFO - Epoch 60/100 - Train Loss: 280.7798 (Col: 108.1370, Jump: 124.4681, Decline: 86.4294, PDE: 828.3411, Reg: 11311.1219), Eth Losses: China: 350.5118, India: 386.2719, Philippines: 315.6631... (more ethnicities), Val Loss: 613.2598, Val MAE: 11.6320, Val R2: 0.8124
2025-04-26 00:10:37,054 - spatial_moe_trainer - INFO - Epoch 61/100 - Train Loss: 262.1144 (Col: 86.5243, Jump: 133.3124, Decline: 90.4781, PDE: 806.3744, Reg: 8678.3471), Eth Losses: China: 309.8546, India: 276.8662, Philippines: 336.5896... (more ethnicities), Val Loss: 594.0924, Val MAE: 11.5761, Val R2: 0.8183
2025-04-26 00:10:59,429 - spatial_moe_trainer - INFO - Epoch 62/100 - Train Loss: 276.9228 (Col: 99.5446, Jump: 111.4934, Decline: 91.6126, PDE: 791.7078, Reg: 11907.3766), Eth Losses: China: 368.3417, India: 318.9115, Philippines: 319.8259... (more ethnicities), Val Loss: 606.0476, Val MAE: 11.6029, Val R2: 0.8146
2025-04-26 00:11:21,955 - spatial_moe_trainer - INFO - Epoch 63/100 - Train Loss: 259.7597 (Col: 88.3673, Jump: 118.3953, Decline: 90.0519, PDE: 781.1121, Reg: 8945.8489), Eth Losses: China: 332.9977, India: 309.4201, Philippines: 292.5658... (more ethnicities), Val Loss: 621.3265, Val MAE: 11.8728, Val R2: 0.8099
2025-04-26 00:11:44,493 - spatial_moe_trainer - INFO - Epoch 64/100 - Train Loss: 274.5902 (Col: 88.4093, Jump: 117.1791, Decline: 93.2960, PDE: 801.8540, Reg: 16355.8444), Eth Losses: China: 393.7859, India: 290.1924, Philippines: 330.0273... (more ethnicities), Val Loss: 590.8899, Val MAE: 11.4911, Val R2: 0.8193
2025-04-26 00:12:07,151 - spatial_moe_trainer - INFO - Epoch 65/100 - Train Loss: 284.4386 (Col: 119.4850, Jump: 120.6979, Decline: 94.9260, PDE: 809.6905, Reg: 8755.9953), Eth Losses: China: 333.7120, India: 347.1769, Philippines: 338.6498... (more ethnicities), Val Loss: 619.1496, Val MAE: 11.6123, Val R2: 0.8106
2025-04-26 00:12:29,572 - spatial_moe_trainer - INFO - Epoch 66/100 - Train Loss: 272.3124 (Col: 100.0741, Jump: 145.0342, Decline: 95.5001, PDE: 805.8969, Reg: 8289.3676), Eth Losses: China: 347.0793, India: 328.0803, Philippines: 332.3134... (more ethnicities), Val Loss: 625.0348, Val MAE: 11.6442, Val R2: 0.8088
2025-04-26 00:12:52,131 - spatial_moe_trainer - INFO - Epoch 67/100 - Train Loss: 253.4791 (Col: 68.9615, Jump: 146.8933, Decline: 90.1627, PDE: 817.0850, Reg: 5403.7889), Eth Losses: China: 313.4101, India: 278.2572, Philippines: 327.9883... (more ethnicities), Val Loss: 609.7826, Val MAE: 11.6082, Val R2: 0.8135
2025-04-26 00:13:14,671 - spatial_moe_trainer - INFO - Epoch 68/100 - Train Loss: 274.0153 (Col: 89.0050, Jump: 145.3800, Decline: 95.1062, PDE: 836.0256, Reg: 10160.8157), Eth Losses: China: 371.0093, India: 264.5171, Philippines: 371.5675... (more ethnicities), Val Loss: 605.8694, Val MAE: 11.5820, Val R2: 0.8147
2025-04-26 00:13:37,021 - spatial_moe_trainer - INFO - Trial pruned at epoch 69
2025-04-26 00:13:37,030 - spatial_moe_trainer - INFO - Saving metrics to ./optuna_results/trial_46/metrics
2025-04-26 00:13:37,033 - spatial_moe_trainer - INFO - Training metrics saved to ./optuna_results/trial_46/metrics/training_metrics.csv
2025-04-26 00:13:37,037 - spatial_moe_trainer - INFO - Validation metrics saved to ./optuna_results/trial_46/metrics/validation_metrics.csv
2025-04-26 00:13:37,075 - spatial_moe_trainer - INFO - Multi-Ethnic Spatial MoE model saved to ./optuna_results/trial_46/model.pt
2025-04-26 00:13:37,110 - __mp_main__ - INFO - Running trial 47 on device cuda:0
2025-04-26 00:13:37,125 - __main__ - INFO - Trial 46 completed with value: 590.889942
2025-04-26 00:13:37,306 - __mp_main__ - INFO - Using adjusted dimensions - hidden_dims: [22, 16, 10], coord_embed_dim: 12
2025-04-26 00:13:37,351 - spatial_moe_trainer - INFO - Multi-Ethnic Spatial MoE model initialized on cuda:0
2025-04-26 00:13:37,351 - spatial_moe_trainer - INFO - Model will predict 5 ethnicities: ['China', 'India', 'Philippines', 'Portugal', 'Sri Lanka']
2025-04-26 00:13:37,371 - __mp_main__ - INFO - Testing model forward pass before training...
2025-04-26 00:13:37,529 - __mp_main__ - INFO - Test forward pass successful. Output shape: torch.Size([64, 5])
2025-04-26 00:13:37,529 - spatial_moe_trainer - INFO - Starting multi-ethnic spatial MoE model training with learnable expert router...
2025-04-26 00:13:37,529 - spatial_moe_trainer - INFO - Using colonization_weight=6.64195280415911, jump_weight=7.22897817488654, decline_weight=7.829108904122264, pde_weight=5.148539205361375
2025-04-26 00:13:59,838 - spatial_moe_trainer - INFO - Epoch 1/100 - Train Loss: 1465.4888 (Col: 704.6837, Jump: 805.0898, Decline: 53.2435, PDE: 4100.8024, Reg: 33977.5936), Eth Losses: China: 1801.2107, India: 1850.5133, Philippines: 2116.5081... (more ethnicities), Val Loss: 1425.8024, Val MAE: 16.6275, Val R2: 0.5639
2025-04-26 00:14:22,294 - spatial_moe_trainer - INFO - Epoch 2/100 - Train Loss: 1077.5597 (Col: 461.8674, Jump: 773.4534, Decline: 49.0028, PDE: 3084.5106, Reg: 29514.4601), Eth Losses: China: 1245.0819, India: 1435.9246, Philippines: 1446.0336... (more ethnicities), Val Loss: 1149.8333, Val MAE: 15.8946, Val R2: 0.6483
2025-04-26 00:14:44,747 - spatial_moe_trainer - INFO - Epoch 3/100 - Train Loss: 910.4094 (Col: 374.8212, Jump: 615.2388, Decline: 48.3393, PDE: 2693.9855, Reg: 13846.9845), Eth Losses: China: 1125.6086, India: 1204.9964, Philippines: 1148.8705... (more ethnicities), Val Loss: 1133.6695, Val MAE: 15.7114, Val R2: 0.6532
2025-04-26 00:15:07,163 - spatial_moe_trainer - INFO - Epoch 4/100 - Train Loss: 868.6875 (Col: 319.7477, Jump: 493.2556, Decline: 47.9558, PDE: 2578.4234, Reg: 23443.0752), Eth Losses: China: 1078.6085, India: 1077.1571, Philippines: 1208.9322... (more ethnicities), Val Loss: 1049.4614, Val MAE: 14.7700, Val R2: 0.6790
2025-04-26 00:15:29,653 - spatial_moe_trainer - INFO - Epoch 5/100 - Train Loss: 818.3727 (Col: 309.9124, Jump: 407.7675, Decline: 49.0094, PDE: 2421.7708, Reg: 16703.3886), Eth Losses: China: 1052.3134, India: 939.2359, Philippines: 1167.7189... (more ethnicities), Val Loss: 1015.2692, Val MAE: 14.9282, Val R2: 0.6895
2025-04-26 00:15:52,131 - spatial_moe_trainer - INFO - Epoch 6/100 - Train Loss: 795.0285 (Col: 275.1663, Jump: 481.5592, Decline: 45.9258, PDE: 2380.9882, Reg: 18250.4641), Eth Losses: China: 991.8884, India: 1023.7500, Philippines: 1085.9357... (more ethnicities), Val Loss: 1024.8597, Val MAE: 15.1784, Val R2: 0.6865
2025-04-26 00:16:14,810 - spatial_moe_trainer - INFO - Epoch 7/100 - Train Loss: 737.9595 (Col: 264.7236, Jump: 503.0370, Decline: 47.1657, PDE: 2179.1775, Reg: 25394.1805), Eth Losses: China: 914.2974, India: 895.9184, Philippines: 1043.5083... (more ethnicities), Val Loss: 877.9884, Val MAE: 14.3349, Val R2: 0.7314
2025-04-26 00:16:37,176 - spatial_moe_trainer - INFO - Epoch 8/100 - Train Loss: 722.0220 (Col: 247.6471, Jump: 343.1010, Decline: 51.3904, PDE: 2153.4367, Reg: 21180.7002), Eth Losses: China: 808.8904, India: 821.2119, Philippines: 1136.1384... (more ethnicities), Val Loss: 893.2839, Val MAE: 14.3946, Val R2: 0.7268
2025-04-26 00:16:59,619 - spatial_moe_trainer - INFO - Epoch 9/100 - Train Loss: 687.4926 (Col: 210.8056, Jump: 316.7913, Decline: 57.6158, PDE: 2081.1709, Reg: 23584.4273), Eth Losses: China: 817.7682, India: 744.5857, Philippines: 1029.0767... (more ethnicities), Val Loss: 849.6301, Val MAE: 13.9084, Val R2: 0.7401
2025-04-26 00:17:22,102 - spatial_moe_trainer - INFO - Epoch 10/100 - Train Loss: 657.9525 (Col: 224.1111, Jump: 285.0255, Decline: 51.9499, PDE: 2017.1294, Reg: 13951.7513), Eth Losses: China: 771.2017, India: 759.3847, Philippines: 931.9686... (more ethnicities), Val Loss: 905.2681, Val MAE: 14.4722, Val R2: 0.7231
2025-04-26 00:17:44,649 - spatial_moe_trainer - INFO - Epoch 11/100 - Train Loss: 661.8952 (Col: 240.0891, Jump: 282.8060, Decline: 52.7563, PDE: 1934.6149, Reg: 17768.7401), Eth Losses: China: 837.6025, India: 791.1278, Philippines: 869.7409... (more ethnicities), Val Loss: 804.3181, Val MAE: 13.6675, Val R2: 0.7540
2025-04-26 00:18:07,089 - spatial_moe_trainer - INFO - Epoch 12/100 - Train Loss: 641.3633 (Col: 231.3624, Jump: 294.2145, Decline: 55.1905, PDE: 1859.1722, Reg: 27354.9861), Eth Losses: China: 842.7096, India: 710.4615, Philippines: 849.7258... (more ethnicities), Val Loss: 814.2543, Val MAE: 13.6575, Val R2: 0.7509
2025-04-26 00:18:29,515 - spatial_moe_trainer - INFO - Epoch 13/100 - Train Loss: 615.5047 (Col: 205.1170, Jump: 290.1587, Decline: 53.7922, PDE: 1847.4990, Reg: 15763.8801), Eth Losses: China: 719.9030, India: 661.9849, Philippines: 925.6409... (more ethnicities), Val Loss: 818.9948, Val MAE: 13.7900, Val R2: 0.7495
2025-04-26 00:18:51,860 - spatial_moe_trainer - INFO - Epoch 14/100 - Train Loss: 621.1802 (Col: 229.2167, Jump: 244.7350, Decline: 54.1306, PDE: 1705.9484, Reg: 34229.4412), Eth Losses: China: 816.1655, India: 701.6987, Philippines: 842.7594... (more ethnicities), Val Loss: 789.1227, Val MAE: 13.5045, Val R2: 0.7586
2025-04-26 00:19:14,345 - spatial_moe_trainer - INFO - Trial pruned at epoch 15
2025-04-26 00:19:14,353 - spatial_moe_trainer - INFO - Saving metrics to ./optuna_results/trial_47/metrics
2025-04-26 00:19:14,355 - spatial_moe_trainer - INFO - Training metrics saved to ./optuna_results/trial_47/metrics/training_metrics.csv
2025-04-26 00:19:14,357 - spatial_moe_trainer - INFO - Validation metrics saved to ./optuna_results/trial_47/metrics/validation_metrics.csv
2025-04-26 00:19:14,394 - spatial_moe_trainer - INFO - Multi-Ethnic Spatial MoE model saved to ./optuna_results/trial_47/model.pt
2025-04-26 00:19:14,440 - __mp_main__ - INFO - Running trial 48 on device cuda:0
2025-04-26 00:19:14,456 - __main__ - INFO - Trial 47 completed with value: 789.122693
2025-04-26 00:19:14,638 - __mp_main__ - INFO - Using adjusted dimensions - hidden_dims: [69, 18, 9], coord_embed_dim: 21
2025-04-26 00:19:14,827 - spatial_moe_trainer - INFO - Multi-Ethnic Spatial MoE model initialized on cuda:0
2025-04-26 00:19:14,827 - spatial_moe_trainer - INFO - Model will predict 5 ethnicities: ['China', 'India', 'Philippines', 'Portugal', 'Sri Lanka']
2025-04-26 00:19:14,848 - __mp_main__ - INFO - Testing model forward pass before training...
2025-04-26 00:19:15,006 - __mp_main__ - INFO - Test forward pass successful. Output shape: torch.Size([64, 5])
2025-04-26 00:19:15,006 - spatial_moe_trainer - INFO - Starting multi-ethnic spatial MoE model training with learnable expert router...
2025-04-26 00:19:15,006 - spatial_moe_trainer - INFO - Using colonization_weight=3.5277767671960563, jump_weight=5.293351357810203, decline_weight=8.538236686959735, pde_weight=3.968937001448836
2025-04-26 00:19:37,397 - spatial_moe_trainer - INFO - Epoch 1/100 - Train Loss: 1599.7489 (Col: 853.7179, Jump: 932.6726, Decline: 131.8492, PDE: 5280.8554, Reg: 39997.6115), Eth Losses: China: 2353.5891, India: 1795.8283, Philippines: 2368.3437... (more ethnicities), Val Loss: 1494.7689, Val MAE: 17.3675, Val R2: 0.5428
2025-04-26 00:19:59,792 - spatial_moe_trainer - INFO - Epoch 2/100 - Train Loss: 1234.5487 (Col: 547.2930, Jump: 613.6448, Decline: 115.7430, PDE: 4209.1407, Reg: 50746.6880), Eth Losses: China: 1750.8134, India: 1413.2944, Philippines: 1673.9241... (more ethnicities), Val Loss: 1249.3452, Val MAE: 16.6634, Val R2: 0.6179
2025-04-26 00:20:22,235 - spatial_moe_trainer - INFO - Epoch 3/100 - Train Loss: 1021.8626 (Col: 372.3863, Jump: 288.0555, Decline: 105.0403, PDE: 3786.6346, Reg: 31593.9058), Eth Losses: China: 1525.5335, India: 996.3809, Philippines: 1383.6210... (more ethnicities), Val Loss: 1173.5297, Val MAE: 15.9038, Val R2: 0.6410
2025-04-26 00:20:44,588 - spatial_moe_trainer - INFO - Epoch 4/100 - Train Loss: 971.7793 (Col: 298.9528, Jump: 335.8842, Decline: 98.8871, PDE: 3568.1228, Reg: 73642.2581), Eth Losses: China: 1480.4164, India: 910.0231, Philippines: 1370.6507... (more ethnicities), Val Loss: 1158.4339, Val MAE: 16.0058, Val R2: 0.6457
2025-04-26 00:21:07,008 - spatial_moe_trainer - INFO - Epoch 5/100 - Train Loss: 868.9923 (Col: 297.2685, Jump: 347.5805, Decline: 92.8325, PDE: 3161.0056, Reg: 25013.2102), Eth Losses: China: 1250.6921, India: 915.0837, Philippines: 1141.3676... (more ethnicities), Val Loss: 1071.7024, Val MAE: 15.2726, Val R2: 0.6722
2025-04-26 00:21:29,397 - spatial_moe_trainer - INFO - Epoch 6/100 - Train Loss: 789.5462 (Col: 269.7614, Jump: 274.3856, Decline: 92.8633, PDE: 2903.5550, Reg: 29448.2876), Eth Losses: China: 1114.6201, India: 794.9576, Philippines: 1058.5441... (more ethnicities), Val Loss: 997.9665, Val MAE: 14.7713, Val R2: 0.6947
2025-04-26 00:21:51,777 - spatial_moe_trainer - INFO - Epoch 7/100 - Train Loss: 738.9183 (Col: 235.7733, Jump: 257.7347, Decline: 89.6593, PDE: 2763.6296, Reg: 22241.4871), Eth Losses: China: 906.4357, India: 825.1622, Philippines: 1007.7804... (more ethnicities), Val Loss: 951.5332, Val MAE: 14.7196, Val R2: 0.7089
2025-04-26 00:22:14,359 - spatial_moe_trainer - INFO - Epoch 8/100 - Train Loss: 665.5975 (Col: 188.6131, Jump: 209.2880, Decline: 91.5908, PDE: 2520.9374, Reg: 26313.0195), Eth Losses: China: 815.3114, India: 691.1862, Philippines: 927.1435... (more ethnicities), Val Loss: 926.9609, Val MAE: 14.2307, Val R2: 0.7165
2025-04-26 00:22:36,772 - spatial_moe_trainer - INFO - Epoch 9/100 - Train Loss: 672.7350 (Col: 215.4959, Jump: 223.3253, Decline: 92.2411, PDE: 2387.9571, Reg: 48524.5768), Eth Losses: China: 874.2588, India: 730.5010, Philippines: 883.7726... (more ethnicities), Val Loss: 844.9768, Val MAE: 13.7408, Val R2: 0.7415
2025-04-26 00:22:59,076 - spatial_moe_trainer - INFO - Epoch 10/100 - Train Loss: 627.3782 (Col: 192.1490, Jump: 211.6811, Decline: 95.0985, PDE: 2326.5122, Reg: 17791.6159), Eth Losses: China: 776.6868, India: 653.5310, Philippines: 879.5501... (more ethnicities), Val Loss: 839.8604, Val MAE: 13.7193, Val R2: 0.7431
2025-04-26 00:23:21,483 - spatial_moe_trainer - INFO - Epoch 11/100 - Train Loss: 595.4278 (Col: 181.9149, Jump: 210.4268, Decline: 95.1865, PDE: 2173.2104, Reg: 24431.0177), Eth Losses: China: 662.6906, India: 616.6319, Philippines: 873.4989... (more ethnicities), Val Loss: 814.8047, Val MAE: 13.4716, Val R2: 0.7508
2025-04-26 00:23:44,006 - spatial_moe_trainer - INFO - Epoch 12/100 - Train Loss: 568.3510 (Col: 178.2225, Jump: 188.5167, Decline: 94.6385, PDE: 2063.6630, Reg: 19364.7864), Eth Losses: China: 658.8657, India: 532.2005, Philippines: 809.2678... (more ethnicities), Val Loss: 798.4518, Val MAE: 13.6393, Val R2: 0.7558
2025-04-26 00:24:06,535 - spatial_moe_trainer - INFO - Epoch 13/100 - Train Loss: 555.4218 (Col: 162.4065, Jump: 161.7638, Decline: 90.1769, PDE: 2062.7353, Reg: 17435.4380), Eth Losses: China: 653.6380, India: 563.3313, Philippines: 742.9375... (more ethnicities), Val Loss: 774.1361, Val MAE: 13.4234, Val R2: 0.7632
2025-04-26 00:24:29,125 - spatial_moe_trainer - INFO - Epoch 14/100 - Train Loss: 536.3295 (Col: 193.7801, Jump: 197.7156, Decline: 89.1898, PDE: 1917.4280, Reg: 8091.2195), Eth Losses: China: 649.4678, India: 549.7802, Philippines: 702.1470... (more ethnicities), Val Loss: 757.7977, Val MAE: 13.2405, Val R2: 0.7682
2025-04-26 00:24:51,628 - spatial_moe_trainer - INFO - Epoch 15/100 - Train Loss: 539.4538 (Col: 179.6115, Jump: 175.4313, Decline: 91.6535, PDE: 1943.4822, Reg: 22242.9665), Eth Losses: China: 682.8679, India: 580.6767, Philippines: 661.2041... (more ethnicities), Val Loss: 789.1483, Val MAE: 13.2820, Val R2: 0.7586
2025-04-26 00:25:14,015 - spatial_moe_trainer - INFO - Epoch 16/100 - Train Loss: 501.3310 (Col: 158.3896, Jump: 138.5681, Decline: 88.0313, PDE: 1835.6458, Reg: 10705.2022), Eth Losses: China: 537.6315, India: 592.8753, Philippines: 669.5264... (more ethnicities), Val Loss: 768.0827, Val MAE: 13.0384, Val R2: 0.7651
2025-04-26 00:25:36,498 - spatial_moe_trainer - INFO - Epoch 17/100 - Train Loss: 485.9213 (Col: 152.7828, Jump: 200.6969, Decline: 92.3504, PDE: 1768.6854, Reg: 15852.4493), Eth Losses: China: 567.2914, India: 549.1337, Philippines: 594.6900... (more ethnicities), Val Loss: 744.2508, Val MAE: 12.8979, Val R2: 0.7723
2025-04-26 00:25:58,842 - spatial_moe_trainer - INFO - Epoch 18/100 - Train Loss: 464.8972 (Col: 146.3868, Jump: 181.8408, Decline: 89.1236, PDE: 1718.3029, Reg: 10582.5580), Eth Losses: China: 529.0542, India: 479.2048, Philippines: 646.7687... (more ethnicities), Val Loss: 737.8763, Val MAE: 12.6399, Val R2: 0.7743
2025-04-26 00:26:21,177 - spatial_moe_trainer - INFO - Epoch 19/100 - Train Loss: 476.5059 (Col: 151.6077, Jump: 155.9304, Decline: 84.4292, PDE: 1717.8916, Reg: 21472.0314), Eth Losses: China: 555.7268, India: 496.5754, Philippines: 676.7277... (more ethnicities), Val Loss: 724.2072, Val MAE: 12.5680, Val R2: 0.7785
2025-04-26 00:26:43,600 - spatial_moe_trainer - INFO - Epoch 20/100 - Train Loss: 469.5361 (Col: 146.3496, Jump: 141.4301, Decline: 87.2007, PDE: 1708.3127, Reg: 17918.4870), Eth Losses: China: 616.5489, India: 507.5249, Philippines: 637.5965... (more ethnicities), Val Loss: 729.0852, Val MAE: 12.5350, Val R2: 0.7770
2025-04-26 00:27:06,233 - spatial_moe_trainer - INFO - Epoch 21/100 - Train Loss: 448.5889 (Col: 142.4584, Jump: 136.6094, Decline: 83.5148, PDE: 1661.3208, Reg: 7216.1339), Eth Losses: China: 530.4307, India: 483.8994, Philippines: 616.1103... (more ethnicities), Val Loss: 737.4879, Val MAE: 12.5547, Val R2: 0.7744
2025-04-26 00:27:28,918 - spatial_moe_trainer - INFO - Epoch 22/100 - Train Loss: 453.4536 (Col: 169.5152, Jump: 170.8664, Decline: 86.6013, PDE: 1589.5282, Reg: 10970.7810), Eth Losses: China: 519.0449, India: 596.6615, Philippines: 549.0809... (more ethnicities), Val Loss: 721.3012, Val MAE: 12.5535, Val R2: 0.7794
2025-04-26 00:27:51,637 - spatial_moe_trainer - INFO - Epoch 23/100 - Train Loss: 424.0442 (Col: 157.8373, Jump: 156.2600, Decline: 84.6340, PDE: 1498.2159, Reg: 14396.2871), Eth Losses: China: 529.3130, India: 549.9912, Philippines: 502.6787... (more ethnicities), Val Loss: 718.3502, Val MAE: 12.4807, Val R2: 0.7803
2025-04-26 00:28:14,283 - spatial_moe_trainer - INFO - Trial pruned at epoch 24
2025-04-26 00:28:14,292 - spatial_moe_trainer - INFO - Saving metrics to ./optuna_results/trial_48/metrics
2025-04-26 00:28:14,294 - spatial_moe_trainer - INFO - Training metrics saved to ./optuna_results/trial_48/metrics/training_metrics.csv
2025-04-26 00:28:14,296 - spatial_moe_trainer - INFO - Validation metrics saved to ./optuna_results/trial_48/metrics/validation_metrics.csv
2025-04-26 00:28:14,334 - spatial_moe_trainer - INFO - Multi-Ethnic Spatial MoE model saved to ./optuna_results/trial_48/model.pt
2025-04-26 00:28:14,369 - __mp_main__ - INFO - Running trial 49 on device cuda:0
2025-04-26 00:28:14,383 - __main__ - INFO - Trial 48 completed with value: 718.350195
2025-04-26 00:28:14,571 - __mp_main__ - INFO - Using adjusted dimensions - hidden_dims: [100, 40, 8], coord_embed_dim: 32
2025-04-26 00:28:14,618 - spatial_moe_trainer - INFO - Multi-Ethnic Spatial MoE model initialized on cuda:0
2025-04-26 00:28:14,618 - spatial_moe_trainer - INFO - Model will predict 5 ethnicities: ['China', 'India', 'Philippines', 'Portugal', 'Sri Lanka']
2025-04-26 00:28:14,638 - __mp_main__ - INFO - Testing model forward pass before training...
2025-04-26 00:28:14,799 - __mp_main__ - INFO - Test forward pass successful. Output shape: torch.Size([64, 5])
2025-04-26 00:28:14,799 - spatial_moe_trainer - INFO - Starting multi-ethnic spatial MoE model training with learnable expert router...
2025-04-26 00:28:14,799 - spatial_moe_trainer - INFO - Using colonization_weight=5.208858487812219, jump_weight=4.6650256298244726, decline_weight=6.8725729760907175, pde_weight=6.79260453626371
2025-04-26 00:28:37,221 - spatial_moe_trainer - INFO - Epoch 1/100 - Train Loss: 1450.9873 (Col: 811.0598, Jump: 697.7187, Decline: 104.0519, PDE: 4437.2051, Reg: 32460.9220), Eth Losses: China: 1554.3095, India: 1891.3276, Philippines: 2427.1059... (more ethnicities), Val Loss: 1235.6191, Val MAE: 16.2745, Val R2: 0.6221
2025-04-26 00:28:59,667 - spatial_moe_trainer - INFO - Epoch 2/100 - Train Loss: 1001.4644 (Col: 507.3686, Jump: 583.0825, Decline: 80.1021, PDE: 3178.2798, Reg: 18137.9844), Eth Losses: China: 1112.9392, India: 1335.8651, Philippines: 1459.4011... (more ethnicities), Val Loss: 1137.2814, Val MAE: 15.5966, Val R2: 0.6521
2025-04-26 00:29:22,297 - spatial_moe_trainer - INFO - Epoch 3/100 - Train Loss: 871.1999 (Col: 371.1837, Jump: 412.5303, Decline: 77.2149, PDE: 2904.2043, Reg: 15322.9949), Eth Losses: China: 1038.0625, India: 1031.5094, Philippines: 1277.6685... (more ethnicities), Val Loss: 1048.1370, Val MAE: 14.9239, Val R2: 0.6794
2025-04-26 00:29:44,804 - spatial_moe_trainer - INFO - Epoch 4/100 - Train Loss: 841.8249 (Col: 315.1995, Jump: 542.8267, Decline: 75.6040, PDE: 2886.2708, Reg: 20089.4261), Eth Losses: China: 933.6730, India: 876.9994, Philippines: 1411.2532... (more ethnicities), Val Loss: 970.6461, Val MAE: 14.9792, Val R2: 0.7031
2025-04-26 00:30:07,301 - spatial_moe_trainer - INFO - Epoch 5/100 - Train Loss: 721.5942 (Col: 344.0639, Jump: 251.4515, Decline: 79.2569, PDE: 2280.8022, Reg: 21081.7991), Eth Losses: China: 790.8619, India: 834.8282, Philippines: 1087.6344... (more ethnicities), Val Loss: 892.6378, Val MAE: 13.9619, Val R2: 0.7270
2025-04-26 00:30:29,819 - spatial_moe_trainer - INFO - Epoch 6/100 - Train Loss: 630.8937 (Col: 241.2471, Jump: 253.3466, Decline: 84.6508, PDE: 2074.6455, Reg: 19523.0313), Eth Losses: China: 656.6685, India: 673.8103, Philippines: 987.4794... (more ethnicities), Val Loss: 895.4569, Val MAE: 13.9998, Val R2: 0.7261
2025-04-26 00:30:52,430 - spatial_moe_trainer - INFO - Epoch 7/100 - Train Loss: 654.9480 (Col: 257.5778, Jump: 234.2916, Decline: 89.6722, PDE: 2158.5618, Reg: 22409.4989), Eth Losses: China: 761.2443, India: 747.7571, Philippines: 893.1094... (more ethnicities), Val Loss: 805.8001, Val MAE: 13.4651, Val R2: 0.7535
2025-04-26 00:31:14,934 - spatial_moe_trainer - INFO - Epoch 8/100 - Train Loss: 573.2085 (Col: 219.7643, Jump: 165.8749, Decline: 94.0113, PDE: 1870.1130, Reg: 19123.8875), Eth Losses: China: 610.7675, India: 631.6745, Philippines: 837.8799... (more ethnicities), Val Loss: 812.1140, Val MAE: 13.2785, Val R2: 0.7516
2025-04-26 00:31:37,423 - spatial_moe_trainer - INFO - Epoch 9/100 - Train Loss: 589.6518 (Col: 196.2308, Jump: 260.5723, Decline: 103.1393, PDE: 1969.6547, Reg: 30750.8736), Eth Losses: China: 594.9736, India: 602.6539, Philippines: 986.3089... (more ethnicities), Val Loss: 807.6963, Val MAE: 13.7552, Val R2: 0.7529
2025-04-26 00:32:00,006 - spatial_moe_trainer - INFO - Epoch 10/100 - Train Loss: 593.5151 (Col: 218.5456, Jump: 168.0397, Decline: 95.1451, PDE: 1900.0525, Reg: 37525.3562), Eth Losses: China: 751.6682, India: 605.7706, Philippines: 810.9657... (more ethnicities), Val Loss: 736.3787, Val MAE: 12.9109, Val R2: 0.7748
2025-04-26 00:32:22,689 - spatial_moe_trainer - INFO - Epoch 11/100 - Train Loss: 522.9074 (Col: 197.9698, Jump: 181.9312, Decline: 97.4871, PDE: 1684.0515, Reg: 25993.1466), Eth Losses: China: 574.7256, India: 577.6572, Philippines: 763.4461... (more ethnicities), Val Loss: 775.4191, Val MAE: 13.1687, Val R2: 0.7628
2025-04-26 00:32:45,213 - spatial_moe_trainer - INFO - Epoch 12/100 - Train Loss: 518.8057 (Col: 201.6344, Jump: 187.1920, Decline: 97.3345, PDE: 1671.2875, Reg: 21992.9605), Eth Losses: China: 564.7433, India: 538.7534, Philippines: 770.5836... (more ethnicities), Val Loss: 715.7814, Val MAE: 12.8060, Val R2: 0.7811
2025-04-26 00:33:07,629 - spatial_moe_trainer - INFO - Epoch 13/100 - Train Loss: 501.7209 (Col: 233.2691, Jump: 194.5691, Decline: 90.4260, PDE: 1508.2772, Reg: 21327.9663), Eth Losses: China: 621.0957, India: 555.4759, Philippines: 681.4314... (more ethnicities), Val Loss: 682.5531, Val MAE: 12.6052, Val R2: 0.7912
2025-04-26 00:33:30,068 - spatial_moe_trainer - INFO - Epoch 14/100 - Train Loss: 497.2037 (Col: 201.5998, Jump: 216.7091, Decline: 92.6581, PDE: 1586.8921, Reg: 18638.8995), Eth Losses: China: 566.1187, India: 538.8527, Philippines: 737.4628... (more ethnicities), Val Loss: 673.3952, Val MAE: 12.3836, Val R2: 0.7940
2025-04-26 00:33:52,519 - spatial_moe_trainer - INFO - Epoch 15/100 - Train Loss: 466.1943 (Col: 214.7762, Jump: 147.7518, Decline: 97.4191, PDE: 1438.9341, Reg: 14679.7006), Eth Losses: China: 476.4522, India: 567.5620, Philippines: 665.1077... (more ethnicities), Val Loss: 642.7310, Val MAE: 12.5197, Val R2: 0.8034
2025-04-26 00:34:15,171 - spatial_moe_trainer - INFO - Epoch 16/100 - Train Loss: 465.9245 (Col: 190.6635, Jump: 185.5241, Decline: 99.5014, PDE: 1493.7491, Reg: 12814.0859), Eth Losses: China: 474.7728, India: 543.0942, Philippines: 699.9726... (more ethnicities), Val Loss: 637.9556, Val MAE: 12.6311, Val R2: 0.8049
2025-04-26 00:34:37,549 - spatial_moe_trainer - INFO - Epoch 17/100 - Train Loss: 465.2206 (Col: 179.6713, Jump: 172.5790, Decline: 93.2831, PDE: 1475.1240, Reg: 18850.4482), Eth Losses: China: 497.4378, India: 585.4121, Philippines: 641.2632... (more ethnicities), Val Loss: 665.2453, Val MAE: 12.3159, Val R2: 0.7965
2025-04-26 00:35:00,125 - spatial_moe_trainer - INFO - Epoch 18/100 - Train Loss: 453.6377 (Col: 173.4259, Jump: 166.9448, Decline: 96.0707, PDE: 1445.1533, Reg: 16902.9625), Eth Losses: China: 517.0830, India: 508.0872, Philippines: 633.8021... (more ethnicities), Val Loss: 661.8673, Val MAE: 12.8242, Val R2: 0.7975
2025-04-26 00:35:22,598 - spatial_moe_trainer - INFO - Epoch 19/100 - Train Loss: 425.8091 (Col: 155.9258, Jump: 170.4157, Decline: 134.0573, PDE: 1333.9416, Reg: 15579.7988), Eth Losses: China: 480.7131, India: 478.6389, Philippines: 548.5781... (more ethnicities), Val Loss: 741.9437, Val MAE: 13.2316, Val R2: 0.7731
2025-04-26 00:35:45,034 - spatial_moe_trainer - INFO - Epoch 20/100 - Train Loss: 474.6374 (Col: 162.0412, Jump: 157.3378, Decline: 230.9322, PDE: 1450.8148, Reg: 14611.5412), Eth Losses: China: 470.0724, India: 468.6764, Philippines: 611.0944... (more ethnicities), Val Loss: 719.6106, Val MAE: 13.4683, Val R2: 0.7799
2025-04-26 00:36:07,466 - spatial_moe_trainer - INFO - Epoch 21/100 - Train Loss: 524.2738 (Col: 184.6844, Jump: 164.1755, Decline: 284.1330, PDE: 1572.3475, Reg: 14392.7011), Eth Losses: China: 420.7443, India: 583.9988, Philippines: 576.0089... (more ethnicities), Val Loss: 787.4775, Val MAE: 13.8521, Val R2: 0.7591
2025-04-26 00:36:29,823 - spatial_moe_trainer - INFO - Epoch 22/100 - Train Loss: 523.4768 (Col: 171.4239, Jump: 146.9734, Decline: 305.4110, PDE: 1560.4901, Reg: 14391.5010), Eth Losses: China: 433.9237, India: 473.8197, Philippines: 608.6993... (more ethnicities), Val Loss: 788.4503, Val MAE: 14.1801, Val R2: 0.7588
2025-04-26 00:36:52,199 - spatial_moe_trainer - INFO - Epoch 23/100 - Train Loss: 534.4074 (Col: 173.8060, Jump: 135.6189, Decline: 293.0722, PDE: 1597.5770, Reg: 17349.4708), Eth Losses: China: 531.4469, India: 522.1170, Philippines: 591.8211... (more ethnicities), Val Loss: 745.5911, Val MAE: 13.9436, Val R2: 0.7719
2025-04-26 00:37:14,937 - spatial_moe_trainer - INFO - Epoch 24/100 - Train Loss: 494.0357 (Col: 151.0252, Jump: 119.3299, Decline: 284.1171, PDE: 1510.6189, Reg: 12355.1601), Eth Losses: China: 475.1138, India: 436.4412, Philippines: 544.8221... (more ethnicities), Val Loss: 755.3143, Val MAE: 13.7010, Val R2: 0.7690
2025-04-26 00:37:37,458 - spatial_moe_trainer - INFO - Epoch 25/100 - Train Loss: 505.7849 (Col: 132.6723, Jump: 134.2508, Decline: 314.7366, PDE: 1587.6743, Reg: 11732.3478), Eth Losses: China: 394.5972, India: 513.4481, Philippines: 545.6319... (more ethnicities), Val Loss: 820.5615, Val MAE: 14.1329, Val R2: 0.7490
2025-04-26 00:37:59,965 - spatial_moe_trainer - INFO - Epoch 26/100 - Train Loss: 489.4955 (Col: 138.5545, Jump: 125.4233, Decline: 291.9382, PDE: 1493.0923, Reg: 17613.2893), Eth Losses: China: 416.5391, India: 484.6387, Philippines: 507.2623... (more ethnicities), Val Loss: 790.8295, Val MAE: 13.9485, Val R2: 0.7581
2025-04-26 00:37:59,965 - spatial_moe_trainer - INFO - Early stopping at epoch 26
2025-04-26 00:37:59,987 - spatial_moe_trainer - INFO - Saving metrics to ./optuna_results/trial_49/metrics
2025-04-26 00:37:59,989 - spatial_moe_trainer - INFO - Training metrics saved to ./optuna_results/trial_49/metrics/training_metrics.csv
2025-04-26 00:37:59,991 - spatial_moe_trainer - INFO - Validation metrics saved to ./optuna_results/trial_49/metrics/validation_metrics.csv
2025-04-26 00:38:00,029 - spatial_moe_trainer - INFO - Multi-Ethnic Spatial MoE model saved to ./optuna_results/trial_49/model.pt
2025-04-26 00:38:00,078 - __main__ - INFO - Trial 49 completed with value: 637.955584
2025-04-26 00:38:00,946 - __main__ - INFO - Hyperparameter optimization completed
2025-04-26 00:38:00,946 - __main__ - INFO - Best trial: 27
2025-04-26 00:38:00,946 - __main__ - INFO - Best value: 549.232621
2025-04-26 00:38:00,946 - __main__ - INFO - Best parameters: {'attention_heads': 4, 'hidden_dim_1_base': 27, 'hidden_dim_2_base': 6, 'hidden_dim_3_base': 2, 'coord_embed_base': 7, 'dropout_rate': 0.3248492963750184, 'colonization_threshold': 0.08831651881477984, 'colonization_expert_weight': 0.7695355540825743, 'colonization_weight': 4.893645791055788, 'jump_threshold': 139.78429771832162, 'jump_expert_weight': 0.5833535829859108, 'jump_weight': 6.153224686495365, 'decline_threshold': 43.19350537437982, 'decline_expert_weight': 0.7391759041059334, 'decline_weight': 7.58634062299952, 'pde_expert_weight': 0.4187633189364319, 'pde_weight': 4.9361974382388425, 'learning_rate': 0.0006669689910790164, 'weight_decay': 3.8959201571571715e-07}
