DAUID,China_2016,India_2016,Philippines_2016,Portugal_2016,Sri Lanka_2016,China_predicted,India_predicted,Philippines_predicted,Portugal_predicted,Sri Lanka_predicted,China_colonization_weight,China_jump_weight,China_decline_weight,China_pde_weight,India_colonization_weight,India_jump_weight,India_decline_weight,India_pde_weight,Philippines_colonization_weight,Philippines_jump_weight,Philippines_decline_weight,Philippines_pde_weight,Portugal_colonization_weight,Portugal_jump_weight,Portugal_decline_weight,Portugal_pde_weight,Sri Lanka_colonization_weight,Sri Lanka_jump_weight,Sri Lanka_decline_weight,Sri Lanka_pde_weight
35204243,15.0,20.0,250.0,0.0,0.0,12.181793,26.866076,219.36574,0.5328046,41.57893,0.0012989328,0.08782129,0.100327246,0.3000221,0.0025907762,0.29949984,0.10007357,0.30001453,0.058712937,0.4617278,0.046531856,0.30014,0.20002294,0.0047524935,1.1627213e-05,3.1292566e-05,0.200087,0.036283262,4.059926e-05,1.0042123e-05
35200883,130.0,0.0,0.0,45.0,0.0,106.00637,2.2943244,1.700854,22.909773,0.63985944,0.13959494,0.17814922,0.19702108,0.30025107,0.20333368,0.04340754,0.00017117038,0.00010137487,0.20107602,0.042735897,0.00028378746,0.00013601352,0.0006251442,0.1636133,0.017870652,0.3000736,0.20065387,0.010480241,0.00023485301,0.00018655253
35202413,0.0,0.0,0.0,0.0,0.0,2.664385,1.8356409,1.3203769,1.7783611,0.9552076,0.2457644,0.049814653,0.09368839,0.01631451,0.30186465,0.06384456,0.011827151,0.010045688,0.2215326,0.03409077,0.017082134,0.010317708,0.21915561,0.08146947,0.103023015,0.0027686066,0.23762292,0.049426254,0.012021332,0.018325616
35203032,0.0,115.0,0.0,0.0,0.0,5.658937,155.06718,7.5718164,0.7083825,3.2701976,0.20152819,0.017508462,0.0014102341,0.000210039,0.03329294,0.42013174,0.00045153662,0.3000193,0.20303373,0.12724257,0.00050031935,8.671384e-05,0.20003699,0.0027532948,0.00051746966,2.4493682e-05,0.20131835,0.18943265,0.0003408704,0.0001601276
35204214,25.0,20.0,60.0,0.0,20.0,4.308999,9.184594,100.03062,0.0,9.44424,3.8213066e-06,0.0063784304,0.100002535,0.30000022,0.00019473615,0.08049915,0.10000066,0.3,0.00027395037,0.64881456,6.355963e-05,0.30000022,0.20000002,9.927415e-05,9.6076974e-08,8.746519e-09,3.6016448e-07,0.06366826,0.10000013,0.3
35204571,125.0,0.0,20.0,0.0,0.0,25.55836,0.36499637,4.516329,0.8263364,0.6996792,0.110940956,0.082453065,0.14455733,0.30686742,0.23375177,0.07685961,0.0063354075,0.0031028043,0.011541468,0.08216575,0.11044423,0.3043238,0.20825545,0.054154474,0.033185873,0.0033747354,0.21088126,0.1047364,0.0072925636,0.0047757137
35202448,35.0,0.0,0.0,0.0,0.0,42.2089,3.2903118,4.230365,1.2707592,1.4898019,0.17175065,0.30081555,0.27515867,0.30072403,0.20522879,0.051033415,0.0004691306,0.00029110073,0.20274226,0.043048073,0.0010945074,0.0004264393,0.20078327,0.023324145,0.00259253,0.00019721473,0.20141062,0.018203793,0.0004092753,0.00029656952
35204190,60.0,215.0,170.0,0.0,10.0,47.44129,280.46802,169.81268,0.97951967,13.503679,0.0035362372,0.16863178,0.0011810433,0.30007118,0.003381559,0.5046419,0.00010143017,0.30001363,0.0072967834,0.4593898,0.0030677847,0.3000873,0.20002806,0.0037734755,1.0744147e-05,3.8073224e-05,0.00018569383,0.044460215,0.10005002,0.30005336
35200082,125.0,35.0,0.0,0.0,0.0,93.565384,7.329649,1.1588211,0.9064527,1.1500129,0.18537514,0.22181693,0.2176209,0.30020422,0.0022120937,0.06437431,0.10011917,0.30004492,0.2008976,0.060883272,0.00035099912,8.3835854e-05,0.20021543,0.01942742,0.0011145541,4.050976e-05,0.20036718,0.02469492,9.853899e-05,5.8153866e-05
35201294,10.0,0.0,0.0,0.0,0.0,3.325611,0.7425415,0.7103493,1.3006561,1.1315179,0.022407467,0.06721801,0.13119875,0.30560943,0.25332165,0.29771486,0.0061596716,0.0020558336,0.21624196,0.11123661,0.0075664814,0.002384639,0.20230605,0.016241184,0.008050127,0.0015689135,0.21800034,0.12260206,0.0045769815,0.00353898
35204927,0.0,0.0,0.0,0.0,0.0,11.07958,157.57295,93.92331,4.9869137,29.337273,0.20177895,0.10778021,0.00068861275,4.3579814e-05,0.20291424,0.30598345,5.5927925e-05,1.0166425e-05,0.2050122,0.3122968,0.001827243,8.845232e-05,0.20001358,0.001568426,4.8617835e-06,9.754659e-06,0.2001131,0.059763756,2.6959198e-05,1.9764595e-05
35202901,15.0,0.0,0.0,0.0,0.0,21.107101,2.4892,11.419064,1.2273284,1.4920955,0.08428692,0.32129762,0.1677104,0.30339226,0.21506147,0.07996516,0.0036903408,0.0015182495,0.22240627,0.105744354,0.008768316,0.0028398144,0.20339748,0.04021895,0.005892165,0.0020072013,0.20587447,0.022245897,0.0019058504,0.0017768781
35204378,0.0,45.0,10.0,0.0,35.0,2.3832579,53.446415,3.8613405,0.0,13.007883,0.20453668,0.09244464,0.0047484576,9.798891e-05,0.0045613735,0.46424532,6.603424e-05,0.30001834,0.0010729072,0.106133215,0.10034899,0.30005658,0.20002824,0.0029937562,8.430884e-05,1.5609137e-05,0.00039294545,0.1179653,0.10010735,0.30008197
35204554,0.0,0.0,0.0,130.0,0.0,1.8240399,2.161974,4.8172836,151.87404,1.1693226,0.20385014,0.004504181,0.03639888,7.689132e-05,0.20078956,0.0018671973,1.4480931e-05,1.559204e-05,0.20016058,0.013416508,0.000102750855,3.283884e-06,0.0007475423,0.2151988,0.5219297,0.30000082,0.20004345,0.0008637464,1.099898e-05,4.9454693e-06
35200455,0.0,10.0,0.0,10.0,0.0,18.992813,9.570393,4.429499,1.5118824,1.3545206,0.26484853,0.114147566,0.07822229,0.010726335,0.03895092,0.068331204,0.11473159,0.30590174,0.23232254,0.16837238,0.0244726,0.008078256,0.00945633,0.039432462,0.12190761,0.30590948,0.21381758,0.0688992,0.0065394226,0.0049319784
35204042,75.0,25.0,45.0,0.0,10.0,28.188942,40.001427,77.78851,7.3343506,18.256481,0.00013062755,0.041687954,4.19174e-05,0.30000257,0.0005415018,0.28019643,0.10000377,0.30000016,0.0009097475,0.4277168,0.00028342643,0.30000305,0.20000035,0.0005464183,5.0870227e-07,2.738034e-07,3.8655194e-06,0.0479285,0.100001715,0.30000058
35204029,210.0,70.0,20.0,0.0,10.0,232.623,56.670155,13.617937,3.9816222,7.9995794,0.024045816,0.3530565,0.027908659,0.30032185,0.0055228393,0.25522658,0.00024976127,0.30005735,0.0021511987,0.17526697,0.101254754,0.300292,0.20014533,0.01215454,0.0002804237,8.0783204e-05,0.00051938836,0.14066054,0.10047398,0.30033085
35204272,400.0,60.0,130.0,0.0,55.0,332.0368,87.205734,106.95131,0.0,17.624876,0.00020395583,0.26249105,9.268801e-05,1.0028492e-06,0.000381803,0.42054468,1.4205567e-06,0.3000001,0.0008903681,0.24320869,0.00039015332,0.30000266,0.20000024,0.00025737737,1.4134075e-07,1.05386505e-07,2.398133e-06,0.0715288,1.7752403e-06,0.30000064
35202058,10.0,10.0,0.0,40.0,15.0,0.98341686,8.871787,43.631794,2.9898362,6.3551636,0.0018863165,0.030569365,0.10269209,0.30062637,0.02678979,0.2935651,0.10100853,0.30010805,0.20804787,0.29603845,0.0025870844,0.0002369264,0.00021326193,0.023644803,0.10241564,0.3000764,0.001051362,0.10727843,0.10084808,0.30031618
35202389,10.0,0.0,35.0,0.0,0.0,2.5807295,0.4670835,2.7105687,1.6149347,0.58849317,0.03699778,0.054107644,0.21755494,0.30976623,0.27697054,0.119183816,0.0064943293,0.004703143,0.015073049,0.03390424,0.11234429,0.30610156,0.21265867,0.071700886,0.08134402,0.0013660876,0.22641884,0.08999347,0.010005933,0.013310566
35203812,10.0,0.0,10.0,0.0,0.0,3.762773,0.7420357,1.3235586,1.2395533,0.3815956,0.04956988,0.094954155,0.18648195,0.30507866,0.23959996,0.099243864,0.004145827,0.0036806369,0.013031349,0.03299841,0.10788815,0.30351892,0.20936953,0.20233689,0.103823505,0.0012561505,0.21282357,0.02007049,0.0045831907,0.005544971
35202267,20.0,0.0,70.0,0.0,0.0,3.5773761,1.6937108,59.31708,0.84227514,0.60232687,0.002118129,0.0460401,0.102175914,0.30048272,0.21013851,0.3030435,0.00070582196,0.00016684839,0.024025595,0.26518744,0.016950417,0.300744,0.2002354,0.016853904,0.00064120215,0.00015637481,0.20070677,0.108602025,0.0008063253,0.00021912197
35203029,0.0,75.0,15.0,0.0,20.0,0.61776626,17.97364,2.7903147,0.72829777,11.963187,0.24851026,0.05745786,0.08805076,0.004786265,0.050185617,0.11387127,0.007632115,0.30288565,0.014894373,0.056572806,0.10871991,0.30668724,0.20895351,0.07464581,0.060387023,0.0022781093,0.018434463,0.15683624,0.10982113,0.30838966
35200911,10.0,0.0,10.0,0.0,0.0,5.2436028,0.6673903,2.9968429,1.8855377,0.69653285,0.06844609,0.12340414,0.1994822,0.3095795,0.26175588,0.1014201,0.011848779,0.0071689473,0.02598851,0.032354638,0.11285186,0.31007734,0.21309415,0.07751531,0.056575336,0.0049595363,0.23482,0.024866762,0.011827339,0.011963724
35201939,0.0,0.0,25.0,40.0,0.0,0.5508764,1.219536,6.175176,22.344158,0.72681767,0.21059993,0.030650875,0.049430408,0.005850009,0.22783627,0.08656495,0.004454809,0.0022629441,0.016439421,0.14419171,0.11153775,0.30178288,0.007390187,0.18140052,0.24019504,0.30086544,0.20438689,0.06593118,0.005568598,0.002660263
35200957,25.0,20.0,15.0,10.0,0.0,32.806587,12.936925,6.1189966,2.446895,0.44423708,0.04126725,0.39946136,0.122185126,0.30034006,0.0050156056,0.17373677,0.10023063,0.30008322,0.0056051123,0.09366306,0.10099665,0.3001913,0.00023731997,0.04774749,0.10125607,0.30016685,0.20070778,0.0067661004,0.00018089374,0.00016141629
35200386,105.0,15.0,10.0,10.0,0.0,98.73123,4.7793736,1.9994025,1.7418228,0.0,0.11978253,0.36228868,0.10368289,0.30031204,0.0034006976,0.09746754,0.100207835,0.30008307,0.0024172335,0.05677712,0.100570105,0.30019313,0.00032524113,0.028996253,0.10121049,0.3001047,0.20070547,0.021155281,0.00014734226,0.00017238736
35202750,0.0,0.0,35.0,0.0,40.0,4.6030636,1.283133,36.810356,0.0,6.214865,0.21032803,0.07845687,0.020329455,0.0020036667,0.21542783,0.11539712,0.0023738556,0.0008557102,0.03170449,0.28972003,0.12610479,0.30125016,0.20299722,0.13674349,0.015224374,0.0006517354,0.0016207335,0.046017654,0.101947,0.3008458
35204848,40.0,0.0,10.0,10.0,0.0,18.198978,41.568253,2.5572057,0.8224978,0.0,0.00091411435,0.055497613,0.1006792,0.30000743,0.20118447,0.6404343,8.416241e-06,1.1446759e-06,0.00044577263,0.07359379,0.10010045,0.3000066,1.479371e-06,0.0008696671,0.10000848,0.3000014,0.20007,0.026144369,1.9795634e-05,1.151947e-05
35204181,0.0,45.0,0.0,0.0,70.0,4.7711873,33.253963,72.26581,0.0,43.184772,0.20008115,0.012503031,6.7895155e-05,8.228209e-06,0.001449718,0.22535494,1.0414563e-05,0.30000064,0.20067142,0.3796552,0.00020802366,4.372695e-06,0.20000067,0.00055138685,3.402975e-06,3.6865546e-07,1.281997e-05,0.17940861,6.315287e-06,0.30000132
35202125,10.0,10.0,100.0,0.0,0.0,2.1928303,5.371223,83.56717,0.91037375,0.868512,0.0004746407,0.04899868,0.10046827,0.3000262,0.0016766618,0.20631193,0.10006237,0.3000062,0.014894004,0.46052462,0.008568557,0.3000707,0.2000155,0.006603571,3.6091766e-05,7.303949e-06,0.20004341,0.051173616,3.252731e-05,5.1612346e-06
35203849,10.0,0.0,0.0,0.0,0.0,4.9443207,0.2881412,0.5851393,1.8177047,0.52301824,0.06019202,0.12737004,0.1639797,0.3132417,0.24630795,0.10267412,0.014521866,0.008756531,0.23868865,0.08880459,0.027031828,0.011120463,0.21301457,0.074361645,0.028512344,0.009922455,0.22305916,0.026500959,0.011821165,0.010118349
35204041,55.0,45.0,195.0,0.0,25.0,22.749285,54.684563,201.15439,2.9192562,11.27397,0.0019719112,0.088824965,0.020654295,0.30005762,0.0044415724,0.34559184,0.02008506,0.30002627,0.02172734,0.44742537,0.016918357,0.30014446,0.20003,0.005460722,2.3799514e-05,2.8775794e-05,0.040130448,0.06632766,0.080086246,0.24004346
35201362,60.0,120.0,130.0,25.0,0.0,31.198635,47.549572,234.96764,4.82455,14.271056,0.027931573,0.052106492,0.039409652,0.30005085,0.040982652,0.06364462,3.621083e-05,0.24002029,0.040875345,0.57078755,0.00011124712,0.24002741,0.00012521805,0.036489893,0.08357498,0.30001476,0.2001314,0.0035955268,4.701999e-05,3.7366033e-05
35204255,0.0,15.0,40.0,0.0,130.0,1.5332335,11.824452,12.185915,0.0,107.55952,0.2100984,0.026657231,0.01982004,0.0034072786,0.07016142,0.23298156,0.08249657,0.24202761,0.04567754,0.14218874,0.08394289,0.2421176,0.2038648,0.021666663,0.020968113,0.0005657738,0.04781803,0.2572233,0.0025796792,0.24373692
35200450,0.0,10.0,0.0,0.0,10.0,5.4284644,9.91545,1.9719236,0.9019743,7.747895,0.2150534,0.06544894,0.013612747,0.003957174,0.05335187,0.23156607,0.08484331,0.30087897,0.21682121,0.16216278,0.007806242,0.001506947,0.20101508,0.0057485355,0.0022361744,0.0010997647,0.04833986,0.20159496,0.08175782,0.24119824
35202339,0.0,0.0,45.0,0.0,0.0,3.4998085,3.0029821,82.94868,0.8486797,0.95894164,0.1600332,0.019286366,0.020035472,0.060001563,0.16018353,0.04669814,0.020003349,0.06000015,0.0017046196,0.7083188,0.0006901717,0.3000017,0.20000066,0.0019122589,4.0180557e-06,1.4058058e-07,0.16000128,0.021123923,0.020000612,0.06000006
35203880,0.0,10.0,0.0,10.0,0.0,1.9975687,5.7550817,1.4064851,1.7317078,0.33255303,0.2076916,0.050121456,0.06825719,0.07359636,0.11681861,0.12735325,0.0960281,0.24762219,0.18748987,0.07754368,0.043231566,0.07156088,0.04798777,0.04175663,0.1256927,0.24612299,0.23790255,0.079098135,0.017496767,0.016627824
35205030,0.0,0.0,0.0,0.0,0.0,24.46851,237.97336,137.00302,5.153421,50.04464,0.20074274,0.11524431,0.060804747,0.0625559,0.21470606,0.057397567,0.0025312847,0.0005858666,0.21531045,0.34799623,0.0061742226,0.0004978534,0.20297268,0.12598188,0.009060969,0.0007954325,0.2011777,0.014206184,0.0007574998,0.00050048647
35201027,25.0,0.0,0.0,25.0,0.0,21.377308,1.737891,8.378234,1.7456874,0.5514503,0.016169986,0.21729195,0.0919771,0.30023637,0.1653224,0.37618357,0.00035840773,0.060069647,0.16549398,0.20377213,0.0019183849,0.060217112,0.0401382,0.009896428,0.08025732,0.24018401,0.16091932,0.029103756,0.020276235,0.06021379
35201316,0.0,0.0,0.0,10.0,0.0,4.598971,1.2392094,1.1968632,2.3526814,0.33487383,0.25184226,0.119675994,0.15880185,0.06940942,0.20782883,0.079356045,0.029246915,0.06616399,0.21526006,0.035293404,0.008458415,0.0076092053,0.0527672,0.059539426,0.1269187,0.24269895,0.22840129,0.03957805,0.009501233,0.011648813
35203507,10.0,0.0,25.0,0.0,0.0,2.8363557,2.0026052,43.960262,1.2874204,1.7007017,0.004988038,0.03281318,0.10703694,0.3012599,0.21407081,0.096519336,0.0015369256,0.0004344925,0.048088335,0.5305145,0.08402372,0.24054372,0.20052154,0.012297309,0.0022001474,0.00032993537,0.20368984,0.077435225,0.0009789858,0.00071716297
35203761,0.0,0.0,0.0,0.0,0.0,12.57821,6.664178,4.716948,1.573626,2.8468616,0.25220066,0.12067014,0.08506662,0.0071448693,0.2603372,0.18179673,0.005868182,0.0047936914,0.21526027,0.08950719,0.0070188656,0.003975842,0.20687008,0.034481134,0.024776408,0.0018193729,0.23185353,0.0524861,0.005821346,0.008251804
35205013,0.0,0.0,0.0,0.0,0.0,9.141677,55.405025,68.22163,4.1929855,11.810703,0.17761613,0.12458107,0.033792276,0.060744256,0.20800167,0.27911285,0.00082723785,0.00031616457,0.20894966,0.2950081,0.002679999,0.000606084,0.20069326,0.010577514,0.0012004679,0.00041784282,0.20132196,0.032753028,0.00042543985,0.0003750261
35204289,0.0,30.0,175.0,10.0,25.0,3.5535655,33.053238,108.4288,1.3712246,10.1285925,0.20223713,0.06778206,0.0019793794,0.00012208647,0.0061271517,0.31057602,0.08025158,0.30004275,0.025534725,0.4281721,0.03916129,0.30028737,0.040072568,0.009139093,0.08008373,0.2400468,0.00029162102,0.08791214,0.10013,0.3000505
35201428,25.0,0.0,0.0,110.0,0.0,11.537515,3.6713798,4.2223406,93.67475,1.2315624,0.082194924,0.036736216,0.19333488,0.24129331,0.20835102,0.014827419,0.00080777606,0.00083736365,0.20277292,0.034169674,0.0012573545,0.00040161514,0.0064571747,0.19855303,0.32583445,0.300222,0.20183174,0.008786213,0.00087264687,0.00045836065
35201395,0.0,10.0,35.0,40.0,0.0,0.928883,1.7123129,54.845966,24.91888,1.2497067,0.21307468,0.029613854,0.016273836,0.0022230474,0.008819619,0.024773704,0.10298401,0.30118576,0.04831789,0.47734356,0.08588021,0.24162221,0.001968077,0.17046095,0.10990934,0.30118418,0.20277415,0.01927184,0.001330441,0.00098878
35201414,40.0,0.0,0.0,70.0,0.0,8.214658,0.0,2.251522,48.736412,0.634789,0.0332323,0.05622918,0.17379728,0.30140433,0.16801351,0.077012256,0.021092849,0.0608818,0.16428538,0.12800138,0.0020252075,0.060485173,0.045537554,0.21238674,0.15117903,0.24026538,0.16195899,0.020729648,0.020808183,0.060673937
35201662,0.0,10.0,0.0,15.0,10.0,1.3483391,4.117095,1.0491097,9.746081,1.982641,0.21204965,0.1342048,0.08966728,0.06458491,0.023584062,0.088628754,0.083005115,0.30292374,0.17062706,0.09664203,0.026826601,0.06238974,0.04909293,0.1590507,0.17483541,0.24105106,0.0057385163,0.049279526,0.103260316,0.30255786
35201665,0.0,15.0,30.0,20.0,0.0,65.60615,44.00264,28.341043,2.5552363,7.817868,0.1615414,0.13797592,0.00082604797,1.8338016e-05,0.0020459676,0.5455147,0.08003611,0.30000362,0.0011520305,0.123848096,0.08023716,0.30001155,0.040004406,0.0025810255,0.08001801,0.24000794,0.1601367,0.0239909,2.8393348e-05,0.060021725
35200879,75.0,0.0,0.0,50.0,0.0,17.20364,1.0925176,0.64989007,11.209758,0.38579673,0.072647355,0.0660808,0.12786108,0.3065716,0.20568013,0.11432709,0.02707093,0.064882606,0.21317856,0.090962104,0.00963635,0.008232646,0.013975221,0.06961901,0.08328162,0.30360496,0.17946121,0.06546803,0.02946068,0.067998044
35202101,10.0,0.0,40.0,0.0,0.0,2.2534955,0.37621236,3.5974004,1.578023,0.61045754,0.04001064,0.04776036,0.19610047,0.31423622,0.2679335,0.09264461,0.013426912,0.0090307575,0.026138723,0.03948566,0.12432085,0.31214923,0.21806073,0.07036682,0.08457131,0.0048858216,0.23158343,0.07235212,0.016259117,0.018682761
35203991,10.0,25.0,0.0,0.0,0.0,4.2924867,8.403334,0.6615076,1.6540856,0.75938416,0.067629576,0.11097817,0.25006503,0.30553216,0.0761464,0.0816922,0.08437024,0.24350028,0.17146122,0.02820057,0.025059357,0.06387584,0.2106787,0.1371849,0.079681955,0.001154271,0.21536453,0.03562676,0.0050089317,0.006789013
35203049,10.0,35.0,10.0,0.0,30.0,2.7082486,10.671789,5.2801423,0.0,10.707136,0.03320579,0.06271556,0.16058296,0.30610982,0.07264502,0.10178057,0.0883528,0.24428019,0.02122282,0.12601735,0.09460308,0.3052725,0.20967555,0.10460198,0.08469065,0.002369281,0.051388465,0.09737906,0.08764826,0.24545836
35200355,40.0,10.0,0.0,0.0,0.0,21.232803,6.168682,1.2281008,1.4386698,0.94446784,0.13208394,0.13220565,0.23028123,0.24368341,0.026919682,0.14454916,0.084667295,0.3018349,0.17118259,0.06507888,0.026389474,0.06389928,0.20406847,0.03565088,0.01831058,0.0016829908,0.17160745,0.07731719,0.024612933,0.06397413
35200105,410.0,50.0,30.0,0.0,50.0,432.9223,32.36513,28.792278,1.0932245,30.421108,0.062003702,0.28605407,0.12373465,0.062658034,0.057402406,0.1371423,0.0027738202,0.24153163,0.0062694508,0.14207844,0.10337008,0.3022727,0.20293868,0.040637188,0.012613549,0.0010856568,0.047570392,0.12178868,0.0031376905,0.24293697
35203134,0.0,0.0,25.0,0.0,0.0,1.9830188,14.700211,10.745559,1.1582965,0.89085513,0.2168257,0.04771918,0.039356302,0.006008268,0.2612084,0.25220874,0.0065449257,0.0027832442,0.01636679,0.0859545,0.10994736,0.3038842,0.16399017,0.0761935,0.08187412,0.06152662,0.22065616,0.0685187,0.0097013945,0.008731814
35203687,15.0,20.0,85.0,0.0,40.0,17.444862,31.271214,35.649982,2.6502938,42.61562,0.008620864,0.09358066,0.10495748,0.30014157,0.005548364,0.31894022,0.10010436,0.30002868,0.0025121027,0.13093066,0.020715239,0.30007043,0.16006279,0.013041356,0.020424897,0.060039345,0.040293954,0.21975094,0.08015781,0.2400784
35202476,145.0,55.0,45.0,0.0,0.0,177.74648,64.32504,10.034818,0.6737209,1.1243169,0.03326563,0.3804357,0.027772794,0.30008566,0.0021369052,0.37211898,0.020067137,0.30002245,0.0014154544,0.09945594,0.020423286,0.30007082,0.16007683,0.008798578,0.020268962,0.06003421,0.20027962,0.033118375,8.6158594e-05,6.658612e-05
35203619,145.0,0.0,50.0,0.0,20.0,98.57059,21.836258,16.829414,0.13894224,7.0703664,0.0632059,0.3477754,0.023695165,0.24044557,0.20449924,0.31614023,0.0005149238,0.0001807459,0.007327874,0.14471573,0.025551263,0.30030152,0.20062974,0.03127714,0.0031031512,0.0001527639,0.00048294794,0.049306575,0.10047616,0.3002181
35204280,125.0,0.0,10.0,0.0,60.0,87.97337,1.3330297,2.0541327,0.0,6.274962,0.16538434,0.2158791,0.19444579,0.30010834,0.20158903,0.17109047,5.1790623e-05,2.5920757e-05,0.0005779322,0.03764236,0.10016093,0.30005008,0.16013573,0.014321876,0.020609554,0.06002245,0.04029189,0.017497975,6.501134e-05,0.24004945
35201648,10.0,0.0,0.0,20.0,0.0,1.8694555,0.0,0.33070248,2.9633734,0.42482847,0.057911195,0.032732993,0.10943119,0.24716778,0.24095948,0.18201959,0.011917268,0.06290524,0.21969894,0.14775783,0.011255022,0.004187285,0.043688208,0.031968296,0.10863556,0.24251221,0.18036728,0.15056656,0.0076263556,0.06669176
35201143,10.0,0.0,0.0,75.0,0.0,1.9395909,0.0,1.908854,108.57676,0.44389266,0.0014842781,0.014189338,0.11403129,0.30003858,0.16076338,0.042788014,0.020016672,0.060007144,0.16309892,0.105481714,0.0017803668,0.060015325,0.04022628,0.40145066,0.20387663,0.24000171,0.20001808,0.010718242,1.0298514e-05,3.1015659e-06
35203846,15.0,0.0,0.0,15.0,0.0,11.884682,2.905343,1.7403601,9.819525,0.461558,0.08193739,0.13651602,0.2282791,0.30587357,0.22372425,0.042774208,0.0045107026,0.003724028,0.21333241,0.053639885,0.008142417,0.003908176,0.04968452,0.1668101,0.157534,0.24257225,0.20849973,0.020840706,0.004113342,0.0035833162
35203722,10.0,25.0,0.0,0.0,0.0,8.397545,22.524343,8.5306425,8.033191,38.0251,0.041679364,0.13774854,0.14047152,0.30402544,0.041424338,0.22408283,0.08763955,0.30178627,0.17237775,0.15072842,0.0068519544,0.061889328,0.2023656,0.029303528,0.009322593,0.0010510262,0.17857355,0.09904853,0.018795809,0.050834175
35202621,60.0,10.0,0.0,0.0,0.0,69.37139,2.6469014,0.8647402,1.249164,0.9494739,0.15711871,0.29436713,0.13092723,0.30009556,0.009357236,0.057230443,0.080060385,0.2880398,0.16884536,0.13188595,0.00018431002,0.048071146,0.16014166,0.018170707,0.017111266,0.060027983,0.2003547,0.005896938,6.721889e-05,4.632347e-05
35202003,0.0,50.0,75.0,0.0,60.0,1.9481755,22.383343,123.3772,0.0,18.359087,0.20203994,0.016259793,0.0039820857,0.0006829207,0.014561382,0.13173579,0.016503181,0.28840566,0.009937464,0.5339671,0.017039588,0.28842464,0.20077321,0.004906707,0.0041946042,0.00011323231,0.009565611,0.087642975,0.00051668973,0.28874752
35201543,30.0,0.0,85.0,0.0,0.0,8.648152,2.603769,45.19381,1.1005442,1.7032124,0.044495188,0.06242383,0.084210165,0.24092494,0.17501836,0.23215304,0.017289205,0.06021106,0.05929804,0.32542217,0.011137109,0.240619,0.20027754,0.009840912,0.0005877857,0.00027258781,0.16989677,0.10911946,0.016520096,0.048282817
35201412,20.0,0.0,0.0,35.0,0.0,10.498209,0.0,1.2283581,35.428432,0.52205896,0.07559484,0.07681341,0.17746678,0.25249243,0.19606988,0.019167248,0.0041961083,0.012242492,0.16178782,0.16268215,0.0006335298,0.06014628,0.042311586,0.2542089,0.21095864,0.24004264,0.1925968,0.008204887,0.004204346,0.012179309
35202176,0.0,0.0,0.0,25.0,0.0,2.470541,1.1633382,4.755921,4.7369723,0.57470155,0.22089022,0.04224584,0.04919115,0.021073066,0.23975651,0.12905098,0.029289931,0.052246515,0.22200754,0.13651429,0.023697516,0.017744178,0.015409311,0.0563117,0.15892175,0.29153645,0.22410251,0.08693977,0.010946417,0.008124417
35201013,0.0,0.0,0.0,45.0,0.0,3.3532066,1.4586761,0.9996429,27.27966,0.4274368,0.24511915,0.07000163,0.111783594,0.01684232,0.22737537,0.0483154,0.0043625673,0.003204403,0.21210103,0.10882184,0.0060757883,0.0026653828,0.05101926,0.13268562,0.16378449,0.24139673,0.20840222,0.026146993,0.0044917767,0.0034044788
35200128,300.0,50.0,40.0,10.0,30.0,249.12509,40.52583,31.697124,1.6873951,18.594376,0.076789305,0.3003129,0.12891428,0.060770225,0.038606916,0.18935329,0.00039435443,0.25212118,0.034135338,0.13817745,0.08121007,0.2523473,0.008439102,0.022701317,0.09752746,0.2881699,0.032882284,0.11977891,0.08486881,0.2524998
35203352,0.0,35.0,45.0,0.0,30.0,4.0365667,7.465887,89.92774,0.0,11.989095,0.21036874,0.025826255,0.031760707,0.013881905,0.04158321,0.024818074,0.08584943,0.2532328,0.043109983,0.6300597,0.0017047154,0.24152185,0.17055345,0.011991442,0.025383791,0.04853979,0.04568027,0.013903856,0.081900254,0.24232978
35204499,0.0,55.0,0.0,0.0,10.0,5.90158,18.569216,0.9328006,1.2594204,3.882121,0.19670974,0.06671564,0.062022943,0.06718056,0.090482436,0.11378759,0.015660226,0.24363028,0.19470482,0.21841094,0.034973796,0.05511622,0.20695873,0.038127236,0.015839957,0.0044723097,0.05536797,0.10052188,0.08540156,0.24591532
35202179,0.0,0.0,55.0,0.0,0.0,1.1750069,3.6760647,97.96676,2.1736069,0.6609299,0.2104814,0.04120411,0.01706099,0.0014317547,0.21238111,0.088255584,0.001179527,0.00095902605,0.045055393,0.57133806,0.0021953427,0.2407986,0.20137535,0.01021283,0.004962222,0.00036415755,0.20637307,0.02155497,0.0011660543,0.0016505349
35205022,0.0,0.0,0.0,0.0,0.0,19.371037,24.027935,17.270561,4.2729683,69.939186,0.27115375,0.19281358,0.08196762,0.016130093,0.23235583,0.19651158,0.002154415,0.0022534742,0.20870236,0.09887667,0.0044454117,0.0013920695,0.20260954,0.01710514,0.0043013403,0.0010604504,0.21648097,0.05461711,0.0012392122,0.0018294723
35202771,10.0,0.0,20.0,0.0,0.0,4.6889443,0.75528675,7.7462807,1.328711,0.863043,0.06967846,0.10324395,0.116179235,0.24843706,0.20364273,0.2074034,0.027337708,0.06503008,0.035594184,0.16878624,0.10782587,0.30799255,0.17353678,0.03026719,0.027793504,0.05292412,0.17865452,0.063353404,0.028788147,0.06753096
35200090,225.0,10.0,0.0,0.0,35.0,206.47737,3.5783217,1.284112,0.0,7.930453,0.14350526,0.26894134,0.21993029,0.2887202,0.0454463,0.08006051,0.0803818,0.24026117,0.2015162,0.07201733,0.0008708454,0.00023743056,0.16168934,0.06473887,0.06716795,0.060151502,0.040929336,0.05455097,0.08059105,0.24029242
35200577,20.0,0.0,0.0,10.0,0.0,26.311172,1.7534726,1.4159744,3.0092683,0.85123736,0.15594795,0.3080158,0.18680513,0.24136324,0.16649915,0.026409736,0.020968748,0.06052173,0.17170136,0.12776075,0.018006042,0.048628777,0.001443015,0.07343806,0.10802354,0.30040735,0.20200545,0.013007743,0.0005565056,0.0004900032
35202904,15.0,0.0,0.0,0.0,0.0,7.3199205,0.8181763,0.83577865,1.3045882,0.6713497,0.07690856,0.12151544,0.2002127,0.3072401,0.23652786,0.11934178,0.011880612,0.017932523,0.21088426,0.06114444,0.01101757,0.01807612,0.17732485,0.083106,0.050531156,0.052150954,0.21956381,0.025969546,0.011772739,0.01889902
35200804,0.0,0.0,0.0,0.0,0.0,5.5826435,6.3916245,4.8190575,0.8821587,2.7920976,0.2762233,0.31828085,0.080887474,0.013675663,0.17734666,0.15237454,0.017118188,0.061028827,0.19759126,0.035913814,0.0063743116,0.012905328,0.17068732,0.04900879,0.038191225,0.048412874,0.16755429,0.022112498,0.021151565,0.061161306
35204493,10.0,0.0,145.0,35.0,0.0,4.1472435,1.5003754,139.75099,7.9048767,1.9819753,0.03291048,0.055304885,0.081793,0.24013145,0.16418932,0.2533031,0.016301109,0.060048804,0.04496135,0.4893155,0.047841452,0.30030578,0.008173653,0.041544292,0.096781716,0.28803724,0.1922175,0.042605307,0.00020619074,0.012027929
35202085,0.0,10.0,0.0,0.0,0.0,0.6902534,8.198789,40.697746,1.2836936,0.0,0.1764095,0.05503632,0.027513688,0.061960097,0.049507715,0.084931634,0.08612919,0.25308743,0.21198183,0.46113327,0.0056375638,0.0018648221,0.16320215,0.058900274,0.018141355,0.060839877,0.19613986,0.031817876,0.0060946126,0.013670966
35200908,45.0,10.0,0.0,20.0,0.0,6.8550205,2.5034852,1.0632116,17.66294,0.54747033,0.041738275,0.056633577,0.119773194,0.3057206,0.06522508,0.036285453,0.08419113,0.24344027,0.17168961,0.05219349,0.029468907,0.063499406,0.051595688,0.22561035,0.24677587,0.24144565,0.20888104,0.026290352,0.0047184573,0.004823734
35203463,10.0,25.0,25.0,0.0,20.0,7.48731,20.92452,18.208794,1.6461774,20.524828,0.01645046,0.044626746,0.13335238,0.30213395,0.032493226,0.17192633,0.0982368,0.28886637,0.04160302,0.17890055,0.08813845,0.25332877,0.20243372,0.035488583,0.018650778,0.0004946141,0.044594746,0.24428165,0.08226933,0.24172962
35201630,25.0,10.0,0.0,15.0,0.0,9.912209,10.127541,20.1321,1.7205704,1.0746855,0.011347752,0.07206283,0.11653996,0.3016795,0.029529901,0.276185,0.09846713,0.28894514,0.16989915,0.20816463,0.02062198,0.06126585,0.042038325,0.024222115,0.09733084,0.24059068,0.1717507,0.12217225,0.017901894,0.04928444
35202229,10.0,20.0,15.0,25.0,0.0,3.0314355,5.1354823,25.011929,6.0288625,1.1101333,0.027290476,0.05461227,0.12757012,0.28895125,0.00876196,0.068964764,0.09719986,0.3003961,0.041284405,0.5024547,0.08809274,0.25285304,0.041010126,0.057770945,0.085386075,0.24037051,0.19440155,0.028804809,0.0050108717,0.012813467
35204369,10.0,10.0,0.0,0.0,10.0,4.725485,5.3552866,40.981323,1.4541912,5.5907083,0.012585299,0.07070865,0.104998626,0.2525812,0.0137231015,0.08065075,0.08064379,0.28831276,0.1632658,0.5274545,0.02131854,0.06047597,0.20059747,0.010882621,0.0026116997,0.00022115679,0.009550828,0.09017317,0.080653,0.2885912
35200983,30.0,0.0,50.0,10.0,0.0,10.468762,1.6583866,18.50277,2.3707585,0.78850776,0.0735355,0.10272002,0.12131774,0.24505511,0.22972912,0.17299986,0.006217559,0.0027827674,0.035791144,0.15851992,0.05073784,0.3061817,0.036216587,0.061477248,0.104751356,0.2554049,0.20899758,0.063719586,0.007356382,0.0044881757
35204159,0.0,10.0,30.0,65.0,10.0,0.8088969,3.9744077,27.958448,57.65795,3.7327883,0.16291937,0.033668827,0.027983714,0.060823534,0.0052795825,0.08925171,0.10039871,0.30012056,0.004245028,0.27015954,0.08628503,0.3000886,0.03300825,0.2673885,0.051884376,0.2520472,0.008218375,0.065735914,0.09639069,0.28810257
35202323,0.0,10.0,10.0,0.0,0.0,0.8866377,4.998819,1.6058235,1.5181109,0.5714767,0.19835167,0.10661113,0.059182934,0.077499695,0.07680226,0.13431697,0.10204763,0.3121177,0.025145333,0.05794211,0.10643236,0.31273228,0.20777297,0.045031894,0.059570365,0.01855123,0.24379727,0.048388302,0.016162302,0.019543665
35201900,0.0,0.0,0.0,10.0,0.0,2.0275798,11.1087475,11.507195,2.5658247,0.86036056,0.294832,0.2819739,0.13163163,0.049407125,0.21000925,0.10556558,0.0008047655,0.0007187705,0.16471875,0.05361741,0.006228685,0.060778458,0.04210357,0.07135656,0.09560018,0.24042602,0.16359971,0.017019764,0.020894393,0.060713585
35202363,25.0,0.0,10.0,0.0,0.0,8.773502,11.451435,2.9016204,3.2758093,1.1507003,0.047636073,0.06484044,0.16878137,0.3068263,0.25640997,0.10552017,0.006290625,0.0046005878,0.012994242,0.05170551,0.11248563,0.30378342,0.20185414,0.1130941,0.12400544,0.01275957,0.18143664,0.06727507,0.009065022,0.056635786
35201523,15.0,0.0,0.0,0.0,10.0,5.16547,0.8965959,1.0025721,0.068146825,2.802521,0.056997262,0.07620824,0.21465334,0.29332876,0.23655781,0.07715212,0.0043200203,0.014810664,0.21036413,0.05656299,0.0059437607,0.0027209744,0.1766485,0.15436311,0.11942806,0.048869833,0.043424334,0.059414074,0.08395168,0.25628036
35203951,400.0,50.0,205.0,0.0,45.0,290.04987,51.75353,263.40897,2.8018453,28.461283,0.0012227913,0.22608285,0.023385106,0.060032725,0.03437377,0.27506655,0.0040387823,0.25200596,0.036058135,0.39464605,0.002981895,0.25204197,0.16805512,0.081730895,0.040781762,0.048003733,0.04004304,0.087399095,3.702275e-05,0.24001284
35202790,15.0,10.0,25.0,0.0,0.0,6.8177385,5.400349,42.226532,1.3780328,1.7976925,0.016467333,0.09691974,0.12568307,0.3011753,0.04483203,0.06289958,0.08090324,0.24074484,0.04362392,0.520964,0.08188142,0.24078235,0.16993718,0.034261838,0.031507198,0.04851458,0.20170073,0.007662218,0.00082281005,0.000716711
35203569,15.0,0.0,15.0,0.0,0.0,16.253656,2.0963132,13.301041,1.4004086,1.5091072,0.042442042,0.27777544,0.14265597,0.30164945,0.17272867,0.10806078,0.01823179,0.06059784,0.040951513,0.21876073,0.084002286,0.25284806,0.20097625,0.027418505,0.0031889405,0.00049097196,0.19655858,0.048272878,0.004031499,0.010357875
35201967,0.0,0.0,10.0,10.0,0.0,2.0355403,0.5034248,2.9818742,3.2714748,0.5501425,0.25735313,0.20070678,0.12291465,0.068781726,0.17894858,0.041219477,0.020315696,0.061724897,0.046866674,0.08105315,0.088244624,0.25327638,0.042249635,0.09295267,0.13344307,0.2542216,0.20803551,0.02566913,0.0042124856,0.0034102504
35200900,50.0,10.0,15.0,0.0,0.0,47.41058,10.1035385,10.946604,0.91989726,2.312956,0.12040509,0.35774213,0.0498847,0.24021105,0.004283489,0.1322759,0.083343856,0.29770496,0.0029589045,0.1397038,0.083743274,0.29774338,0.20021981,0.004758576,0.0009513904,4.411619e-05,0.16223465,0.02786977,0.00014319958,0.057778012
35202902,10.0,0.0,20.0,0.0,0.0,4.856687,0.84075063,7.0306034,1.8271952,0.6984777,0.06828698,0.110572696,0.16786352,0.30065718,0.23228467,0.110555835,0.018295301,0.018997682,0.039377,0.13335803,0.10806538,0.29874927,0.21105234,0.025271576,0.013768011,0.0067404625,0.21690618,0.071606465,0.01162284,0.017568674
35202371,0.0,20.0,0.0,0.0,0.0,24.0972,7.2525325,1.1156126,1.2718716,0.23511133,0.22661829,0.09788983,0.13196707,0.05290767,0.07651758,0.06029958,0.08268794,0.24409157,0.19748628,0.0466152,0.0022462194,0.013848616,0.17401734,0.20936058,0.13932353,0.04837172,0.20821163,0.012579468,0.0026057733,0.005154113
35202955,15.0,0.0,220.0,0.0,0.0,4.436454,0.0,207.38582,1.8255436,0.8495448,0.044634726,0.03926986,0.0901985,0.24423225,0.21023208,0.23963076,0.0059476234,0.01046535,0.09421593,0.4129944,0.05171651,0.24370207,0.16310492,0.014450386,0.03180478,0.058319133,0.20491858,0.08350151,0.0022298952,0.0016308402
35201524,20.0,15.0,0.0,10.0,0.0,6.2387776,6.678642,1.0417987,3.7135699,0.5533323,0.09549154,0.07949612,0.19055255,0.25043416,0.09181093,0.07689474,0.08918673,0.24591555,0.21638197,0.064391926,0.00957735,0.005715448,0.019612689,0.11207856,0.17531374,0.2905175,0.21834031,0.051363226,0.007660272,0.0068647284
35202678,0.0,0.0,10.0,0.0,10.0,1.937532,0.68701357,3.04474,0.057719827,3.8266938,0.19246906,0.09780052,0.066313386,0.016998265,0.2351092,0.25873494,0.0047637615,0.052516807,0.018341184,0.07160026,0.103265,0.29325828,0.164829,0.03199825,0.050451864,0.05858866,0.031193301,0.1026995,0.10369128,0.29737753
35205061,0.0,0.0,0.0,0.0,0.0,21.745872,37.785507,11.831023,1.9721467,7.3133917,0.23296383,0.18237393,0.037657395,0.0034326287,0.18069758,0.30869216,0.017807925,0.0509695,0.17455848,0.16154714,0.0025541666,0.048993945,0.19457832,0.011242596,0.006683383,0.010004741,0.17572941,0.021683775,0.017361857,0.04926734
35203828,45.0,10.0,0.0,0.0,0.0,13.001832,3.5148697,0.48154372,1.5142289,0.81034136,0.096421376,0.06600044,0.11750055,0.26302722,0.06179407,0.08368936,0.090654954,0.2963024,0.21225515,0.077765495,0.017113417,0.019462174,0.21311224,0.07131024,0.06928038,0.0043099737,0.19470452,0.061992966,0.027288957,0.058414232
35204504,0.0,10.0,0.0,0.0,0.0,1.959842,6.077137,2.467251,1.6001203,0.32671767,0.24369231,0.06004195,0.07983664,0.014208244,0.1123187,0.09840778,0.09835236,0.25124618,0.19154754,0.14606458,0.018665638,0.058205232,0.2127495,0.027873607,0.031198677,0.0066605895,0.25936383,0.03616638,0.014625813,0.014774536
35204487,15.0,25.0,50.0,35.0,15.0,15.909875,22.675932,94.35332,4.876299,6.8284254,0.054246347,0.04871823,0.09640371,0.2432275,0.046812415,0.08880073,0.08043334,0.24045078,0.042679634,0.5886615,0.0010631966,0.24027897,0.040522374,0.00617246,0.08086412,0.2402122,0.043297246,0.01814096,0.08024841,0.24036598
35203975,285.0,65.0,15.0,0.0,10.0,265.42676,45.5132,8.000272,1.7666805,5.0847673,0.03515732,0.28627074,0.054836936,0.050269563,0.047266547,0.2156899,0.0058761993,0.25311065,0.009231325,0.17470664,0.1029849,0.3020454,0.19499175,0.024233323,0.0064361785,0.010696333,0.03651785,0.14554176,0.08675654,0.25418028
35200251,60.0,10.0,0.0,0.0,0.0,83.45713,1.6894879,1.0061216,1.1736306,0.93788695,0.118207395,0.52020866,0.0976619,0.29775664,0.009314982,0.028564679,0.09608124,0.28805402,0.20043725,0.02511976,0.00019286259,5.1227464e-05,0.19235258,0.018183075,0.013533215,0.012032084,0.16821693,0.012249334,0.016121043,0.048061255
35201328,0.0,0.0,0.0,10.0,0.0,2.8216112,1.2626284,0.85059565,3.0009365,0.45312122,0.2421669,0.11853972,0.115816265,0.060645856,0.22825092,0.04117832,0.014076393,0.020864889,0.21183944,0.092427574,0.016593076,0.016165113,0.01605821,0.09466789,0.18182549,0.3037189,0.21643755,0.03750747,0.010388512,0.0072315675
35204790,0.0,0.0,180.0,0.0,0.0,1.6922511,0.4080479,61.92296,2.0184007,0.08427748,0.19824809,0.0659774,0.084481314,0.06740168,0.23589566,0.101246305,0.009546168,0.008433594,0.08238717,0.22484271,0.04550247,0.25385314,0.20542856,0.11871482,0.06729333,0.014202816,0.21349585,0.062403098,0.015359998,0.01168596
35204495,20.0,25.0,0.0,0.0,0.0,21.96852,15.310979,1.2086169,1.3649584,1.0627766,0.15210271,0.2327699,0.22248498,0.24451886,0.054270625,0.14346187,0.085296474,0.25321725,0.20499142,0.03783271,0.0040023755,0.0040964987,0.19601074,0.030134147,0.012484925,0.010388629,0.2018588,0.0359347,0.00588055,0.013861984
35202365,0.0,0.0,10.0,0.0,0.0,2.3263772,0.77765065,4.5231824,1.3336748,0.67144644,0.23151301,0.190084,0.11942489,0.054448992,0.2287757,0.10746234,0.009084554,0.01583562,0.022478642,0.1207801,0.09528533,0.3046032,0.17012423,0.05275251,0.042541824,0.059391927,0.21921666,0.035108425,0.0047129733,0.009975193
35201409,0.0,0.0,0.0,15.0,0.0,2.6405516,0.9713294,0.6686077,4.9077063,0.28645495,0.22675008,0.04182954,0.07467936,0.021730281,0.21878558,0.066402905,0.026764583,0.05673053,0.21788298,0.14414202,0.013828819,0.0050737434,0.045635216,0.09320626,0.21771885,0.25427896,0.21593937,0.04260414,0.01011808,0.010698744
35202554,0.0,10.0,280.0,0.0,0.0,8.694406,17.763334,345.5735,1.2806064,5.077771,0.16874354,0.04866044,0.02415724,0.061153557,0.014662676,0.22470962,0.09689252,0.28869787,0.10127742,0.37744594,0.0659806,0.012793929,0.1703335,0.048134744,0.049366105,0.048299465,0.20184638,0.05090583,0.0009702672,0.00096848205
35200212,165.0,15.0,0.0,0.0,0.0,130.41821,7.0488224,2.2903717,0.93979377,1.0034109,0.13348623,0.30505052,0.18107037,0.30070567,0.009227432,0.12578422,0.099818215,0.2978498,0.16923589,0.10554096,0.018123107,0.050785925,0.20071247,0.02576624,0.004602437,0.00017888582,0.16932572,0.081637986,0.016644634,0.048453394
35203219,0.0,15.0,0.0,0.0,0.0,2.691217,6.209602,1.0245515,1.1669123,0.24652326,0.25964716,0.16303203,0.18750696,0.06521239,0.037456743,0.108924925,0.103334434,0.2999607,0.20153968,0.056484073,0.007372978,0.015456552,0.17539577,0.031422082,0.0378004,0.04931449,0.21173212,0.051578872,0.006969396,0.013858335
35200074,100.0,10.0,0.0,0.0,35.0,78.212105,1.5123053,1.3202269,0.0,2.8742616,0.16159046,0.30857217,0.16171068,0.2978309,0.0023540515,0.034745544,0.09945406,0.30008626,0.16844377,0.115423925,0.017660454,0.05058234,0.16824912,0.01972054,0.017344672,0.04807924,0.038973086,0.010390597,0.081015356,0.2425729
35201339,10.0,10.0,10.0,20.0,0.0,2.9606771,2.0156746,4.791766,4.1943817,0.27954596,0.05817509,0.08199622,0.17479204,0.30414352,0.0477622,0.061400026,0.11045028,0.30467513,0.054241642,0.15753008,0.10250286,0.26123986,0.055561077,0.05089085,0.12973274,0.24662364,0.18481398,0.07076296,0.0269811,0.06772484
35203755,10.0,15.0,50.0,0.0,0.0,5.527737,19.385353,30.00922,1.1969086,7.7874804,0.0153182205,0.03890342,0.105224386,0.28928167,0.054572716,0.3047068,0.08167602,0.24060948,0.014326594,0.23467863,0.01301018,0.30151606,0.16730943,0.018819474,0.021396786,0.051121086,0.20228645,0.13183342,0.001978143,0.00103114
35203360,0.0,30.0,10.0,0.0,35.0,5.594715,24.652777,20.192167,2.9200497,32.667843,0.19271438,0.013425037,0.0057765036,0.012223018,0.0066281324,0.18751672,0.10017629,0.30003226,0.0025433423,0.33927846,0.09774955,0.3000405,0.16661035,0.056311022,0.010507721,0.050412863,0.0017411712,0.18012524,0.09935361,0.29763404
35202758,10.0,10.0,20.0,10.0,0.0,10.892759,10.487236,22.50596,2.2522492,4.867043,0.05278504,0.10858446,0.10729369,0.25885075,0.032868914,0.11975512,0.10480716,0.30384833,0.034495562,0.25486428,0.11918223,0.3046882,0.04378313,0.049322687,0.09842407,0.24497375,0.21202062,0.06458691,0.0054705814,0.0049945987
35203689,15.0,25.0,15.0,0.0,10.0,7.633864,25.274996,9.93601,2.1907823,9.351445,0.059714466,0.080281496,0.107131414,0.25003776,0.048460253,0.27545953,0.080284715,0.24016538,0.034581687,0.15621656,0.08176156,0.25220695,0.16844341,0.0164587,0.019294621,0.04809953,0.033055853,0.2062556,0.08430178,0.25218892
35202174,0.0,0.0,10.0,10.0,0.0,4.0306892,4.2176285,3.1251767,12.873089,0.8909614,0.18325895,0.050263252,0.06959449,0.063045174,0.22170004,0.045412663,0.0019663293,0.0017441871,0.007557309,0.055456497,0.10539654,0.30121508,0.043826886,0.33596554,0.23648983,0.24270733,0.19748178,0.023875112,0.0026311304,0.012011953
35203798,0.0,0.0,0.0,0.0,0.0,9.538302,1.9674673,1.4107311,1.6410221,0.6270579,0.29027566,0.1805349,0.19613272,0.06351295,0.2309717,0.053351063,0.0035877088,0.005665965,0.2094362,0.027687987,0.004420894,0.0037607085,0.2025852,0.06753659,0.043770283,0.010812717,0.18235837,0.027741149,0.019745864,0.054511406
35205049,0.0,0.0,0.0,0.0,0.0,5.5842867,8.437447,9.31088,14.005084,5.06172,0.16654553,0.06409603,0.017011661,0.019286599,0.23918064,0.18925142,0.009977261,0.053745802,0.18975732,0.21779618,0.014478156,0.05301749,0.19705941,0.07689658,0.039933324,0.011000868,0.17809033,0.09713136,0.006723462,0.052620675
35201334,45.0,125.0,100.0,0.0,15.0,27.980885,143.78964,72.05299,1.6966186,5.1722026,0.0042116875,0.1544524,0.025438905,0.30023718,0.009294835,0.3974605,0.016185306,0.28814924,0.009580185,0.21232344,0.016547987,0.28816026,0.19398814,0.0075634476,0.006302081,0.009704333,0.040355645,0.010130336,0.08016818,0.24014601
35202808,0.0,0.0,0.0,0.0,0.0,4.6454906,1.2037201,1.206376,1.7063421,0.49034107,0.23648623,0.2079752,0.12036588,0.063957095,0.23664218,0.1364888,0.007305291,0.014802787,0.17910641,0.060927536,0.02127944,0.053675767,0.2053686,0.05113113,0.0244015,0.001373279,0.2250898,0.024716267,0.0045174547,0.00678936
35202762,95.0,0.0,20.0,0.0,0.0,186.68811,2.6141996,2.1797729,0.8106282,0.8164916,0.0866538,0.6227135,0.03713535,0.25375742,0.1958148,0.012515029,0.0040634684,0.012345086,0.0094039235,0.020014523,0.09765135,0.29065564,0.16845085,0.019905863,0.02669376,0.050844442,0.20161027,0.005366027,0.0008426188,0.0006822665
35202879,0.0,10.0,10.0,0.0,0.0,2.5825791,5.5341253,2.880018,1.6320511,0.5659131,0.2199214,0.18014526,0.05131743,0.05350325,0.04849094,0.14570045,0.10070691,0.30242804,0.014615348,0.07506498,0.10383724,0.30213603,0.20671874,0.11491507,0.043526947,0.0013877588,0.20624383,0.02284104,0.003575298,0.015724141
35204965,0.0,0.0,0.0,0.0,0.0,17.044985,22.192305,379.5855,10.5939,5.6228485,0.17514485,0.06820355,0.034211356,0.060278654,0.21515433,0.13582659,0.004094425,0.0038595872,0.19271342,0.43173176,0.028767914,0.059901983,0.20233412,0.012551881,0.0029229696,0.0014354521,0.20377082,0.037451036,0.0024176561,0.0035477027
35202117,0.0,0.0,115.0,0.0,0.0,1.9536276,2.5189936,176.23692,0.35261136,1.2463179,0.2053723,0.03407088,0.026454933,0.01058382,0.17578997,0.116097614,0.016547294,0.048818853,0.047512874,0.4893674,0.0049867546,0.2427776,0.19480515,0.043800108,0.027870562,0.009674748,0.2016474,0.028826814,0.0005239929,0.0010310134
35203148,0.0,0.0,0.0,0.0,0.0,4.376914,1.4138019,1.0272071,1.7092763,0.77248955,0.21227556,0.05511184,0.089427516,0.06747597,0.2719989,0.11035208,0.0156633,0.013088623,0.2019226,0.11207176,0.030726325,0.06096534,0.20750105,0.03498408,0.046664543,0.017990122,0.25384694,0.057480887,0.012604617,0.017288037
35200545,0.0,0.0,0.0,0.0,0.0,1.9466296,0.5070845,0.6449617,1.7143924,0.182915,0.2741934,0.15286627,0.16049251,0.05495827,0.19681686,0.032008886,0.019227648,0.051680643,0.20967603,0.035747927,0.0047241515,0.0034311838,0.17302737,0.1248372,0.10748996,0.058718216,0.20940746,0.023409002,0.0037400532,0.0030670168
35202040,0.0,55.0,45.0,0.0,0.0,0.3186466,21.840364,5.955525,1.2524143,0.6832376,0.21776779,0.05350727,0.07464314,0.00708504,0.07422697,0.1189926,0.0044137766,0.2526484,0.013075488,0.065592065,0.02524811,0.30143067,0.1992296,0.16541588,0.113084115,0.012334082,0.17262705,0.09089492,0.02506414,0.06311895
35204780,730.0,30.0,10.0,0.0,10.0,544.82074,17.587687,4.7771015,0.85183257,4.6050196,0.10601766,0.27791834,0.108604856,0.0011965458,0.041848045,0.17649353,0.08376893,0.2502244,0.03531653,0.14746454,0.08083148,0.24987963,0.19915876,0.031146256,0.003891109,0.0020304061,0.03544069,0.13221446,0.084163345,0.25015065
35202508,55.0,10.0,0.0,0.0,0.0,56.67423,7.7245474,3.8537679,1.0791876,1.3379946,0.076310895,0.3753901,0.055156246,0.29264924,0.013255126,0.11656108,0.098170936,0.2992715,0.2032868,0.08295001,0.0036468513,0.003921567,0.20265171,0.017552305,0.013895918,0.000876264,0.19907214,0.02868871,0.0054750107,0.011697674
35202262,0.0,0.0,160.0,10.0,0.0,3.0799465,4.4336696,192.74187,1.6568222,1.3086752,0.20983246,0.06294106,0.016621051,0.002897146,0.18542568,0.24556693,0.019812254,0.050281923,0.08093928,0.4180929,0.037712097,0.2519006,0.042602856,0.013210148,0.08628939,0.2413739,0.21201798,0.05167992,0.0030267825,0.0029757672
35200182,120.0,35.0,0.0,0.0,0.0,98.697266,18.416588,4.2884507,0.85879004,2.6810303,0.1602024,0.18996723,0.17248262,0.2888192,0.011689111,0.10214625,0.09618661,0.28814492,0.16928457,0.15222564,0.0005387153,0.048157766,0.1682849,0.01280027,0.01675204,0.048088793,0.16912206,0.025112858,0.016163155,0.04815096
35203127,20.0,15.0,0.0,10.0,0.0,8.886557,2.8732548,3.692847,12.832452,0.050375376,0.028879408,0.10085614,0.1612668,0.25024804,0.012699246,0.056408625,0.08124215,0.29071185,0.1625601,0.045268036,0.020798927,0.060459454,0.039945647,0.34332836,0.2143862,0.24214576,0.16775553,0.03205344,0.017415509,0.05093087
35202805,25.0,20.0,0.0,0.0,0.0,12.429179,7.236354,2.847854,1.7253402,0.9701613,0.05654706,0.14638533,0.1715446,0.31316012,0.062942766,0.089106016,0.11479048,0.30686808,0.22070345,0.038154908,0.01665738,0.011547943,0.21226458,0.048050888,0.056276117,0.0076815938,0.2306068,0.04256427,0.01931181,0.02731594
35204709,25.0,0.0,0.0,0.0,0.0,43.160843,0.890358,1.1713024,1.0947913,0.88986766,0.122539476,0.4714307,0.16238545,0.2522645,0.20640814,0.019047398,0.002857748,0.00419477,0.20291856,0.042810943,0.003440669,0.0032650745,0.16333604,0.036253676,0.03737826,0.060761224,0.20344874,0.010969027,0.0021017923,0.0014679461
35200037,0.0,80.0,140.0,0.0,95.0,11.238131,61.411568,156.65637,0.6216328,79.081985,0.19968832,0.01978122,0.016926827,0.013489081,0.04966535,0.18898928,0.0019243582,0.24168752,0.017627431,0.47936505,0.009411782,0.29077458,0.20108625,0.02425999,0.013462524,0.0028409485,0.04271476,0.19816898,0.0030776295,0.24233827
35203834,0.0,0.0,10.0,40.0,0.0,1.663959,1.1469308,2.332463,19.347961,0.42529514,0.24644952,0.10692128,0.16204792,0.052698594,0.18895577,0.06121856,0.020154519,0.053923722,0.049394235,0.0440589,0.08567854,0.2430848,0.04877771,0.14142652,0.19743536,0.24323471,0.20657419,0.026930789,0.0046978155,0.00545663
35202327,0.0,0.0,10.0,10.0,0.0,13.930616,3.3635907,2.6039412,1.8066204,0.75666624,0.26321253,0.15606505,0.123350754,0.017409509,0.25397268,0.13374907,0.007895139,0.007882941,0.016744912,0.04920661,0.105578184,0.3047098,0.041140717,0.04655573,0.112902895,0.25360948,0.23120995,0.039315935,0.0058273487,0.008380823
35202932,10.0,0.0,0.0,0.0,0.0,2.2678146,0.0,0.24300608,1.7388115,0.27087647,0.08038726,0.041579053,0.15119983,0.2576724,0.2653166,0.0957955,0.020480849,0.020225,0.22997518,0.07681854,0.032034922,0.015702507,0.17904481,0.0476219,0.08287206,0.05811562,0.24402496,0.06524028,0.018686205,0.01816655
35200940,15.0,0.0,0.0,15.0,0.0,3.9289095,0.52277505,1.0987991,16.09472,0.1380101,0.06323099,0.0541033,0.16679084,0.2534507,0.17082712,0.055864386,0.019805893,0.058204643,0.18310475,0.09876383,0.014794859,0.0029907604,0.038444333,0.26104125,0.25656825,0.2497336,0.20140086,0.020593857,0.0007644157,0.0007214529
35201788,0.0,25.0,10.0,10.0,15.0,2.639648,3.8934343,3.0354137,12.273769,2.7666864,0.19564201,0.08198637,0.07410091,0.061456006,0.0102020195,0.044159815,0.10049707,0.30014443,0.03725592,0.073756,0.085644364,0.2505331,0.04348102,0.32298067,0.21842621,0.24012172,0.03467198,0.039352152,0.0841624,0.25022593
35200161,225.0,25.0,15.0,0.0,45.0,181.8322,13.467226,8.401077,0.0,18.239883,0.1379275,0.2856204,0.17454572,0.2539203,0.012935037,0.11840615,0.10107204,0.30014747,0.04169085,0.10181915,0.082481146,0.24346742,0.1956307,0.032422706,0.009945806,0.010065546,0.0431764,0.1058639,0.002386199,0.24327561
35202359,0.0,0.0,0.0,0.0,0.0,38.46644,7.614012,5.0726476,1.667085,1.5406357,0.30222625,0.30524933,0.13873082,0.063187085,0.17017691,0.027491946,0.021192346,0.06135692,0.1995157,0.053994603,0.005834033,0.011595461,0.19825086,0.06966399,0.01972725,0.010354924,0.17205612,0.011475534,0.017155282,0.049724713
35201029,55.0,25.0,10.0,0.0,0.0,9.464467,10.424419,2.9085376,1.6172358,0.8517825,0.054005414,0.0602594,0.120671,0.311432,0.0585302,0.07406352,0.11569082,0.3072166,0.03148302,0.06553662,0.117621504,0.3054741,0.18787253,0.054882772,0.08008447,0.055192675,0.22442329,0.07681086,0.02248779,0.02666152
35203627,195.0,45.0,20.0,10.0,10.0,184.31093,20.196215,7.469436,1.938832,1.7830187,0.12932552,0.27116224,0.19502099,0.29843414,0.015572568,0.13767652,0.016611492,0.28825384,0.004001909,0.114412755,0.08342199,0.3005393,0.033990864,0.028536435,0.08623828,0.25035518,0.041242234,0.08184679,0.08080869,0.24046831
35202304,0.0,0.0,15.0,10.0,0.0,1.4494519,0.9843701,5.2883496,4.3199396,0.34678864,0.22039293,0.028465988,0.05753893,0.011227116,0.21303722,0.084765054,0.02696877,0.06628882,0.016522149,0.107408345,0.11701507,0.3042919,0.046020817,0.12702698,0.22762628,0.25131816,0.1737039,0.07009001,0.027246874,0.067204826
35200910,50.0,10.0,0.0,0.0,10.0,15.056373,4.6114044,1.1484845,0.17642617,2.9886649,0.08926882,0.121536046,0.14581887,0.29588884,0.027635738,0.12656707,0.10528537,0.30393633,0.17696188,0.102601394,0.031124528,0.065738566,0.17342514,0.04921339,0.032868974,0.051771265,0.05320038,0.059729602,0.08734155,0.24520633
35201196,10.0,15.0,15.0,175.0,0.0,4.202439,4.5841246,4.7069726,244.26558,1.1746821,0.015396303,0.019995183,0.13741125,0.29010075,0.010422012,0.056878388,0.096076384,0.28805283,0.0070684077,0.049198333,0.09646597,0.2904445,0.034588102,0.31025967,0.43079826,0.24962127,0.16665708,0.04212898,0.016873855,0.0504425
35200164,25.0,0.0,0.0,0.0,0.0,43.720654,1.5518594,2.561947,0.87752074,1.2329503,0.11558695,0.4816519,0.14282943,0.25265875,0.20484999,0.023119044,0.00041457408,0.0003581765,0.16187437,0.026342096,0.021143565,0.060260292,0.16881332,0.07445151,0.04753905,0.048550166,0.199598,0.0073260255,0.0005384708,0.0024144084
35200587,10.0,0.0,20.0,10.0,10.0,8.781375,1.4885441,4.0554914,1.6429032,1.6462775,0.09757217,0.19112214,0.15878965,0.25447506,0.22510535,0.24609028,0.0023657207,0.0020592501,0.051155068,0.06661176,0.0859182,0.24259456,0.041794226,0.03842466,0.09317769,0.24309678,0.043317806,0.032859035,0.08633996,0.2528108
35201570,0.0,0.0,10.0,10.0,0.0,3.3914828,7.864245,10.651047,4.1846104,0.6605221,0.20580128,0.0497471,0.028574226,0.010691757,0.23876955,0.08655067,0.0073494003,0.014055458,0.055897497,0.2484703,0.09588418,0.2527768,0.044219792,0.10458172,0.13728312,0.2435319,0.20097111,0.094800256,0.006309694,0.012454289
35204886,0.0,10.0,35.0,10.0,0.0,3.2208705,5.9467134,14.327666,10.62842,0.5833689,0.16439892,0.042642742,0.017192835,0.062672555,0.017835582,0.11775111,0.08423298,0.29840547,0.010856446,0.16668147,0.09045862,0.29790372,0.041576892,0.28741062,0.1923326,0.24209613,0.16904153,0.012774303,0.017178992,0.04863664
35201280,15.0,0.0,10.0,0.0,10.0,4.90608,0.63954574,5.1494775,0.4122486,3.982537,0.058795094,0.07347213,0.11762694,0.25876814,0.27786753,0.21667291,0.010545023,0.005204444,0.062196985,0.129861,0.09920614,0.25501865,0.20317492,0.021907661,0.012456194,0.002544554,0.06322245,0.09365631,0.08822146,0.2460615
35202357,10.0,0.0,0.0,0.0,0.0,13.540538,0.7181526,0.6239071,1.5652751,0.7222886,0.09529794,0.40008062,0.17330875,0.29320204,0.21992402,0.076117665,0.0032485544,0.0039877896,0.17015839,0.025876224,0.022438169,0.05993643,0.19643025,0.029959649,0.01148182,0.0110322265,0.21192034,0.014753757,0.001743009,0.0025264316
35203607,0.0,100.0,40.0,0.0,50.0,14.230112,99.39786,41.856155,8.278079,60.344246,0.20408823,0.042632323,0.01037425,0.010720293,0.013330679,0.27150485,0.020163927,0.30048728,0.003453521,0.13646866,0.1008528,0.30043292,0.20134588,0.024285045,0.008746405,0.0002783629,0.041287553,0.26821655,0.00073989364,0.24315073
35204448,15.0,0.0,55.0,30.0,0.0,2.541283,0.0,117.40699,2.0679169,1.3110992,0.035029504,0.014938914,0.08684318,0.25205588,0.20311034,0.04525227,0.0008191073,0.0007719235,0.038678132,0.69129264,0.005794824,0.25198045,0.040466845,0.0030728686,0.080585375,0.2402871,0.20075424,0.022337394,0.00048362208,0.00070954295
35202849,30.0,20.0,0.0,0.0,10.0,2.3465428,7.672882,1.3139404,0.30661643,1.8656526,0.049567774,0.025627427,0.11043364,0.24507944,0.06620374,0.084475115,0.08532745,0.25109288,0.17854185,0.17912713,0.0061931745,0.049366396,0.20245337,0.23617461,0.133818,0.0021803358,0.043961596,0.03073166,0.08274741,0.24220909
35202161,0.0,0.0,90.0,65.0,0.0,10.068255,8.6655445,72.61596,35.406277,3.114201,0.20555058,0.0423417,0.029208377,0.015517647,0.22557847,0.12055406,0.0054013077,0.003256873,0.07047916,0.22482954,0.022968287,0.2533,0.04356515,0.16486417,0.024661332,0.24405703,0.21207468,0.0609525,0.0046288436,0.0040983665
35201139,35.0,10.0,20.0,10.0,0.0,7.89889,1.1797411,2.1960413,12.397429,0.44935447,0.07561836,0.06856664,0.17740825,0.25204372,0.046856824,0.019274894,0.08423096,0.25082722,0.04490463,0.030297514,0.082610965,0.241027,0.038046572,0.31845093,0.2602272,0.251815,0.20287159,0.012495469,0.0012168662,0.0011134939
35204600,0.0,0.0,10.0,0.0,0.0,5.1756487,9.035126,9.688852,2.6640348,1.0400696,0.2107669,0.3437227,0.016979376,0.001462937,0.1757279,0.124508426,0.0009218364,0.050543923,0.006311681,0.19255218,0.08640945,0.30033916,0.19987181,0.03770141,0.022647927,0.0024904604,0.19461906,0.024835236,0.005032596,0.01263511
35203345,0.0,90.0,10.0,0.0,25.0,10.966689,112.46288,18.289156,3.2739573,28.678879,0.18152016,0.06563441,0.022082848,0.0002845413,0.01645462,0.35933986,0.016817681,0.29004875,0.007859206,0.12540448,0.09630128,0.28999093,0.19983779,0.0075985645,0.00085902365,0.00040841041,0.007248833,0.22491665,0.09689016,0.29005396
35204639,0.0,0.0,0.0,0.0,0.0,1.3619931,0.7611357,0.8048439,1.8264525,0.48851755,0.21921048,0.12390427,0.08199149,0.07474235,0.2319901,0.092219114,0.037167273,0.07156333,0.22435592,0.049495358,0.020526951,0.011976515,0.21397434,0.03193196,0.036156546,0.007133048,0.25590545,0.04363783,0.014476473,0.017737303
35200147,150.0,30.0,0.0,0.0,15.0,137.44237,13.523314,1.2045445,0.18488073,3.5834801,0.20618367,0.33074594,0.19675682,0.2407503,0.03897497,0.098687544,0.0840376,0.25009298,0.17672299,0.11775635,0.00777201,0.050441366,0.16870782,0.01820725,0.018125875,0.048305813,0.042735744,0.030693859,0.08068914,0.24065214
35201903,0.0,10.0,85.0,0.0,0.0,0.51150155,6.4715137,83.49008,0.68190587,0.35114777,0.19395815,0.17584723,0.03480116,0.05778758,0.0040183943,0.1986323,0.099284664,0.29763457,0.05203668,0.30793566,0.009795918,0.24970272,0.19369355,0.008150624,0.0033620924,0.009646155,0.1938817,0.013812531,0.0032443523,0.0096381055
35200032,15.0,25.0,80.0,10.0,40.0,11.026913,25.20248,83.32949,3.0126033,35.349804,0.0058334363,0.031765573,0.11229472,0.2900582,0.003761848,0.16407685,0.096261635,0.29814312,0.033538256,0.33792222,0.004450244,0.25209656,0.007989809,0.06926512,0.12288022,0.28842974,0.033561602,0.14986739,0.08348845,0.2501872
35200899,20.0,10.0,10.0,0.0,0.0,33.54999,2.6868002,2.4700282,1.551848,1.2130225,0.109492175,0.4860752,0.15729903,0.3026645,0.013157502,0.040475443,0.1029719,0.30138367,0.044430193,0.015911713,0.08337763,0.24232918,0.20249663,0.017693141,0.011429459,0.0015444666,0.20626423,0.010145639,0.0038768677,0.005477549
35202577,0.0,0.0,0.0,0.0,10.0,7.1080155,1.0467334,1.6345482,0.50903714,3.3893466,0.20144327,0.13245271,0.057850525,0.05958699,0.27821755,0.2063711,0.010075735,0.004370502,0.21731347,0.06892688,0.008912758,0.0043738075,0.19626778,0.0368346,0.030021891,0.014551492,0.06594001,0.06744499,0.089982994,0.25091702
35204015,30.0,15.0,0.0,10.0,0.0,18.661215,20.951809,14.505131,1.5135844,1.6983222,0.0408621,0.0783299,0.08376274,0.24271622,0.011526944,0.38271648,0.08040607,0.2883398,0.16512813,0.2965697,0.0022531766,0.058166385,0.040223163,0.00944286,0.08271341,0.24057396,0.16859248,0.05002168,0.0006327795,0.048478164
35204809,15.0,20.0,25.0,0.0,10.0,2.910773,17.908922,12.795895,0.18212846,8.810973,0.050228607,0.033904675,0.11398862,0.2509669,0.059442833,0.24534936,0.08442197,0.25087276,0.012466793,0.12740985,0.098009855,0.28872758,0.16987886,0.039546136,0.04163352,0.04868356,0.042211138,0.23728505,0.08148586,0.2413102
35202504,50.0,10.0,0.0,0.0,0.0,81.23022,9.023048,29.29267,0.53239894,2.4439197,0.067917615,0.51388425,0.032657582,0.24350007,0.051259413,0.08690952,0.08159874,0.24158005,0.16401118,0.072034016,0.02122812,0.06095331,0.16823623,0.010964899,0.022594528,0.050727233,0.20630282,0.016530894,0.0011705123,0.0016831006
35202416,35.0,0.0,10.0,0.0,0.0,32.609905,3.0491555,11.78094,1.2057525,2.0414674,0.029290788,0.25053102,0.120062105,0.29164478,0.21489927,0.100417346,0.0042630984,0.0040651527,0.049051087,0.2635032,0.08744666,0.24321449,0.19585195,0.012589619,0.016637648,0.011657021,0.20897016,0.048671644,0.0037702264,0.003654783
35203299,0.0,10.0,30.0,10.0,40.0,0.53517735,7.3372836,17.957603,2.7455432,34.43047,0.17359588,0.024827009,0.035320215,0.051037353,0.045340203,0.17821075,0.08442394,0.25171444,0.039938938,0.20059462,0.084351726,0.2407574,0.007819709,0.075049594,0.13498558,0.2899811,0.04079763,0.23431452,0.08084114,0.24033833
35204851,40.0,0.0,10.0,0.0,10.0,11.102781,28.220112,2.416826,0.0,1.1950048,0.0392094,0.030144675,0.094874606,0.2522936,0.1629082,0.5684961,0.020101117,0.060029145,0.007625854,0.05955325,0.097165555,0.29010776,0.16869645,0.06477805,0.043687213,0.04802449,0.0069591934,0.028220288,0.096837275,0.29004785
35201283,20.0,0.0,0.0,10.0,0.0,7.4589796,0.7026185,0.79306597,1.828793,0.37066057,0.061646737,0.09294686,0.16683967,0.30583706,0.22199464,0.092456,0.03732072,0.07148118,0.19355762,0.09176815,0.04042202,0.058097526,0.051075533,0.043938,0.12884171,0.24837577,0.199615,0.07660161,0.01675868,0.059785478
35204419,0.0,0.0,0.0,25.0,0.0,3.028063,1.3951174,0.8869521,28.653717,0.4362132,0.23715945,0.085581034,0.08403648,0.013807334,0.2021797,0.019884726,0.0047411234,0.01284042,0.20284006,0.044304013,0.0031065866,0.0025756888,0.043941867,0.270982,0.2913904,0.2421567,0.1953621,0.010640978,0.0039218278,0.010339563
35204004,80.0,40.0,125.0,20.0,10.0,31.889622,53.016556,87.1593,2.758201,0.68219423,0.010962166,0.086672194,0.024156483,0.3022868,0.011879228,0.3781482,0.10313861,0.30144337,0.0068648662,0.20193823,0.023720609,0.3010957,0.037574586,0.011167031,0.09601693,0.25103867,0.044885997,0.027259942,0.08449801,0.24533254
35201187,0.0,0.0,10.0,65.0,0.0,0.039886132,0.047750633,2.474847,36.243313,0.12112105,0.22823066,0.10287898,0.11909326,0.0651134,0.19656906,0.06706034,0.008355452,0.061601933,0.012187562,0.078249395,0.104542315,0.30355585,0.01952638,0.13446708,0.13621145,0.29226604,0.17833774,0.039915346,0.019847268,0.051574595
35201373,0.0,0.0,0.0,0.0,0.0,1.625373,1.3055906,1.2656856,1.4334819,0.7964171,0.23411626,0.033681333,0.053060424,0.020478224,0.2851771,0.09238665,0.028838927,0.025229923,0.19490731,0.064006954,0.050539337,0.07246046,0.17958763,0.04724185,0.073349,0.059938334,0.2637492,0.05795153,0.019214422,0.032917183
35203258,20.0,0.0,25.0,0.0,10.0,15.066199,2.184252,6.443847,0.64810705,3.785584,0.09097667,0.19747746,0.21595567,0.30152696,0.18739074,0.13727129,0.022752646,0.061661556,0.040484224,0.057278417,0.08854721,0.2543125,0.19667108,0.033351574,0.0144838,0.0108645605,0.017846618,0.07026162,0.09902161,0.2908879
35204864,0.0,0.0,0.0,0.0,0.0,231.23302,109.7338,33.227238,4.262444,17.110796,0.16318597,0.033227235,0.027511323,0.05802049,0.16225004,0.5479919,0.019215697,0.05761062,0.16155353,0.073853806,0.01931193,0.05808942,0.16691768,0.06211236,0.08615975,0.04992432,0.19333553,0.018040117,0.0033756215,0.010088724
35200693,85.0,0.0,0.0,0.0,0.0,60.069435,1.0319668,1.0998526,1.5479368,0.80541825,0.09862489,0.17394118,0.15706103,0.29455048,0.22814898,0.12123634,0.0037120178,0.0019374765,0.19951487,0.052473895,0.0105940625,0.0155026335,0.19749643,0.049467,0.024035774,0.011845626,0.21043403,0.06687935,0.0060418174,0.0045662075
35204120,15.0,10.0,230.0,0.0,15.0,5.788124,7.1369305,162.70236,1.4143392,5.1543865,0.020130506,0.07517181,0.112094864,0.2909192,0.04790408,0.27779627,0.0805646,0.24043027,0.046200555,0.40196916,0.04604347,0.2886532,0.16838029,0.010668438,0.018649857,0.048632864,0.008766066,0.080277346,0.09731316,0.2905702
35201829,0.0,35.0,0.0,0.0,0.0,5.7394905,18.68195,27.393473,2.7921023,4.386492,0.20293343,0.05402143,0.008261621,0.0027482468,0.056724623,0.08640781,0.082379796,0.24290228,0.1775364,0.44765636,0.021280807,0.05073598,0.16908553,0.042282403,0.029128904,0.048795003,0.20055978,0.10025237,0.001473967,0.0025774026
35202212,0.0,15.0,150.0,60.0,0.0,2.4641323,5.067012,58.57787,88.25629,2.2021542,0.19424112,0.017196242,0.015903343,0.013410519,0.00640532,0.043881193,0.09705701,0.29979283,0.008711284,0.28730685,0.02265733,0.29965335,0.00954293,0.44308856,0.13214055,0.28845632,0.1939786,0.009533556,0.0036417237,0.009817503
35200058,0.0,65.0,30.0,15.0,10.0,1.7175192,18.385107,5.1289535,3.034818,4.537672,0.2503669,0.110964,0.1367694,0.059030488,0.09352968,0.10241737,0.008559712,0.2438635,0.026198283,0.056598265,0.10763735,0.29695228,0.05152227,0.038624648,0.116902046,0.24362579,0.029598687,0.08613996,0.104515515,0.29547998
35201264,0.0,0.0,10.0,70.0,0.0,1.0166088,1.3525741,1.6201817,70.26176,0.42239296,0.18626559,0.09042961,0.08258922,0.059363566,0.2078685,0.024268258,0.00089858426,0.0010316942,0.035694454,0.042687476,0.085604236,0.252057,0.04221371,0.22139922,0.29746044,0.24223535,0.20279932,0.008653223,0.0005421712,0.0006233004
35201256,0.0,0.0,15.0,55.0,10.0,0.0,2.512382,4.1558843,48.9843,2.494458,0.21241897,0.022939999,0.05444036,0.0038875174,0.17317756,0.07109694,0.00494039,0.061037697,0.0046538077,0.0672082,0.103562355,0.30043808,0.045885444,0.19414881,0.2719636,0.24016567,0.009616911,0.068507604,0.08113444,0.28928775
35200273,420.0,295.0,140.0,10.0,0.0,400.55368,297.39124,238.2839,1.0694261,16.41876,0.008027205,0.29455838,0.017890738,0.05042423,0.041649334,0.40465808,0.00018028052,0.00015621459,0.009542577,0.51948094,0.001744672,0.29040825,0.008097487,0.0010993843,0.09611786,0.28806013,0.2001914,0.05051693,0.00010065376,0.00014815573
35201621,15.0,10.0,0.0,0.0,10.0,1.2636867,3.8178136,0.84086335,0.25260198,2.362636,0.027125794,0.0296906,0.13308604,0.29599458,0.06832341,0.10088375,0.10383324,0.29523748,0.21424447,0.15886581,0.015601911,0.012983441,0.2058551,0.13442063,0.1084081,0.0016417617,0.019990716,0.058205523,0.10405259,0.29261753
35204924,0.0,0.0,0.0,0.0,0.0,7.129003,6.4817104,16.851866,108.17436,4.4955416,0.20161915,0.013752414,0.008879226,0.0031109143,0.20521006,0.024539247,0.0010806146,0.0006520621,0.17413221,0.054026045,0.004613288,0.050660156,0.16875002,0.6053485,0.053960256,0.048811432,0.20241572,0.012270236,0.0009261648,0.0008199326
35203936,125.0,10.0,0.0,0.0,0.0,105.111435,2.2141476,1.8026012,0.93051654,1.3249327,0.17670016,0.23607124,0.20457548,0.2905051,0.010476489,0.03795997,0.096884646,0.29018283,0.16931854,0.03357813,0.016643584,0.048232786,0.16770458,0.07525178,0.052601714,0.050377533,0.20075282,0.013636599,0.00028020158,0.000246645
35200116,315.0,10.0,0.0,0.0,20.0,270.74393,6.6664615,33.642017,4.089957,9.877956,0.11578552,0.31980762,0.11184855,0.0013247591,0.041314192,0.1094619,0.0807783,0.2502419,0.1626655,0.16794515,0.018317418,0.060367882,0.20050444,0.043757092,0.008687566,0.00064965466,0.039546315,0.10390634,0.08203637,0.24306963
35201358,15.0,15.0,0.0,0.0,0.0,5.6743164,11.571466,1.067726,1.7041061,0.711637,0.07786836,0.08903785,0.17343086,0.24614672,0.05584717,0.1972769,0.09291161,0.30222762,0.17729694,0.052168474,0.026600331,0.06311979,0.20718414,0.051889304,0.039466985,0.0025870828,0.19632833,0.07141202,0.02844395,0.068666026
35203539,0.0,15.0,35.0,0.0,20.0,5.2221227,16.207054,41.47102,1.5910699,16.870438,0.20385022,0.027828276,0.01640437,0.014950296,0.047328714,0.22215736,0.08743653,0.25431278,0.045290958,0.3013077,0.08417928,0.24239625,0.20279497,0.0064991643,0.007232396,0.0014266788,0.051185664,0.14899264,0.08289733,0.24354766
35201953,0.0,0.0,10.0,60.0,0.0,0.78247947,1.2800264,3.102435,67.64642,0.287906,0.20466739,0.07533113,0.06418849,0.048851866,0.17124714,0.02980702,0.01700969,0.05019267,0.037182566,0.09102016,0.08285453,0.25013536,0.035768982,0.29857135,0.2154298,0.24967916,0.16875169,0.014199602,0.016315227,0.048204344
35200320,195.0,15.0,20.0,0.0,0.0,170.67015,12.938567,14.2256155,0.66058964,1.8693401,0.09830135,0.3212254,0.09203459,0.25213915,0.0060480796,0.1829115,0.10024235,0.29964545,0.012540937,0.16743264,0.08306964,0.29026538,0.19911137,0.020915892,0.0018047004,0.0021102072,0.19945684,0.090501316,0.0013158985,0.00230017
35203036,0.0,85.0,10.0,0.0,0.0,1.2199717,69.83022,8.529962,1.1983687,1.513316,0.16466454,0.029326055,0.02628044,0.058810893,0.035069473,0.25660428,0.021741565,0.29974985,0.015244488,0.21365657,0.082823254,0.29091638,0.16188039,0.024710657,0.027282208,0.057894442,0.16934383,0.20269947,0.017866181,0.050609507
35202776,0.0,0.0,10.0,0.0,0.0,1.1884001,2.8353806,2.398553,1.7862236,0.7398755,0.21605912,0.12725772,0.10504365,0.07421088,0.24734648,0.08583601,0.031557065,0.06846438,0.025309857,0.033508368,0.11488018,0.29730117,0.21112795,0.04221759,0.06260108,0.0033753286,0.2450927,0.055246536,0.010014134,0.015249065
35204199,10.0,0.0,465.0,10.0,0.0,6.014144,20.818787,561.94507,1.5026083,1.8470374,0.040320177,0.045578822,0.09158675,0.25191763,0.2158618,0.2724436,0.0020172142,0.00087431166,0.12514669,0.37870494,0.08859572,0.0008829532,0.039254304,0.009006158,0.086005166,0.24291074,0.17319201,0.027890706,0.017998137,0.05018347
35203525,10.0,0.0,35.0,0.0,0.0,4.4085226,3.7031357,54.0959,0.99404407,3.1491334,0.0085036745,0.03723315,0.09729838,0.28866404,0.16558544,0.15316781,0.016311236,0.05768509,0.03753044,0.48293185,0.08215122,0.25170493,0.168072,0.006689842,0.016742824,0.048127227,0.19381602,0.11217523,0.0001939142,0.009707006
35203242,0.0,10.0,0.0,0.0,0.0,4.4550066,4.6094103,0.44051823,1.4641507,0.19494146,0.26221967,0.12499098,0.1656154,0.05636952,0.04435136,0.107112765,0.10109767,0.29469383,0.17166497,0.043711685,0.024406955,0.062461093,0.2026088,0.062462516,0.038110096,0.011307016,0.1890534,0.066756025,0.020763732,0.053807378
35203685,10.0,40.0,0.0,0.0,0.0,4.9277344,32.847908,1.0026891,1.1246526,0.949036,0.031181738,0.1420454,0.11721227,0.29252166,0.06494116,0.2147566,0.10045846,0.289704,0.20259328,0.07386637,0.0092410855,0.014561175,0.1963653,0.029475207,0.028279347,0.011150523,0.21581602,0.13648583,0.0063080345,0.0061854697
35202468,205.0,20.0,0.0,0.0,0.0,177.84032,21.077164,1.4778837,0.6105899,0.5762159,0.01769821,0.31563532,0.04090481,0.2985562,0.049659643,0.3002863,0.08108255,0.24085167,0.17185558,0.16476256,0.01836456,0.048829697,0.19927537,0.012961444,0.0037276333,0.0023999454,0.20233051,0.10038589,0.0013672982,0.0011032617
35203909,80.0,0.0,0.0,10.0,0.0,110.52836,3.151816,2.3278582,1.5970714,0.0,0.16183242,0.37059152,0.09067808,0.25022146,0.16944988,0.07472966,0.01689403,0.050346237,0.16820209,0.055626176,0.016907386,0.04815877,0.0015825393,0.01992911,0.10707078,0.29799956,0.16822132,0.050158806,0.016175149,0.048073106
35201581,0.0,10.0,70.0,0.0,0.0,1.8164451,7.2081947,114.37727,1.2249708,0.6262406,0.16785227,0.01603643,0.018982304,0.05045921,0.032832712,0.1972624,0.084021986,0.25200588,0.0023905018,0.537858,0.019647013,0.29802224,0.19373941,0.013485305,0.008737854,0.009604937,0.16139276,0.02424344,0.019367801,0.058009613
35203599,15.0,70.0,100.0,0.0,15.0,6.001865,29.945654,120.87209,2.1362312,11.852464,0.012346283,0.03285768,0.11337833,0.3011684,0.04473866,0.11194845,0.007466727,0.25429633,0.039317057,0.5004284,0.00826782,0.25162035,0.1702152,0.009075097,0.02576869,0.049675215,0.039924372,0.06406977,0.083352126,0.25195718
35204011,0.0,10.0,30.0,0.0,20.0,11.619671,6.801082,48.34264,3.9803271,8.389839,0.20748118,0.044501543,0.016835865,0.0027658914,0.04101023,0.114099905,0.080952466,0.24256837,0.041316666,0.47281358,0.08078467,0.24051745,0.16878888,0.055309035,0.0582808,0.04843169,0.039076373,0.037968572,0.08078682,0.24206844
35201880,0.0,0.0,10.0,0.0,15.0,2.5125194,3.2247782,7.429096,2.5597653,5.7850485,0.16742967,0.045051597,0.020445155,0.06279206,0.1877985,0.23527387,0.02298147,0.061135266,0.009244585,0.19408761,0.08878598,0.30129576,0.16893725,0.08989151,0.057592615,0.05060904,0.012197636,0.10203493,0.101302914,0.29112864
35201803,0.0,0.0,0.0,10.0,0.0,4.0488567,2.959052,2.9444141,2.6983721,1.5463479,0.21541062,0.056039892,0.041703526,0.018211138,0.23765375,0.11890724,0.008521413,0.01455126,0.186546,0.22739856,0.034671657,0.06356996,0.0071226433,0.07975467,0.130566,0.29991537,0.20245627,0.07867985,0.009483805,0.012753269
35203286,0.0,35.0,45.0,0.0,10.0,3.1583087,13.92798,20.998909,0.5919978,4.3413196,0.23289685,0.1821039,0.04794503,0.0071009845,0.07033202,0.09416516,0.08772675,0.24610265,0.0509215,0.15803263,0.016390592,0.255985,0.19776893,0.049250886,0.020116668,0.012681838,0.055982806,0.09994304,0.084737614,0.24758166
35204056,30.0,100.0,35.0,0.0,70.0,13.553443,117.184425,22.467098,0.0,29.832512,0.019023266,0.0887935,0.12373521,0.30035916,0.04164744,0.3709661,0.0045902836,0.2523394,0.00917989,0.14440778,0.09802717,0.2908935,0.19934477,0.009002627,0.00291694,0.0021788215,0.0037318068,0.11860107,0.019848077,0.29821816
35203451,10.0,10.0,60.0,0.0,45.0,18.459164,21.942959,108.36414,12.816458,30.377558,0.032639932,0.011724904,0.08550453,0.2516043,0.03259159,0.17070942,0.083843574,0.25152212,0.032496862,0.52066,0.003905786,0.25161803,0.19338354,0.012502673,0.01723206,0.009984871,0.03866739,0.071070634,0.00067525415,0.24201776
35204945,0.0,0.0,0.0,0.0,0.0,11.345408,11.124473,30.281647,114.73034,6.688956,0.18008605,0.040671982,0.033458635,0.058935143,0.20583664,0.025200617,0.000743941,0.00038895453,0.20001283,0.037981506,0.0021657099,0.0031010252,0.19956543,0.5789079,0.03834178,0.0023692427,0.20208837,0.013633345,0.0012097782,0.00091401953
35202462,180.0,20.0,10.0,0.0,30.0,203.21896,11.945129,8.665474,0.0,10.848844,0.08351279,0.30779314,0.12888761,0.2987216,0.013711128,0.16526365,0.096421,0.28818664,0.010922371,0.1957261,0.09008688,0.29796612,0.19400059,0.019806761,0.0046677706,0.0098604625,0.0022731998,0.08423981,0.099824876,0.29835483
35202674,10.0,10.0,30.0,0.0,0.0,12.596731,23.385324,22.450144,0.26575437,3.9118836,0.04059401,0.032952204,0.08165374,0.24054965,0.011353017,0.6207273,0.09647597,0.28858048,0.035514638,0.10351736,0.08425649,0.2501472,0.19381712,0.008460473,0.0058257813,0.0097590005,0.20011209,0.02044206,0.00029480027,0.000515483
35202638,15.0,0.0,0.0,0.0,0.0,4.8072014,0.77536315,0.3654257,1.1674303,0.67174625,0.054797336,0.07292043,0.10068288,0.24550633,0.20685811,0.30138096,0.02312122,0.061491754,0.17686217,0.13544638,0.009956788,0.06164308,0.16328166,0.10715454,0.032278042,0.0587097,0.21118909,0.046859376,0.004217377,0.00492616
35200996,20.0,10.0,0.0,15.0,0.0,6.354614,2.5237267,0.9523881,3.7500224,0.7385981,0.0977785,0.10019898,0.1695278,0.2614616,0.043242916,0.051551275,0.091815904,0.29434508,0.18413666,0.13009405,0.04006044,0.064100586,0.02319749,0.075650945,0.16286127,0.2926309,0.17602077,0.06201326,0.02797596,0.06319498
35202974,0.0,0.0,0.0,10.0,0.0,2.5652905,1.5067707,1.0412624,3.5512645,0.6518509,0.24301136,0.075615585,0.1003142,0.025295753,0.25302735,0.058311444,0.010522889,0.009568939,0.18568271,0.052563556,0.029996384,0.057553206,0.022607002,0.11082696,0.20966429,0.29208553,0.22593233,0.034104772,0.0104869,0.009765806
35201604,0.0,0.0,10.0,10.0,0.0,0.722031,1.1956939,1.8895897,2.4725392,0.5837205,0.2382041,0.042847686,0.07960059,0.013473218,0.2635696,0.11498956,0.013461282,0.019329203,0.02074279,0.048009325,0.11727618,0.30912608,0.01912051,0.070127845,0.1766247,0.29247457,0.20936733,0.06602713,0.0285044,0.07322638
35203323,0.0,0.0,15.0,0.0,0.0,2.4750736,1.1730587,5.2725143,1.0380776,0.8656118,0.23260987,0.15409805,0.13773309,0.01729763,0.21327046,0.14933158,0.00571736,0.004668668,0.013391189,0.12414114,0.08726552,0.30405086,0.17148624,0.04192283,0.057360336,0.059414618,0.22418407,0.04449325,0.0063435812,0.007830336
35203218,10.0,0.0,15.0,0.0,0.0,2.7215135,0.99450743,16.053831,1.4113103,0.8470428,0.0058373003,0.024795128,0.1069919,0.29940486,0.18468481,0.20396289,0.021109939,0.05909198,0.048862047,0.35320532,0.08567018,0.24271527,0.20122173,0.032707848,0.022007978,0.00035615513,0.16436191,0.09957984,0.021055367,0.058590125
35202891,0.0,0.0,45.0,0.0,0.0,5.379245,2.3201447,12.668537,1.219766,0.8264306,0.22565204,0.08722839,0.03801944,0.0077299187,0.23141265,0.12501135,0.008176082,0.003940728,0.07480168,0.08948234,0.026154136,0.2587622,0.2006695,0.18203947,0.028316852,0.013556496,0.21266088,0.059069395,0.007833925,0.006598121
35203334,10.0,10.0,70.0,10.0,65.0,2.1850681,10.252519,39.342125,0.0,39.04082,0.035520583,0.06033682,0.121105745,0.29812375,0.004174011,0.24228282,0.09940094,0.29803908,0.03514525,0.20845525,0.0038424903,0.24966425,0.033544432,0.016309032,0.090544224,0.2500776,0.040190965,0.18748702,9.4101924e-05,0.24005784
35204312,135.0,35.0,10.0,0.0,15.0,123.729256,38.744556,7.6360364,0.41313207,3.4324045,0.039483555,0.27465564,0.029657427,0.24029635,0.010077099,0.3117162,0.09620439,0.29005677,0.034553986,0.12465234,0.084125645,0.25211406,0.20013158,0.0128890965,0.001770843,0.00016743722,0.008126942,0.036621656,0.09645726,0.28864503
35202571,0.0,15.0,30.0,10.0,0.0,3.963471,5.3495245,33.481384,1.3946395,0.61501884,0.17579515,0.035272703,0.03505144,0.04931802,0.013745731,0.086287566,0.09869836,0.30046016,0.038629487,0.5200736,0.08653249,0.2526557,0.041463036,0.023311542,0.08827868,0.240525,0.19931787,0.059093226,0.0057310513,0.013741384
35202486,115.0,15.0,0.0,0.0,0.0,101.18923,5.844232,2.2506797,1.0066501,1.2664734,0.21626166,0.22260141,0.17377092,0.24302928,0.010254009,0.08621992,0.097508445,0.29087222,0.16930033,0.07684374,0.016899075,0.048497383,0.20061597,0.011422422,0.0017825472,0.00029330506,0.17037243,0.036527414,0.016605515,0.048725866
35203540,0.0,35.0,80.0,15.0,45.0,10.529048,21.976892,136.57333,4.4907064,20.757473,0.20093668,0.01964886,0.012841228,0.009770836,0.034444213,0.059647445,0.083402775,0.25003856,0.0077026435,0.5415118,0.01663367,0.29002735,0.007153835,0.059967335,0.12308642,0.2899359,0.03375078,0.0604772,0.0032633422,0.24964091
35202036,0.0,0.0,0.0,0.0,0.0,1.7154965,1.5461249,1.7751312,1.009256,1.6933572,0.29563022,0.27748367,0.16840546,0.051658385,0.17049558,0.058469534,0.0205447,0.060707957,0.16438957,0.045242433,0.017070362,0.058584794,0.20266403,0.07976246,0.021864261,0.00055197167,0.20312396,0.026160114,0.0007271788,0.0011379896
35202954,10.0,10.0,40.0,0.0,0.0,1.9496824,4.2198668,4.989606,1.2972475,0.60382015,0.060645595,0.037824504,0.16813554,0.25894904,0.054937206,0.12719,0.092327684,0.3042955,0.018612431,0.072285384,0.110605784,0.30579543,0.2036716,0.07924523,0.10120388,0.013241943,0.2131072,0.10201675,0.014419682,0.02292464
35203753,0.0,10.0,30.0,0.0,0.0,13.080932,18.48435,18.685497,1.1704814,5.004252,0.20851117,0.0668906,0.027368749,0.015980842,0.07258448,0.35583183,0.08760157,0.25395843,0.014171086,0.11399169,0.10681279,0.3002385,0.20254081,0.0154806245,0.013907252,0.0009799845,0.21269903,0.0975396,0.0032840758,0.003966814
35202988,0.0,0.0,10.0,25.0,0.0,1.4176139,1.8347824,2.7230036,26.96152,0.2830496,0.17902757,0.026352596,0.063865095,0.05148355,0.21270487,0.07372171,0.00080561824,0.00069120916,0.027684737,0.101594105,0.099689715,0.24044605,0.010613456,0.24194907,0.3461581,0.28862867,0.19570348,0.016274383,0.004169175,0.010511173
35204982,0.0,0.0,0.0,0.0,0.0,13.061554,300.57608,47.296535,3.663038,53.045273,0.16191451,0.016705913,0.019691147,0.05774413,0.19638301,0.5824533,0.0032723083,0.011538347,0.16775566,0.13076174,0.016477553,0.050344307,0.19361572,0.0018100368,0.0033842437,0.009626036,0.19895741,0.062402785,6.35166e-05,0.0019565574
35204660,0.0,10.0,0.0,15.0,0.0,3.843261,4.5038004,3.3849707,2.6761417,0.39241922,0.2839253,0.12167028,0.11209667,0.02123473,0.044630814,0.088915065,0.112061195,0.30486935,0.21765554,0.08246699,0.02337965,0.020101354,0.048902202,0.04316963,0.10621349,0.24804707,0.2179679,0.054917097,0.010972035,0.017516676
35200402,25.0,0.0,0.0,10.0,0.0,30.145967,17.978027,8.014189,1.5466188,2.446298,0.08203919,0.22497754,0.19861448,0.29929706,0.18494844,0.21388876,0.020749327,0.058321603,0.20320517,0.044147346,0.0028521176,0.0034307078,0.039978568,0.023855554,0.08849657,0.24245578,0.20777203,0.053526986,0.00209649,0.0019761068
35204053,50.0,50.0,90.0,10.0,35.0,27.066378,41.720978,164.2767,0.0,19.580544,0.0035464403,0.076113425,0.008182404,0.2997114,0.010112303,0.13652353,0.016217073,0.28817034,0.034802362,0.5719829,0.003757079,0.24976602,0.039855096,0.0027520251,0.08074558,0.24048,0.040466405,0.030729141,0.080273494,0.24022067
35203576,55.0,0.0,65.0,0.0,25.0,29.677895,5.1792536,58.37579,0.0,11.104769,0.033283155,0.15751655,0.01905625,0.29009485,0.19492544,0.08767428,0.0034317472,0.010074062,0.036421802,0.41828924,0.004369613,0.24966581,0.16032885,0.008950304,0.02147375,0.059608225,0.033685226,0.07484473,0.083254226,0.2496215
35202392,0.0,0.0,40.0,0.0,0.0,5.55776,2.3627763,46.858833,1.0045022,0.7574861,0.19722223,0.059885282,0.0097962255,0.011865496,0.18067299,0.13470742,0.018356347,0.050881356,0.020041347,0.37450016,0.09526406,0.3004668,0.1996505,0.063320644,0.009272674,0.0021807624,0.19367898,0.09458688,0.0048376606,0.012002625
35200705,35.0,0.0,0.0,0.0,10.0,58.44507,3.9428332,6.2447877,0.0,2.2371573,0.04628731,0.4762659,0.1293472,0.30033082,0.16979794,0.05988177,0.0015484932,0.050881848,0.16897045,0.14195043,0.0018815147,0.050373044,0.19411194,0.0149729075,0.005382524,0.009965452,0.008162121,0.017139152,0.096696824,0.29042685
35203734,15.0,75.0,35.0,0.0,35.0,5.9803467,42.740406,15.128253,0.0,23.569262,0.06009292,0.08508867,0.10503515,0.24224599,0.03163341,0.18338962,0.018029032,0.2889163,0.013969691,0.19905922,0.09894334,0.28915048,0.19453098,0.021527078,0.013940448,0.010213032,0.011590671,0.20891471,0.09748241,0.28951868
35203532,0.0,10.0,40.0,10.0,30.0,10.797284,14.881763,39.843174,1.7904831,34.19937,0.1939717,0.034537297,0.004739939,0.012639325,0.040614404,0.18309966,0.084672846,0.25223327,0.0032363771,0.25160542,0.09819857,0.30028656,0.033798683,0.020004496,0.09162385,0.25012937,0.002544512,0.277516,0.10030979,0.29824126
35202418,10.0,15.0,0.0,0.0,0.0,11.508271,4.913745,2.269646,0.84816784,1.3809907,0.08402783,0.31451377,0.13869104,0.24492408,0.052726872,0.05437667,0.08279272,0.24325958,0.2044945,0.19329815,0.010159453,0.013206682,0.16221854,0.03598184,0.028645108,0.060283642,0.20153409,0.03868389,0.002168593,0.0027964262
35203690,15.0,80.0,25.0,0.0,80.0,12.337749,46.3322,33.701397,3.1579916,80.53644,0.0468277,0.048532225,0.08987773,0.24147485,0.01815422,0.21520117,0.01762278,0.2892266,0.011438731,0.20664206,0.08355841,0.29122046,0.19956203,0.012122446,0.004116362,0.0025410408,0.011304674,0.2675759,0.01701581,0.28953823
35201832,0.0,10.0,0.0,0.0,0.0,2.3468163,5.3037353,4.814924,1.303878,0.6487663,0.20012505,0.079563305,0.08645825,0.06777898,0.055086028,0.11890598,0.086415544,0.2950052,0.17579748,0.09793563,0.02770723,0.061719827,0.2099553,0.11123276,0.07281066,0.0018067939,0.17109834,0.085660145,0.00979263,0.06470585
35200610,10.0,0.0,0.0,0.0,0.0,2.2575011,0.7690091,0.72676563,1.5705856,0.69276273,0.039848827,0.038324233,0.15776826,0.30315396,0.24921075,0.13151881,0.033351623,0.058581688,0.18969795,0.14200091,0.018637594,0.059797373,0.20739318,0.026385581,0.035648905,0.007907483,0.22288507,0.06420835,0.013322884,0.06322764
35201193,0.0,30.0,0.0,130.0,0.0,0.70644253,3.0379732,1.6732368,146.55675,0.562808,0.20678332,0.019020908,0.07048657,0.012338188,0.04454251,0.011673857,0.08036124,0.24029826,0.20093553,0.04367397,0.001043022,0.00068730285,0.042774048,0.27056566,0.3494349,0.24049674,0.20084727,0.008440147,0.000453259,0.0002658678
35203330,0.0,30.0,15.0,0.0,30.0,1.5176396,34.936928,10.908794,2.5722055,26.036827,0.1772389,0.07812099,0.026388267,0.059850253,0.008963415,0.3442115,0.099346705,0.2976521,0.0034647877,0.13735802,0.09842366,0.29962844,0.19882247,0.0065605086,0.001110373,0.001980734,0.0006881866,0.21841808,0.10008728,0.29973096
35204333,10.0,90.0,180.0,10.0,305.0,2.0823834,115.43973,163.32993,0.0,216.77109,0.009653582,0.07575416,0.09707284,0.28813156,0.0051864274,0.41732562,0.01931877,0.29772088,0.011136508,0.38367167,0.019029802,0.29006487,0.038767707,0.0038736197,0.0811712,0.24195972,0.04007966,0.22495863,0.00010117308,0.00013153758
35203913,95.0,15.0,10.0,0.0,30.0,61.57546,6.5268726,2.880271,0.0,4.5370235,0.17647588,0.15273832,0.20967327,0.2896664,0.04706784,0.11219992,0.0849566,0.25255984,0.036968857,0.050975814,0.08266641,0.25271896,0.19361734,0.056768976,0.011309061,0.011931037,0.0438809,0.026841532,0.08143723,0.2414026
35202226,35.0,10.0,70.0,20.0,0.0,9.961091,3.455666,23.366919,15.458685,1.4314884,0.040106345,0.079898916,0.16037688,0.29678795,0.020426877,0.054994095,0.10095677,0.30050513,0.056469053,0.1548303,0.023479369,0.25465086,0.010406112,0.20693615,0.1647403,0.29978606,0.19741,0.037326287,0.008173037,0.014111504
35203838,0.0,10.0,0.0,25.0,0.0,2.2922711,3.198812,1.4214543,20.869652,0.39849743,0.24392,0.05973661,0.12790966,0.006631573,0.072586045,0.056974076,0.08331077,0.24302657,0.2007198,0.027291827,0.0075833835,0.012778607,0.008855501,0.19099225,0.2738703,0.29858056,0.20992124,0.030800043,0.0038802326,0.0040184343
35200525,40.0,0.0,0.0,0.0,0.0,22.884548,0.9808958,0.8398672,1.1904882,1.1490346,0.16392365,0.129579,0.2609319,0.2471598,0.23269114,0.055466373,0.005087495,0.006268074,0.17091258,0.030693378,0.026425015,0.06482595,0.17204057,0.07359743,0.06937647,0.059470166,0.21051785,0.038139194,0.008658756,0.017455757
35202905,20.0,15.0,0.0,15.0,0.0,8.590263,6.662732,0.7255341,3.1449542,0.7771371,0.102714784,0.11815969,0.18838513,0.2541403,0.09160126,0.10488562,0.0935858,0.249458,0.18308723,0.060320556,0.029220607,0.069603875,0.04502239,0.05496883,0.122321114,0.25677806,0.23685706,0.04590244,0.011028541,0.013280901
35201722,0.0,65.0,20.0,0.0,50.0,2.7354136,29.977804,37.681797,0.0,11.016077,0.16119073,0.019932503,0.021412663,0.0598827,0.037560362,0.13369785,0.0042257663,0.2518185,0.010385106,0.5728361,0.09725274,0.28854397,0.2002446,0.0072571645,0.0044024596,7.1349474e-05,0.032874346,0.04772377,0.0042116963,0.2517182
35203386,10.0,20.0,50.0,0.0,15.0,9.0481615,17.537855,32.564228,5.589572,22.46508,0.046058357,0.045457914,0.088635564,0.24180037,0.053493183,0.16906817,0.08193064,0.24081664,0.018038034,0.20098823,0.0061824876,0.29183605,0.20017686,0.04037019,0.005977345,0.0027446714,0.042835522,0.27790186,0.08173305,0.24137807
35200933,40.0,0.0,10.0,55.0,0.0,11.228416,2.6454403,4.043857,63.901897,1.0825071,0.019179884,0.0376577,0.15628047,0.30011165,0.16408338,0.05762686,0.020077584,0.059819717,0.008597666,0.08000304,0.081619814,0.29001373,0.008685676,0.322499,0.18697385,0.2900437,0.16836365,0.042912472,0.0001987078,0.04813078
35201359,0.0,0.0,0.0,10.0,0.0,1.2322359,0.75488555,0.5021526,3.3043072,0.155822,0.20322204,0.09664637,0.092446506,0.054531805,0.21438716,0.12883143,0.024638377,0.061986223,0.17596401,0.049794983,0.024064856,0.055336386,0.04982771,0.092412844,0.20600353,0.2410778,0.17879017,0.04596642,0.025232092,0.06531999
35204710,0.0,255.0,60.0,0.0,330.0,11.941782,196.47032,75.02674,4.2673707,336.14178,0.19600427,0.042925984,0.007721939,0.009923651,0.008501134,0.439526,0.019782513,0.3001001,0.008683991,0.29867935,0.017724982,0.29056263,0.16829868,0.0062321564,0.017671306,0.04810711,0.040003724,0.30836436,0.0011977201,0.002784987
35204469,40.0,45.0,25.0,0.0,15.0,25.871986,70.029976,20.542826,2.2416406,7.5450373,0.043352038,0.09090367,0.1147773,0.28860614,0.0022014573,0.49207637,0.019502101,0.29817447,0.034043375,0.124393664,0.083405055,0.24969983,0.20012324,0.00237404,0.00035655516,5.8725545e-05,0.03407652,0.016489442,0.08332149,0.24974534
35203567,10.0,10.0,35.0,0.0,70.0,4.7010846,8.45426,48.673115,0.0,40.180096,0.040322866,0.017748415,0.08272126,0.24196999,0.00845541,0.14649135,0.09670026,0.2900089,0.0023585043,0.43270516,0.08366744,0.2980135,0.1614325,0.012901087,0.024631236,0.057988185,0.0067688087,0.17529587,0.0006650492,0.28993058
35202131,10.0,0.0,280.0,0.0,10.0,4.9256024,1.1946621,300.40222,0.57375133,3.0752213,0.059442025,0.08765941,0.1139041,0.25034058,0.19554536,0.22016805,0.0041624215,0.012151584,0.1099987,0.37220305,0.07608347,0.011826673,0.20055035,0.019256959,0.004387436,0.000120139055,0.040695336,0.04603544,0.08017304,0.24023086
35201907,0.0,10.0,25.0,15.0,0.0,1.5089095,4.7037487,31.87542,4.809257,0.69060653,0.176088,0.054267656,0.036586985,0.05261294,0.02829025,0.11866173,0.10025869,0.301019,0.026312636,0.38938847,0.1089728,0.30164555,0.041702494,0.06015928,0.1024467,0.2430897,0.20350608,0.039291263,0.003201421,0.004785412
35203914,140.0,25.0,75.0,0.0,20.0,132.33325,19.44575,106.94228,8.588568,18.85367,0.04472892,0.27839157,0.009068699,0.24326348,0.016188325,0.14407994,0.09765157,0.29079947,0.006361818,0.41964316,0.024264747,0.30008385,0.20054059,0.0075625908,0.0028526206,0.0002058182,0.042588186,0.0651126,0.08067709,0.24080299
35204656,10.0,25.0,10.0,0.0,0.0,4.726818,9.357377,14.658559,1.2261366,0.5911076,0.036520366,0.10189578,0.09322334,0.25032,0.04338224,0.1039988,0.0802009,0.24014118,0.008435365,0.44940048,0.10087168,0.28810686,0.16213205,0.054711368,0.06926145,0.057731453,0.19916342,0.015969377,0.0008431728,0.0021056551
35204318,40.0,30.0,25.0,0.0,10.0,15.455618,27.993212,43.91715,0.15037018,5.1866884,0.03257518,0.04448883,0.08405625,0.25155666,0.039957054,0.19225454,0.08067089,0.24230832,0.035099138,0.5145394,0.08382825,0.25007448,0.19872472,0.0014427595,0.0006806102,0.0019263175,0.039799124,0.04298208,0.080014996,0.24039203
35201199,0.0,0.0,15.0,75.0,20.0,0.0,1.039942,2.7871754,119.66721,2.0788252,0.21725275,0.02655217,0.028554099,0.0042633796,0.16915578,0.018740024,0.022413598,0.0609759,0.043597694,0.0305027,0.08471665,0.24402063,0.009873074,0.47051418,0.17482018,0.28960946,0.04359597,0.011284584,0.082195915,0.24350394
35203423,0.0,25.0,90.0,0.0,30.0,2.8685434,23.36536,57.215187,1.3592827,32.250164,0.17653543,0.053251147,0.039856512,0.059892427,0.040691376,0.23428386,0.08419256,0.25166884,0.04206667,0.18057467,0.0009580384,0.24070358,0.16800176,0.006828545,0.017774561,0.04849389,0.04160989,0.27106842,0.08047068,0.24040315
35203150,0.0,0.0,0.0,0.0,0.0,0.9582478,0.5634898,0.6309422,1.622508,0.3832833,0.18376133,0.044978596,0.048667535,0.06958248,0.20694664,0.07785447,0.010333959,0.06338545,0.18328351,0.16394433,0.018278405,0.054184586,0.180928,0.13255736,0.15081596,0.049764466,0.17934325,0.034137882,0.023146518,0.054986857
35203291,0.0,55.0,10.0,0.0,35.0,3.054446,46.926094,10.124491,1.2893891,39.30222,0.16695724,0.039542295,0.004202238,0.058072906,0.046225306,0.25615954,0.00074472884,0.24202035,0.00792652,0.17488295,0.08101323,0.28994542,0.19207758,0.005533096,0.0045572063,0.01192453,0.00685622,0.30400795,0.09671733,0.28994733
35202136,0.0,0.0,0.0,10.0,0.0,0.98140436,0.92721653,0.9152585,6.4312515,1.3756766,0.24703372,0.09630998,0.100539856,0.005297123,0.21923839,0.077027425,0.005154982,0.011966069,0.16952018,0.11525087,0.021410706,0.0611317,0.04541626,0.1504717,0.15603118,0.24075064,0.20379648,0.07299836,0.0030212107,0.0042713024
35204741,115.0,35.0,0.0,0.0,0.0,120.76733,9.856461,2.221512,1.5780448,1.9634653,0.16909996,0.23345608,0.21520159,0.30029637,0.036206745,0.07139701,0.08043115,0.2502406,0.19464433,0.0753309,0.00075820216,0.010188561,0.19906422,0.021326235,0.002258801,0.0020492927,0.16205786,0.025223864,0.019477654,0.05816555
35202059,10.0,25.0,45.0,10.0,10.0,2.6991386,8.50308,71.25889,1.519636,3.0466075,0.01208611,0.035588726,0.10108497,0.2884599,0.0069041764,0.07684299,0.08361681,0.29778403,0.0040021474,0.5964689,0.020214228,0.29783356,0.03890884,0.010089533,0.08281578,0.24204326,0.0023227045,0.058184028,0.09949947,0.29790425
35200961,0.0,0.0,0.0,60.0,0.0,0.8286629,0.5847127,0.25676793,21.732317,0.17084767,0.24267559,0.0488818,0.08206583,0.011500444,0.20278953,0.08267474,0.02666993,0.056965705,0.1786442,0.11227907,0.034478597,0.065624006,0.021114375,0.072621234,0.124871925,0.2940978,0.17746566,0.096087754,0.028644398,0.06664812
35203859,20.0,0.0,30.0,10.0,0.0,8.224612,4.951833,15.807321,2.2826412,1.2444566,0.02765698,0.09395096,0.12844273,0.2961088,0.21707518,0.13635845,0.025602434,0.052278675,0.070413075,0.1729427,0.10769277,0.24829535,0.037517797,0.06358223,0.118915714,0.25441176,0.21059126,0.07452511,0.011736329,0.0056584137
35202673,30.0,20.0,20.0,0.0,0.0,13.600838,28.457554,11.363071,0.7600831,0.30911118,0.009565644,0.09610583,0.09800333,0.28829524,0.0037316198,0.4452806,0.083524905,0.29784536,0.0028172499,0.18710822,0.09686129,0.29824492,0.19991249,0.0026227187,0.00082334055,0.0005083427,0.16226247,0.05788583,0.0034035488,0.057907768
35201032,15.0,0.0,0.0,10.0,0.0,14.946092,1.1993965,1.664826,3.8059435,0.4440674,0.1413449,0.21989566,0.24833475,0.25468662,0.19111499,0.067740336,0.018117027,0.059986755,0.19851209,0.025543131,0.00619747,0.01336496,0.045043748,0.08197852,0.12063503,0.24057819,0.20288858,0.02236462,0.0031484514,0.014436407
35201489,10.0,0.0,0.0,0.0,0.0,6.099196,0.812654,0.9613639,1.5516016,1.046682,0.057846505,0.14740044,0.1859364,0.30430844,0.24176456,0.21005039,0.010588478,0.01371825,0.20775884,0.06675431,0.0076041683,0.014218397,0.20402974,0.026669946,0.016118057,0.0028720598,0.22148538,0.050790094,0.0063297357,0.016330065
35200140,85.0,35.0,15.0,0.0,30.0,70.33083,11.9132595,3.6627817,0.0,7.540698,0.16785553,0.23085856,0.1496871,0.24277239,0.012308155,0.070865855,0.09620752,0.28814816,0.04109106,0.038833864,0.08050852,0.24030241,0.16884004,0.06898212,0.07076802,0.048162613,0.041079763,0.03131356,0.08023915,0.24020027
35201548,10.0,0.0,45.0,0.0,0.0,12.943925,36.837776,17.921143,7.3422527,5.145209,0.13965029,0.20132849,0.19662732,0.25458947,0.17186524,0.13594893,0.021529226,0.0605745,0.009135414,0.080416515,0.024363771,0.30204248,0.20207791,0.04362788,0.007458177,0.0015670591,0.16357982,0.072182916,0.021610053,0.061433684
35203442,0.0,15.0,20.0,0.0,0.0,1.6357614,13.831301,6.1474776,4.977008,13.047236,0.20446229,0.101498425,0.092238866,0.06280294,0.0493084,0.23866186,0.08839642,0.30160564,0.013922601,0.11700963,0.0908664,0.30088535,0.17259206,0.020041963,0.033744153,0.049845584,0.18455659,0.1362006,0.0055891844,0.004793141
35200465,0.0,10.0,145.0,0.0,0.0,11.947868,9.657086,74.138245,4.1526165,10.911973,0.1998825,0.057922542,0.05057465,0.060318667,0.03448137,0.15112436,0.10163352,0.29266733,0.057854764,0.30450106,0.06906129,0.2945732,0.20131294,0.06827099,0.010388842,0.0035293056,0.17338689,0.1210672,0.020766394,0.049853653
35203015,0.0,75.0,0.0,0.0,15.0,0.65584624,83.379974,3.4028554,0.7893858,5.5210347,0.1687853,0.032204196,0.03312983,0.059445944,0.015873553,0.44213074,0.020312546,0.30011573,0.17257221,0.1137726,0.0049580527,0.050972804,0.1620992,0.044172276,0.03322077,0.05996372,0.040042624,0.09798888,0.081799835,0.24291365
35200529,10.0,10.0,20.0,0.0,0.0,12.672211,2.474776,7.011227,1.3425876,0.4547825,0.08367624,0.37502348,0.12811951,0.24177632,0.017134272,0.070977286,0.09699169,0.288757,0.045447532,0.12546496,0.083946,0.24288931,0.16204959,0.0538522,0.055319585,0.05990143,0.20256443,0.016945679,0.00090978574,0.0009313044
35201401,30.0,0.0,35.0,25.0,0.0,36.0432,67.069534,38.89418,4.552585,4.4652185,0.03362299,0.11647361,0.1324803,0.28944352,0.2076308,0.41553736,0.001033879,0.0012552341,0.035652045,0.1355708,0.08561913,0.25297746,0.034412146,0.017975837,0.09388761,0.2519016,0.20216684,0.015754413,0.0017476383,0.0035009845
35201999,0.0,0.0,100.0,0.0,35.0,2.673747,21.543255,153.59735,0.0,9.618193,0.18061414,0.04489906,0.037746746,0.05083081,0.17878182,0.13697216,0.018723464,0.049891952,0.039596874,0.4790025,0.007202088,0.2539254,0.16900556,0.0126217315,0.024467176,0.05135593,0.047375485,0.038387135,0.08220802,0.24265645
35202386,20.0,20.0,155.0,0.0,0.0,7.075903,14.7494135,98.47159,0.63024336,0.49923086,0.033769086,0.068197474,0.08501734,0.25203222,0.011123667,0.2661303,0.08099163,0.2903942,0.020795036,0.4942209,0.031819437,0.29787907,0.20008281,0.0054955883,0.00090579235,4.436809e-05,0.16674553,0.08448769,0.0009384567,0.050378103
35202017,25.0,175.0,235.0,0.0,135.0,15.528687,228.68607,183.68793,0.0,132.06342,0.009273238,0.016067924,0.09775359,0.28836554,0.014582136,0.40511495,0.016394425,0.28816405,0.0044634803,0.40462098,0.0014265336,0.29837167,0.20003593,0.00847134,0.0011987787,0.0005491492,0.008585477,0.26741675,0.01635241,0.28827637
35203375,0.0,15.0,0.0,0.0,25.0,2.2770543,12.134162,4.4532914,0.0,16.644085,0.17907165,0.045420934,0.048325524,0.063064195,0.07632991,0.20466168,0.08769052,0.25287867,0.17341357,0.11556294,0.022440944,0.060016897,0.16307725,0.0772289,0.04509048,0.05908021,0.0438463,0.17490673,0.08414645,0.25232217
35204775,10.0,45.0,310.0,0.0,45.0,6.1310434,40.085545,258.57773,1.8658313,20.0457,0.040938027,0.049039923,0.09865957,0.2509165,0.044916615,0.26120844,0.0049702567,0.25240508,0.064895675,0.4040382,0.031766422,0.011128921,0.16997316,0.020221546,0.04120559,0.048219673,0.03581553,0.08884465,0.0050652977,0.25306717
35202274,0.0,0.0,80.0,0.0,0.0,3.2122257,7.2700505,149.32573,1.3504579,0.5880432,0.19922784,0.020895284,0.0015792615,0.0019865127,0.1619852,0.14279869,0.0039614295,0.06002025,0.0047069527,0.6103739,0.0049612294,0.2981151,0.19366065,0.0034158211,0.003540038,0.00962159,0.16800277,0.07690898,0.0002408215,0.00055708934
35201609,0.0,10.0,0.0,15.0,0.0,16.183315,8.21493,1.6145074,2.7064574,0.7610545,0.2867914,0.17236471,0.16805305,0.061979756,0.021294327,0.14010024,0.08659431,0.30181086,0.17392434,0.05255314,0.020157158,0.05229266,0.045778222,0.042039756,0.1061491,0.24110001,0.17740555,0.023838451,0.019055238,0.052253906
35201291,0.0,0.0,0.0,0.0,0.0,0.7588468,1.1556945,0.8308673,1.6090618,0.64599264,0.20975773,0.08480979,0.058233146,0.056493428,0.2196019,0.17922164,0.02739485,0.06391306,0.1794286,0.14163817,0.030480547,0.06558176,0.19870809,0.050041996,0.023842406,0.016088603,0.18645912,0.068832956,0.008087379,0.06554014
35201080,15.0,0.0,0.0,0.0,0.0,16.65472,6.8433633,3.4069967,1.442026,0.8422346,0.04920014,0.2985462,0.12139486,0.2907074,0.20741287,0.21672814,0.0015339623,0.00266704,0.19146425,0.14757273,0.018224638,0.0030228728,0.20065656,0.02219231,0.0017162662,0.0004795451,0.17014109,0.020383425,0.016501306,0.04844144
35203086,0.0,190.0,15.0,0.0,20.0,0.0012284408,260.43024,9.983299,0.4172913,14.822291,0.19584884,0.031173658,0.007818912,0.0105939545,0.017346654,0.4461509,0.020155879,0.30021444,0.0064754193,0.21969262,0.10195534,0.30036834,0.16835201,0.014226567,0.020547016,0.048622064,0.04093772,0.20628373,0.08070435,0.24098903
35202948,0.0,0.0,0.0,0.0,0.0,4.012481,2.4335613,1.6622052,1.5888622,1.2995276,0.21652491,0.11104024,0.08751118,0.06137767,0.23718387,0.10562897,0.029850174,0.067260385,0.17945918,0.1075249,0.01794041,0.06927527,0.21118312,0.038866527,0.0455152,0.003633872,0.22008365,0.045345876,0.025728375,0.062039822
35202501,25.0,0.0,65.0,15.0,0.0,16.179,16.03377,66.33041,2.410102,2.1366856,0.008486069,0.088759474,0.099040754,0.29008824,0.1708597,0.34163716,0.016094953,0.04803415,0.008146137,0.29202837,0.022507936,0.29767552,0.032434676,0.012315949,0.093858615,0.25155848,0.19991753,0.037596956,0.00020579979,0.00043660105
35201178,0.0,0.0,15.0,110.0,0.0,1.410194,1.5454919,7.2657466,72.42337,0.8205967,0.17972212,0.024121702,0.087548666,0.05140276,0.17328146,0.0501376,0.01663855,0.048895855,0.009404444,0.14710668,0.09807409,0.2901878,0.044131264,0.16438346,0.29475763,0.24046347,0.1688503,0.017592404,0.016460635,0.04831351
35201104,45.0,0.0,20.0,30.0,0.0,12.378128,1.1807458,2.5002503,33.862038,0.44675928,0.08982143,0.078589715,0.097993925,0.24178381,0.20022339,0.022723302,0.00497236,0.012682794,0.011854967,0.035406567,0.09830576,0.28922975,0.00531924,0.34357178,0.21813205,0.2980998,0.17000659,0.010285308,0.016996728,0.049229342
35204222,10.0,25.0,85.0,20.0,10.0,3.7633257,42.053116,32.129646,2.4530745,4.1330557,0.035390418,0.031032622,0.08801282,0.2519803,0.0086004175,0.5294798,0.096840575,0.290334,0.008982504,0.14675117,0.00029249594,0.28814358,0.033600617,0.0019190565,0.083556175,0.24969906,0.008329453,0.078738734,0.096099645,0.28808188
35202338,0.0,0.0,0.0,0.0,0.0,2.8425865,1.0733607,0.9518327,1.7945766,0.7912275,0.24609284,0.06694411,0.107778125,0.028023958,0.27567163,0.08097736,0.010704282,0.01987386,0.21308197,0.054089166,0.016757425,0.019615794,0.20987406,0.06366722,0.07971775,0.012884303,0.23937693,0.043472763,0.013605078,0.023967732
35204133,10.0,20.0,65.0,0.0,45.0,8.769823,18.953484,99.55914,4.4287167,29.302921,0.03341716,0.022628408,0.08085686,0.25161666,0.009736898,0.1804504,0.08015184,0.28840423,0.002210272,0.4658645,0.016381143,0.2979907,0.19841571,0.0016556378,0.0009124533,0.0023850284,0.0013736949,0.12407674,0.019344885,0.29798973
35201488,0.0,0.0,0.0,10.0,0.0,18.664503,4.621064,1.066072,2.1961017,0.8298232,0.31205064,0.15237424,0.14859301,0.0058916826,0.23063307,0.088747114,0.0059006317,0.005191054,0.20432791,0.057088073,0.010215385,0.01590863,0.014172388,0.068461716,0.12703484,0.29036587,0.21552892,0.03941567,0.004369983,0.005056931
35200174,245.0,30.0,40.0,0.0,0.0,220.92496,9.835845,13.125352,2.211035,3.031366,0.15086587,0.30379137,0.20974618,0.30063862,0.011442079,0.09606453,0.0963494,0.290156,0.03997726,0.09130212,0.08099863,0.24225348,0.20025808,0.025415858,0.0021896174,0.0005358851,0.19297875,0.07418672,0.004358417,0.011866212
35204911,0.0,0.0,0.0,0.0,0.0,31.765959,10.231226,13.765538,1.7754557,2.5607853,0.18954384,0.107874095,0.049004115,0.062203635,0.17968738,0.07317755,0.023111926,0.06152055,0.18667792,0.36224046,0.01888944,0.062396724,0.171735,0.04862978,0.027464343,0.050905246,0.16470775,0.047113854,0.022472156,0.0611752
35204375,0.0,20.0,30.0,10.0,10.0,0.18445894,8.95995,3.957881,9.267876,1.8638306,0.2192044,0.032432705,0.057798944,0.0044428236,0.06824928,0.09613478,0.08692956,0.25258702,0.041379496,0.05378418,0.09058201,0.25428668,0.0073938062,0.21855982,0.26977098,0.29898417,0.039799288,0.04892132,0.08825072,0.25586832
35200888,215.0,0.0,0.0,15.0,0.0,98.76704,2.6372473,7.7907457,3.179515,0.0,0.037206706,0.32227662,0.058129318,0.29978397,0.20831329,0.17428558,0.005637339,0.010542391,0.17715962,0.20980665,0.02288098,0.04991939,0.0077921734,0.03335211,0.1043825,0.29104656,0.20267415,0.091303326,0.0027445601,0.0015142094
35204189,30.0,15.0,15.0,0.0,0.0,2.8462737,7.4753118,5.1932774,1.6478958,0.84621227,0.027583582,0.05524087,0.17152646,0.30344766,0.03745423,0.14002155,0.10189679,0.3037098,0.0120523125,0.07220803,0.108709365,0.3045516,0.20939104,0.12725964,0.13846883,0.0011169049,0.20347066,0.054440886,0.007810205,0.018181838
35201720,10.0,0.0,10.0,20.0,0.0,6.0602593,0.56548536,2.941284,19.571806,2.7630548,0.05119957,0.094047695,0.19406572,0.29303122,0.21464808,0.067794256,0.004989622,0.013312405,0.04547954,0.0470428,0.08387146,0.2436189,0.0130754355,0.25228018,0.20878255,0.2884044,0.20390442,0.028990727,0.0022951541,0.0043483777
35200891,100.0,0.0,0.0,0.0,0.0,147.93672,1.4863217,1.3324586,1.0765556,0.75171274,0.14881043,0.3946065,0.13691118,0.30087757,0.20861472,0.057754025,0.002123363,0.0027460514,0.20166984,0.0267111,0.0015403685,0.0028480086,0.2008231,0.011521023,0.003337396,0.00057649106,0.2043316,0.012172988,0.0012700324,0.0032691415
35201725,0.0,45.0,25.0,0.0,0.0,1.3278773,34.448093,13.957845,1.313359,0.30436015,0.19615705,0.07743659,0.032819856,0.049675632,0.032134715,0.23448822,0.02199305,0.2980108,0.02455296,0.22395536,0.102110624,0.288916,0.19417131,0.02841039,0.016405942,0.009894076,0.17069691,0.093680374,0.017501026,0.048794195
35201853,10.0,0.0,0.0,0.0,0.0,7.7290845,0.30642486,0.4532849,0.47061616,1.5820142,0.08993168,0.13336763,0.24768952,0.29357636,0.22141805,0.07961271,0.0058298083,0.0141329,0.16674905,0.044138454,0.0070562726,0.061585564,0.20673214,0.12709506,0.0581385,0.00064665265,0.19946589,0.05656718,0.0061413962,0.014447059
35204040,10.0,0.0,0.0,0.0,0.0,7.322964,2.78471,2.043965,1.5404853,0.92357266,0.062300168,0.16168253,0.114535786,0.25489268,0.18878016,0.24604484,0.020956334,0.061610036,0.19101712,0.1562342,0.032988295,0.0630392,0.19591573,0.014381268,0.008390655,0.011518127,0.20414162,0.059427023,0.0035307426,0.002417963
35200208,95.0,10.0,0.0,0.0,25.0,113.650696,6.2171946,5.026527,0.0,5.7496543,0.13734293,0.42566586,0.07896899,0.25207984,0.0072418028,0.061493166,0.10033533,0.29853642,0.17178363,0.07934667,0.013847824,0.058922235,0.20027852,0.018718742,0.0021348286,0.0007087168,0.034727868,0.028366435,0.08415855,0.24997602
35200539,25.0,85.0,140.0,0.0,25.0,20.321932,132.4586,104.81094,6.3509283,27.107658,0.033977978,0.036323834,0.08674982,0.25189638,0.0042115757,0.47266954,0.004069106,0.30002424,0.0353146,0.31718096,0.001235632,0.25020206,0.19242094,0.009570688,0.006646803,0.0119935945,0.00803475,0.10781295,0.09637172,0.2885878
35201073,10.0,15.0,0.0,10.0,0.0,4.2037463,1.6310905,0.27739826,12.847393,0.16900136,0.033209916,0.12453891,0.14815068,0.289421,0.008491112,0.030148162,0.09976283,0.29811642,0.17283536,0.07157257,0.01860799,0.048828866,0.035077468,0.35251373,0.19563988,0.2520783,0.2010375,0.009397153,0.0006461828,0.00046158762
35201168,0.0,0.0,10.0,85.0,0.0,0.8561587,1.6849508,3.1443732,49.60311,0.34882346,0.18783869,0.04593455,0.10970305,0.060655404,0.21328452,0.10363253,0.0019249459,0.0017220526,0.012691009,0.08607133,0.10058154,0.29132706,0.015526994,0.14093244,0.25390884,0.2907563,0.2031554,0.022324868,0.0020635056,0.0016939158
35202821,60.0,15.0,15.0,0.0,0.0,33.142868,21.174559,8.56936,1.9266284,0.898543,0.042292643,0.16223662,0.011705005,0.25018495,0.036882054,0.42563188,0.08377044,0.24998356,0.008765786,0.15750411,0.081659175,0.29081124,0.19380924,0.004226995,0.0049101547,0.010283876,0.16964614,0.01991046,0.016481305,0.048557352
35201649,0.0,0.0,0.0,0.0,0.0,1.5125775,1.6564744,1.2893288,2.0008094,0.6865313,0.20627654,0.067851186,0.09333477,0.059110787,0.2286593,0.1273473,0.024003463,0.06416918,0.17747544,0.1284857,0.01518274,0.065222405,0.20982063,0.087548725,0.08130634,0.0019059116,0.22150885,0.043240562,0.006792148,0.019047845
35204704,230.0,25.0,30.0,0.0,0.0,259.0118,41.68078,32.94816,1.225175,7.1076937,0.0064794114,0.34391618,0.021249345,0.29768068,0.0035749467,0.40734935,0.08329642,0.29763445,0.0023018438,0.18905112,0.08053349,0.29968637,0.20001276,0.0034966827,0.00024365101,0.00011948871,0.16177072,0.067751,0.0032843018,0.05766491
35204560,10.0,0.0,0.0,0.0,0.0,2.9725485,0.75424683,0.65726024,1.5102462,0.6960583,0.0644518,0.05129523,0.1431568,0.26564392,0.24837252,0.15054506,0.03193527,0.058786944,0.21597843,0.06095655,0.019823154,0.02094053,0.20215501,0.06108791,0.06171194,0.016645838,0.21052311,0.06582161,0.02945852,0.06642517
35202382,10.0,0.0,15.0,0.0,0.0,3.9639723,0.7199135,6.3538747,1.6836334,0.7650894,0.03097932,0.0919015,0.15425481,0.29523396,0.2288163,0.2329109,0.004667029,0.053009037,0.024312979,0.11752326,0.090682805,0.24437037,0.19833496,0.062407408,0.0425475,0.010317978,0.18255228,0.06649143,0.006261947,0.057883546
35200005,0.0,65.0,10.0,0.0,95.0,1.7543871,40.7592,9.150422,0.0,61.908474,0.20996082,0.045203764,0.015647735,0.0011267919,0.047687583,0.23885125,0.0015384175,0.25224265,0.004322706,0.24277562,0.08282836,0.30032137,0.19917639,0.026049625,0.00419926,0.0020667566,0.035726536,0.20054302,0.0017554449,0.2412879
35204630,15.0,0.0,0.0,140.0,10.0,5.7883267,0.0,1.7759905,113.03375,1.2473395,0.0881058,0.061952874,0.20912364,0.25367957,0.17146747,0.040894527,0.01804711,0.061072033,0.19718403,0.05223526,0.0051301215,0.010755616,0.014798012,0.31033665,0.27976424,0.28838933,0.037085116,0.013787497,0.08450694,0.2507916
35200198,45.0,0.0,0.0,0.0,15.0,70.981415,1.6669577,1.8253419,0.0,2.359402,0.12841162,0.4521668,0.06527766,0.2513301,0.20454857,0.07284531,0.0054992824,0.012791235,0.19627783,0.04603791,0.006171262,0.013134408,0.19977283,0.014083752,0.0048314794,0.0032245577,0.03740999,0.018268336,0.08162906,0.2531191
35201253,0.0,15.0,55.0,35.0,0.0,0.7478381,3.9336543,4.8643293,46.760284,1.1264448,0.17560719,0.07373781,0.053742576,0.058743723,0.046316072,0.06031904,0.080540255,0.24075982,0.040646575,0.062267967,0.005188537,0.24071512,0.041938692,0.3455892,0.26113334,0.24012798,0.19443247,0.010567755,0.0035516825,0.009871694
35201050,0.0,20.0,0.0,0.0,0.0,7.1807566,10.014313,0.7549625,1.4678141,0.35419086,0.27222383,0.0861025,0.10896267,0.015507169,0.04587696,0.13660651,0.09410272,0.30757898,0.17854849,0.069598824,0.03340769,0.071716405,0.21076909,0.0443184,0.046121262,0.015190358,0.19612539,0.07591136,0.028089687,0.058933213
35204669,10.0,15.0,55.0,10.0,0.0,3.317755,19.023699,14.939807,1.2722213,0.91874737,0.04648044,0.05487331,0.103312984,0.2529018,0.06342611,0.38903102,0.08667457,0.25369436,0.042823356,0.10433734,0.007529714,0.25444984,0.042536125,0.02822867,0.09349734,0.24086514,0.20673092,0.09684909,0.0069694095,0.013383329
35201793,0.0,15.0,0.0,0.0,0.0,2.104785,6.4587502,1.3386993,1.3572441,0.09139815,0.22590142,0.1521616,0.10059732,0.067450315,0.061613414,0.111566,0.090059645,0.25385496,0.17738146,0.14499217,0.013806483,0.063491665,0.17504242,0.05064244,0.046707906,0.05312798,0.21201849,0.05415938,0.0041219746,0.00363963
35200375,30.0,10.0,0.0,0.0,0.0,19.862196,2.9832845,0.87393034,1.3702253,0.84765446,0.13043292,0.11016643,0.22577296,0.2560557,0.05892937,0.06131181,0.08698227,0.254611,0.17246436,0.06732233,0.02564548,0.061811972,0.17702234,0.10185467,0.09885557,0.049949337,0.205134,0.029331777,0.007737033,0.012903631
35203537,55.0,10.0,75.0,0.0,50.0,17.910994,14.609827,63.811512,3.793282,46.53929,0.018315809,0.04051158,0.01995742,0.28839925,0.04222871,0.1381609,0.08105275,0.2425396,0.0038721538,0.2670165,0.02020573,0.2978684,0.1610704,0.06999766,0.043666616,0.05962445,0.034054697,0.21721977,0.0034301367,0.24985327
35202791,20.0,10.0,0.0,0.0,0.0,7.291345,5.8493133,2.932641,1.5090181,0.6887327,0.05028449,0.10074649,0.15732811,0.30007514,0.030702146,0.16917212,0.108728886,0.30381554,0.19112344,0.111324355,0.021561828,0.06494816,0.17890869,0.083843075,0.05388109,0.056115974,0.17325674,0.035062216,0.02821799,0.06407668
35204305,95.0,90.0,50.0,0.0,45.0,40.74876,145.65619,24.796581,0.0,10.300058,0.049315374,0.054568365,0.02159093,0.24560516,0.05529427,0.5111699,0.00214126,0.2439748,0.04274615,0.0960572,0.0033757298,0.24392363,0.20197487,0.012832459,0.01594362,0.0025769046,0.04787807,0.02675106,0.002721693,0.2447939
35204519,25.0,0.0,10.0,40.0,0.0,5.612365,1.8803269,7.7248673,61.85178,1.1120758,0.007943338,0.012665285,0.10383912,0.29059067,0.16341792,0.041099947,0.016078958,0.057719342,0.0013233214,0.17638126,0.08387563,0.29961178,0.040213298,0.44905525,0.15916449,0.24048178,0.16031162,0.027869852,0.0039155483,0.0596143
35200936,10.0,0.0,0.0,60.0,0.0,3.2461061,0.0,0.6492714,48.377327,0.18598586,0.09744294,0.06669564,0.20305781,0.24233948,0.21500313,0.034428347,0.0018673299,0.0018299199,0.20377238,0.037588716,0.0033722976,0.0035929834,0.0076993695,0.1884677,0.24964564,0.29823688,0.20495977,0.017066136,0.0016460434,0.0015531203
35201498,0.0,0.0,0.0,0.0,0.0,1.7374085,0.4352075,0.4183193,1.8195063,0.41598418,0.24136557,0.18061285,0.12968183,0.06797729,0.22360128,0.11568918,0.026699804,0.063157216,0.18467472,0.043770295,0.023134233,0.053235877,0.20740145,0.03897365,0.022367692,0.002244906,0.236064,0.044992533,0.007276945,0.012153817
35200993,15.0,0.0,0.0,45.0,0.0,9.230742,0.0,0.81624234,26.700901,0.5239284,0.10736852,0.10041459,0.19943054,0.25512394,0.20823742,0.03457503,0.0060946373,0.013847825,0.2027502,0.10583121,0.0062867017,0.013694184,0.04266991,0.14729813,0.13979305,0.250773,0.19617507,0.023771178,0.006320911,0.013650198
35200085,120.0,25.0,0.0,0.0,0.0,114.251495,10.831484,3.01597,3.4251113,3.360577,0.1922191,0.2397095,0.14242497,0.24095628,0.014752716,0.08755578,0.09742545,0.29053396,0.168736,0.043439563,0.018259821,0.050890364,0.16155536,0.053366866,0.05424025,0.05981284,0.16815273,0.024155278,0.01768636,0.051198937
35203509,30.0,10.0,60.0,10.0,15.0,5.950279,6.6825466,48.73913,0.36192694,6.4017496,0.007534091,0.07866788,0.091742106,0.2999736,0.043351557,0.13907085,0.081168056,0.24211043,0.03736213,0.46053478,0.005235602,0.24999863,0.0015618237,0.008412421,0.100895315,0.29821077,0.04055341,0.11489887,0.080563314,0.24030478
35202399,0.0,0.0,10.0,0.0,0.0,1.2196157,0.3411648,2.043384,1.8242836,0.38937914,0.18918836,0.044518538,0.08285241,0.075509936,0.26500756,0.09821857,0.036307164,0.06982869,0.025679376,0.051922765,0.12166456,0.3101105,0.2145855,0.07562466,0.087106764,0.0035997175,0.2369493,0.05304383,0.015668374,0.022321953
35204939,0.0,0.0,0.0,0.0,0.0,9.422977,8.973429,52.06404,3.9467068,3.076779,0.17132813,0.06224356,0.039511543,0.058845196,0.21341689,0.21544677,0.0014384384,0.0027176465,0.17750672,0.32661006,0.019011924,0.048867177,0.16268189,0.057450555,0.041938636,0.057746053,0.20120396,0.051456712,0.0006608092,0.0009538908
35200033,0.0,20.0,85.0,0.0,15.0,3.5436378,6.343198,128.94801,0.8026528,7.379674,0.18976766,0.084612325,0.027389534,0.060176004,0.041866016,0.04269359,0.08042581,0.24054927,0.040848173,0.58759624,0.00048515422,0.24056996,0.20016472,0.0028766333,0.0006685444,0.0001153171,0.04086672,0.021923348,0.080254234,0.24065387
35204642,10.0,0.0,0.0,10.0,0.0,2.459905,0.0,0.18672423,1.7197362,0.28965324,0.07229686,0.0527559,0.15954739,0.26121572,0.2363197,0.15428773,0.015714478,0.065859064,0.18109041,0.07896821,0.035973426,0.06575585,0.047965303,0.039129015,0.1321596,0.2454682,0.23097023,0.08048317,0.01429379,0.022107016
35204266,55.0,10.0,30.0,0.0,0.0,50.472145,2.1303074,2.8369308,1.091214,1.3758264,0.14952177,0.35332155,0.16256511,0.29892883,0.046240654,0.036049306,0.081245184,0.24288146,0.034101103,0.02464864,0.08160676,0.2524008,0.20162718,0.04577145,0.013324713,0.00016710958,0.20032944,0.017852128,0.0013131573,0.0029682096
35204371,20.0,370.0,115.0,0.0,10.0,24.930828,282.5824,39.275875,0.49885833,1.7625601,0.10625544,0.3418527,0.14318632,0.2974321,0.0479966,0.23596807,0.007877471,0.013003262,0.052162938,0.11411093,0.013396924,0.2546293,0.20316058,0.014236501,0.008199698,0.0036141057,0.044103477,0.027019821,0.0813814,0.24117339
35203808,10.0,0.0,0.0,10.0,0.0,5.736723,0.5530731,0.9232455,2.4324863,0.77052826,0.08221773,0.13364924,0.17920023,0.3035389,0.20962822,0.06046375,0.031915255,0.072209306,0.21342242,0.050986968,0.018849427,0.024410032,0.056964714,0.062088292,0.14377435,0.24592154,0.1955953,0.044097967,0.03027659,0.06171677
35201407,0.0,0.0,10.0,15.0,35.0,7.2465076,4.778423,5.722386,1.5260758,1.3027737,0.17995363,0.37509656,0.021674512,0.050406013,0.16183037,0.247493,0.0008616586,0.06001009,0.009125359,0.1508789,0.080642566,0.29006767,0.03850269,0.0077353725,0.08137076,0.24242316,0.0017361428,0.026227418,0.099288866,0.29773438
35200522,40.0,0.0,10.0,0.0,0.0,40.527145,1.43592,3.4737592,3.689057,1.3517354,0.11921877,0.21102883,0.2508086,0.3007861,0.1735892,0.0536434,0.021552866,0.060925018,0.039277453,0.04879139,0.08568164,0.25132927,0.16967987,0.11617716,0.047802754,0.051143646,0.20488504,0.028460793,0.0014314202,0.0018940028
35204957,0.0,0.0,0.0,0.0,0.0,5.4730377,9.054243,84.570946,4.189187,2.8273754,0.1976497,0.023219408,0.022015024,0.01214294,0.2035324,0.042456802,0.00040935274,0.00034550257,0.1642797,0.6059965,0.020630788,0.058269724,0.16311137,0.03314037,0.050816588,0.05815259,0.20063703,0.01158534,0.00041547732,0.00033927744
35202688,10.0,0.0,10.0,0.0,0.0,3.8549085,1.1280292,7.3463416,1.298325,0.8419971,0.015135375,0.06970517,0.09233391,0.29532325,0.1954728,0.1637885,0.023503361,0.052071646,0.030066404,0.279976,0.11841414,0.30075827,0.2024508,0.066205494,0.019157982,0.0035144729,0.19835229,0.06946319,0.0069211293,0.0112364115
35201666,0.0,0.0,20.0,10.0,0.0,29.515604,26.661007,10.463124,1.6987014,2.2117689,0.30929878,0.271365,0.11045583,0.012555802,0.21432477,0.12568277,0.005423221,0.013129331,0.039161783,0.0541755,0.084633425,0.25351363,0.042639583,0.027977817,0.09751034,0.2406396,0.20740703,0.029753286,0.0017805392,0.004229974
35203055,0.0,130.0,40.0,0.0,10.0,1.3383054,98.121025,26.928558,0.8697865,7.9172673,0.16396509,0.09788549,0.007187836,0.060381662,0.03377245,0.28461727,0.01857572,0.29973006,0.008652038,0.18329096,0.0984472,0.30032474,0.20033507,0.014381927,0.0019625241,0.00018108105,0.034361053,0.20400485,0.08136967,0.25199282
35200222,275.0,50.0,40.0,0.0,15.0,282.30988,48.42688,42.184513,4.7665863,15.563828,0.03557456,0.29353353,0.059398636,0.29335758,0.052443884,0.19921646,0.0065298555,0.25178975,0.04479702,0.18595129,0.08482191,0.24432585,0.20052953,0.020976651,0.012563111,0.0033724518,0.04229637,0.11810402,0.08613711,0.25342357
35201831,0.0,0.0,10.0,10.0,0.0,0.9148203,2.204691,4.78065,2.053612,0.68540347,0.20080675,0.063583344,0.08092961,0.07347945,0.2594577,0.10222453,0.018774088,0.01915446,0.032247767,0.116533004,0.124866165,0.29719064,0.0512719,0.050091267,0.12988248,0.24854124,0.22266728,0.0745506,0.013316805,0.019522872
35202055,0.0,0.0,0.0,0.0,10.0,0.4174413,1.2581493,1.0376478,0.0,3.1306329,0.21506897,0.03802203,0.028393963,0.0043970905,0.19030961,0.08473313,0.002828986,0.05242064,0.17187577,0.16115336,0.02325777,0.061048537,0.2065843,0.2548389,0.08854861,0.000963339,0.009659222,0.06426109,0.08260282,0.28969434
35202048,0.0,0.0,0.0,15.0,0.0,0.4420519,0.47686636,0.41913712,4.8590026,0.3918968,0.21848328,0.07045816,0.09466453,0.060407624,0.25365597,0.10340136,0.012378171,0.018264601,0.2172129,0.072618455,0.013142575,0.007828876,0.010258643,0.10257305,0.16459641,0.30121243,0.19246094,0.09400733,0.024958014,0.057238244
35204551,0.0,0.0,10.0,65.0,15.0,0.0,2.5525138,4.0774503,105.08438,2.4276466,0.18613826,0.092666864,0.019453881,0.05027972,0.20111603,0.015505795,0.0011011438,0.0025600088,0.039316114,0.021897003,0.081267074,0.24262723,0.04003945,0.47818676,0.14213416,0.24064496,0.007484237,0.003995872,0.096327245,0.29062447
35200506,0.0,0.0,0.0,0.0,0.0,4.8238673,3.7888455,8.073819,1.354025,2.4393206,0.2523606,0.0948703,0.08630994,0.026944501,0.21212107,0.066694595,0.026281033,0.056201532,0.18810941,0.06423819,0.016469104,0.057181753,0.18206218,0.11322357,0.08972423,0.053344324,0.22083345,0.059800684,0.011027287,0.011361752
35200048,30.0,230.0,30.0,0.0,50.0,25.022953,167.7099,51.634605,2.3615248,44.514,0.05570792,0.07178767,0.10292795,0.2432609,0.020690301,0.37671253,0.019067261,0.3015394,0.038048167,0.2664246,0.08741228,0.25439602,0.20219414,0.011825973,0.009285498,0.0030513725,0.039482962,0.13783975,0.005649372,0.25183433
35201364,15.0,0.0,0.0,10.0,0.0,6.563798,0.74211615,0.7931269,3.1823554,0.6251364,0.072658025,0.0852946,0.20841601,0.30223376,0.21655199,0.11790271,0.027318921,0.058100913,0.18582413,0.055563316,0.012923221,0.05970889,0.024280816,0.064570114,0.15167421,0.29182497,0.22212783,0.058215737,0.010834046,0.011694858
35200989,25.0,0.0,0.0,45.0,0.0,8.319747,0.0,0.2745234,29.98553,0.17790927,0.08765468,0.078093335,0.19890857,0.2546446,0.18475309,0.04842734,0.01890058,0.051673304,0.19918475,0.04761878,0.004270156,0.013349521,0.040228043,0.20765878,0.17697123,0.25083056,0.20510826,0.020800926,0.0017129527,0.0016778988
35202141,10.0,0.0,0.0,20.0,0.0,3.6142633,0.0,3.2937214,28.892279,0.31312263,0.032407515,0.043399017,0.15118706,0.29204985,0.17584401,0.021113092,0.017617965,0.051161364,0.1968922,0.074613094,0.0067315716,0.012484176,0.037402373,0.4090615,0.20829166,0.2500275,0.20127991,0.012782564,0.0017915969,0.002721046
35202691,10.0,0.0,15.0,0.0,0.0,8.3008585,0.9020177,3.1042652,1.4295784,0.8810284,0.10630682,0.17839682,0.20298162,0.30278468,0.1923547,0.08314672,0.01931525,0.051684413,0.009816753,0.07958343,0.0891313,0.30303252,0.1988996,0.06784145,0.026173413,0.013513903,0.17948164,0.05810279,0.0037093472,0.05355209
35202272,0.0,0.0,0.0,10.0,0.0,1.7394543,0.95648336,6.42871,2.2568376,0.7343766,0.18426695,0.040797904,0.059142604,0.067647256,0.23862675,0.15527673,0.03140158,0.06472671,0.22156104,0.11204505,0.02138608,0.01659957,0.040712815,0.06158804,0.13549432,0.25281838,0.215254,0.10391672,0.014476502,0.018895589
35204256,0.0,0.0,0.0,0.0,0.0,6.6600356,2.1373243,2.2518375,1.5850537,1.1389998,0.2515137,0.12972759,0.104683876,0.059663463,0.21269755,0.16120541,0.009268176,0.055151507,0.1869922,0.058968335,0.01053071,0.055253547,0.20982662,0.03969754,0.023082495,0.0044074566,0.19721815,0.03194351,0.0067842263,0.05643102
35204737,115.0,55.0,80.0,125.0,0.0,61.55563,18.990181,22.129025,107.689026,4.075699,0.08164675,0.11148277,0.1352496,0.29894185,0.041889757,0.06438996,0.004138495,0.25206545,0.002980694,0.06926658,0.017673705,0.30032822,0.010348515,0.25678483,0.08082601,0.28850538,0.1947763,0.013711914,0.0014227619,0.012605131
35203385,0.0,25.0,15.0,0.0,65.0,9.758729,27.725626,14.386241,1.9770327,58.68505,0.17985137,0.025685463,0.041115448,0.0485275,0.04781527,0.26557297,0.08043094,0.2403701,0.04169773,0.11787592,0.08089117,0.24074195,0.16154867,0.03895011,0.050032586,0.059652552,0.04114396,0.25339022,0.00041997246,0.2403393
35203984,10.0,0.0,25.0,0.0,0.0,62.95622,259.08652,82.9102,0.7569617,12.993411,0.048448175,0.13055578,0.1059536,0.2535955,0.20478311,0.48716444,0.0053401124,0.012631453,0.037166044,0.087662496,0.0846518,0.25064734,0.20148031,0.007856675,0.0044735493,0.0004490412,0.20721415,0.01105514,0.0014555099,0.0024308152
35204425,10.0,10.0,65.0,0.0,15.0,1.924976,1.9648889,104.435196,0.8871198,3.3907542,0.021486012,0.025237473,0.119923465,0.29102734,0.0418408,0.022294713,0.08122213,0.24276973,0.041422226,0.6239786,0.0015538315,0.24273972,0.16853507,0.038044326,0.028001616,0.050154686,0.039235886,0.011358391,0.08126518,0.2427301
35202938,0.0,0.0,0.0,0.0,0.0,13.741789,2.9871426,3.626162,1.6791857,0.8618592,0.27497405,0.16559476,0.17092656,0.056553114,0.20364583,0.058716312,0.024303654,0.062739484,0.20564052,0.02574417,0.008713431,0.015774306,0.2039701,0.06656334,0.05090809,0.013354177,0.2158026,0.024873879,0.008943024,0.017673137
35203606,0.0,50.0,55.0,0.0,50.0,17.908375,77.49503,56.098454,0.0,38.421528,0.16155785,0.02674307,0.018389901,0.059996262,0.009183426,0.43220675,0.016234895,0.2884222,0.0076224483,0.19955626,0.0010758594,0.29000062,0.16031249,0.0018336573,0.020179795,0.059642233,0.008116781,0.13917923,0.01611481,0.28806162
35201140,0.0,0.0,0.0,80.0,0.0,4.137634,5.0210967,27.287573,40.495834,1.1270851,0.23015195,0.050811663,0.10333431,0.021574643,0.23089968,0.054746926,0.012496324,0.016855644,0.17789838,0.107068576,0.03213028,0.06414913,0.060052536,0.11502198,0.14688711,0.2429724,0.21288358,0.041616112,0.007653121,0.0067374418
35202479,135.0,0.0,0.0,0.0,0.0,117.62195,5.1671658,6.0013604,1.1231545,1.2117943,0.14957228,0.19041808,0.11920737,0.25204593,0.20560746,0.16476251,0.00050584035,0.0006418808,0.1971875,0.12613359,0.0044017513,0.009935007,0.19281736,0.029692255,0.009277123,0.011673144,0.20082909,0.036763687,0.000406751,0.00032872122
35201754,0.0,0.0,0.0,10.0,0.0,10.063329,5.0749645,2.6027894,1.1279426,0.97459763,0.22769183,0.060853362,0.060694333,0.018790618,0.23939048,0.1748623,0.023577096,0.050912295,0.18374975,0.16286197,0.00859793,0.051846996,0.04440402,0.022762539,0.109736994,0.2421903,0.20472336,0.07600941,0.024670167,0.05657498
35204695,0.0,0.0,15.0,30.0,0.0,2.5662029,2.958468,8.285786,5.9836216,0.82039934,0.189774,0.03889824,0.06620568,0.06247551,0.26357824,0.12158998,0.016886897,0.017982751,0.06826328,0.13551639,0.10989467,0.25710678,0.01703562,0.060806144,0.16340807,0.2918374,0.22370473,0.07067656,0.012646174,0.01018526
35201781,15.0,50.0,0.0,0.0,0.0,9.19103,13.341393,6.5876102,1.7995015,1.0846369,0.09252043,0.1537594,0.17988077,0.30776748,0.040373437,0.06385567,0.025166254,0.29366925,0.18673372,0.10812426,0.03317147,0.055898428,0.21105136,0.0701599,0.033072535,0.004249209,0.21052468,0.048324123,0.00563142,0.005439164
35204817,105.0,10.0,30.0,0.0,0.0,70.63512,19.248903,21.734703,2.5982013,4.800477,0.021545133,0.17190447,0.028703786,0.29948658,0.009670873,0.49638683,0.08157584,0.2426007,0.010642,0.104840584,0.08271053,0.29092628,0.20063217,0.0029788981,0.0016399863,0.0007229226,0.16882253,0.009850647,0.016276633,0.04823486
35202608,35.0,0.0,0.0,0.0,0.0,61.339596,1.9232548,0.9369707,1.1086346,0.68591744,0.08639014,0.49164608,0.16617386,0.3008154,0.20266148,0.02611519,0.0064258073,0.014464848,0.2034481,0.029035276,0.0038963284,0.004918643,0.17149997,0.02927997,0.029393025,0.04920483,0.1992952,0.011071341,0.0060777087,0.012372242
35203248,20.0,0.0,0.0,10.0,0.0,9.990991,0.41041163,0.36847046,1.5934099,0.3073849,0.09047831,0.13057345,0.17592308,0.26046905,0.2454116,0.12875289,0.010023788,0.020793557,0.17693287,0.060370985,0.030554265,0.0686238,0.019775642,0.044551086,0.14139949,0.29357168,0.19341558,0.048479456,0.033048507,0.0714628
35200456,0.0,15.0,105.0,0.0,0.0,0.7084079,10.263145,87.48497,0.68467236,0.43577453,0.18485944,0.104310244,0.050810996,0.060204905,0.037341323,0.20248738,0.08444615,0.25219545,0.021163221,0.32524708,0.024751732,0.29037604,0.1939606,0.029084934,0.00958985,0.010246663,0.20108137,0.04474865,0.00032141758,0.00039403807
35200410,35.0,20.0,390.0,0.0,0.0,9.489269,11.333868,434.26755,1.7760346,5.333882,0.03979121,0.0320578,0.08452256,0.24243563,0.04244366,0.22441888,0.080131456,0.24008018,0.11717667,0.4624073,0.07366608,0.0117373755,0.19263154,0.009413549,0.010171403,0.011639079,0.20019522,0.05871769,0.00012056645,7.1371986e-05
35201714,95.0,35.0,25.0,10.0,25.0,14.963071,55.142197,12.249802,0.0,3.3018785,0.0034471047,0.059334055,0.018761361,0.29907313,0.040171597,0.4819901,0.08471191,0.25041533,0.0066703553,0.16136962,0.10385759,0.3001603,0.04049174,0.014244311,0.08383723,0.24070404,0.03970655,0.05016372,0.08140217,0.24225801
35200995,10.0,0.0,0.0,35.0,0.0,4.407161,0.0,0.3203412,25.977978,0.28012845,0.09453386,0.08820793,0.181538,0.24596739,0.22173265,0.04990635,0.003221861,0.004918813,0.17503642,0.04726629,0.022415902,0.052162003,0.017971912,0.15959083,0.30063015,0.2886819,0.20574717,0.023876162,0.0029757414,0.002750395
35201824,10.0,30.0,30.0,10.0,0.0,2.185749,14.172115,16.055626,2.8170516,0.5340572,0.04080104,0.047414154,0.09778966,0.25782537,0.046978455,0.14216974,0.0899932,0.30229935,0.020722445,0.23413087,0.11144373,0.3019292,0.043889258,0.07929354,0.12261308,0.2411767,0.17407605,0.120222524,0.021657435,0.05265813
35201441,15.0,0.0,0.0,50.0,0.0,4.8611274,0.0,1.4818711,26.087143,0.087883234,0.04287649,0.090998575,0.182501,0.30325234,0.18948337,0.0630281,0.0048973956,0.05376947,0.17746367,0.08387196,0.02358773,0.050986838,0.053813282,0.1369872,0.18035059,0.24172318,0.1737831,0.049350232,0.02179301,0.05331117
35204341,0.0,0.0,0.0,0.0,10.0,3.6453812,0.9863234,1.018502,0.0,1.8067218,0.30460805,0.19757402,0.14367077,0.019331958,0.22803873,0.041875675,0.0056492356,0.0057428884,0.1722376,0.047459833,0.027061813,0.06180843,0.1787,0.079024315,0.06147664,0.050428256,0.05083986,0.03353882,0.08478362,0.24596797
35201705,0.0,0.0,0.0,0.0,0.0,15.103831,3.4098053,2.3820324,1.7425039,1.1390502,0.2814597,0.10606766,0.14155272,0.007478956,0.24292713,0.08958476,0.0059061004,0.015335476,0.20559591,0.04910638,0.010632581,0.017231409,0.21017148,0.091045074,0.052641608,0.0018084296,0.1941862,0.035899222,0.021974552,0.06552722
35203244,10.0,0.0,15.0,0.0,0.0,3.5262227,0.76671743,2.8626065,1.3543551,0.7174839,0.08972682,0.066105045,0.20723502,0.26355383,0.27341443,0.09980751,0.01266244,0.009011928,0.06055946,0.03978555,0.09859013,0.25121137,0.1741029,0.04421027,0.07072932,0.064272046,0.24134645,0.06963846,0.017278146,0.024723256
35202347,10.0,0.0,0.0,0.0,20.0,7.87973,5.1118326,6.7055507,0.0,5.8266697,0.08917793,0.105571024,0.14147657,0.2636884,0.2340373,0.06373935,0.014485954,0.008450569,0.19452342,0.10987723,0.04233113,0.057045028,0.17756128,0.1174898,0.04315648,0.054970637,0.021174807,0.060120262,0.107641675,0.30415443
35200143,250.0,25.0,50.0,0.0,30.0,226.38617,13.784935,24.467049,0.0,14.400605,0.12180643,0.2853237,0.122639716,0.24607284,0.046784315,0.118024215,0.08554839,0.25133833,0.038894113,0.13656966,0.004235289,0.2516871,0.19674519,0.04078766,0.019190097,0.010786261,0.044604182,0.1114926,0.08273886,0.242563
35200142,45.0,65.0,50.0,0.0,90.0,12.564175,49.679184,34.95352,1.0426102,74.877075,0.011718428,0.038030665,0.021257699,0.28872782,0.007306015,0.27201915,0.0038833816,0.30031556,0.008669354,0.2519475,0.017860629,0.29091522,0.20044924,0.0047033243,0.0019174381,0.0006171478,0.008002144,0.23989244,0.0011997201,0.29039496
35204578,85.0,90.0,105.0,10.0,25.0,64.95094,161.63866,42.095245,1.5363723,17.050747,0.014567846,0.09564704,0.04168791,0.30044675,0.04331632,0.5534446,0.0054637915,0.2516202,0.03718745,0.042018134,0.0025859575,0.2519418,0.0048561636,0.012928169,0.11033485,0.298365,0.04442567,0.012200464,0.08216681,0.24233899
35202368,0.0,0.0,0.0,0.0,0.0,2.4087381,0.6446031,0.80594635,1.544231,0.4808327,0.24654414,0.11610322,0.16795883,0.059484627,0.25223723,0.0761095,0.010900175,0.016039617,0.21403635,0.026817106,0.008175964,0.008658319,0.17798215,0.074666485,0.064321496,0.052158136,0.24083447,0.027986292,0.007142897,0.010336514
35205016,0.0,0.0,0.0,0.0,0.0,15.260297,20.240616,253.88538,11.656185,9.01725,0.16651401,0.01625212,0.030287119,0.0584153,0.19556081,0.016595855,0.0035307966,0.010232658,0.20049691,0.6205248,0.0017243958,0.0024981124,0.16748422,0.09172587,0.04171404,0.050005842,0.20025744,0.0050475183,0.00035964503,0.00054433383
35200187,155.0,0.0,10.0,0.0,0.0,204.97139,27.742798,4.55272,1.4887409,2.1155288,0.16468878,0.38548997,0.21371996,0.30065224,0.19973195,0.082526915,0.0039229267,0.010365774,0.0025194534,0.05091098,0.09801418,0.30066147,0.19988208,0.028322026,0.00576721,0.0027261518,0.19612134,0.02636245,0.00082100136,0.010755059
35202298,35.0,10.0,0.0,20.0,0.0,5.388909,2.5669162,2.617292,18.580702,0.28741205,0.062129755,0.040082242,0.169018,0.2557659,0.059665635,0.0520301,0.08780672,0.25440568,0.21001776,0.062156152,0.008072536,0.0041719475,0.0154296495,0.21971257,0.28826213,0.2908537,0.2055154,0.036859654,0.004410573,0.0049609495
35202472,275.0,30.0,15.0,0.0,10.0,307.01324,15.001639,6.093695,0.2748339,3.8593187,0.1518553,0.2675051,0.1781769,0.25281736,0.0476479,0.11067606,0.08218199,0.25115162,0.038522102,0.10146508,0.08314655,0.25131595,0.20258228,0.033044945,0.007986519,0.0010470895,0.04005492,0.09800439,0.082199186,0.2516283
35202703,20.0,10.0,15.0,0.0,0.0,16.806492,2.2474058,1.5623436,1.2996552,0.9486324,0.16819571,0.24250284,0.25817823,0.30125904,0.016698051,0.03944154,0.081464894,0.29103735,0.0034662506,0.032013852,0.08471216,0.30089056,0.16424473,0.082551055,0.023733933,0.0580164,0.20191543,0.013169542,0.001096284,0.0032191088
35201430,75.0,0.0,0.0,10.0,0.0,74.08144,7.799547,0.78230387,2.719251,0.0,0.17044435,0.2120868,0.15900598,0.24991336,0.17210492,0.10748062,0.016230348,0.04815315,0.1695007,0.056498624,0.016446844,0.04828671,0.032613534,0.04914745,0.09242167,0.251993,0.16878061,0.06169618,0.00022927354,0.048176564
35203744,0.0,30.0,25.0,0.0,60.0,9.023122,37.139744,27.595478,3.1379533,63.2823,0.16973369,0.031005627,0.021243766,0.050728776,0.042644642,0.29794663,0.08107798,0.24252681,0.007809826,0.17302945,0.09700462,0.2901322,0.2002969,0.0022597336,0.0009125265,9.021506e-05,0.041459274,0.27830783,0.00030404035,0.24048851
35204585,10.0,0.0,20.0,0.0,0.0,4.0252776,6.857962,30.793573,0.8202495,0.49510857,0.004805347,0.071386896,0.104185775,0.29822156,0.16953741,0.21223752,0.016270299,0.048556108,0.010988787,0.45658663,0.08115156,0.2885683,0.19371107,0.009176009,0.005606592,0.01003536,0.16788048,0.029244736,0.016263936,0.04854989
35200430,75.0,25.0,55.0,0.0,30.0,26.888678,26.673939,21.03889,0.0,24.453938,0.062392127,0.07810639,0.042539142,0.25185406,0.05465664,0.26739246,0.08527936,0.25261462,0.043373246,0.100296825,0.0028895233,0.24336821,0.20094636,0.018442698,0.010732811,0.0027525718,0.044258468,0.20712441,0.08224163,0.24382149
35204598,35.0,10.0,10.0,0.0,10.0,64.13236,10.923553,8.155639,0.0,3.6088073,0.060202654,0.53983116,0.08969271,0.2520031,0.0019907793,0.13413121,0.08324981,0.29768562,0.0018021938,0.06071836,0.08025945,0.29800442,0.19206585,0.0018392205,0.004039601,0.011930139,0.0016439836,0.02895801,0.083224304,0.2976136
35204989,0.0,0.0,0.0,0.0,0.0,123.89584,123.257645,286.01138,10.448506,54.40091,0.20815702,0.09236762,0.021161074,0.004443621,0.21233292,0.13088724,0.0027979554,0.003402118,0.21696833,0.40242207,0.011568859,0.012941213,0.17212635,0.03334431,0.029463036,0.04871553,0.20285706,0.0182691,0.0015778571,0.0013851129
35204402,0.0,10.0,130.0,45.0,50.0,10.92604,19.802372,149.91916,16.190104,23.903618,0.19120125,0.066541776,0.026921932,0.051071543,0.049278617,0.16662823,0.08076354,0.24026266,0.0638077,0.30762872,0.011774234,0.24238972,0.039068893,0.105165966,0.0052547976,0.24244936,0.040540095,0.048855115,0.00065048167,0.24018687
35201785,20.0,55.0,10.0,15.0,20.0,5.82292,65.49939,8.948101,0.5084553,16.861744,0.045782104,0.022890829,0.092474386,0.24380091,0.053925198,0.3893819,0.0047610644,0.25018644,0.037462033,0.11739478,0.08185443,0.2503802,0.008886579,0.0058892732,0.10204184,0.2884405,0.04111847,0.19597955,0.08499083,0.251339
35204726,0.0,20.0,10.0,0.0,165.0,3.9072144,22.023508,14.882122,2.5863686,163.39586,0.20168033,0.053908587,0.016793694,0.012721282,0.060358264,0.26914614,0.0835642,0.24364062,0.01692684,0.22257358,0.10384617,0.2915861,0.16345417,0.017286051,0.032840524,0.058406964,0.04523485,0.3005685,0.002890901,0.24226676
35201664,20.0,45.0,25.0,40.0,0.0,19.599146,59.60807,9.959757,6.863987,2.2590306,0.019956516,0.21652538,0.116202116,0.30155393,0.008244895,0.41704774,0.0050345426,0.29873395,0.037619658,0.06791359,0.08666038,0.2511803,0.0422105,0.014667407,0.08661511,0.24085073,0.20211473,0.010527777,0.0011270514,0.0010883877
35203817,10.0,0.0,0.0,0.0,0.0,3.9942985,1.0888438,0.8846139,1.4493635,0.9312822,0.038329042,0.08662124,0.13768756,0.31422946,0.21830188,0.19530244,0.033154473,0.059056137,0.18902281,0.073228225,0.03864607,0.069648385,0.21237454,0.047185894,0.03455057,0.009531574,0.2265754,0.032068253,0.017984232,0.02453231
35203626,90.0,35.0,45.0,0.0,0.0,172.98328,5.5267973,5.313181,1.0628799,1.4224701,0.0699026,0.6178497,0.05771157,0.30017233,0.040723212,0.025547847,0.081289224,0.24289434,0.040842447,0.023030754,0.00080436957,0.24098742,0.19430687,0.008474878,0.0058989762,0.0098424535,0.19988126,0.0049834065,0.0012170483,0.0024764996
35203694,10.0,65.0,65.0,0.0,0.0,4.2727957,66.62225,15.701478,1.3612221,22.123426,0.018577265,0.040973913,0.11579956,0.2921818,0.054562807,0.35919663,0.0020906082,0.24416842,0.0369405,0.11316395,0.0065257647,0.25376484,0.16396683,0.0111088995,0.028397193,0.058722142,0.19890359,0.18879358,0.006738034,0.014346102
35200491,0.0,0.0,25.0,0.0,15.0,3.3339787,1.9676018,8.37087,0.0,4.6504297,0.27788308,0.16390224,0.10379686,0.017800933,0.19416244,0.13348737,0.021618566,0.052316196,0.016158797,0.11836592,0.093035914,0.30117851,0.2023973,0.018370956,0.0092656575,0.0040514795,0.053480465,0.078478254,0.08288637,0.24288708
35203523,30.0,10.0,50.0,15.0,0.0,10.18123,8.7574215,12.084433,1.4146695,1.0651168,0.04832627,0.09488415,0.16635232,0.29118598,0.036178704,0.24952121,0.09807578,0.2887648,0.03026846,0.14194326,0.019645637,0.24389182,0.040306956,0.018001448,0.09073294,0.24308276,0.20918943,0.11066066,0.0031200873,0.002633305
35201180,0.0,0.0,0.0,165.0,0.0,2.8256876,3.3001704,7.1302395,104.815605,1.7013392,0.1901932,0.036562197,0.109938,0.062302936,0.17621006,0.113028094,0.018173806,0.05091407,0.16532578,0.11158957,0.02276946,0.060453255,0.017907653,0.26130554,0.25514358,0.2885949,0.16962875,0.023998119,0.01758711,0.048928004
35201445,10.0,0.0,0.0,15.0,0.0,5.0009456,0.45258343,0.5487192,12.752889,0.40773183,0.05502035,0.065892965,0.19393228,0.2958369,0.22727817,0.038930744,0.004394389,0.0054183644,0.20656997,0.06059429,0.013588052,0.013035292,0.015538229,0.18842332,0.27109733,0.29894224,0.2074455,0.027572364,0.0044862116,0.003829462
35202952,15.0,0.0,0.0,0.0,0.0,10.417827,0.28966254,0.2952516,1.3425823,0.67665744,0.05829777,0.20333877,0.17381051,0.2955339,0.20147628,0.13228574,0.022397155,0.06252646,0.17462711,0.08892521,0.025844669,0.06245266,0.17210901,0.056044333,0.037143122,0.049477726,0.20747499,0.064545706,0.0072897663,0.014216044
35200401,25.0,15.0,10.0,0.0,0.0,28.222073,4.004539,2.9841301,1.0961272,1.0198488,0.1252428,0.31115568,0.21993731,0.30145842,0.042773478,0.052914478,0.08150035,0.25103173,0.038488716,0.056493565,0.085900605,0.25061816,0.17145248,0.04299994,0.037866976,0.048572186,0.19619723,0.02534907,0.004648675,0.0109639745
35201882,0.0,45.0,10.0,10.0,0.0,0.5853896,45.750153,5.096865,1.3086097,0.3717953,0.22161981,0.05400618,0.029727552,0.004105493,0.06064645,0.35437045,0.0015115846,0.24118908,0.037721645,0.15124765,0.08615206,0.25250465,0.03578682,0.023753997,0.09300909,0.25010827,0.17079148,0.1129565,0.01737474,0.04938024
35201493,0.0,0.0,10.0,0.0,0.0,5.7424994,1.6623693,3.135533,1.5922179,0.5429421,0.24915117,0.12954664,0.08547538,0.006564546,0.26132828,0.19300961,0.006846803,0.005739754,0.05393283,0.054626726,0.08699246,0.24614356,0.20543613,0.055975445,0.028110057,0.0018573103,0.21715598,0.052556932,0.009750666,0.019026266
35202764,75.0,10.0,0.0,0.0,10.0,95.68327,8.162436,2.6105638,0.19555938,2.6114569,0.060596026,0.37744936,0.06269344,0.29274228,0.05532281,0.15014322,0.08255961,0.24181114,0.1729553,0.07224372,0.019900337,0.050272793,0.19484079,0.01329764,0.014178659,0.012867653,0.048378915,0.02490803,0.08347176,0.24495947
35204422,0.0,0.0,10.0,15.0,0.0,1.0672544,0.7696899,16.028946,3.353308,0.2848686,0.17839223,0.031194828,0.029583082,0.0531986,0.21734399,0.060470343,0.0036152883,0.0017806593,0.04606317,0.48652905,0.092228085,0.2515303,0.03576673,0.061868176,0.09338584,0.25103885,0.16453263,0.06076447,0.021966325,0.060882103
35201710,0.0,10.0,0.0,0.0,0.0,3.9176648,7.777029,1.3731196,1.3882914,0.48423883,0.2170863,0.14611518,0.06410655,0.05699276,0.071939334,0.16733705,0.10611719,0.29432553,0.19102663,0.10970165,0.010768945,0.054491945,0.20315257,0.030920591,0.014909007,0.004920658,0.19332592,0.07908349,0.021475984,0.05376915
35201635,10.0,15.0,0.0,10.0,0.0,13.939425,12.903321,4.8445034,1.9524338,2.0551121,0.04179793,0.3633955,0.12492925,0.298567,0.012608606,0.1501536,0.08130789,0.30037683,0.16494478,0.08297017,0.0041158497,0.058452386,0.040677432,0.025245715,0.083846554,0.24025115,0.16410425,0.074974164,0.00062934635,0.05861726
35204645,0.0,10.0,40.0,20.0,0.0,3.1708884,9.95008,39.674248,0.688756,1.2932756,0.16305111,0.035983484,0.008496159,0.06011246,0.010648866,0.26182967,0.08114332,0.29032776,0.011879634,0.427352,0.08203296,0.29041487,0.0009784261,0.0056585213,0.10209602,0.2996761,0.16891661,0.043971352,0.016467888,0.048471678
35202168,0.0,0.0,80.0,0.0,0.0,3.0350974,3.9732034,144.42,0.601285,2.2417598,0.20933077,0.033702463,0.033619963,0.011898401,0.21070345,0.054312915,0.0021848604,0.0032080952,0.045067232,0.57647306,0.0025683886,0.24173373,0.19559713,0.016990162,0.012869816,0.010431771,0.20816855,0.01934111,0.0014295384,0.002067371
35201601,25.0,15.0,20.0,10.0,0.0,17.434565,17.477505,45.49259,1.8930664,6.8722878,0.033380892,0.0348216,0.08610926,0.25168732,0.039578095,0.07466131,0.08071254,0.2420468,0.041350964,0.647745,0.080606595,0.24050154,0.03349808,0.022483842,0.08834928,0.2500018,0.20005468,0.008182342,7.340221e-05,0.00010926105
35203869,10.0,15.0,10.0,0.0,0.0,6.761697,3.8665633,2.275567,1.7647376,1.2663462,0.09516751,0.17335172,0.22910756,0.30865616,0.068161145,0.0413452,0.08500012,0.24577048,0.01304028,0.046805516,0.107016094,0.3049633,0.21460773,0.11036129,0.073342025,0.0019465513,0.2088639,0.03726106,0.0048996443,0.0071250806
35203794,0.0,0.0,0.0,0.0,0.0,1.2511587,1.2720376,2.3960867,1.5367517,0.7022718,0.24734268,0.13712516,0.12163627,0.061346784,0.19745408,0.048854984,0.023729336,0.05677767,0.21801229,0.064495206,0.011063184,0.0066075176,0.17537908,0.12454948,0.09571229,0.061842926,0.21487498,0.026618531,0.0062933573,0.0065495973
35203444,0.0,25.0,40.0,10.0,20.0,1.7410532,5.985219,73.321106,0.8862371,7.3830185,0.19038376,0.059069756,0.035658382,0.05056912,0.010148019,0.061136775,0.09644317,0.2902308,0.008298271,0.57020825,0.09681634,0.2902646,0.04051739,0.009715622,0.081623174,0.2402096,0.008013724,0.06052623,0.096443005,0.29032594
35200115,290.0,20.0,30.0,0.0,20.0,315.64148,7.91915,8.939559,1.0151808,7.9760013,0.13269283,0.28988987,0.2063935,0.061260663,0.009126595,0.086571395,0.09671254,0.29837036,0.001849253,0.09184527,0.09805159,0.30050787,0.19351107,0.044251747,0.007447283,0.011775434,0.04119328,0.09996486,0.08106298,0.2410831
35202150,0.0,0.0,85.0,0.0,0.0,5.205095,3.834486,65.38733,0.7958147,1.8170345,0.1951276,0.100075305,0.033184394,0.050051834,0.1962061,0.13294607,0.0034019763,0.009644865,0.04536971,0.38270697,0.010349689,0.24979174,0.16655457,0.01682364,0.018589264,0.050415304,0.19385368,0.081406586,9.607309e-05,0.009646791
35204568,80.0,10.0,10.0,10.0,0.0,73.42672,4.7645035,4.179566,2.3872163,0.0,0.15011626,0.25542796,0.14352529,0.2503101,0.009884173,0.09547225,0.09629373,0.28854978,0.002464882,0.0781926,0.099669166,0.2980998,0.040257882,0.043590363,0.08222851,0.24005815,0.1685535,0.06282359,0.00012922578,0.048153415
35201909,10.0,20.0,0.0,0.0,0.0,2.3199937,8.095883,1.7819027,1.5350327,0.661656,0.03117739,0.054930188,0.1572371,0.31023243,0.08604311,0.10093382,0.09323941,0.2566132,0.18221202,0.1642808,0.03059481,0.06389953,0.20976107,0.081807084,0.07233927,0.004966221,0.21066013,0.0655848,0.014075727,0.018004872
35201547,15.0,10.0,30.0,10.0,0.0,18.003223,20.331633,27.834528,1.4136553,5.753815,0.014381852,0.07566117,0.089479655,0.29044044,0.01499938,0.38479674,0.097183526,0.2905329,0.012699207,0.21663348,0.08194613,0.28875569,0.04020502,0.0063634072,0.082171105,0.24057226,0.16901031,0.077865094,0.016519357,0.048799943
35202460,100.0,15.0,15.0,0.0,0.0,72.49581,5.606034,3.9448166,1.1648903,1.4935939,0.16080646,0.31502303,0.18713114,0.29056227,0.0021361345,0.07767842,0.09674788,0.2995778,0.0011531542,0.043557793,0.096344136,0.29968822,0.19859965,0.012531367,0.0017059424,0.002423422,0.16068254,0.021494683,0.0167466,0.059586547
35200421,30.0,15.0,15.0,0.0,35.0,4.8598475,6.8130803,13.921942,0.30496097,23.78723,0.049312167,0.04553067,0.09821918,0.2428788,0.07038666,0.11314144,0.083684444,0.24144106,0.05518267,0.2700388,0.08904258,0.24373996,0.1959582,0.049618397,0.032606065,0.010285887,0.04392651,0.18557581,0.08370606,0.24116243
35204913,0.0,0.0,0.0,0.0,0.0,31.652576,9.333431,20.4552,1.8069012,2.1007457,0.20997469,0.1176112,0.017061902,0.013675073,0.19633621,0.11598724,0.018236993,0.048909318,0.18487191,0.3293308,0.0065628323,0.04906345,0.16875795,0.047737166,0.0073097087,0.04901931,0.1715945,0.08234231,0.0010710614,0.04863474
35201191,0.0,0.0,0.0,120.0,0.0,0.8562056,1.3632123,3.378519,65.45874,0.5701735,0.20151106,0.031675927,0.10862103,0.051424034,0.18393251,0.09655395,0.00251269,0.051355675,0.17197165,0.08072437,0.018864973,0.050766606,0.011237883,0.1090675,0.26918095,0.29811743,0.17097282,0.05540701,0.01875799,0.05114013
35202592,0.0,0.0,0.0,0.0,0.0,9.025423,2.299861,2.6286712,1.7873933,0.7002582,0.23303851,0.23808216,0.027366249,0.0048763664,0.19544965,0.17621279,0.01953173,0.050040837,0.18364055,0.14386633,0.025818888,0.059748296,0.19429608,0.048057426,0.011939122,0.0129296705,0.17482972,0.07598583,0.0021088575,0.05011989
35200821,15.0,0.0,10.0,0.0,10.0,20.62284,5.744806,3.50701,0.0,1.0156044,0.058443144,0.40676406,0.12913616,0.30066198,0.16590141,0.17664185,0.0013364389,0.05989607,0.0144492285,0.06366338,0.09908431,0.2906375,0.16891013,0.03307651,0.018572964,0.048445243,0.04151072,0.0071153054,0.08047773,0.24045089
35202005,0.0,10.0,10.0,15.0,10.0,0.6159121,4.3984346,14.299546,3.6790707,2.1278062,0.16923617,0.051506914,0.030598218,0.06345499,0.048355978,0.108854204,0.08699068,0.25192502,0.04445608,0.42973506,0.090845585,0.25407594,0.042766552,0.067501634,0.0907911,0.24197268,0.04556663,0.043988638,0.08400093,0.24498323
35200469,0.0,15.0,100.0,0.0,0.0,5.6496835,10.4524,178.09773,0.047397103,1.9611362,0.17399319,0.13372788,0.011552607,0.060034778,0.00825731,0.04596969,0.096259,0.28857893,0.0108396495,0.5848635,0.0014463637,0.2881982,0.19886167,0.0026741507,0.0011807672,0.0019685398,0.19997677,0.0046456037,0.00024359084,0.00049531145
35203829,60.0,0.0,15.0,0.0,0.0,37.92918,1.0990735,3.0767393,1.3032533,0.94687617,0.12796237,0.12974995,0.18421575,0.30095062,0.18663003,0.13274722,0.0022124143,0.05027597,0.012475179,0.050109655,0.084092006,0.2929067,0.19668658,0.05607809,0.020262545,0.012878102,0.20573506,0.06627183,0.0042614797,0.005282974
35203682,10.0,10.0,15.0,0.0,0.0,15.784948,19.018621,28.554434,4.024965,39.468235,0.055659484,0.053735532,0.10079655,0.243569,0.040781815,0.21122548,0.08433886,0.25046384,0.004122256,0.35785803,0.09875465,0.30023912,0.20048007,0.0039259745,0.0018551698,0.0008110135,0.17071484,0.11261373,0.016581012,0.048578467
35204284,570.0,105.0,170.0,15.0,410.0,489.00443,119.26305,154.60724,0.0,376.92316,0.011585619,0.25930637,0.035981774,0.058288723,0.00956895,0.30468082,0.019646233,0.2977573,0.006645229,0.38097724,0.004270689,0.28881273,0.008068383,0.0067698276,0.09816268,0.2886204,0.04192113,0.2829573,0.0007262108,0.00060566165
35203458,25.0,15.0,85.0,0.0,30.0,6.5069323,13.725284,18.646557,0.49092853,28.35685,0.039445527,0.02466988,0.104249455,0.25287428,0.060005993,0.2342412,0.08423542,0.25025842,0.037655976,0.12498046,0.006462171,0.25225905,0.1637293,0.060710922,0.05316549,0.057772893,0.035263497,0.26407868,0.08406486,0.24998736
35200118,260.0,0.0,0.0,0.0,0.0,194.14207,2.3326375,1.3211552,0.5230075,0.5615906,0.111892164,0.2597723,0.16523173,0.30029038,0.21253903,0.08849092,0.0014365353,0.0012284351,0.20274691,0.11495441,0.003993513,0.002930063,0.16378674,0.06738714,0.058100328,0.06001156,0.20232072,0.0993225,0.001863485,0.0012665316
35204021,15.0,10.0,0.0,0.0,140.0,5.9432406,3.3387241,2.4878504,0.0,53.14312,0.07604167,0.09533769,0.17719905,0.30790463,0.0788546,0.08303809,0.09403466,0.26120633,0.21566641,0.07768623,0.026678,0.021418046,0.20971611,0.07319088,0.059514035,0.017615862,0.059873104,0.21771619,0.01579328,0.25347853
35204361,0.0,0.0,0.0,0.0,0.0,4.434583,1.5811105,1.3893979,1.549226,1.0789165,0.2574907,0.18560068,0.1321395,0.0733902,0.20275354,0.036722012,0.023308815,0.055757344,0.18423577,0.07264822,0.029177718,0.056011535,0.20764314,0.06715214,0.045124825,0.012574185,0.21319982,0.04286178,0.0056460937,0.0076751458
35202119,0.0,0.0,555.0,0.0,0.0,1.3034978,1.9740208,457.2696,0.37591645,1.3055768,0.20436117,0.02522715,0.005969013,0.0008214188,0.17248386,0.26948363,0.00030638394,0.048238352,0.117396966,0.3562313,0.14120963,0.05051308,0.16715838,0.0069761164,0.018603466,0.05002242,0.19416654,0.04706846,0.003479265,0.009876216
35202947,0.0,0.0,0.0,10.0,0.0,3.9979565,8.9796505,2.5460947,3.5035894,0.5050532,0.2725306,0.11798318,0.14570138,0.005648647,0.25192165,0.10587901,0.0053131655,0.0045192833,0.17925897,0.026299536,0.021403195,0.052524384,0.04954589,0.098739445,0.14841947,0.24118388,0.22012271,0.031419348,0.005814217,0.009617457
35200094,160.0,15.0,0.0,0.0,0.0,144.35483,5.5350547,1.1978683,0.5158004,0.5228611,0.14890206,0.34222707,0.2011407,0.29895532,0.014251941,0.10514873,0.096688226,0.28845155,0.19543594,0.075284265,0.004513178,0.0101991305,0.19931656,0.024331674,0.0047229193,0.0026656515,0.17015365,0.04660175,0.016995326,0.04913308
35204661,10.0,0.0,30.0,10.0,25.0,6.178209,18.73233,20.285164,8.7443695,4.757222,0.05188714,0.12265306,0.12690367,0.2511226,0.20812498,0.061332315,0.00090391317,0.0004996817,0.011012601,0.14879102,0.09879118,0.2904177,0.007947515,0.30375874,0.14930508,0.29024318,0.03357801,0.026012924,0.08466522,0.2524765
35204538,0.0,10.0,0.0,10.0,0.0,3.2075179,3.7141137,0.98644435,5.42268,0.17404696,0.24826828,0.0895663,0.10595076,0.020955633,0.05890267,0.07468076,0.10787152,0.3047064,0.21209238,0.05422747,0.011929931,0.016636638,0.055441298,0.10998991,0.17362534,0.24273035,0.2143498,0.046166692,0.011240471,0.01898073
35204330,0.0,70.0,20.0,10.0,90.0,17.575743,66.17479,5.669622,0.0,59.12718,0.17138249,0.11065688,0.029417822,0.05993676,0.013577209,0.30437118,0.016437996,0.30013114,0.03460003,0.112404704,0.0815714,0.25182292,0.008227764,0.014149876,0.0972438,0.2880747,0.033773214,0.21410686,0.0004449337,0.25206155
35204808,170.0,30.0,40.0,0.0,125.0,155.19814,31.157808,64.7823,8.04326,64.42525,0.039027516,0.26413625,0.008068138,0.25219515,0.0049048136,0.22175273,0.096373454,0.2980877,0.004411808,0.33432138,0.09784418,0.29818177,0.1602372,0.004942593,0.020480637,0.05996036,0.033963766,0.10982877,0.0034159895,0.24976769
35200520,10.0,0.0,0.0,0.0,0.0,2.6998875,0.5724479,0.7058524,1.5699333,0.6820291,0.08077798,0.041409567,0.14659205,0.25690237,0.27461728,0.08479407,0.017651165,0.010317894,0.19269313,0.15476015,0.02137828,0.06087596,0.2106515,0.035462063,0.043661613,0.008760478,0.2490398,0.057043623,0.013783546,0.017167328
35200070,205.0,10.0,10.0,0.0,70.0,160.58818,4.260401,8.253052,0.0,26.630863,0.08101356,0.26437697,0.12832841,0.29143137,0.014389709,0.11801068,0.09668422,0.28861266,0.009849739,0.23208886,0.097309954,0.28860056,0.1673193,0.031190826,0.019941298,0.050254654,0.041229557,0.108579256,0.0012191583,0.24076031
35201761,10.0,30.0,10.0,10.0,0.0,6.2791157,27.737234,4.815964,1.4672288,18.64858,0.027537536,0.13049676,0.13011046,0.30262178,0.041401125,0.26786596,0.09872706,0.2894018,0.026374377,0.15157585,0.11465211,0.30219632,0.043386653,0.030038057,0.09522559,0.24100518,0.20520245,0.05300765,0.0022002002,0.0023316757
35204039,10.0,0.0,30.0,10.0,0.0,3.180153,4.6678677,38.115623,1.2324655,0.30943304,0.049820058,0.058511928,0.10458833,0.25240135,0.20503137,0.17209554,0.004959674,0.011380626,0.049449474,0.36702996,0.08476286,0.24140535,0.03510524,0.029168457,0.09924188,0.25238624,0.20316876,0.07803731,0.0013667637,0.0013420137
35203054,0.0,145.0,20.0,0.0,15.0,3.3770862,142.42148,34.990475,3.7033517,6.343696,0.1983355,0.051906757,0.007245458,0.010128694,0.005579048,0.30625594,0.0193516,0.29804772,0.004401886,0.5315148,0.099940084,0.29806072,0.16810803,0.003532853,0.016331205,0.048043918,0.001628368,0.051549055,0.09929091,0.29806784
35202574,0.0,10.0,10.0,0.0,0.0,3.1633844,6.282218,2.816125,1.442391,0.4295652,0.21046412,0.08709812,0.07659849,0.024902437,0.0792482,0.1259396,0.11580877,0.3066043,0.026421286,0.08687786,0.119970694,0.30876905,0.20595674,0.039188646,0.03484872,0.007392886,0.19833608,0.09191248,0.031227082,0.061146833
35202787,10.0,10.0,0.0,0.0,0.0,3.3751795,4.960584,0.62301123,1.4298377,0.7267439,0.07548416,0.07108869,0.17125851,0.26115432,0.12019521,0.10721074,0.091668785,0.2493172,0.18675269,0.10330258,0.013560682,0.057004023,0.20521803,0.05049818,0.054607667,0.012690681,0.23815817,0.05366819,0.010176109,0.01623389
35203406,0.0,140.0,45.0,20.0,55.0,4.704236,94.846306,29.764706,3.1207721,55.30103,0.19088176,0.067930214,0.029740509,0.050219994,0.016067117,0.3837229,0.019504193,0.29774308,0.002314395,0.13561818,0.020336911,0.29968128,0.0081059225,0.018289613,0.09704661,0.2880261,0.03408562,0.2815212,0.00021304829,0.24971142
35200815,10.0,0.0,10.0,10.0,0.0,11.847875,1.7916697,4.034585,3.1857784,0.9770615,0.10775141,0.26907346,0.20818302,0.3037095,0.18743615,0.073626116,0.019525062,0.052175432,0.040349383,0.06658949,0.08772205,0.25356543,0.04397093,0.057627425,0.10327652,0.24141282,0.2058995,0.03183417,0.003636325,0.004354449
35200255,125.0,10.0,15.0,0.0,10.0,61.101715,7.3905935,6.280936,0.8652883,4.13796,0.1116431,0.10061417,0.17106067,0.30031985,0.015978137,0.16387615,0.10086915,0.29884568,0.006165853,0.10186449,0.09960118,0.2992233,0.17024665,0.028307725,0.022615999,0.049038146,0.03757713,0.093195334,0.0855454,0.25121528
35202930,10.0,0.0,0.0,10.0,0.0,4.621114,0.3439583,0.76979625,1.2355897,0.5986566,0.06967938,0.10708418,0.18445969,0.31156206,0.22937821,0.11231867,0.0379176,0.067337394,0.18288529,0.046917967,0.038281716,0.06980881,0.04911093,0.024812885,0.110134855,0.24761523,0.24420746,0.051992293,0.016921794,0.026409093
35205024,0.0,0.0,0.0,0.0,0.0,5.879008,33.45929,18.955448,4.853458,35.799343,0.17399497,0.022632465,0.03574782,0.051127657,0.20800449,0.10565698,0.01783145,0.04941109,0.17599973,0.15139765,0.020042142,0.049124718,0.2007392,0.22227035,0.098409966,0.002140793,0.17063129,0.10611373,0.018407958,0.049403105
35204327,85.0,20.0,10.0,0.0,0.0,82.85617,7.7554502,7.7092376,1.1006573,1.9747853,0.11374983,0.42412964,0.062206235,0.24277972,0.039764877,0.049361844,0.083675206,0.24978867,0.03778548,0.13139905,0.0814965,0.24982914,0.19378589,0.019315807,0.0016691929,0.009815512,0.1943748,0.021932093,0.00022393788,0.00973434
35203873,0.0,0.0,0.0,0.0,0.0,3.9893484,1.3999345,1.4248624,1.2768909,1.0678159,0.26715827,0.08543104,0.115230955,0.026564632,0.24192199,0.050923273,0.009751774,0.019380044,0.21290904,0.04832175,0.016337357,0.021345226,0.18286552,0.08192778,0.10594648,0.06390251,0.21665502,0.044563223,0.014278647,0.021344798
35202644,0.0,0.0,0.0,0.0,0.0,2.6163888,0.73163843,0.50906676,1.8239822,0.4856686,0.25090247,0.098466635,0.08728023,0.017795572,0.26840043,0.100237444,0.017574014,0.021066625,0.21725352,0.05667679,0.024293602,0.022235056,0.21431525,0.044285566,0.04079923,0.0079120835,0.24286488,0.056387726,0.0116412835,0.025199465
35201471,0.0,0.0,0.0,0.0,0.0,29.852991,7.3724976,7.416506,3.7027993,1.4826996,0.21527532,0.20488033,0.08387246,0.06801487,0.22833861,0.10833718,0.0054557202,0.015538812,0.17853913,0.071323834,0.025789399,0.06103509,0.20076624,0.11721088,0.042422194,0.011610309,0.18162587,0.026976505,0.020077022,0.053945277
35203893,0.0,0.0,0.0,0.0,0.0,2.4022725,1.7480409,1.7216139,1.4584978,0.7929694,0.20961034,0.040484555,0.029570594,0.029497383,0.23030299,0.10833178,0.033421054,0.05790535,0.20515595,0.19255885,0.04686442,0.059053477,0.17930791,0.0769764,0.060212754,0.05553355,0.18788773,0.044760022,0.03182493,0.05906123
35200772,10.0,30.0,155.0,0.0,10.0,3.5926619,27.83353,152.62436,0.58405435,3.56243,0.035005625,0.062496137,0.082375884,0.2520101,0.0023115166,0.31266367,0.09925637,0.2977165,0.0051265443,0.51503146,0.0016890628,0.29764974,0.19977315,0.0011295143,0.00023670138,0.0003944041,0.040003724,0.057729058,0.08005426,0.24010025
35204595,135.0,25.0,25.0,10.0,15.0,202.96655,24.80626,12.611785,1.2519383,3.8982482,0.070573576,0.4625471,0.050974682,0.30019376,0.037565317,0.14092295,0.080446534,0.2500564,0.0027502836,0.03380373,0.096856706,0.29858628,0.039342653,0.013646019,0.08406135,0.2425779,0.041190196,0.016347481,0.08085486,0.24105923
35203566,35.0,20.0,35.0,0.0,25.0,30.30524,25.537617,89.69552,34.937492,34.82412,0.011140019,0.016296953,0.10016534,0.2887154,0.008611744,0.071888514,0.0968704,0.29009283,0.0012848773,0.6638305,0.09986275,0.30004808,0.20009637,0.0030032448,0.00037653607,0.00016224425,0.03414365,0.031799357,0.08331647,0.24971575
35201838,0.0,0.0,10.0,15.0,0.0,1.7694463,3.7060282,17.64897,2.0052295,1.087756,0.16434772,0.10375291,0.010084652,0.01205688,0.16460334,0.098137006,0.00427561,0.05961771,0.009517958,0.54608923,0.085178636,0.29791132,0.0019154841,0.04249208,0.10156311,0.29780126,0.16854116,0.07273886,0.00029147306,0.00015427006
35200096,90.0,0.0,0.0,0.0,0.0,73.472855,0.8332188,0.8836022,0.89396507,1.102627,0.16834004,0.2861028,0.15576848,0.29062715,0.17272332,0.07308815,0.016867446,0.050061274,0.16777384,0.04323482,0.0013563612,0.050468415,0.19280872,0.02367383,0.011040127,0.011562968,0.16717142,0.058507,0.016833166,0.05001284
35203589,110.0,0.0,55.0,0.0,0.0,171.4241,7.9564524,17.678673,1.7917725,3.6806564,0.106861964,0.44095457,0.09546075,0.30010024,0.20327273,0.06714518,0.0003123603,0.00025483148,0.041156776,0.05861715,0.0009483743,0.24061266,0.19279799,0.0202968,0.01174838,0.012012681,0.20055959,0.030139377,0.00039071485,0.0002700429
35204893,0.0,0.0,0.0,0.0,0.0,4.752676,1.7027034,1.8252265,1.8214285,0.956275,0.2343164,0.09720102,0.122305445,0.07137382,0.227242,0.06923358,0.026580207,0.059144855,0.21960823,0.047347013,0.014949072,0.011457007,0.21491972,0.09045273,0.074556634,0.006261863,0.19614652,0.0705436,0.010274016,0.06047905
35204717,0.0,110.0,95.0,0.0,200.0,2.9844463,77.302284,47.004627,0.0,180.7257,0.21243781,0.07718724,0.027119646,0.014710797,0.043341916,0.27443242,0.004683248,0.25115675,0.03798046,0.22297527,0.0065501677,0.2512262,0.20153335,0.015175277,0.009035917,0.0025178485,0.04271216,0.284716,0.0011721243,0.24155809
35204374,0.0,15.0,15.0,10.0,0.0,1.2877344,16.283764,4.868408,2.6125784,42.45056,0.20309855,0.017579097,0.009098514,0.0012347032,0.06077028,0.33289424,0.0812531,0.24991362,0.027089437,0.18011016,0.10978573,0.250496,0.033819392,0.064381704,0.11028809,0.25009194,0.20078859,0.10825586,0.0035311491,0.0034384783
35202280,0.0,0.0,0.0,0.0,0.0,0.9854336,1.4297111,1.3896954,0.9315658,1.6151804,0.33683646,0.25457588,0.17028698,0.002471772,0.21851754,0.035109274,0.0014515243,0.0015763382,0.19796889,0.016701583,0.004825504,0.011112665,0.1729015,0.08983258,0.052372843,0.048361614,0.20639864,0.013319332,0.0016655012,0.0024827397
35204067,10.0,20.0,15.0,20.0,0.0,6.2758484,26.828335,4.948108,4.205464,4.5930085,0.033019014,0.100907624,0.12651744,0.300696,0.03287783,0.39869532,0.10032663,0.29794464,0.041767646,0.08902031,0.081667095,0.24231051,0.040081404,0.028017309,0.08625148,0.24064949,0.1971169,0.085580565,0.004682852,0.010893827
35202560,0.0,0.0,275.0,0.0,0.0,1.5986077,3.0713565,210.55695,0.55891645,1.4146432,0.1708622,0.057116706,0.025766425,0.050242886,0.20397915,0.20770358,0.00029344927,0.00012037016,0.07828488,0.38760027,0.094896294,0.29827103,0.16162345,0.06550877,0.029893808,0.05806709,0.16685417,0.059508972,0.01698908,0.050502945
35203735,0.0,0.0,10.0,0.0,10.0,3.5198128,2.3363771,4.560501,0.28896964,4.6530633,0.24257454,0.075081244,0.075518094,0.010932457,0.23909825,0.1518605,0.028618366,0.06375649,0.05885385,0.061410088,0.09298294,0.24719161,0.17631024,0.043554306,0.059242744,0.050554536,0.07401913,0.10418362,0.088959314,0.25096044
35201667,25.0,10.0,35.0,25.0,0.0,27.742006,20.886219,37.867313,3.767671,7.7632055,0.03558798,0.124650426,0.086830236,0.25201815,0.0042206408,0.41693318,0.08333341,0.30002993,0.008967422,0.174783,0.09664542,0.29038292,0.0016588718,0.016502798,0.09955184,0.2976292,0.16686647,0.051724613,0.00012318259,0.05043899
35203110,10.0,0.0,0.0,0.0,0.0,7.822111,0.6097049,0.65351975,1.5048788,0.7706602,0.048868358,0.17357513,0.13430044,0.29286793,0.19312955,0.3048377,0.02123485,0.060843382,0.16698924,0.10402478,0.022468952,0.060711246,0.19352193,0.020039229,0.010786574,0.0125827,0.17992531,0.056680307,0.0026085514,0.052384283
35204628,30.0,0.0,0.0,85.0,0.0,15.648487,0.0,1.218832,39.880962,0.37125978,0.08599588,0.06470869,0.2338528,0.29394922,0.22911842,0.042352155,0.0056230826,0.00414418,0.20454264,0.07724377,0.007385945,0.013503148,0.05144208,0.12221958,0.14114462,0.24269922,0.2140838,0.031537566,0.005169997,0.004951317
35201819,0.0,15.0,35.0,0.0,10.0,3.0535178,8.631803,25.431507,1.3409199,7.7207236,0.17979592,0.08622934,0.03046585,0.059615422,0.021963548,0.16102096,0.10121018,0.297961,0.012093203,0.2646188,0.10497712,0.29836497,0.19383235,0.013540031,0.006224962,0.010326819,0.0103110485,0.21211429,0.08111208,0.28846043
35205043,0.0,0.0,0.0,0.0,0.0,67.99094,243.52403,117.33539,6.698203,299.617,0.22657423,0.07872269,0.101605184,0.07085258,0.22601506,0.13657391,0.027174473,0.06430389,0.17702362,0.079656996,0.034178413,0.06869644,0.17802104,0.036072917,0.037941165,0.05262436,0.23874342,0.0985838,0.0072319023,0.010475642
35204632,15.0,15.0,10.0,80.0,0.0,2.7557282,0.60384965,3.0034235,85.11216,0.23223895,0.013830907,0.018939093,0.13187192,0.29059467,0.042197086,0.037848644,0.08101948,0.24230866,0.010249037,0.09041228,0.09715558,0.2882897,0.0077330205,0.30488136,0.2939627,0.29047912,0.20069686,0.01720015,0.0002978696,0.00028260797
35202283,15.0,10.0,55.0,10.0,0.0,5.0119953,4.606076,110.994,1.2087089,1.82042,0.03970088,0.029759727,0.08149017,0.24202773,0.0012901074,0.091030404,0.083873965,0.2996097,0.0019792768,0.6837282,0.020407245,0.2996136,0.033622243,0.003062708,0.08327104,0.24960895,0.16032694,0.01958887,0.01985879,0.05961365
35203449,0.0,95.0,120.0,0.0,95.0,19.530525,92.00194,122.03877,7.9812326,75.88315,0.20211932,0.026699062,0.015338152,0.004983026,0.016551603,0.2484875,0.02316413,0.30132115,0.0056946194,0.25850332,0.024103716,0.30175555,0.20119154,0.008090844,0.006970414,0.0014787031,0.039672393,0.18313968,0.0062479386,0.2522299
35204876,0.0,0.0,30.0,0.0,20.0,1.4928926,6.649601,29.272137,0.0,13.702516,0.17664269,0.05081771,0.036541697,0.05286791,0.19337367,0.15024875,0.018933011,0.04997359,0.043101735,0.29244837,0.08506783,0.25162524,0.20123935,0.023805702,0.012134161,0.0026242582,0.04815765,0.17441069,0.08245865,0.24337713
35203621,195.0,15.0,95.0,0.0,75.0,216.54787,22.689747,41.2733,0.0,43.30399,0.08486283,0.3063758,0.061076287,0.2504236,0.0077594174,0.24691728,0.08409005,0.29962653,0.0020837572,0.13581441,0.0050859116,0.30018973,0.16184942,0.014719248,0.019875573,0.057726063,0.0073735467,0.16159415,0.00049506454,0.29021347
35202096,0.0,75.0,0.0,0.0,55.0,0.14660034,44.167973,33.588123,0.0,21.037483,0.18607685,0.09180531,0.046377,0.061942387,0.06883078,0.17304413,0.0058477623,0.25075108,0.17794383,0.2540074,0.021578446,0.05135346,0.16953844,0.04609803,0.023461025,0.04848464,0.042844653,0.10969482,0.0013567936,0.24130689
35204920,0.0,0.0,0.0,0.0,0.0,92.631195,14.562757,8.258183,1.6266413,1.5827138,0.25651038,0.16865882,0.101888925,0.064977296,0.1792908,0.06692104,0.022031851,0.062284555,0.17010574,0.09415566,0.024371043,0.06123267,0.20020798,0.12255509,0.056568872,0.01081912,0.17248349,0.036706544,0.018359633,0.051431235
35201970,0.0,0.0,25.0,0.0,0.0,1.4952145,4.9779024,49.237194,2.9773543,1.8029275,0.17395596,0.028998006,0.03691238,0.06231619,0.20629801,0.0506515,0.0075888485,0.013467786,0.03739749,0.5952648,0.08788114,0.25396317,0.16982307,0.0071829637,0.022037555,0.049523253,0.2088435,0.024993826,0.0033858446,0.005281945
35200144,255.0,35.0,30.0,0.0,10.0,153.84166,26.342138,21.909441,4.849968,8.586054,0.067702755,0.2707201,0.06316894,0.25093096,0.048220128,0.17333652,0.08408128,0.25000048,0.037404526,0.1641155,0.08523094,0.25027466,0.20051444,0.06662367,0.021151656,0.0005915439,0.034854535,0.14125529,0.084991775,0.25064793
35203723,10.0,0.0,10.0,0.0,0.0,6.3370495,0.4720304,1.5461745,0.92352295,1.211271,0.08128208,0.17523037,0.20538469,0.29180357,0.20744908,0.15949878,0.01992268,0.052110095,0.014688859,0.054110177,0.10124104,0.29261947,0.20327646,0.037886724,0.024048738,0.0030187687,0.21891269,0.04869992,0.004902518,0.0072769625
35204309,95.0,0.0,10.0,0.0,0.0,89.78916,3.4783506,2.3634164,0.99526244,0.9097333,0.20128086,0.23872039,0.19454329,0.24539606,0.2098053,0.05845949,0.0020051203,0.0039006697,0.043177407,0.03046086,0.08341984,0.24432306,0.19670236,0.03361882,0.02192797,0.012801877,0.20359871,0.017963778,0.0029280183,0.0043180212
35205025,0.0,0.0,0.0,0.0,0.0,19.726566,88.28321,48.007893,6.4347034,45.729958,0.21098346,0.030872136,0.018389374,0.0040200967,0.23425691,0.340851,0.0038930024,0.0043008113,0.20639041,0.16024603,0.0056547793,0.004542876,0.20293516,0.015689665,0.00928563,0.0016261252,0.2095314,0.13348861,0.0029059788,0.0052542007
35201377,10.0,0.0,0.0,10.0,0.0,5.6475286,0.27796903,0.47195452,2.9334311,0.46737805,0.09108995,0.08384056,0.1719257,0.26812312,0.26362747,0.086690314,0.012972007,0.012665983,0.21659623,0.047032654,0.024949616,0.025027279,0.055026624,0.062236264,0.14426325,0.24883062,0.23377347,0.050232988,0.019364852,0.025938187
35202589,10.0,10.0,25.0,0.0,0.0,7.0272117,3.7791226,16.02977,3.5768595,0.8630969,0.0585555,0.17318133,0.117325075,0.24819286,0.062378436,0.09611272,0.08783223,0.25227767,0.048918374,0.17847233,0.09197619,0.25239244,0.19739744,0.108311586,0.0329647,0.011356025,0.1999909,0.070112325,0.0073393355,0.012576895
35204420,0.0,0.0,0.0,0.0,0.0,1.5483028,2.0833893,1.2549844,1.5759289,0.6425936,0.20229377,0.051015716,0.08848894,0.061850324,0.23361222,0.12119114,0.028082028,0.066750266,0.17807275,0.13348906,0.015018314,0.06618154,0.21387741,0.07428657,0.091499425,0.0020583007,0.19464728,0.04905655,0.024285939,0.06079326
35201508,0.0,0.0,10.0,0.0,0.0,2.1825452,1.3831477,2.4330783,1.33962,0.77275544,0.26433557,0.33481878,0.08862828,0.061934568,0.18246138,0.101837,0.017692618,0.05107554,0.009405578,0.037089534,0.10237928,0.30135867,0.17067228,0.061343726,0.025964905,0.049272753,0.17448486,0.01457469,0.017566316,0.04997509
35205035,0.0,0.0,0.0,0.0,0.0,8.681902,21.921144,56.38043,3.3044415,5.6484227,0.16248307,0.03569373,0.020189961,0.05777838,0.16303647,0.07853256,0.019402292,0.058023665,0.16435741,0.645557,0.021162905,0.060024694,0.20003767,0.014694196,0.00016419566,3.7785005e-05,0.16685276,0.01562982,0.016679263,0.049946517
35200329,50.0,0.0,0.0,0.0,0.0,78.5081,3.3988054,2.820357,0.6846452,1.121634,0.1577724,0.4342233,0.06671166,0.24242248,0.19319971,0.042517353,0.00086067006,0.011926538,0.16204053,0.11697117,0.01705538,0.059588064,0.16039799,0.012756597,0.020373255,0.05956246,0.19376326,0.015973452,6.3146625e-05,3.481745e-05
35203554,40.0,0.0,50.0,0.0,40.0,22.94953,14.9753895,40.161594,0.8675554,26.162958,0.034128163,0.08417731,0.11152507,0.2981552,0.196455,0.23717725,0.003411301,0.010015333,0.035373893,0.26605487,0.0009980381,0.25012437,0.19856656,0.006041916,0.002223042,0.002316689,0.033480372,0.1379637,0.08340449,0.25001198
35204721,0.0,55.0,20.0,0.0,225.0,3.4146779,33.54457,15.220872,4.469221,238.93517,0.18468243,0.12501754,0.023732267,0.060395014,0.052450158,0.24900335,0.00041208498,0.24017161,0.011516436,0.16642542,0.081934564,0.2883793,0.19868071,0.019882616,0.0032106873,0.0024506566,0.040952247,0.33413425,0.00079846155,0.24055293
35204641,0.0,0.0,40.0,0.0,0.0,0.4732224,0.49765044,5.3332543,1.904188,0.14427505,0.23498178,0.08451221,0.07900489,0.01886221,0.2531378,0.16912878,0.009588851,0.015109795,0.054790348,0.04660467,0.09056294,0.24614638,0.20826867,0.102523915,0.068547346,0.0026569823,0.21455507,0.058677346,0.008377002,0.018841598
35204640,0.0,0.0,10.0,0.0,0.0,5.2069182,1.7395663,3.676239,1.5706605,0.6292311,0.26541495,0.08878644,0.12118353,0.011838826,0.22167976,0.15219545,0.009712062,0.055747416,0.021905059,0.07497125,0.09346521,0.29665625,0.208202,0.026941514,0.027508661,0.0037551005,0.20687653,0.09185505,0.008907164,0.05684238
35203005,20.0,0.0,0.0,10.0,0.0,6.0894184,0.6045072,0.52253264,4.2940307,0.47466606,0.05900024,0.07129824,0.11167213,0.24659318,0.22158642,0.17502895,0.02184642,0.053250875,0.18104576,0.13201177,0.028136156,0.05219901,0.011380785,0.13562356,0.15112914,0.29142773,0.21057063,0.053882197,0.00629577,0.005604887
35202945,0.0,0.0,0.0,0.0,0.0,2.799316,0.71813405,0.5118796,1.7680144,0.50638306,0.29645106,0.13733786,0.14037535,0.011055623,0.2636889,0.07115579,0.007938229,0.0087674735,0.21407393,0.021944392,0.009842607,0.010152422,0.20694126,0.059411205,0.047767166,0.012663915,0.24202566,0.027818546,0.007831892,0.010510609
35200991,50.0,0.0,0.0,75.0,0.0,19.643322,2.0681777,1.7030653,69.06107,0.55464107,0.039876964,0.06676552,0.12603654,0.30042684,0.17022152,0.09334301,0.020254895,0.0597528,0.16945963,0.03496758,0.01668199,0.048552208,0.009856479,0.26594117,0.17337345,0.28815994,0.20004235,0.020697495,0.0010690207,0.0023254093
35200336,100.0,0.0,0.0,0.0,0.0,118.7845,1.9022306,1.335201,0.8458451,0.8151856,0.14932509,0.3874082,0.07566853,0.25006172,0.20116997,0.090992644,6.811111e-05,2.7262398e-05,0.17591803,0.097050495,0.019029038,0.05966202,0.19234231,0.017334253,0.0060311225,0.011617054,0.19342789,0.016172916,0.003404931,0.01010559
35204623,0.0,10.0,10.0,0.0,0.0,11.290387,15.352804,2.0367098,1.1365587,0.60670006,0.21942061,0.22587743,0.02426251,0.002248828,0.05225447,0.39831606,0.08578969,0.25277203,0.013019818,0.03225766,0.09885423,0.28949252,0.19530657,0.012762303,0.012061218,0.010131471,0.17576008,0.030341808,0.017903637,0.050299708
35204805,0.0,0.0,370.0,0.0,0.0,1.5332423,2.6009274,291.5307,0.21024832,0.9428219,0.16740903,0.051775225,0.017560562,0.050411336,0.16240613,0.27516177,0.016722098,0.060017347,0.10319218,0.36854047,0.11657786,0.05819035,0.16034806,0.0077248,0.019928906,0.059537858,0.19345677,0.05265641,6.691842e-05,0.0100916885
35204942,0.0,0.0,0.0,0.0,0.0,11.323225,39.77057,31.44585,3.2131824,7.1253204,0.17116116,0.11281146,0.027248828,0.058613215,0.20101729,0.36529332,0.004293053,0.012175243,0.19754994,0.24546133,0.0057906243,0.012178865,0.19871673,0.006279801,0.0021677292,0.002534169,0.19607902,0.032054324,0.0005544704,0.010495612
35202575,15.0,0.0,0.0,0.0,0.0,23.749897,0.5898109,1.9127214,0.92848104,0.62860286,0.043791834,0.44639793,0.15641586,0.29910496,0.20703176,0.026835484,0.0012716358,0.00090218283,0.2032848,0.111285225,0.0022558398,0.0027947256,0.17051671,0.046452545,0.029525654,0.048587564,0.20305634,0.01350412,0.00108406,0.001034455
35203546,70.0,0.0,80.0,0.0,15.0,29.460093,30.883656,106.82707,3.5574822,17.283722,0.03633605,0.066629566,0.0063211825,0.25193048,0.16528668,0.2236098,0.020259779,0.05959319,0.0045345356,0.3585072,0.02206327,0.2996878,0.1987686,0.003383042,0.0012472124,0.0020667391,0.0020802636,0.130619,0.09622919,0.29769424
35202941,0.0,0.0,0.0,0.0,0.0,3.0497918,0.91426146,1.3845186,1.6156167,0.6876706,0.25501338,0.100377016,0.12251727,0.02469255,0.26074618,0.07661311,0.011835536,0.018489404,0.20906988,0.044780277,0.014539428,0.018862749,0.20848359,0.08623376,0.06723222,0.011971701,0.22891344,0.050771106,0.0076194266,0.011452364
35204481,20.0,0.0,0.0,0.0,0.0,4.5117874,1.5071969,2.2149453,0.91333014,1.0081978,0.0044091446,0.04960656,0.10749454,0.29822567,0.17517965,0.38189948,0.016378703,0.04848261,0.16503508,0.1720468,0.020090232,0.05772265,0.16156515,0.06280739,0.058857217,0.0581221,0.20061009,0.05323097,0.00017563526,0.00011056487
35204162,15.0,0.0,0.0,20.0,25.0,13.937215,17.008587,30.066143,11.138285,15.451107,0.010808686,0.051332343,0.106022954,0.28890464,0.16736883,0.13164921,0.017106283,0.060032133,0.16287424,0.33702973,0.004594202,0.060023453,0.0070734634,0.14391916,0.11818347,0.2899586,0.03249162,0.09468375,0.08452722,0.25210893
35202763,10.0,30.0,10.0,0.0,0.0,19.610737,11.033333,4.8155293,1.0427454,1.4689637,0.0737927,0.56846774,0.09456089,0.24101457,0.0035931652,0.062647864,0.084642276,0.30026698,0.0014764712,0.06598879,0.084864534,0.30035827,0.2002511,0.0040781708,0.0014266594,0.00029981657,0.16797522,0.038141284,0.0012520928,0.050449986
35203860,15.0,10.0,0.0,0.0,10.0,11.72313,3.1168418,1.8669323,0.28805196,2.9098983,0.14799586,0.16531013,0.20230691,0.2571849,0.063790336,0.06773874,0.088608295,0.25336,0.17951483,0.09896189,0.024290886,0.0548399,0.20840585,0.041197125,0.02058533,0.0027204875,0.020748451,0.068258524,0.10014755,0.2920041
35203800,0.0,0.0,0.0,0.0,0.0,2.0049474,0.8686236,0.7000718,1.5849031,0.6402115,0.21607907,0.11120461,0.06673877,0.066479355,0.22372295,0.13157283,0.035397537,0.07250477,0.18707521,0.06321162,0.021692842,0.07263052,0.20517482,0.040949386,0.04252584,0.020697504,0.21074976,0.060166962,0.0155959595,0.07546022
35200523,30.0,0.0,0.0,0.0,0.0,8.884791,0.65716153,0.96592253,1.7837162,0.89887184,0.08055274,0.0600602,0.17345862,0.2630553,0.22712106,0.093840584,0.012930671,0.057873573,0.2135458,0.081673935,0.01989897,0.02219544,0.21110705,0.06588617,0.06968711,0.014162879,0.19238564,0.07692689,0.015409204,0.06269703
35204364,0.0,35.0,60.0,0.0,15.0,4.301482,37.047222,17.94783,3.1047933,5.913569,0.22847335,0.18114203,0.034196597,0.013472247,0.047775887,0.3037755,0.08472213,0.25264457,0.037191313,0.084254585,0.0061201267,0.2525637,0.20031726,0.03765876,0.01197259,0.0023099398,0.036976267,0.07778221,0.08407594,0.25088733
35201660,20.0,0.0,15.0,10.0,0.0,3.5687795,0.41481498,5.400862,5.594923,0.3538856,0.053830143,0.030048583,0.15332353,0.25821456,0.25536186,0.08296729,0.006786909,0.006564996,0.018363208,0.15873104,0.10686785,0.2943824,0.040555526,0.10283438,0.21851037,0.2504848,0.21553423,0.05992909,0.0073604938,0.008502268
35200136,70.0,15.0,120.0,0.0,90.0,25.872055,15.830809,78.83535,2.8896432,57.63647,0.01421781,0.100687355,0.01316008,0.2902158,0.011381012,0.20317078,0.096861914,0.29000306,0.00947927,0.30768794,0.017977316,0.29008445,0.20010872,0.014429325,0.004242641,0.00012345513,0.007027684,0.17114429,0.017022733,0.29013795
35205040,0.0,0.0,0.0,0.0,0.0,25.004116,48.182533,170.9763,12.421185,102.80261,0.17626013,0.03826278,0.04108051,0.058361325,0.20172417,0.055226527,0.003985665,0.010422071,0.16328089,0.6085928,0.020344106,0.058524128,0.2006554,0.008025764,0.0048109596,0.0006037754,0.20378295,0.024292758,0.0009807396,0.0014554068
35203256,20.0,20.0,10.0,0.0,0.0,17.260511,6.00454,3.9287899,1.2102404,1.1610107,0.0823739,0.22214575,0.17508791,0.29346406,0.061592504,0.06958655,0.08481411,0.24201885,0.021238713,0.14643599,0.10388293,0.29110467,0.20181397,0.02955618,0.010219378,0.003897999,0.20482609,0.08179228,0.0019051172,0.0021135106
35201510,0.0,0.0,0.0,15.0,0.0,1.544689,0.77404594,0.19982041,2.816162,0.4648039,0.27495572,0.1356318,0.12835704,0.004819305,0.23908922,0.16873157,0.0052825394,0.0036119677,0.21098721,0.051492147,0.0055370126,0.0047424915,0.046455365,0.041739985,0.10463637,0.24194543,0.22667602,0.05362811,0.0056889425,0.007015355
35200330,55.0,0.0,0.0,0.0,15.0,93.45262,3.1551137,2.6745825,0.0,2.4441984,0.08042256,0.52118015,0.072756894,0.2936391,0.21293981,0.031217504,0.0026006275,0.002535319,0.2035096,0.023940198,0.005017032,0.0050103483,0.17101774,0.016535975,0.028906893,0.049768336,0.046787392,0.011989103,0.08387593,0.2451909
35201881,20.0,30.0,0.0,30.0,0.0,4.2314186,5.569072,14.253827,45.880802,2.579102,0.01357315,0.046702504,0.11182094,0.2900893,0.015311459,0.028374296,0.097685814,0.2905302,0.17128022,0.13205361,0.019232824,0.05051197,0.040344946,0.4408176,0.16750386,0.24228495,0.20009458,0.01920365,0.0015595224,0.0025575547
35204412,0.0,0.0,50.0,25.0,10.0,1.990751,10.985079,33.091667,26.941402,2.0159945,0.2021978,0.02613438,0.027805489,0.013976538,0.2147875,0.078672744,0.006448831,0.013672291,0.042179275,0.19349717,0.0064671254,0.2535388,0.044205967,0.29447603,0.14944643,0.24050798,0.0394988,0.045227163,0.08601975,0.25255024
35202741,35.0,0.0,0.0,0.0,0.0,33.524837,0.28928393,0.27711162,1.7393954,0.46963084,0.07526871,0.25189972,0.11350107,0.252631,0.20133153,0.29044864,0.003779579,0.010339681,0.16580145,0.10621528,0.02209919,0.060550947,0.19428517,0.021584742,0.0054791803,0.009999798,0.19581227,0.028308284,0.0038247777,0.010213291
35204580,0.0,30.0,45.0,10.0,10.0,7.0506096,27.361183,55.53276,0.62211674,1.0370724,0.1929747,0.090683825,0.004278833,0.011569426,0.033604316,0.27661413,0.08389693,0.2516068,0.035446357,0.39835733,0.004995769,0.25202596,0.040011954,0.00649704,0.080040716,0.24001236,0.03340251,0.02069271,0.083349526,0.24999575
35204299,0.0,50.0,35.0,0.0,30.0,14.310296,21.686487,76.52838,4.879858,16.235834,0.191555,0.08918926,0.013342728,0.048484538,0.0386991,0.032571964,0.00017224619,0.24238531,0.032488722,0.62519175,0.08342626,0.25191766,0.1920796,0.0026380306,0.0040746895,0.011912493,0.038752686,0.01474119,0.08001264,0.24000697
35200466,15.0,0.0,60.0,0.0,25.0,8.022313,8.345929,68.25791,0.9223894,18.414322,0.0068703536,0.029827844,0.1024064,0.29964054,0.19987193,0.09039645,0.0006989873,0.0020039154,0.008197124,0.5516515,0.00063148746,0.2900294,0.19971494,0.003245141,0.00047161066,0.0004637253,0.0067023835,0.108808756,0.09668558,0.2900029
35201568,10.0,0.0,0.0,10.0,0.0,18.156881,2.0212746,2.597805,1.2741657,0.62370414,0.10721007,0.4962849,0.12351573,0.2521374,0.17093289,0.0683734,0.00010693647,0.04804569,0.16279656,0.060578197,0.016493093,0.0576979,0.039778203,0.014174078,0.08082796,0.24050313,0.16829982,0.06890928,0.00016951126,0.048121955
35202358,0.0,10.0,10.0,0.0,0.0,1.2494017,4.2516065,1.0678288,1.6006885,0.50677764,0.24346024,0.050225236,0.08566095,0.015761718,0.1251787,0.08927205,0.0918042,0.25217903,0.027670912,0.03960486,0.11420077,0.29871264,0.2163395,0.08712457,0.101158366,0.0032044472,0.22961915,0.05625061,0.012397246,0.017150642
35204949,0.0,0.0,0.0,0.0,0.0,52.857445,96.9705,296.5643,18.687405,35.57099,0.2148715,0.044058844,0.026391821,0.003097669,0.21702874,0.08121893,0.0029580141,0.01123668,0.17467433,0.3888013,0.023025777,0.059450354,0.20290114,0.14301597,0.014482602,0.00088649755,0.20167497,0.02569661,0.0019582626,0.011458996
35203787,10.0,15.0,65.0,10.0,0.0,3.9853215,15.45414,19.740402,1.5797756,1.3936272,0.0145469485,0.0644955,0.10500785,0.2897296,0.052631237,0.30313748,0.084903166,0.25075787,0.045716077,0.19169255,0.011451947,0.25087214,0.002420558,0.037918083,0.11058241,0.29840654,0.20284289,0.12362906,0.0017889596,0.001386029
35200206,100.0,0.0,55.0,0.0,25.0,127.853195,6.3809013,11.215594,0.0,5.86744,0.1218161,0.47414932,0.073093235,0.24224277,0.21324965,0.051147692,0.0016060544,0.0017591547,0.043280296,0.038213678,0.0020694109,0.24204728,0.20141204,0.016857184,0.009621799,0.002539442,0.048473895,0.014283223,0.081575915,0.2421127
35204553,0.0,0.0,10.0,140.0,0.0,1.1183572,1.3433961,3.0716224,155.1213,0.70665246,0.17719994,0.022785533,0.088525556,0.060828965,0.19712555,0.024299864,0.0042843055,0.012158127,0.03503038,0.054569434,0.08411244,0.24976577,0.0057616457,0.350718,0.38612944,0.2976634,0.20038252,0.009254593,0.00042408315,0.00054154085
35203954,980.0,535.0,375.0,10.0,345.0,797.57434,490.61386,485.29877,0.0,269.57584,0.029935142,0.30029583,0.015184285,0.050013617,0.040877167,0.4584359,1.5601594e-05,5.6084186e-06,0.035688523,0.40139124,0.004152053,0.011934211,0.038468707,0.0036476888,0.08120629,0.24232344,0.03869071,0.23639417,0.0006816501,0.0020217584
35204774,10.0,55.0,135.0,0.0,50.0,17.21367,60.11884,177.734,0.49329686,28.963964,0.0439074,0.061282583,0.08486674,0.24045052,0.010766751,0.26107833,0.01715965,0.2905545,0.003454889,0.38935566,0.020045793,0.29789975,0.19906142,0.0027976844,0.0024124186,0.002026347,0.035153873,0.06391101,0.0035812708,0.25006005
35203701,20.0,15.0,15.0,0.0,30.0,25.263206,6.1028657,4.827303,0.0,4.2188287,0.13560085,0.35849708,0.17325571,0.25072306,0.037814923,0.08915701,0.08361079,0.25221226,0.02226019,0.09272198,0.10377227,0.25191957,0.19281738,0.017444754,0.006127188,0.012028261,0.040268756,0.02755287,0.08026062,0.24230976
35202310,15.0,0.0,30.0,0.0,0.0,6.5413256,2.7012284,32.18663,1.1110893,2.0337212,0.040572084,0.075307496,0.09374529,0.25341314,0.2175233,0.22436939,0.0044728788,0.0029528677,0.06423629,0.29229254,0.09692494,0.24453966,0.20061272,0.014067937,0.0024437814,0.0011362537,0.20175533,0.09773178,0.0017237678,0.0026738713
35202576,25.0,10.0,0.0,0.0,0.0,30.351004,2.7496479,41.99049,1.0252242,1.1615593,0.0142560415,0.30032864,0.11559896,0.29994723,0.043035615,0.053888217,0.08044655,0.24020067,0.2054216,0.35936946,0.0021023739,0.000620299,0.19415963,0.018916212,0.0060708793,0.009751382,0.20071276,0.017728303,0.00024600537,0.000225927
35200035,0.0,55.0,90.0,0.0,90.0,8.686706,49.127945,72.95485,0.0,52.721497,0.1675821,0.040161375,0.0014632869,0.050402842,0.034690294,0.24920467,0.0040695965,0.25192022,0.00193309,0.33859912,0.004887946,0.29994893,0.19975552,0.001376833,0.00025354297,0.00041499105,0.0004455576,0.16345945,0.019257301,0.29954296
35202919,0.0,0.0,0.0,15.0,0.0,9.075194,2.568878,2.3080373,3.3474357,0.6159759,0.2802213,0.1150568,0.16035202,0.009560088,0.261927,0.116468206,0.0067352373,0.006752665,0.21097916,0.025589935,0.007092802,0.007130977,0.047624215,0.054811135,0.12657112,0.24362879,0.23629381,0.03434842,0.006390861,0.008508376
35203973,20.0,15.0,0.0,0.0,0.0,35.069187,9.906212,24.005838,8.153313,26.973118,0.015064731,0.4305443,0.10826804,0.2997645,0.03656431,0.13692273,0.083358034,0.24972484,0.19543627,0.151292,0.004697145,0.011606831,0.19236091,0.018050995,0.011856577,0.011661957,0.20032656,0.020793356,6.2589075e-05,5.347038e-05
35204582,0.0,0.0,25.0,0.0,0.0,3.4594536,27.242022,14.899582,1.5918216,0.5118022,0.20218296,0.13815233,0.09793952,0.058985967,0.20451534,0.12581651,0.0040389644,0.012537256,0.037654392,0.10204698,0.08285463,0.2528353,0.1634019,0.19595516,0.06876631,0.058205575,0.1701609,0.038482502,0.017952312,0.051653806
35202415,0.0,10.0,0.0,0.0,0.0,46.394363,10.020754,2.9576683,1.2823076,1.1534022,0.28087342,0.2755251,0.18038762,0.052097045,0.025831986,0.05601966,0.0993448,0.30198187,0.16686977,0.029452791,0.019408833,0.06244437,0.20648363,0.041782603,0.022111759,0.0008080199,0.2054679,0.026704423,0.0025385167,0.012975704
35203427,60.0,10.0,15.0,0.0,60.0,24.058502,16.814705,32.640244,8.836925,64.10116,0.029626435,0.039102886,0.040491078,0.29144394,0.013931266,0.117072545,0.0977327,0.29067233,0.036349967,0.3149159,0.084974214,0.2509699,0.20168164,0.008710938,0.0041258824,0.0005443827,0.0041573737,0.24665453,0.020034708,0.29840153
35204807,205.0,40.0,105.0,0.0,125.0,192.31602,43.36285,115.25262,4.7471533,60.384186,0.045581345,0.266941,0.015349336,0.253343,0.046347175,0.20919073,0.08713256,0.2545069,0.039444327,0.2840854,0.005739322,0.2545675,0.20104833,0.009806103,0.008518853,0.004145917,0.042210434,0.10170724,0.0031527556,0.25510794
35201920,0.0,20.0,25.0,70.0,45.0,15.789121,29.418943,37.58393,25.890911,17.592175,0.18110365,0.08768192,0.043470487,0.053066656,0.05045163,0.1789498,0.08299813,0.25165692,0.047731344,0.2648363,0.08552359,0.24456117,0.042532843,0.103300706,0.017438684,0.24292476,0.038881388,0.049611505,0.003454248,0.25271815
35204567,190.0,270.0,890.0,15.0,400.0,156.0161,447.78238,983.423,0.0,308.0923,0.045734175,0.23034835,0.0068521886,0.24269477,0.010290834,0.5412706,0.01694657,0.2905293,0.023375733,0.38276485,0.012119317,0.050516058,0.040063612,0.00789856,0.08239456,0.2404621,0.0073983707,0.22700843,0.016816415,0.05017767
35201586,0.0,15.0,15.0,0.0,0.0,2.0994453,5.031049,5.1882873,1.2334945,0.7431848,0.22603293,0.18384787,0.10362394,0.05846286,0.078112006,0.06888886,0.086524904,0.24411438,0.017817594,0.114955164,0.10802027,0.30161336,0.17360665,0.0657049,0.06318401,0.051904824,0.21273759,0.057726674,0.004536402,0.0044156034
35202050,0.0,20.0,115.0,0.0,0.0,0.9459133,12.386495,116.976204,0.97278166,0.6376087,0.16609521,0.07123379,0.0064051547,0.059023984,0.015779674,0.19056797,0.10075476,0.29820162,0.02248381,0.32952005,0.015172569,0.29864815,0.20063181,0.05458106,0.0025827554,0.00024062378,0.16215287,0.09351239,0.0039596013,0.05828491
35204488,10.0,15.0,270.0,15.0,0.0,7.591756,17.391565,326.07016,2.161013,2.7090259,0.036377106,0.059259634,0.08861284,0.25171193,0.043260366,0.24424136,0.08090744,0.24211927,0.09856304,0.4669488,0.05430906,0.25192562,0.040168136,0.007713504,0.08099173,0.2401715,0.20090881,0.047335126,0.0002989796,0.00031041264
35204389,30.0,0.0,0.0,0.0,0.0,49.759212,29.385954,15.976053,1.9458424,1.4752787,0.025420615,0.3915353,0.11765626,0.29869878,0.17279786,0.22726434,0.016974127,0.048405193,0.16544312,0.08902224,0.020950377,0.058232628,0.20036948,0.009890008,0.0020568653,0.00078817917,0.20102113,0.018629855,0.00038876888,0.00042904593
35203948,610.0,235.0,240.0,0.0,435.0,558.2215,205.25754,301.32944,0.0,389.10217,0.056608997,0.27106103,0.027577117,0.0010190097,0.050594583,0.43924847,0.0010978135,0.24072944,0.04327683,0.3735366,0.0017618572,0.240989,0.16930015,0.010865023,0.020939821,0.048393723,0.0454327,0.26709542,0.001212164,0.0014651355
35201438,80.0,15.0,0.0,40.0,0.0,57.683136,4.01814,2.6366267,24.726446,0.92383224,0.11505355,0.21514997,0.15384552,0.29950103,0.050137304,0.03943791,0.08109234,0.24097992,0.20314789,0.03641342,0.0018870474,0.0015016212,0.036509357,0.15356971,0.13099316,0.2502158,0.17130381,0.013854887,0.017515529,0.049658645
35200932,0.0,0.0,10.0,30.0,0.0,2.4158974,1.370585,4.0006185,43.888107,0.37060934,0.17237553,0.03818863,0.053095654,0.060015973,0.17045172,0.019749224,0.020139286,0.05868446,0.039508555,0.10613297,0.08787649,0.2503699,0.012440465,0.4054698,0.2389951,0.28861982,0.20063508,0.011779785,0.00090688124,0.0008713495
35202894,10.0,10.0,60.0,0.0,0.0,3.0584788,12.520902,40.3517,0.8534382,0.6012846,0.040575616,0.04164865,0.08561745,0.24279745,0.043419946,0.41679022,0.08129351,0.24273482,0.009824853,0.214668,0.0016299789,0.290713,0.16884167,0.05938416,0.029890114,0.048102114,0.1679088,0.032701585,0.017208893,0.050511256
35204055,15.0,70.0,150.0,0.0,115.0,7.279604,76.406044,165.44774,0.0,55.50073,0.015760634,0.080481976,0.10317808,0.2906036,0.045671213,0.34747168,0.00083027186,0.24208713,0.036105894,0.34965363,0.0058714934,0.2521583,0.19887432,0.008338807,0.0011447953,0.0020094418,0.03929906,0.14218625,0.00085413974,0.24209419
35202452,60.0,0.0,0.0,0.0,0.0,86.70122,2.11866,2.8483148,1.0173124,1.2558373,0.119742826,0.43982744,0.05503772,0.2423427,0.16720572,0.09577187,0.016797736,0.0503281,0.16751307,0.11001974,0.0010884785,0.05042064,0.16802879,0.0060684886,0.016071571,0.04800912,0.16675656,0.01029327,0.01668009,0.050007585
35202376,0.0,0.0,10.0,0.0,0.0,2.0395148,0.75890553,5.312779,1.5296665,0.45605946,0.2284553,0.09018668,0.053458773,0.0160896,0.23800692,0.1589087,0.005362303,0.052997902,0.019677985,0.15776794,0.10427512,0.29398167,0.20483464,0.070000514,0.044300683,0.0038462258,0.19120665,0.03500201,0.022125518,0.056243505
35204177,15.0,25.0,60.0,0.0,15.0,14.428363,38.976234,26.011154,3.2258267,13.382087,0.0058357026,0.10594806,0.10565668,0.29998153,0.043641124,0.4414929,0.08017913,0.24041228,0.002470876,0.15511817,0.00036429407,0.29803637,0.19996232,0.002743556,0.0001822248,0.00010055063,0.0017590125,0.07630711,0.09941092,0.29806146
35203632,20.0,0.0,50.0,0.0,15.0,25.540047,31.746843,82.078835,4.1494007,18.97774,0.021582536,0.14119634,0.10482494,0.29043546,0.19470617,0.06704704,3.2348882e-05,0.00960967,0.033455607,0.47616878,0.003585252,0.25154397,0.16795655,0.003593499,0.016170148,0.048101194,0.03366634,0.09165473,0.08003589,0.24962492
35204069,20.0,20.0,220.0,0.0,60.0,12.658922,24.79816,157.85356,5.157787,24.1737,0.04917365,0.05348222,0.097346775,0.24316497,0.026908189,0.27968684,0.0983874,0.2904414,0.015935399,0.4063451,0.030108524,0.29978594,0.203274,0.019091668,0.020235447,0.00064509636,0.045966335,0.0854807,0.0025001995,0.24343541
35204290,0.0,10.0,20.0,0.0,70.0,20.071106,11.3052025,20.668098,2.2333732,62.418774,0.20413017,0.02476805,0.006774561,0.0008165541,0.05544267,0.2502529,0.080794215,0.24227689,0.036590524,0.19320688,0.08512151,0.25194868,0.20063555,0.03776595,0.0035760798,0.00019778387,0.040714115,0.25169793,0.00064145017,0.24242537
35202360,0.0,0.0,0.0,0.0,0.0,10.288242,2.6487865,1.9145375,1.4612594,0.812984,0.25760573,0.15099588,0.1509991,0.06541692,0.20532557,0.09791328,0.020994127,0.055179473,0.18000762,0.05620823,0.007245373,0.05571441,0.17185973,0.0667607,0.053537514,0.061415266,0.21931541,0.041655656,0.0045903367,0.006043139
35203512,50.0,0.0,35.0,0.0,15.0,70.074875,27.143003,19.956417,2.3114774,5.633681,0.044021983,0.39545664,0.029739667,0.2885261,0.20433092,0.16643,0.00038126015,0.00036317343,0.00971557,0.10297494,0.080697805,0.28845197,0.20030943,0.005817327,0.001981797,0.0005261743,0.0099111125,0.04986006,0.09635665,0.28845766
35201575,0.0,20.0,20.0,0.0,0.0,2.635116,5.27883,4.5458846,1.5283748,0.5872695,0.22299302,0.16159919,0.06430261,0.015461856,0.053319223,0.052014,0.0828993,0.24374752,0.017133877,0.1032038,0.10075611,0.29114708,0.16439992,0.23949859,0.11132063,0.060164433,0.20316441,0.022221832,0.001524259,0.0014406188
35203595,30.0,10.0,25.0,0.0,40.0,16.70063,10.845844,21.663828,5.4791455,44.11103,0.011656702,0.113680676,0.09167176,0.25092912,0.019008713,0.23338434,0.08099557,0.24015152,0.011811685,0.24836619,0.08275779,0.24281825,0.16796638,0.013326979,0.018036477,0.0486455,0.00901036,0.27244055,0.0808024,0.2408119
35203520,30.0,60.0,165.0,0.0,40.0,13.832596,71.76575,170.05295,0.95978236,11.773003,0.009811655,0.09778899,0.097259216,0.28809893,0.0032780976,0.38314962,0.0034431352,0.29811296,0.0036830474,0.41661385,0.005285179,0.29960597,0.19981544,0.0018973963,0.0004846119,0.0004095073,0.007059143,0.049413957,0.08073283,0.2900219
35200768,10.0,0.0,0.0,0.0,0.0,13.112838,7.8277617,20.009869,1.5071068,1.0347207,0.033451572,0.21112531,0.11942628,0.29053757,0.16954422,0.045953527,0.01695545,0.050511293,0.17131007,0.43262517,0.025023716,0.050514173,0.19876668,0.021208938,0.0020355636,0.0024811928,0.16823876,0.019739002,0.016128961,0.048493695
35201613,10.0,0.0,0.0,0.0,0.0,5.507739,5.137072,2.71706,1.6194938,1.0161266,0.05810871,0.09515432,0.18401624,0.29816982,0.2642371,0.117167205,0.0067294375,0.0060507497,0.1872775,0.08836242,0.027606156,0.05336885,0.20999399,0.08287912,0.06541967,0.0019818298,0.22548981,0.040200412,0.006252926,0.008032877
35203852,0.0,0.0,0.0,0.0,0.0,5.9366503,1.9088029,1.6480956,1.6595064,1.1303476,0.23349856,0.13237509,0.115172856,0.07466918,0.21765234,0.048889764,0.026457109,0.056958854,0.22150251,0.100752175,0.01613912,0.013218311,0.21849564,0.047658067,0.049060933,0.007045977,0.22742581,0.038782224,0.013903495,0.012947362
35204923,0.0,0.0,0.0,0.0,0.0,25.763031,23.05312,15.6658,3.117921,3.918022,0.20858252,0.061890423,0.016682366,0.017288014,0.22768445,0.17901796,0.009177918,0.053990997,0.18197471,0.20803285,0.009663278,0.06295662,0.20532797,0.05675765,0.014008418,0.003238792,0.17508602,0.10106772,0.008874312,0.06457094
35202361,0.0,0.0,0.0,0.0,0.0,2.64003,1.3922758,0.9144665,1.4311657,0.9302063,0.26781455,0.07248938,0.109062925,0.017791048,0.28369498,0.07136518,0.011365917,0.011252249,0.22169706,0.029485416,0.015953524,0.014321071,0.18729898,0.06345491,0.08525744,0.05297312,0.24230854,0.046009574,0.012512349,0.017100427
35203051,20.0,10.0,115.0,0.0,0.0,8.760772,7.0215707,163.30737,0.8879861,3.6272435,0.0030637726,0.101827525,0.10169365,0.29995573,0.008064938,0.16908686,0.09668259,0.28994536,0.04255144,0.45693758,0.0024002339,0.24232756,0.19847307,0.0047000046,0.0023735906,0.0023327318,0.20007193,0.053167373,1.5124653e-05,1.1027574e-05
35200959,20.0,0.0,10.0,110.0,0.0,8.240578,2.1661859,2.4285953,104.25142,0.68260264,0.063256755,0.053527273,0.19300897,0.25282523,0.20655775,0.038787667,0.0014023865,0.0030358403,0.009940005,0.05741995,0.097670905,0.29077655,0.037218347,0.21873507,0.25619233,0.2517625,0.19525093,0.0148676,0.004002012,0.01058966
35204224,185.0,60.0,75.0,0.0,140.0,175.60635,66.23623,71.6545,1.8800395,134.92113,0.05687685,0.26227203,0.036400653,0.25043222,0.006248756,0.28863305,0.019878646,0.3003974,0.03403861,0.21569414,0.0041951523,0.25249985,0.2012985,0.00909964,0.004424481,0.00016290392,0.041112002,0.26703265,0.00052288646,0.24260159
35202228,0.0,0.0,10.0,10.0,0.0,5.770953,2.2971923,20.579958,2.0571868,0.82081,0.16612914,0.024281144,0.008651295,0.0583458,0.16364451,0.03766369,0.01959436,0.05813966,0.0095962165,0.6285158,0.09809198,0.29020554,0.040369693,0.02975093,0.081691444,0.24011238,0.16084526,0.05898696,0.004021028,0.059681978
35203658,40.0,10.0,30.0,0.0,25.0,11.789502,7.791098,8.072697,0.0,15.323856,0.03288831,0.086635426,0.14230996,0.29468882,0.058594164,0.16440846,0.1016687,0.29271615,0.017756283,0.10220163,0.08730516,0.29385987,0.2050627,0.05980989,0.05951301,0.0016423044,0.020957697,0.1515781,0.08676786,0.29722083
35204727,0.0,50.0,10.0,0.0,295.0,2.817498,30.218948,9.163142,0.0,222.50182,0.20820697,0.10970581,0.02212003,0.01080145,0.018144429,0.26544958,0.016792778,0.29037228,0.012933534,0.2455417,0.09901033,0.28902063,0.16854055,0.027838944,0.0036042745,0.04863538,0.008307419,0.24761465,0.0009954392,0.050942592
35202375,0.0,0.0,0.0,0.0,0.0,4.0296974,2.3699245,2.883381,1.2791367,1.5021441,0.19842508,0.17637794,0.031953078,0.055466942,0.19441395,0.20973894,0.011400912,0.061184626,0.19652621,0.2192421,0.016133854,0.013839885,0.17177482,0.033639453,0.024686368,0.051034927,0.17331845,0.08563949,0.0071895197,0.013145954
35205033,0.0,0.0,0.0,0.0,0.0,37.786568,49.806263,68.303764,6.299122,13.511642,0.20866978,0.14302777,0.02249445,0.012103702,0.19301125,0.08499277,0.018331503,0.04886735,0.17335458,0.3848471,0.023648607,0.06042121,0.19537002,0.068888694,0.013637101,0.010529161,0.20307322,0.017807696,0.000953842,0.0011364181
35203870,0.0,0.0,15.0,0.0,0.0,1.9108663,0.7428731,5.0063004,1.9506165,0.3567134,0.25630456,0.08354509,0.09676481,0.026943233,0.21529573,0.07470453,0.031902008,0.06875817,0.025541272,0.09795227,0.099867165,0.31096497,0.22079946,0.055436008,0.046965007,0.0050345096,0.21759889,0.060470805,0.012835412,0.02228269
35204115,0.0,0.0,195.0,0.0,0.0,2.703979,5.5927176,223.57883,1.3527443,0.4393979,0.17006737,0.08856915,0.01873431,0.050452795,0.17426367,0.28961352,0.01640023,0.048500076,0.05425402,0.4427148,0.037578575,0.29072633,0.1681274,0.00907632,0.016263302,0.048136733,0.2004467,0.06289734,0.00026964123,0.0001347267
35204206,25.0,10.0,15.0,0.0,0.0,10.576033,7.064062,2.9434464,1.3317263,1.5742853,0.04522549,0.12693721,0.18619165,0.30798927,0.10728045,0.15852842,0.09180082,0.25242838,0.0490485,0.049422033,0.09669141,0.25709686,0.20767303,0.021780152,0.03216546,0.0026368157,0.22933187,0.09265484,0.008806078,0.009506222
35203610,0.0,15.0,20.0,10.0,20.0,6.070573,19.339653,16.791967,0.53182614,25.091581,0.17186537,0.06660416,0.0064323475,0.00038939485,0.02058207,0.32451674,0.080438785,0.28816274,0.0103707565,0.19620675,0.0808068,0.28825203,0.033890944,0.006006876,0.08478803,0.24969597,0.009489197,0.30306715,0.0804931,0.2403818
35200730,10.0,0.0,0.0,0.0,0.0,7.1372247,0.8497704,0.96775293,1.4269592,0.9588095,0.07417261,0.11472756,0.19249259,0.31251392,0.21203908,0.038507476,0.024322908,0.056684814,0.21798724,0.050451364,0.014149845,0.008551843,0.18502478,0.12676702,0.097284436,0.053453907,0.20906432,0.033202585,0.012351013,0.018604372
35203740,0.0,45.0,25.0,0.0,30.0,8.969301,28.374773,34.66559,1.782496,28.054438,0.19456717,0.017914377,0.010697497,0.0120208785,0.036141444,0.15086414,0.004056526,0.2517385,0.008872677,0.32746723,0.09782526,0.29008305,0.16249007,0.08187351,0.047812283,0.05772536,0.040153123,0.1745869,0.0801947,0.24017689
35201031,15.0,10.0,10.0,10.0,0.0,24.163446,7.1743994,4.574716,1.2029989,1.5445921,0.06481303,0.4667554,0.119757436,0.28869614,0.010405825,0.13894574,0.09636676,0.2885981,0.003966815,0.068767786,0.080764376,0.2982604,0.03390877,0.02426407,0.086278975,0.24969995,0.19404665,0.009288363,0.0034984136,0.0101695005
35202029,0.0,15.0,50.0,10.0,0.0,32.99843,19.91118,14.620591,1.6185216,0.52245784,0.19941758,0.27044904,0.05471935,0.05852917,0.014646774,0.25313944,0.080407545,0.28851345,0.010075274,0.13716105,0.0020851023,0.29069614,0.039964397,0.020835279,0.08109276,0.24051,0.16882595,0.060792528,0.00040756192,0.04866669
35203858,15.0,0.0,10.0,0.0,0.0,11.403173,1.6638856,4.119422,1.4332142,0.87593085,0.06494576,0.19805253,0.16414188,0.29620245,0.22020686,0.07586818,0.006826462,0.013049162,0.045974478,0.097252354,0.08887568,0.25262973,0.20152546,0.088538796,0.05660702,0.010850751,0.20083529,0.056839556,0.0072593014,0.013120694
35200056,10.0,65.0,30.0,0.0,45.0,4.3962984,25.903942,7.952797,0.0,24.706224,0.07209792,0.06612646,0.12362104,0.24808611,0.09211746,0.13694684,0.008126955,0.25351307,0.018558273,0.1230227,0.108686246,0.30318594,0.20539448,0.05549435,0.0330436,0.003301687,0.051826634,0.15859716,0.011671443,0.2559275
35202779,0.0,0.0,10.0,0.0,0.0,0.6704844,0.2796031,2.0639126,1.8643299,0.32483858,0.19523501,0.06370278,0.09326909,0.07350226,0.2479031,0.15555613,0.02685306,0.056999583,0.019111503,0.056978546,0.09692223,0.30993423,0.2146942,0.05324794,0.068556726,0.0033283397,0.19260967,0.056247674,0.031988245,0.07489262
35202587,10.0,10.0,20.0,0.0,0.0,13.266895,4.776335,5.0201616,1.3419218,0.35744214,0.048942197,0.39666343,0.12971774,0.29827115,0.0417222,0.13732828,0.080144696,0.24199781,0.008799124,0.1402936,0.0812112,0.2904675,0.19372557,0.01160282,0.0035980872,0.0096812,0.16745164,0.029229295,0.016114172,0.050036673
35200338,60.0,0.0,0.0,0.0,0.0,67.15602,1.8554351,1.6522261,1.298551,1.0956094,0.14143497,0.31344903,0.13493405,0.2887389,0.16669418,0.10007273,0.019746156,0.058120742,0.16401051,0.10439476,0.0062295813,0.060027044,0.20078492,0.015023818,0.004456932,0.00015655371,0.16949697,0.025208894,0.0005638753,0.04873449
35203937,195.0,10.0,0.0,0.0,50.0,208.49898,5.1850214,2.2241554,0.0,12.162176,0.22385718,0.29271993,0.20976351,0.24033503,0.013349535,0.101564415,0.096231684,0.28849822,0.16776691,0.06432046,0.017222809,0.050451595,0.20035714,0.026168784,0.0018680061,7.5722375e-05,0.008576106,0.07002581,0.00024484226,0.28855795
35201338,40.0,50.0,10.0,0.0,0.0,41.66228,68.72133,13.187103,1.1545697,5.0611706,0.05868693,0.20669423,0.11484905,0.25310057,0.041955702,0.38642573,0.0042233486,0.25103924,0.036821973,0.078809395,0.08165468,0.25116068,0.19437797,0.014618959,0.01071826,0.01229291,0.20399211,0.022168351,0.00094050105,0.0012261722
35203908,280.0,35.0,45.0,0.0,60.0,196.87318,35.89412,61.810314,13.300633,39.62657,0.016718153,0.34339502,0.018954564,0.05797454,0.0441577,0.18066002,0.080336906,0.24011964,0.0056359298,0.27766252,0.018706594,0.2978441,0.20017213,0.008462114,0.00057826296,0.00013830073,0.0021954093,0.10190237,0.019461093,0.29778677
35200739,0.0,0.0,0.0,0.0,0.0,2.396455,1.1989956,4.3474402,1.9125459,0.50249904,0.2436726,0.07583462,0.07712006,0.022491446,0.23197064,0.06489062,0.03716117,0.060045008,0.19046745,0.057285495,0.042946406,0.07277431,0.21157119,0.08220725,0.06138729,0.021307815,0.24347289,0.048037127,0.018356243,0.019462889
35200162,175.0,30.0,20.0,0.0,50.0,172.27278,35.03532,41.301476,9.601495,42.129715,0.01608218,0.30145952,0.035421275,0.2904081,0.0063757766,0.1944517,0.096356004,0.28805825,0.0042108856,0.27927154,0.09769216,0.28866807,0.19366243,0.007989056,0.0037298033,0.009759817,0.0019843043,0.15554811,0.016286263,0.2882394
35200422,95.0,0.0,55.0,0.0,0.0,20.719759,24.585247,40.48848,4.467914,15.286972,0.0037087048,0.054467328,0.021073341,0.29773673,0.1655456,0.37899494,0.00080477085,0.059632655,0.0026756348,0.20829444,0.0019628624,0.2999998,0.19998863,0.0022409798,0.00017547669,9.825912e-05,0.16165157,0.17371947,0.016338978,0.058083024
35201631,10.0,25.0,25.0,0.0,0.0,2.9500334,6.1012096,6.1669474,1.3737149,0.7525394,0.025912417,0.07435601,0.15259802,0.30255255,0.05839362,0.057965472,0.08663862,0.25302735,0.04463341,0.13167667,0.09466815,0.25286767,0.20687544,0.20096989,0.14649603,0.0012476583,0.19950205,0.0280685,0.0073797046,0.012985038
35203439,20.0,0.0,185.0,0.0,85.0,10.385426,19.26595,109.142876,0.0,41.723717,0.012210348,0.052144557,0.11724672,0.29966575,0.21521595,0.27477154,0.001382202,0.0012210484,0.042612102,0.39572868,0.009553233,0.25074077,0.20201012,0.018847788,0.013100771,0.0004035987,0.04517589,0.13033432,0.0013119536,0.24162248
35204180,25.0,15.0,85.0,0.0,15.0,14.424077,13.980838,38.629883,1.3137395,5.096252,0.054201934,0.11837403,0.10827727,0.2553007,0.05327662,0.26479217,0.085805595,0.25159675,0.06342808,0.16987924,0.013679766,0.2437663,0.20408228,0.027129427,0.010831881,0.0017931997,0.046498705,0.07442223,0.08413682,0.2432482
35201497,0.0,10.0,0.0,0.0,0.0,2.9609163,5.554914,0.5318257,1.5303645,0.46501172,0.25386938,0.1003218,0.094466515,0.0140943555,0.10185209,0.12112712,0.09347827,0.2580963,0.21522865,0.06981522,0.01222606,0.019544499,0.21177703,0.048649568,0.03125844,0.0041421223,0.23568271,0.05140543,0.011065554,0.025073778
35202702,140.0,60.0,50.0,0.0,20.0,137.05267,63.784546,58.849037,3.8047724,12.990494,0.05454829,0.26602226,0.022116782,0.2435694,0.057800602,0.2549805,0.0022889217,0.24225165,0.046684355,0.27611554,0.004245364,0.24287876,0.19746405,0.014166469,0.017053904,0.010597438,0.048482195,0.039442383,0.08250841,0.24342446
35203234,0.0,0.0,0.0,0.0,0.0,4.691498,2.0878954,2.5627844,1.5689301,0.97703224,0.1760563,0.16117856,0.033059,0.062170137,0.1764536,0.16736129,0.022734871,0.05883373,0.19526735,0.30422863,0.01319961,0.050395057,0.2009612,0.022068832,0.002377785,0.0017771024,0.20363043,0.04117718,0.0013156509,0.00089020585
35204030,270.0,45.0,20.0,0.0,0.0,136.6018,37.68351,22.314783,3.0864658,17.24407,0.025708588,0.27606478,0.05350333,0.29089853,0.04718845,0.19592758,0.00062941265,0.24065843,0.004695122,0.19065768,0.10136363,0.2983903,0.16758206,0.05401278,0.051498104,0.050409224,0.19942471,0.119174704,0.0011944199,0.002383762
35203635,10.0,25.0,90.0,0.0,15.0,8.513626,13.818181,177.56444,1.0933812,13.547143,0.011380353,0.05878478,0.08728557,0.2900867,0.001331013,0.077652924,0.08397642,0.30007952,0.0075073107,0.6497164,0.0011257585,0.2905002,0.2002598,0.002533591,0.0008856948,3.259322e-05,0.008222607,0.058778305,0.08010466,0.28852034
35202672,15.0,0.0,10.0,0.0,0.0,37.63222,48.338852,14.24519,1.5525196,1.9411108,0.06838999,0.5413203,0.090313844,0.25168133,0.19314164,0.050524715,0.0039278,0.011632284,0.0023496274,0.1381382,0.09968314,0.29805186,0.16808398,0.008156423,0.016351013,0.048028056,0.19223902,0.012901574,0.00080775825,0.011941232
35201636,0.0,0.0,0.0,10.0,0.0,9.846459,2.8919795,0.8617769,2.248648,0.78216094,0.26456955,0.20428902,0.15069327,0.062184915,0.18896087,0.087384135,0.022783298,0.06008619,0.17124964,0.054255076,0.02020973,0.060649224,0.045093942,0.059910703,0.11197407,0.24133138,0.17305532,0.051725633,0.019455263,0.061655868
35204496,15.0,50.0,0.0,10.0,0.0,6.3598366,32.71289,1.9074577,1.8205161,1.1509551,0.07319813,0.06348017,0.12626198,0.24783453,0.07287634,0.17743894,0.016893374,0.30030778,0.18261337,0.12845087,0.031218195,0.06382929,0.037973322,0.03219602,0.10202541,0.2530291,0.18629584,0.14732707,0.008219431,0.017446695
35201000,20.0,0.0,0.0,115.0,10.0,9.638959,2.8206992,4.8873525,58.729446,2.7852612,0.08732894,0.07496534,0.19508639,0.25386906,0.21305496,0.0629877,0.0045091487,0.014292085,0.20493795,0.08567493,0.005955231,0.0040018517,0.0448618,0.1371882,0.1878289,0.25089735,0.038795706,0.034732077,0.08395958,0.24409941
35200590,0.0,0.0,10.0,0.0,0.0,6.4351363,4.0107894,10.3541765,1.1548305,0.9293461,0.20932242,0.07678115,0.012803569,0.0041246535,0.22801329,0.31171894,0.0057888543,0.010340579,0.045422897,0.22660503,0.08966535,0.253177,0.19954392,0.02385071,0.004585635,0.0025925897,0.2050189,0.0647031,0.0018391338,0.0011356167
35201919,0.0,15.0,15.0,0.0,0.0,1.0360072,4.8091197,23.330397,1.4188607,0.70210093,0.2120396,0.040441483,0.020497728,0.0057125073,0.04946961,0.07836027,0.08689154,0.253811,0.012029307,0.4916594,0.103000805,0.30235195,0.20431149,0.03379378,0.010558101,0.0010571186,0.20371635,0.049019456,0.0027698358,0.0045020254
35204824,130.0,60.0,20.0,0.0,10.0,142.5786,73.06197,19.365536,5.2030773,6.6519747,0.046823617,0.31223708,0.0071107005,0.2500934,0.035244532,0.32912937,0.0032860928,0.24970086,0.01145905,0.1396568,0.08757942,0.29815003,0.19363041,0.004073072,0.0032581522,0.009632225,0.04013353,0.016159473,0.080057755,0.24002981
35204343,10.0,25.0,15.0,0.0,45.0,4.5311217,37.28939,6.142871,0.0,15.886297,0.009461345,0.06413534,0.117619984,0.30161074,0.022748876,0.45246223,0.09837222,0.29048726,0.010373374,0.113705285,0.09946109,0.29142788,0.20153674,0.005251693,0.006443741,0.0005290106,0.045918304,0.09140071,0.0017819571,0.24191125
35204993,0.0,0.0,0.0,0.0,0.0,192.67747,48.36065,27.40483,3.546202,8.694247,0.19500008,0.08660232,0.0014922583,8.0899415e-05,0.1647168,0.55230725,0.01609117,0.057633072,0.16243887,0.105039485,0.016225928,0.057652943,0.16677888,0.0014518116,0.016958345,0.049940098,0.16193001,0.071966685,0.01610274,0.04807867
35200124,350.0,10.0,30.0,0.0,0.0,360.32806,5.104601,14.36703,4.614542,44.156548,0.06870283,0.28180534,0.12279427,0.063247845,0.047886625,0.12585557,0.08524136,0.25142333,0.044755142,0.13592562,0.0836426,0.2419633,0.19735605,0.049139116,0.021003287,0.010798513,0.20236152,0.12908497,0.0032899408,0.0041936887
35201847,15.0,15.0,10.0,10.0,10.0,3.3125257,8.872756,7.895357,1.6600648,5.0707293,0.05527498,0.060683478,0.10577155,0.24677953,0.048742056,0.16999947,0.08662859,0.29202026,0.014999815,0.21225901,0.10621687,0.30019435,0.034607515,0.04414681,0.09993248,0.2528144,0.016424153,0.16043827,0.099434465,0.2900844
35204823,40.0,55.0,15.0,0.0,10.0,26.241724,92.36883,8.668082,1.2047583,3.2003844,0.013156762,0.1404556,0.104028665,0.29773998,0.0023388977,0.5421334,0.0192747,0.29771972,0.00097159913,0.08015014,0.096172415,0.29965279,0.16678189,0.0050112866,0.017256064,0.04994018,0.03881749,0.013112981,0.08070135,0.24203466
35204325,175.0,10.0,0.0,0.0,0.0,214.29605,9.839336,1.0224993,0.53002894,0.5344511,0.09199087,0.3548497,0.064484455,0.2520016,0.007814492,0.27266353,0.096315645,0.29775947,0.16359405,0.113628894,0.0011421221,0.058320463,0.16819076,0.01545187,0.01670467,0.048246734,0.19444713,0.07599252,0.0006022541,0.009985865
35203641,0.0,10.0,40.0,10.0,60.0,1.4322929,6.3473697,31.27619,0.0,21.543613,0.17318818,0.061596736,0.0330648,0.059254054,0.045110412,0.16722012,0.08138225,0.24261151,0.010564106,0.37962788,0.09834163,0.2905388,0.040307574,0.019167632,0.09133472,0.24217142,0.040183198,0.11215948,0.0014691018,0.24262694
35204763,160.0,125.0,40.0,40.0,15.0,211.91652,132.0986,59.361443,6.5276823,24.851685,0.015080158,0.39102334,0.024894033,0.28961787,0.018569099,0.28180602,0.0016267623,0.29070264,0.0041572955,0.18688743,0.101789825,0.3006378,0.04107949,0.011837995,0.08660918,0.24066097,0.010371193,0.034997795,0.0823345,0.29118595
35203681,15.0,10.0,0.0,10.0,10.0,7.076816,5.3763037,0.5449118,2.229611,3.134656,0.10409947,0.071463615,0.20464808,0.26310322,0.09338355,0.10762924,0.09301245,0.2559711,0.1779619,0.047401734,0.031175602,0.06917693,0.053062618,0.045828544,0.13333341,0.24386846,0.06376419,0.08050586,0.094745345,0.26417136
35204468,20.0,10.0,30.0,10.0,0.0,15.305051,16.63763,11.8794,0.9751954,0.5000344,0.010157332,0.17575938,0.10608399,0.2996551,0.008573824,0.5052345,0.096030526,0.2883997,0.0020163702,0.088535845,0.09627422,0.29809466,0.03874531,0.0027018022,0.080720186,0.24193683,0.19350249,0.009744521,0.003224585,0.010008678
35202035,10.0,0.0,0.0,0.0,0.0,5.4916806,2.4830186,1.7918278,0.972408,1.1660961,0.045601055,0.1248241,0.13773917,0.30162725,0.21443331,0.0655195,0.0062252767,0.013564909,0.20196675,0.1499892,0.005183219,0.013022468,0.20381439,0.23422332,0.051401075,0.0006478876,0.196366,0.025623579,0.0019094114,0.01077403
35202378,10.0,15.0,15.0,0.0,0.0,5.660947,3.8374655,14.155501,1.2612873,0.9470462,0.051961917,0.17176738,0.1317533,0.2898139,0.012304941,0.06837751,0.10098389,0.29815593,0.049527727,0.33613348,0.09245489,0.25083372,0.201323,0.06629392,0.006810786,0.00039391255,0.16283342,0.042020105,0.00060284004,0.058044657
35201372,0.0,0.0,10.0,0.0,0.0,1.7293521,1.7349483,2.431797,1.6820526,0.89341474,0.2330828,0.12235787,0.12963107,0.058130633,0.20834832,0.112517156,0.0046544946,0.05445531,0.018191878,0.036999315,0.10226688,0.2948254,0.21184462,0.11086369,0.094361015,0.0036811912,0.21337117,0.025274262,0.004875662,0.00541868
35200397,15.0,10.0,40.0,0.0,20.0,8.95445,9.844233,31.750599,2.9672701,14.85323,0.0047312174,0.1192157,0.08575695,0.25186348,0.01849584,0.24702127,0.09624995,0.28808805,0.0037444667,0.21250242,0.084390335,0.2996475,0.20011687,0.013837506,0.0011315574,5.6290526e-05,0.00091946626,0.21092862,0.08416786,0.2997071
35203922,80.0,25.0,20.0,0.0,10.0,97.348755,6.2571673,7.2605777,0.03247702,3.5177102,0.115761876,0.4938094,0.058862273,0.24452293,0.04671621,0.031841997,0.08744276,0.25201255,0.038349282,0.034069985,0.08863471,0.2545631,0.20233232,0.02116676,0.012349427,0.004265194,0.048739612,0.013478958,0.083675735,0.2438975
35203720,20.0,10.0,10.0,0.0,20.0,7.467481,12.297462,4.5713735,0.0,10.067457,0.008893041,0.1000485,0.096451454,0.29907334,0.024187455,0.3592657,0.1001723,0.29784697,0.004625542,0.14723243,0.101040035,0.29818583,0.19900589,0.01209767,0.003081594,0.0020946395,0.0033125128,0.15543565,0.084467754,0.2986127
35203992,10.0,10.0,25.0,0.0,10.0,1.7452357,5.7163944,22.114586,0.060126185,3.2865973,0.0064913006,0.04806102,0.090618715,0.30349615,0.07286531,0.16228841,0.08485077,0.25269765,0.016412305,0.2925156,0.086692676,0.30096114,0.20312051,0.11337585,0.015718505,0.00081277516,0.0344187,0.07884664,0.08461047,0.25258422
35204684,0.0,15.0,30.0,10.0,0.0,14.8204975,7.2936,13.372945,3.7104099,0.6676311,0.2157214,0.29526454,0.07573999,0.061588828,0.01614122,0.0712983,0.09779297,0.2909872,0.014015443,0.122010134,0.10099539,0.29098994,0.042395752,0.10955073,0.118248,0.24054056,0.20109975,0.018600821,0.0018859688,0.0028959848
35203357,0.0,20.0,10.0,0.0,65.0,2.3920472,12.091929,15.973348,0.0,29.749517,0.1629055,0.03868438,0.02399201,0.059969332,0.044812936,0.16327491,0.08032577,0.24024904,0.010191967,0.46339035,0.08267462,0.29017332,0.20040946,0.006002987,0.00266382,8.450927e-05,0.009078522,0.13755144,0.00029379496,0.2883314
35204288,15.0,0.0,55.0,0.0,0.0,7.7956095,16.338478,26.413773,6.58012,26.438585,0.013165129,0.061565183,0.10438331,0.29134524,0.17954698,0.35638884,0.01740549,0.05035953,0.015637243,0.13571438,0.0040121735,0.28887916,0.20089139,0.009207849,0.002505565,0.0004038965,0.17000677,0.18755262,0.017135724,0.0487978
35203380,15.0,10.0,30.0,0.0,65.0,6.728006,5.738861,9.0966015,0.0,35.472534,0.07550352,0.077752665,0.1300599,0.24583259,0.048178896,0.16348577,0.10231514,0.29306793,0.053722337,0.11977472,0.09019729,0.24703647,0.20472996,0.047373224,0.019701779,0.002280844,0.0542785,0.16114515,0.008798869,0.24939953
35203915,110.0,30.0,115.0,0.0,30.0,57.22097,28.062788,109.29726,0.0,13.267788,0.014216741,0.158385,0.0062432652,0.2887969,0.014419729,0.24708718,0.08058338,0.28846815,0.014002608,0.30060664,0.0042081093,0.28869295,0.19952632,0.005466585,0.0034321859,0.002142551,0.0098508075,0.08190805,0.096567,0.28872427
35200659,0.0,10.0,0.0,0.0,0.0,0.5364529,5.2161965,0.7553514,1.6211797,0.12157875,0.24716584,0.104641035,0.081066705,0.023819242,0.08861675,0.13065417,0.09650676,0.25718915,0.221211,0.10526818,0.018404987,0.01734503,0.20936958,0.023592647,0.018241966,0.0050640055,0.23898712,0.0744106,0.008153745,0.009318882
35202186,0.0,0.0,0.0,30.0,0.0,2.1380067,2.7413878,4.927674,44.98934,2.2435932,0.16674516,0.060430095,0.024760574,0.05836612,0.17120835,0.04510936,0.00017091642,0.048174992,0.16157639,0.07442729,0.020678746,0.05969112,0.03422278,0.3987691,0.27114794,0.25008446,0.19994217,0.027979162,0.0002877126,0.0005007217
35204226,115.0,75.0,15.0,0.0,40.0,60.0181,83.18604,26.47321,1.0133414,25.424232,0.012005857,0.155188,0.02582508,0.2980709,0.002216193,0.31038514,0.016840292,0.30002415,0.0021288923,0.22711107,0.08046931,0.298133,0.20007196,0.002283461,0.00020179285,1.9166724e-05,0.0018489979,0.093117654,0.096070826,0.29774126
35202802,0.0,0.0,10.0,10.0,0.0,3.6304336,1.0134988,3.036702,1.2337564,0.31414455,0.19512698,0.1334147,0.057015173,0.064702846,0.28442758,0.1218601,0.01756741,0.009760718,0.028849438,0.08454337,0.1245874,0.30755842,0.0406048,0.025318008,0.11924489,0.2543392,0.24407315,0.056360133,0.014055094,0.01812338
35200794,10.0,10.0,0.0,0.0,10.0,3.1283085,4.023527,2.1551423,0.047635674,2.7363827,0.07264735,0.07495195,0.13529982,0.2690349,0.09747282,0.08799538,0.106343105,0.26245964,0.23347181,0.11020907,0.041798588,0.022775844,0.18236414,0.057255775,0.0563787,0.05735656,0.056935467,0.05290086,0.10060478,0.264047
35202353,15.0,0.0,0.0,0.0,0.0,15.084429,0.17737745,0.3149237,1.2821394,0.6163721,0.13622844,0.21225108,0.22331354,0.29109842,0.18950492,0.1302716,0.0045256913,0.061196394,0.20092742,0.04643056,0.008203823,0.014075217,0.16940784,0.035853017,0.025425842,0.051191006,0.20473814,0.041448772,0.0029563121,0.0047351224
35202774,20.0,0.0,0.0,0.0,0.0,33.242313,1.0354605,1.1156541,1.3069501,0.9599202,0.101162106,0.45167577,0.16830139,0.29087552,0.20385507,0.046305306,0.0009809826,0.0028920714,0.20212552,0.03771657,0.0014341708,0.00087250787,0.16908936,0.03612364,0.037856884,0.0502147,0.16808155,0.010541208,0.016835421,0.048865605
35201244,10.0,0.0,0.0,50.0,0.0,3.9276068,1.9235766,4.6233463,38.348366,0.47809935,0.06733735,0.044711873,0.15868624,0.24263759,0.21663561,0.083549604,0.002269464,0.0032950006,0.1735015,0.08266769,0.020534799,0.05119721,0.0461237,0.17802289,0.23115766,0.24075526,0.2033444,0.026315205,0.0015806592,0.0010830333
35202238,0.0,10.0,155.0,0.0,0.0,3.1337607,8.470484,96.79361,1.0240047,1.057397,0.20452982,0.06325785,0.005694211,0.0012787953,0.015057793,0.2152004,0.097771905,0.29084468,0.048659764,0.47696328,0.06348516,0.30104992,0.20099092,0.017915728,0.0022516905,0.00030832575,0.20108393,0.065138355,0.00075728993,0.0009589733
35203552,55.0,0.0,80.0,0.0,10.0,22.312847,17.778488,83.09056,2.5178237,19.254025,0.009452721,0.07789725,0.0015177083,0.2900347,0.16883337,0.1899512,0.00069131807,0.04994175,0.004136075,0.36030996,0.018218307,0.29964328,0.19872865,0.0020488608,0.00066526775,0.0019277802,0.008048292,0.16540998,0.096024565,0.28800806
35201940,0.0,0.0,0.0,0.0,0.0,1.0227169,0.36959532,0.54139304,2.0672197,0.1508052,0.17315295,0.035576448,0.052820574,0.06853841,0.20155133,0.14117694,0.025581568,0.061768632,0.17948323,0.17042607,0.03452066,0.060043536,0.20871991,0.14685361,0.08948663,0.0013289133,0.17527485,0.050397187,0.0052539203,0.051372472
35201041,10.0,0.0,20.0,0.0,0.0,11.126074,42.90782,16.464134,2.7638667,1.001021,0.06418234,0.055499766,0.11549347,0.258744,0.24142653,0.17265157,0.022678167,0.022684332,0.068793684,0.076234244,0.11824113,0.2641546,0.21476696,0.06896545,0.059241835,0.020541772,0.2157563,0.04353374,0.019811548,0.026296308
35202047,0.0,0.0,0.0,0.0,0.0,3.7779093,4.906952,60.353733,5.3852935,1.53135,0.17393665,0.07190548,0.024855971,0.012691907,0.17068252,0.044223167,0.017092327,0.050288603,0.17159155,0.5960687,0.017623052,0.04840253,0.19950452,0.035248153,0.004547045,0.0021641913,0.20048258,0.03127445,0.00067055365,0.000840393
35202989,10.0,0.0,0.0,0.0,0.0,17.051233,1.7318189,1.3801051,1.3988358,0.93665934,0.081981115,0.4628687,0.13780329,0.28947115,0.17113692,0.07239862,0.017407048,0.058450464,0.16464709,0.0645685,0.021539317,0.060127616,0.16707106,0.022803053,0.020395469,0.05061368,0.16368675,0.034509137,0.01993914,0.05807241
35202756,25.0,0.0,10.0,0.0,0.0,44.909588,3.6526527,1.566166,1.3063763,0.77600884,0.048001368,0.53113884,0.118451156,0.29957983,0.16136265,0.15708223,0.0038766176,0.059554324,0.0010081973,0.030476168,0.09933582,0.29995763,0.19339198,0.007817826,0.0035325424,0.010000165,0.16793063,0.0044160774,0.016152343,0.048423853
35204355,85.0,225.0,165.0,10.0,65.0,53.47628,281.90637,229.19469,1.2890439,35.961636,0.018859738,0.124354824,0.013100545,0.29042095,0.0032859892,0.47621894,0.019282678,0.29955512,0.034466885,0.41814697,0.0009320226,0.2516838,0.03364134,0.004085709,0.083343014,0.24965174,0.03892733,0.09873969,0.00013540902,0.24200496
35202765,65.0,0.0,0.0,0.0,0.0,108.89272,5.527478,4.566307,0.88486326,2.1358335,0.09202783,0.50120807,0.03255903,0.251864,0.16936482,0.07358894,0.016285913,0.048525695,0.1625164,0.096596055,0.019730845,0.05811727,0.1680745,0.0069841947,0.01829015,0.04843816,0.16808532,0.025298407,0.00029823362,0.048530363
35202372,0.0,10.0,0.0,0.0,0.0,30.291168,12.223516,1.0660307,1.2577198,0.66109926,0.22864264,0.25673392,0.09468508,0.059386477,0.029281355,0.23690122,0.08219115,0.29900178,0.16854037,0.05895224,0.023247305,0.06146072,0.16977541,0.01960102,0.023392783,0.048717525,0.1775031,0.024511972,0.018350711,0.06029711
35201331,0.0,20.0,10.0,0.0,0.0,1.4959655,7.139153,4.6800523,1.6400467,0.50596005,0.21044543,0.078922994,0.08311267,0.06656469,0.061015256,0.08708094,0.11551187,0.2989316,0.07180239,0.11679883,0.11537186,0.26373267,0.18297884,0.06936853,0.053970646,0.056657325,0.1883325,0.04760462,0.029343633,0.06211411
35203000,0.0,0.0,0.0,0.0,0.0,3.7017512,6.749536,4.6403675,16.168144,4.2136,0.16862549,0.07502338,0.039043024,0.061518297,0.20147805,0.33735645,0.020178368,0.058287904,0.16484375,0.08542085,0.020497052,0.060018707,0.16873015,0.118989035,0.055686764,0.04848874,0.20224974,0.058532584,0.0024059159,0.0037057614
35205011,0.0,0.0,0.0,0.0,0.0,802.5473,119.919815,58.230972,9.854032,10.455331,0.40269738,0.19220948,0.2157972,0.060439147,0.20424451,0.0265817,0.001272455,0.0027484968,0.20060514,0.03587919,0.0010874887,0.0026407654,0.20098466,0.07072978,0.013071332,0.00014633429,0.19972248,0.0074309465,0.00041074783,0.0021920414
35204498,0.0,0.0,0.0,10.0,0.0,10.032458,3.4339557,0.37688696,3.9221866,0.4505029,0.215818,0.07996743,0.11466486,0.06957033,0.21115609,0.061635222,0.028022282,0.06700556,0.1851638,0.09921545,0.03108627,0.05785385,0.056979135,0.09095899,0.17025554,0.24305867,0.2119245,0.052416187,0.0099346405,0.0217915
35203276,45.0,0.0,10.0,0.0,0.0,15.540304,6.345755,5.3265433,3.0518227,14.374567,0.06320379,0.08642006,0.06324753,0.254357,0.22122595,0.15349577,0.0040445896,0.011474137,0.011813074,0.14319864,0.10412379,0.30045643,0.20393154,0.058193885,0.030995585,0.00139195,0.20665213,0.16400965,0.0039371625,0.0028577442
35203236,0.0,0.0,0.0,0.0,0.0,4.5339947,1.3480229,0.87042433,1.7058578,0.5487547,0.23141295,0.12534031,0.15072155,0.057984866,0.20977665,0.11785356,0.025197083,0.06312233,0.1717197,0.05842454,0.022795845,0.065104105,0.2110137,0.049637325,0.03632745,0.001676012,0.19107217,0.06485455,0.022438906,0.06804096
35201209,0.0,10.0,20.0,10.0,0.0,1.4438168,1.7489219,5.4571133,8.891007,0.42510888,0.19244434,0.12146258,0.04342855,0.053019553,0.022625972,0.02938208,0.09960792,0.29229525,0.017647376,0.12956046,0.10761317,0.2917248,0.047393095,0.22377402,0.21447566,0.24136992,0.17177102,0.026715195,0.019233525,0.049754117
35201587,10.0,0.0,20.0,10.0,0.0,3.1485248,0.94474673,17.883673,1.8393213,0.6854024,0.0067106104,0.068904415,0.107491195,0.30149594,0.17683414,0.13836193,0.022316813,0.06007468,0.019168852,0.40383026,0.1112202,0.30070952,0.0409593,0.041557282,0.08588853,0.24091163,0.16174343,0.07288544,0.01794713,0.060015038
35204232,10.0,30.0,90.0,0.0,0.0,4.065834,8.085,178.75252,34.69387,4.416915,0.0013030092,0.014970441,0.09813147,0.30069965,0.014692349,0.050863154,0.09697148,0.29053956,0.0042659966,0.66761756,0.017670231,0.30019253,0.20062435,0.025223557,0.003147164,0.00016257411,0.16688403,0.018889586,0.016922235,0.050516855
35200731,10.0,0.0,0.0,20.0,0.0,4.4804583,0.6788359,1.2949139,5.5714903,0.5439706,0.0885952,0.10169126,0.17775737,0.26251885,0.21188089,0.06777666,0.030616438,0.06623119,0.1803693,0.06450684,0.0353109,0.0674427,0.023101734,0.08515756,0.18529195,0.2920167,0.22304735,0.049686845,0.013023457,0.011529486
35203958,55.0,15.0,35.0,0.0,25.0,15.948331,14.507283,76.5248,13.359226,23.0884,0.032608926,0.020156741,0.00482079,0.25199804,0.009533308,0.08613248,0.09607205,0.28805006,0.0026462453,0.6210859,0.09670707,0.2980361,0.20008232,0.002103948,0.0005360005,1.7098948e-05,0.0018185406,0.07087995,0.08006001,0.29766652
35202130,0.0,10.0,75.0,0.0,0.0,2.897139,6.0479217,124.223305,0.44541013,1.4627638,0.16264957,0.02313463,0.020895613,0.05826976,0.03606016,0.11110481,0.08348328,0.250072,0.0044769626,0.6012483,0.0013506003,0.29777682,0.20017856,0.0029107346,0.0005028843,8.083614e-05,0.19400215,0.04959605,0.0034275346,0.009759589
35202942,10.0,10.0,0.0,0.0,0.0,2.6123602,3.7020552,0.5397973,1.3322265,0.67178416,0.06450565,0.06787767,0.19200276,0.30121833,0.07893077,0.09385727,0.109942615,0.30817768,0.18638024,0.047023624,0.030074589,0.059330594,0.21696031,0.07046045,0.0644665,0.0039449013,0.20471592,0.06600407,0.01121242,0.06184071
35203637,15.0,0.0,105.0,0.0,15.0,7.913415,8.820911,115.65726,2.4460075,13.645888,0.0029725737,0.05431124,0.08139972,0.29776654,0.16378738,0.16390765,0.016140435,0.05769507,0.008766344,0.4997344,0.004255687,0.29775503,0.19990882,0.003365941,0.00069780916,0.00042966256,0.0019835054,0.066721246,0.09932098,0.29774573
35200047,35.0,65.0,75.0,0.0,40.0,21.609911,89.81721,76.89341,4.815055,32.139256,0.0494426,0.029943462,0.09621806,0.2447642,0.01793253,0.38848045,0.019301761,0.29143786,0.044387374,0.22809224,0.0037008005,0.2434693,0.20187393,0.0047878833,0.003648448,0.0010128162,0.047798324,0.076018475,0.081631176,0.24186389
35201011,20.0,0.0,0.0,40.0,0.0,10.348046,5.306138,34.44732,35.775703,1.8735193,0.05283101,0.07953752,0.12170663,0.25443473,0.20358592,0.042569533,0.0017511634,0.010352038,0.20391245,0.23340963,0.0105211465,0.012528512,0.010613764,0.23919871,0.17722017,0.29067883,0.20125708,0.026899956,0.0012343184,0.00061153725
35201612,0.0,0.0,0.0,0.0,0.0,10.183574,2.7615552,1.96154,1.7523377,1.0659404,0.24163434,0.16848257,0.14031586,0.0656347,0.20084526,0.115172006,0.007699101,0.063824266,0.17113154,0.064543605,0.020266902,0.063834645,0.2076202,0.04923936,0.03166738,0.0012594683,0.18177313,0.039959654,0.023314849,0.065731876
35202928,0.0,10.0,10.0,0.0,10.0,8.469158,8.610582,2.5634656,0.0,2.5752304,0.22687244,0.11486044,0.05673907,0.0183531,0.10435212,0.21059817,0.08998709,0.24537492,0.019522186,0.068690985,0.11223873,0.30524427,0.17321669,0.053714477,0.04718918,0.05307138,0.06793312,0.051293544,0.09039258,0.25066215
35202685,10.0,0.0,0.0,0.0,0.0,2.6534295,0.85930717,0.43668544,1.6554765,0.6740973,0.05028295,0.04945596,0.16805883,0.3105158,0.25420094,0.070526496,0.03596784,0.06559347,0.22755334,0.056385517,0.028374884,0.016512424,0.21492364,0.06728333,0.07379561,0.016607272,0.2070746,0.052662726,0.03361936,0.069065824
35202811,10.0,15.0,0.0,0.0,0.0,5.0420823,11.886498,0.69975543,1.381647,0.5957699,0.050625023,0.088387474,0.16602984,0.30771992,0.10190263,0.19863746,0.08897183,0.25786585,0.21397038,0.057716195,0.011968823,0.0073167393,0.20040274,0.050510682,0.03934171,0.012962801,0.22609748,0.06960584,0.010187589,0.010535725
35200694,35.0,0.0,30.0,0.0,0.0,29.670565,3.5921557,14.684729,1.2444386,0.8780462,0.04296048,0.20904073,0.13575588,0.29928392,0.21460098,0.26814634,0.0012286225,0.0009893451,0.04997672,0.103303865,0.08648114,0.24143098,0.19454008,0.019594466,0.008733098,0.01063496,0.19682527,0.06995084,0.0048791114,0.010804374
35203389,30.0,50.0,25.0,0.0,30.0,11.075628,22.490686,29.395832,4.6977625,31.510683,0.01376459,0.023399327,0.11202237,0.28865805,0.04992256,0.12346784,0.0006843442,0.24067251,0.037235636,0.31729543,0.08491078,0.250277,0.16924228,0.03872898,0.046399884,0.048163503,0.0408024,0.20881651,0.080382526,0.24023496
35201408,10.0,15.0,10.0,10.0,0.0,1.1027431,2.8099954,18.025806,3.4868484,0.13726254,0.041592002,0.054835323,0.08213825,0.24050178,0.0049752844,0.05987153,0.09958204,0.2981856,0.010895804,0.5679211,0.09288478,0.3002208,0.040277004,0.095675424,0.08587128,0.24007107,0.20023951,0.018524934,0.00017697403,0.00019935914
35202598,30.0,0.0,0.0,0.0,0.0,12.580646,1.13815,1.2636675,1.6629646,0.9242512,0.06890543,0.101825275,0.17609347,0.3027416,0.2312568,0.17946355,0.00687558,0.0127954595,0.17738761,0.13667187,0.014562009,0.06363662,0.2029737,0.017550096,0.008750964,0.002772332,0.17954485,0.07739379,0.023584941,0.061511926
35203617,75.0,235.0,10.0,0.0,90.0,28.398132,193.23009,22.801683,2.828547,86.2696,0.036522377,0.048962623,0.012364885,0.25386158,0.05413299,0.390637,0.0053641703,0.25237685,0.03734656,0.14909166,0.08724743,0.2520739,0.20179829,0.034144334,0.018095873,0.00027914144,0.03561779,0.26517972,0.0012003491,0.25036818
35200066,140.0,20.0,20.0,0.0,60.0,113.209984,21.27401,27.932068,0.0,27.173336,0.077917114,0.3752824,0.09637035,0.29197124,0.05048746,0.13340837,0.08468134,0.24457191,0.014962859,0.14308055,0.10413069,0.29292187,0.20305565,0.023039907,0.012141361,0.0041557434,0.043432716,0.06492907,0.0040669357,0.24533218
35202409,0.0,10.0,150.0,0.0,0.0,1.1875334,7.11306,218.26701,1.8814602,0.5597105,0.19499145,0.04192707,0.005177436,0.0025474199,0.03536533,0.20891203,0.0834509,0.25006115,0.05088994,0.606707,0.017270485,0.24972618,0.19990808,0.009760142,0.00092026766,0.00043548978,0.2001225,0.05632839,0.00014790201,0.00016982922
35204068,20.0,30.0,40.0,75.0,0.0,13.027896,9.025951,14.907241,118.52313,2.5740204,0.016702397,0.09450644,0.11080877,0.2979344,0.034618367,0.016731078,0.08348514,0.25169253,0.033083674,0.04377633,0.08437755,0.25202605,0.033546936,0.4689252,0.14003621,0.25012302,0.1927413,0.0071768463,0.0039904746,0.011615497
35201278,0.0,0.0,10.0,0.0,0.0,9.289105,2.0344028,2.3282692,1.4635258,0.5854755,0.2684823,0.26165152,0.16839904,0.06281909,0.21988383,0.117681384,0.003180882,0.013916774,0.00658003,0.021899091,0.102794215,0.3022947,0.20257834,0.035332046,0.015521768,0.002897847,0.20942065,0.017794918,0.006148259,0.013021436
35202247,0.0,15.0,50.0,40.0,0.0,2.2735488,7.002423,81.28912,15.162633,1.2893065,0.16396569,0.036678627,0.003478833,0.05817795,0.0021890886,0.112845615,0.083936095,0.29991904,0.010356025,0.5798134,0.0019187813,0.29035208,0.006819984,0.09564721,0.09989174,0.28993517,0.16780682,0.027970605,6.0036924e-05,0.048404735
35203414,0.0,0.0,125.0,0.0,25.0,5.142787,18.800352,90.195816,2.903116,20.378035,0.17860055,0.11732081,0.0066950624,0.05039862,0.19649804,0.2031836,0.0033113644,0.009710972,0.038017634,0.28576523,0.0067802845,0.25166452,0.19362172,0.0031504366,0.0036765528,0.009691713,0.03367075,0.15971537,0.080092676,0.24971104
35202890,10.0,0.0,85.0,10.0,0.0,4.085635,1.3381498,63.261803,0.94219863,0.9992364,0.046367794,0.088594794,0.09981089,0.25196773,0.16912067,0.24382547,0.01662791,0.05982403,0.04904163,0.31284204,0.013334056,0.2525162,0.034008022,0.015375539,0.08482556,0.24976836,0.19564664,0.06883948,0.0038112025,0.012086769
35201060,15.0,0.0,0.0,0.0,0.0,22.383858,1.5959072,1.7313122,1.4861892,0.8939502,0.12004641,0.42621183,0.13437325,0.25346386,0.17424256,0.08274738,0.023230657,0.059844628,0.1763651,0.045993753,0.023528716,0.05289329,0.19676071,0.029831737,0.011247243,0.01142281,0.19830908,0.012938062,0.005957428,0.012523788
35200808,0.0,0.0,0.0,0.0,0.0,4.5341783,2.9275975,4.754376,1.8739172,0.73128533,0.24963576,0.11347666,0.07723162,0.027047507,0.23017658,0.106102645,0.013298461,0.01942571,0.21476755,0.08279078,0.020073874,0.019445488,0.2090878,0.11180448,0.055744052,0.015257064,0.21418923,0.034267448,0.007996429,0.0083969245
35200752,10.0,15.0,0.0,0.0,0.0,6.3117485,4.6531134,0.51817703,1.6179826,0.7015891,0.1664705,0.14992556,0.24249478,0.25951043,0.080283836,0.068420745,0.086992204,0.24658567,0.21391761,0.03197748,0.0093126735,0.0073673325,0.21003717,0.055150684,0.029101191,0.003210754,0.22474028,0.026266443,0.008251873,0.008161082
35201961,0.0,10.0,10.0,10.0,0.0,3.139131,3.2848492,20.109938,1.961312,17.21287,0.20317802,0.021834172,0.022954522,0.013918279,0.04273619,0.03801601,0.085609935,0.2534014,0.037744112,0.61271286,0.08640125,0.25157177,0.011397195,0.024432674,0.11408107,0.28861192,0.20238653,0.018360691,0.0019887078,0.0043584644
35203316,10.0,20.0,20.0,0.0,0.0,4.2506623,9.103304,2.5695453,1.5839797,1.145618,0.08003959,0.10425487,0.2278022,0.2975086,0.09548396,0.10837646,0.08722991,0.24613972,0.014600931,0.04941108,0.10812891,0.30581117,0.20939675,0.042753857,0.039720166,0.0022769652,0.23073187,0.07171509,0.007766339,0.008657797
35201211,10.0,10.0,45.0,50.0,10.0,3.4174669,4.401678,64.71577,12.422836,2.306367,0.04685915,0.05143832,0.11125136,0.251771,0.04452185,0.094000384,0.08515935,0.25264397,0.041100495,0.46019554,0.0069446987,0.25307977,0.04231856,0.06810556,0.008616652,0.24035397,0.038279023,0.034060683,0.084577575,0.253625
35202757,25.0,10.0,0.0,0.0,0.0,40.36026,1.7593273,1.1569748,1.1511981,1.3311849,0.12229411,0.46097615,0.14716808,0.25074574,0.006108744,0.028208563,0.0999988,0.2984998,0.16435508,0.03761905,0.021654408,0.058419686,0.16965799,0.06398821,0.043813076,0.0483094,0.19485323,0.008465442,0.0038992984,0.010024931
35203570,0.0,20.0,45.0,0.0,10.0,7.4384713,10.83021,57.847313,0.9788114,2.847036,0.16168307,0.05998275,0.02185284,0.060326643,0.036429994,0.11196442,0.08450734,0.25201792,0.0065602046,0.53360784,0.023262797,0.30016565,0.16819829,0.011557657,0.017201526,0.048185825,0.032370772,0.062322814,0.08360092,0.25200602
35201477,15.0,0.0,10.0,0.0,0.0,4.5550785,0.6931799,6.2293973,1.5305026,1.0817997,0.044359453,0.06824446,0.15177526,0.30823687,0.23074383,0.16091824,0.026296832,0.063415825,0.017975256,0.1793845,0.09483993,0.3057025,0.20637554,0.0338132,0.022735262,0.0029677218,0.22255203,0.05941482,0.011390436,0.016915668
35204124,0.0,510.0,140.0,25.0,150.0,0.00031310075,581.50946,180.6123,4.800997,110.290184,0.17921412,0.1467327,0.037836045,0.052552927,0.04900699,0.3616624,0.006220541,0.013257787,0.037923027,0.4147394,0.007954317,0.25351334,0.0046606613,0.018484332,0.11707235,0.29840633,0.04490463,0.23841298,0.002609706,0.24234611
35201004,15.0,15.0,10.0,0.0,10.0,9.845459,6.4640393,5.723666,0.0,1.7319101,0.075833924,0.19869249,0.14847514,0.2930341,0.019973312,0.12019012,0.10191901,0.299211,0.01462455,0.17776522,0.1054613,0.30284765,0.20335609,0.05901695,0.0110410545,0.0018278817,0.007619329,0.029539572,0.09917663,0.3025972
35201369,10.0,10.0,0.0,0.0,0.0,4.2863245,2.8272212,0.53352636,1.5303829,0.6006446,0.08010306,0.08393423,0.16299157,0.25580683,0.029702183,0.07434457,0.09964801,0.29248074,0.17012224,0.15653333,0.006656026,0.062078677,0.20750022,0.17573498,0.08501893,0.0012232122,0.20556074,0.024050362,0.0037471298,0.0049591935
35204467,10.0,25.0,15.0,0.0,0.0,7.9612465,35.38411,12.368483,2.9796138,2.8184934,0.013314737,0.11212215,0.11852964,0.3002469,0.016311951,0.4134568,0.10199359,0.30163598,0.037826214,0.14370032,0.08608448,0.25186917,0.20339255,0.014633969,0.012894266,0.00078991987,0.20095971,0.023407564,0.002245716,0.012369847
35202806,0.0,10.0,10.0,0.0,0.0,3.9479566,5.712742,4.201677,1.6547943,0.4888284,0.20504217,0.2703859,0.07164851,0.061698075,0.053130526,0.12400152,0.08517055,0.2526683,0.009548012,0.1361726,0.08319014,0.3007009,0.20265177,0.076344274,0.012296541,0.0007012265,0.1676772,0.027622093,0.021217518,0.061865497
35203111,0.0,0.0,0.0,0.0,0.0,4.1754856,1.505847,1.4012424,1.5907241,0.8574512,0.25850663,0.21101432,0.13667068,0.052577805,0.17895705,0.103332885,0.0055483645,0.060096525,0.17507938,0.07259362,0.0029901937,0.050262842,0.20611858,0.08902295,0.029546566,0.00076221843,0.175813,0.026465401,0.017605808,0.050196365
35202266,0.0,0.0,80.0,0.0,0.0,6.4873176,6.3820167,80.1526,0.83332336,1.3429388,0.1721285,0.06616447,0.025734046,0.051006686,0.20433067,0.22662005,0.00058048655,0.0021168161,0.056300875,0.29422656,0.0134644555,0.2427767,0.16218874,0.055295646,0.03553492,0.058173317,0.20045823,0.087304205,0.0003981556,0.00016749397
35201730,20.0,0.0,15.0,10.0,20.0,5.2750645,0.8645668,14.540243,0.0,5.0827546,0.052353397,0.07205,0.11457537,0.25429928,0.21284729,0.10594398,0.003662691,0.013070464,0.046704166,0.3727026,0.08987275,0.25346223,0.042098813,0.03302796,0.08975927,0.24051178,0.037424445,0.09150882,0.0855159,0.25339913
35200987,20.0,10.0,0.0,35.0,0.0,4.6815023,1.5473123,0.5886974,57.73818,0.27496672,0.046768606,0.027326543,0.10406859,0.24370006,0.0215394,0.04486213,0.09800334,0.28908348,0.16407211,0.022721658,0.02253902,0.061051834,0.034837,0.45374256,0.253908,0.25061455,0.17360438,0.011393545,0.018086419,0.050138187
35200201,105.0,10.0,0.0,0.0,0.0,113.2229,5.845025,2.8679028,0.91944563,1.5486104,0.1427776,0.30143213,0.12381452,0.30213165,0.051625393,0.09753724,0.08721792,0.25312808,0.20599133,0.03689917,0.0057769683,0.0033244833,0.20302753,0.021380661,0.014889111,0.0033319918,0.20155002,0.017282538,0.006745997,0.0138278445
35203543,60.0,15.0,25.0,0.0,25.0,13.179988,12.468212,42.76171,4.1386538,22.160904,0.010177377,0.028415311,0.033266544,0.3015547,0.021624723,0.09785317,0.0978163,0.29157394,0.043567736,0.4690854,0.082641535,0.24146675,0.20008178,0.010930204,0.007880618,0.0025930775,0.04522807,0.124244735,0.082041726,0.2421078
35204431,0.0,10.0,10.0,0.0,0.0,4.21447,8.26884,2.3502064,0.9966393,0.75735736,0.1873002,0.07247529,0.07038667,0.06585932,0.11810656,0.17353168,0.08688418,0.24435315,0.02198806,0.064613745,0.105703026,0.29184029,0.20374888,0.09810865,0.099916175,0.003147475,0.21988833,0.048068143,0.007371163,0.010541344
35201859,0.0,90.0,0.0,0.0,0.0,1.7548262,86.78266,5.6180677,1.0598384,3.0204637,0.16409448,0.02573262,0.02389717,0.05797969,0.032222696,0.32078826,0.0006454805,0.28816608,0.17073077,0.18531212,0.017638568,0.050177112,0.19390085,0.011284103,0.009733292,0.009661607,0.16913676,0.20735168,0.016358467,0.048204586
35204187,20.0,15.0,45.0,50.0,0.0,28.845278,23.834751,45.01609,5.9803057,6.6102543,0.016672987,0.31110683,0.10216616,0.28812954,0.0017249997,0.19475278,0.099955335,0.299642,0.003914528,0.2333332,0.018903367,0.30006695,0.008071182,0.031438936,0.017245302,0.28803015,0.20013016,0.011525022,5.919065e-05,5.949888e-05
35204101,100.0,220.0,120.0,75.0,30.0,78.05221,277.6154,160.35988,4.5503507,22.600708,0.014098069,0.16181925,0.035326045,0.30055404,0.04702324,0.35248214,0.0013834236,0.2425593,0.03742163,0.3569191,0.0033769296,0.25272986,0.040599335,0.006106465,0.0017529788,0.24055558,0.03592017,0.021611163,0.084717296,0.25230363
35202001,15.0,80.0,100.0,10.0,15.0,4.7716894,38.084465,172.01714,1.5840204,4.208201,0.007356928,0.033141673,0.08251196,0.29077524,0.011455274,0.14755404,0.0010813748,0.29047555,0.009418173,0.56310654,0.01790251,0.29041684,0.040361166,0.011491468,0.083624974,0.2400562,0.0071265576,0.059161875,0.08024094,0.29007396
35204925,0.0,0.0,0.0,0.0,0.0,35.682426,43.68358,465.74475,13.083217,16.642933,0.19244042,0.14814296,0.02337351,0.06029561,0.21166109,0.16023254,0.022038564,0.050304305,0.22583967,0.23658547,0.047317997,0.060640182,0.20309801,0.018678471,0.004342175,0.0039809286,0.17701699,0.043464653,0.002319887,0.05021456
35204667,0.0,0.0,0.0,20.0,0.0,2.0686927,1.212806,0.32325363,7.3370337,0.08172252,0.3127135,0.1362891,0.15020944,0.004040455,0.1889157,0.082378685,0.01908621,0.05231544,0.17598629,0.13558301,0.005492591,0.05293551,0.048337255,0.0654583,0.12716837,0.24095435,0.21240981,0.026520109,0.0031590646,0.0030106506
35204673,10.0,0.0,60.0,0.0,0.0,2.305563,0.54826,10.168991,1.3327537,0.573123,0.0072363643,0.04554572,0.11311168,0.30172765,0.1909275,0.21138863,0.019272847,0.051210463,0.022504423,0.116535746,0.02559103,0.29235238,0.16812588,0.14831561,0.044553652,0.05051542,0.20263286,0.14326528,0.005935719,0.0048308363
35204066,0.0,10.0,10.0,25.0,0.0,18.027052,18.878923,8.756463,3.8854282,3.792609,0.21493512,0.1316625,0.0342213,0.012580618,0.045379244,0.42793566,0.08066583,0.24278753,0.0033655304,0.13954455,0.1010319,0.3004794,0.0405233,0.010681207,0.08312858,0.24058904,0.20196289,0.0150974775,0.0012671334,0.0026208973
35201986,0.0,15.0,30.0,0.0,0.0,2.3835068,4.521437,44.294395,1.0768169,0.5028667,0.19307351,0.02873114,0.0009592818,0.011668134,0.002280069,0.083342746,0.09685093,0.29998815,0.005449311,0.6385852,0.08146455,0.29808974,0.16137885,0.025793772,0.020052342,0.057991583,0.19358553,0.027036166,2.857692e-05,0.009683937
35201285,0.0,10.0,20.0,10.0,0.0,0.7615321,3.970087,3.7482164,2.5405452,0.32758462,0.2328955,0.06262673,0.05650634,0.02477343,0.084228694,0.089987874,0.09583971,0.25503305,0.03448573,0.10224724,0.10805471,0.30539045,0.055948563,0.06307192,0.15252055,0.25064933,0.18841408,0.070979044,0.036943246,0.065659225
35203714,10.0,70.0,55.0,0.0,55.0,7.644371,48.46345,25.22962,1.5646157,56.842266,0.009465799,0.026798863,0.10018497,0.29043487,0.040924694,0.29907137,0.003380408,0.25196794,0.010644476,0.17118242,0.0028079366,0.2905132,0.16680641,0.004228245,0.017039096,0.04995624,0.039268382,0.2757386,0.0008016035,0.24243154
35201376,15.0,0.0,0.0,0.0,0.0,8.1514,1.143173,1.6460502,1.7758361,0.9963789,0.06723056,0.12802938,0.16461393,0.30963334,0.2520724,0.06402248,0.026704945,0.026502993,0.22291473,0.04710586,0.03100746,0.027810995,0.2213487,0.041212283,0.039020848,0.014690118,0.23755452,0.04893106,0.020245595,0.01973429
35203731,0.0,160.0,85.0,10.0,95.0,12.346418,105.76361,114.19463,0.0,64.3634,0.20996976,0.03300364,0.015501007,0.0054205675,0.048954792,0.31095982,0.0026816244,0.24388608,0.04390927,0.36347133,0.004279835,0.24389336,0.04181889,0.023361785,0.09115799,0.24305178,0.04285997,0.15457898,0.0016020578,0.24168076
35204461,0.0,0.0,10.0,0.0,0.0,4.3671765,2.1086164,13.002822,1.3553996,1.0841389,0.19489479,0.07711419,0.049965043,0.052146427,0.18366748,0.18094143,0.017800706,0.049359612,0.048612576,0.34183544,0.084076166,0.24165352,0.20206161,0.014958853,0.0060066357,0.0006928273,0.20531166,0.07102936,0.0018227671,0.0016846858
35202469,275.0,15.0,20.0,0.0,0.0,187.70026,9.580042,24.909412,0.62263966,2.242804,0.068384334,0.27571484,0.043478675,0.24333206,0.0136427265,0.13944872,0.09760409,0.29075414,0.010434003,0.3254087,0.0991097,0.29055813,0.16250601,0.01804199,0.023513509,0.057820782,0.20086658,0.10452977,0.0008461909,0.0011442879
35200676,0.0,0.0,0.0,0.0,0.0,0.67173815,1.3019048,0.52190316,1.7313309,0.5474551,0.2013287,0.0578611,0.087164134,0.07344739,0.25235498,0.11726844,0.030232342,0.057447463,0.18557663,0.05526462,0.042013902,0.06815691,0.21308503,0.076894976,0.07834893,0.0049308613,0.23716885,0.042196233,0.011893023,0.014926757
35204179,15.0,0.0,10.0,0.0,10.0,8.2568445,2.4356103,5.3326797,0.0,2.8476367,0.039810095,0.0754211,0.20019758,0.29129076,0.1859348,0.0786231,0.017451292,0.051107056,0.010538953,0.11315836,0.08220153,0.29091474,0.17064476,0.2267977,0.092799634,0.048117034,0.010316485,0.03929503,0.09750965,0.291651
35200391,30.0,30.0,0.0,0.0,0.0,47.15752,6.5755105,2.444754,1.2415973,1.138882,0.15777917,0.40491074,0.20576125,0.2904058,0.0040453384,0.051516596,0.10016984,0.29978952,0.19436473,0.031868435,0.004788608,0.011846843,0.19423284,0.024268938,0.009503462,0.009741788,0.19967495,0.010129423,0.00089828,0.0021154874
35204670,0.0,0.0,35.0,20.0,10.0,20.364973,5.3008423,39.298748,1.209886,0.74065286,0.193207,0.11143362,0.0045123417,0.012074776,0.16866033,0.30506092,0.01692411,0.050404668,0.0058764284,0.344119,0.08605526,0.30005482,0.03364443,0.004279188,0.08344326,0.24964277,0.006516922,0.022516388,0.09672802,0.29040685
35203254,0.0,0.0,0.0,0.0,0.0,1.002352,0.80257547,1.2424839,1.974164,0.5297773,0.20814374,0.06619551,0.10355345,0.07427144,0.24221125,0.07737379,0.011837242,0.02018159,0.1796347,0.09075445,0.031848393,0.06536369,0.21578099,0.11051611,0.1058336,0.0030095002,0.21966852,0.041045453,0.009126647,0.009261492
35204506,0.0,0.0,10.0,10.0,0.0,6.7012486,34.264435,13.532089,2.31037,3.264029,0.22171384,0.06565414,0.05773272,0.02844124,0.21417913,0.12616,0.01934658,0.015135231,0.03627286,0.15252891,0.10919286,0.29975447,0.019239265,0.07060355,0.16671711,0.30552053,0.18916997,0.090151094,0.017395433,0.060593236
35202818,60.0,10.0,10.0,10.0,0.0,63.08043,6.876086,2.8973858,1.7713488,0.0,0.09876103,0.3025088,0.08178078,0.2992609,0.015350598,0.16020665,0.10090191,0.3000941,0.0076041603,0.06766917,0.10253392,0.30116925,0.04176182,0.04210783,0.08432394,0.24081667,0.16484992,0.021325061,0.020331642,0.06108248
35200392,55.0,20.0,0.0,0.0,10.0,50.363388,5.361855,1.9719951,0.1283598,2.2615945,0.09341459,0.3960017,0.09891899,0.29137772,0.007814963,0.06106032,0.10005316,0.2985624,0.19541618,0.069250315,0.0016418408,0.012525385,0.20169999,0.048886623,0.017683681,0.00030356905,0.041641504,0.018275537,0.08083299,0.2410779
35203156,0.0,0.0,0.0,0.0,0.0,0.565242,1.412277,0.98143154,1.9161862,0.5278959,0.19412364,0.066463485,0.10266129,0.063652955,0.195887,0.12170151,0.021860154,0.062185302,0.17335734,0.05340126,0.02119587,0.05164922,0.20694318,0.16842422,0.16821139,0.00040543845,0.20653482,0.027740214,0.00227949,0.0048793955
35201841,0.0,30.0,40.0,0.0,0.0,4.4178786,8.46546,11.587665,1.2711283,0.55876786,0.22431198,0.10017125,0.06002329,0.019758295,0.036462326,0.065089405,0.10232292,0.29555073,0.02051453,0.09813665,0.11348511,0.30435017,0.21254773,0.1930849,0.09517644,0.0022159417,0.19990963,0.034818336,0.010163773,0.01665333
35204367,10.0,20.0,0.0,10.0,40.0,11.826379,10.255771,9.793297,0.0,3.0258505,0.18962634,0.29730967,0.16687568,0.25097883,0.040086642,0.1304743,0.08129994,0.2522346,0.19761024,0.05048792,0.001798602,0.010401841,0.041581932,0.027865028,0.08629999,0.24031408,0.036583103,0.024867525,0.08372248,0.25021362
35204125,20.0,40.0,30.0,70.0,0.0,6.9705033,13.689093,15.191048,50.57921,3.574769,0.04634361,0.041990295,0.14391197,0.25267547,0.0567682,0.101828255,0.082272686,0.24146874,0.017717125,0.14050111,0.08529203,0.28944817,0.036488328,0.17832674,0.15110154,0.25196615,0.20331293,0.06525329,0.0026345882,0.0016930088
35201532,0.0,15.0,10.0,0.0,0.0,16.648773,26.277643,15.427639,0.6220846,3.5225344,0.17106396,0.0533737,0.023190489,0.050891325,0.04662796,0.4264952,0.08079348,0.24261831,0.011113452,0.23701024,0.09824167,0.2907095,0.16842337,0.007878512,0.017964335,0.04810874,0.16760239,0.04302702,0.017130427,0.050694074
35200249,110.0,10.0,25.0,10.0,0.0,107.153786,5.010007,14.424443,4.267155,1.6274912,0.08333452,0.34063852,0.08458238,0.2888479,0.005302326,0.047890596,0.09966956,0.29783386,0.033931386,0.103157006,0.084900126,0.252248,0.007027804,0.10053606,0.13106044,0.29014707,0.19483916,0.018775452,0.0036417977,0.010048398
35204145,75.0,130.0,170.0,0.0,265.0,56.202053,77.984436,214.0844,6.8245974,221.14986,0.032992743,0.16375236,0.027668132,0.30056068,0.01682527,0.24680535,0.017625205,0.29068097,0.048922375,0.36521518,0.006544629,0.24085869,0.20066357,0.009737363,0.0030291812,0.0007255769,0.040670756,0.24096175,0.0015713638,0.24292734
35201281,10.0,0.0,0.0,0.0,0.0,3.4763763,0.61745936,0.5900401,1.5262616,0.6878051,0.029400855,0.08252089,0.12569101,0.3051927,0.2109638,0.2613826,0.025053049,0.060911886,0.18195793,0.1523279,0.024603087,0.051892035,0.20257704,0.023198472,0.012264769,0.0027025463,0.19218159,0.06551503,0.022469211,0.05402393
35204408,0.0,0.0,10.0,15.0,0.0,1.3221669,1.1914406,9.652826,12.035276,0.30820817,0.19959153,0.03685482,0.02014252,0.014689438,0.19182293,0.061489597,0.018095527,0.049121477,0.011134801,0.31357038,0.10506862,0.29857963,0.042130493,0.22915216,0.1287182,0.24076854,0.20437554,0.029237095,0.0019582452,0.0022650745
35203581,10.0,0.0,0.0,0.0,40.0,3.0047328,4.8548603,3.455696,0.0,18.419586,0.07866933,0.04933077,0.15333755,0.26295978,0.22320671,0.17216343,0.010477156,0.062210593,0.21286407,0.077932626,0.018769132,0.017809618,0.20796448,0.024174567,0.028540222,0.007356962,0.07438253,0.12238258,0.09459685,0.26147443
35201749,0.0,0.0,0.0,0.0,0.0,2.8741734,1.8732873,1.3960531,1.4454868,0.8567438,0.19204885,0.09541125,0.083999775,0.068367615,0.24706852,0.13518737,0.028158538,0.06516298,0.17643724,0.080747515,0.01720164,0.065968186,0.17077138,0.052457545,0.06869943,0.059391808,0.23153545,0.063949026,0.009515471,0.013306085
35201381,0.0,10.0,15.0,40.0,0.0,4.5156007,4.6042123,6.3305182,23.19,0.31035927,0.22018698,0.121907935,0.10461722,0.065407656,0.022233134,0.105198875,0.083033316,0.29080188,0.018430967,0.14421272,0.08726608,0.2922207,0.01662875,0.13569734,0.15825275,0.289747,0.17115352,0.019300103,0.01941848,0.05213662
35202797,0.0,0.0,0.0,0.0,0.0,2.2129421,0.86999166,0.6701211,1.5217564,0.5712252,0.20315672,0.059788972,0.08663206,0.075150475,0.23500054,0.11321259,0.015104363,0.069455735,0.18227404,0.13868134,0.019581435,0.0684171,0.18219587,0.035621814,0.053685084,0.05416706,0.22054675,0.039076436,0.027459245,0.07225907
35204679,25.0,15.0,20.0,0.0,0.0,5.3521633,9.134772,13.430683,2.032754,1.3586823,0.049225762,0.057990268,0.100402735,0.25697246,0.091592774,0.15854122,0.093255736,0.2520157,0.06825144,0.20835793,0.10456468,0.25559768,0.20340177,0.032283466,0.020795286,0.0026003171,0.20527121,0.12678938,0.007709169,0.012778689
35200515,10.0,0.0,0.0,0.0,0.0,9.216476,0.39107084,0.3269583,1.4285636,0.50828135,0.18412527,0.21382582,0.2678386,0.24333753,0.21325831,0.055609453,0.0054578558,0.012117818,0.19940989,0.043781016,0.002721853,0.012388112,0.17388809,0.05705273,0.04124577,0.048791863,0.21050672,0.018542644,0.0023858123,0.0023076558
35203670,0.0,55.0,45.0,0.0,10.0,18.970505,32.195652,89.26174,6.745577,22.969887,0.16145118,0.012226129,0.02262554,0.060346395,0.038591456,0.07973561,0.003856123,0.25024214,0.0048866193,0.60347056,0.0052088196,0.29847077,0.1936253,0.03041534,0.008912748,0.010103109,0.040527213,0.04626733,0.08118747,0.2409662
35203535,0.0,35.0,35.0,0.0,25.0,6.518837,24.99345,6.14245,0.0,12.782732,0.24049926,0.119028136,0.07412529,0.006784399,0.045759704,0.18329194,0.10017258,0.29030764,0.012862925,0.076175675,0.105817094,0.30305132,0.17350122,0.039278958,0.04061477,0.04943062,0.052360315,0.14217183,0.085278906,0.24557945
35204072,55.0,125.0,600.0,0.0,40.0,25.595585,128.54459,662.67926,3.1570554,30.631037,0.038756058,0.04108166,0.00022293434,0.24233511,0.0012212897,0.3023891,0.019376772,0.29999942,0.04927982,0.48564023,0.047291066,0.059633233,0.19227684,0.005961708,0.004010864,0.011599955,0.038729466,0.04545316,0.08001072,0.2419374
35201782,0.0,0.0,10.0,10.0,0.0,2.703549,1.4857157,2.5997493,3.1305122,0.80025285,0.26949587,0.13624346,0.11448155,0.011450918,0.20554252,0.05463455,0.023342235,0.053839162,0.017490214,0.065474615,0.10791286,0.30417007,0.020337898,0.088304535,0.16470447,0.29138884,0.20790604,0.06316819,0.010831629,0.016531583
35200055,10.0,0.0,40.0,0.0,70.0,3.7598925,18.512232,29.057493,0.0,45.74103,0.0022090846,0.021907395,0.100322254,0.29812053,0.1711856,0.22559379,0.0007277332,0.050397113,0.0040151943,0.33282635,0.08120637,0.29812264,0.19336621,0.00232195,0.0034353263,0.009995168,0.007906312,0.20638523,0.00019160313,0.2884937
35204692,15.0,15.0,15.0,15.0,0.0,2.5843658,3.8117428,22.458447,2.756517,0.49402395,0.015560577,0.076557994,0.1164068,0.3023226,0.054377917,0.055391807,0.085874364,0.24535877,0.054541998,0.4716323,0.090501696,0.24572095,0.04454471,0.046404164,0.08966251,0.24302028,0.20767383,0.02838261,0.0041589434,0.0039826166
35203536,10.0,0.0,90.0,0.0,60.0,10.498472,15.814299,90.58843,3.282264,61.694756,0.042091645,0.015726455,0.08324549,0.24112053,0.17251323,0.18780796,0.00059029437,0.048782058,0.01071863,0.35301766,0.0016651175,0.28879565,0.16836976,0.007121768,0.018311651,0.048612818,0.008615682,0.24739534,0.00036491078,0.2883421
35200571,0.0,10.0,0.0,0.0,0.0,7.45695,12.43248,1.3538139,1.5945506,0.81342167,0.213833,0.067787215,0.03940839,0.012730786,0.08060536,0.3476787,0.085966915,0.25085938,0.17573772,0.110986464,0.018851273,0.049354468,0.20170076,0.030041844,0.019064222,0.0006120263,0.21248478,0.07896654,0.0045066494,0.003950751
35200680,0.0,0.0,25.0,0.0,0.0,2.3124177,8.605427,9.788851,1.1519362,0.36069328,0.20125674,0.13235673,0.050869837,0.053052038,0.21150543,0.19844285,0.02268561,0.060634773,0.015654009,0.098624885,0.10975713,0.30151945,0.19816998,0.09293447,0.06295028,0.013088134,0.21198465,0.048152592,0.0047174157,0.0050709783
35201936,10.0,0.0,0.0,25.0,0.0,1.3589258,0.0,1.0195819,36.31938,0.2616347,0.0413918,0.016835548,0.10724631,0.2550049,0.21342146,0.036287162,0.0061451923,0.0115699,0.19832093,0.09960338,0.009058488,0.013664113,0.043210857,0.40715435,0.20710498,0.24099146,0.20753375,0.021425884,0.0025208003,0.0030210572
35203035,10.0,80.0,30.0,0.0,0.0,3.422,48.8145,33.6358,0.94745284,0.6072362,0.012039356,0.08618442,0.12231135,0.29851937,0.047654923,0.18311833,0.0041927285,0.2502589,0.010938601,0.34312117,0.09913383,0.29837218,0.19427495,0.05740798,0.018732382,0.009704801,0.16236563,0.046417233,0.019578712,0.05842936
35201904,15.0,30.0,50.0,10.0,0.0,7.4167933,11.583793,82.65743,1.343173,1.0280387,0.031586234,0.09672363,0.1211679,0.29808274,0.0012498617,0.08583339,0.10003828,0.29995802,0.04027515,0.5430782,0.0012921968,0.24237074,0.038847163,0.0070462665,0.08190258,0.24194853,0.19993661,0.009621391,0.00018039889,0.0004232256
35204196,130.0,25.0,0.0,0.0,0.0,121.586945,16.288445,5.295698,0.87509376,2.277732,0.19158557,0.2874933,0.11615152,0.2424348,0.03435205,0.1290464,0.08340074,0.25008643,0.16146426,0.09208064,0.017270772,0.06002393,0.16675992,0.008505175,0.016813543,0.049934324,0.16139495,0.010864787,0.019359404,0.05808977
35200642,10.0,0.0,50.0,0.0,0.0,3.0187182,6.4143715,46.57444,1.4732088,1.1931694,0.04352193,0.054965988,0.10350165,0.25520423,0.2148591,0.12678777,0.003195905,0.0041168453,0.04792396,0.35580748,0.013531834,0.25348562,0.20330891,0.030279975,0.021704374,0.0006780957,0.20439337,0.11585136,0.002085858,0.0019181289
35202912,15.0,0.0,10.0,0.0,0.0,4.0070457,0.77448994,2.0014212,1.4432398,0.6449274,0.07871792,0.050572585,0.15833075,0.26159623,0.26008013,0.08471018,0.01776911,0.0153555,0.027665364,0.06406094,0.12518507,0.31257036,0.18365462,0.06917766,0.095609725,0.066857494,0.22888148,0.06573208,0.018151812,0.028421514
35201154,0.0,0.0,0.0,90.0,0.0,0.85552037,0.44910908,1.6113222,18.51241,0.20008644,0.23571132,0.097750925,0.10785902,0.06629952,0.19279942,0.07273081,0.025712438,0.06367137,0.17374507,0.06848357,0.029757373,0.06435983,0.023451978,0.07192211,0.16560526,0.29118606,0.20371735,0.03908273,0.012398867,0.016643107
35201065,10.0,0.0,10.0,10.0,0.0,10.40051,29.707884,7.6020875,1.9025067,1.1738032,0.06503003,0.132287,0.17916018,0.31323713,0.21935813,0.06948659,0.037310295,0.069557294,0.06477684,0.06105752,0.10249712,0.25387284,0.054429725,0.04528697,0.12040481,0.24632278,0.20148122,0.051815275,0.029013924,0.05890229
35202288,0.0,0.0,10.0,30.0,0.0,4.33306,2.0730479,7.455767,20.827667,0.8114641,0.21585318,0.06872967,0.058476306,0.017788945,0.21694365,0.07396802,0.008112557,0.014367356,0.051136017,0.18593444,0.09579164,0.25179058,0.047869995,0.16248335,0.18147041,0.24131793,0.20474002,0.03962567,0.0037647567,0.002547108
35203044,0.0,125.0,0.0,0.0,20.0,0.8077915,42.98678,0.9657469,0.81339806,12.956564,0.21472582,0.081002235,0.02395167,0.0049798395,0.034446612,0.18045057,0.022957062,0.29942086,0.1725266,0.14899687,0.025661081,0.06205413,0.20345637,0.055384308,0.022055767,0.00079488487,0.043437984,0.19713418,0.08331531,0.24419723
35201790,15.0,0.0,15.0,10.0,0.0,10.887591,10.297524,5.1839237,4.2141976,1.3101344,0.08457484,0.15298602,0.21482664,0.29458645,0.19606096,0.05827436,0.018675523,0.052601382,0.047266826,0.047417816,0.084251076,0.24420574,0.01650177,0.13497646,0.18033901,0.2885586,0.17408802,0.049140543,0.01960951,0.05318505
35201197,0.0,0.0,15.0,60.0,0.0,0.640609,0.87513506,2.2953959,95.11399,0.51723826,0.17006373,0.011026504,0.039111443,0.05055047,0.17164937,0.021584352,0.016456377,0.04829665,0.0036181952,0.036298096,0.097100645,0.29789025,0.007414702,0.448577,0.23314035,0.29039332,0.2006678,0.013490807,0.00052902626,0.00033987802
35203133,0.0,15.0,35.0,0.0,0.0,1.53328,10.613586,4.545443,1.3852321,0.32198697,0.22357818,0.045785777,0.076386765,0.021774262,0.07665061,0.16493522,0.106400326,0.29612178,0.021974076,0.07960619,0.11931075,0.30873317,0.20459256,0.04789664,0.075813584,0.012799325,0.22480011,0.059679434,0.017638816,0.026114177
35200071,80.0,45.0,75.0,0.0,65.0,120.40137,7.6797514,8.872284,0.0,7.3553185,0.12102744,0.48206222,0.076478094,0.29779604,0.001650339,0.045973755,0.019947965,0.29957366,0.007106572,0.034298584,0.017034274,0.29046747,0.1614355,0.02553479,0.026299909,0.05803556,0.039070353,0.009127077,0.0007405827,0.24202242
35202881,0.0,0.0,0.0,0.0,0.0,36.91962,8.305334,14.028955,1.9766526,1.8193014,0.22626632,0.16087306,0.07929264,0.074214086,0.19290408,0.076234415,0.0101023475,0.06318966,0.18995924,0.14335044,0.011055703,0.05348112,0.2149848,0.09469649,0.039037216,0.003324242,0.1781006,0.06858455,0.0059217466,0.054175027
35201166,0.0,20.0,0.0,25.0,0.0,0.764668,6.0656815,10.571981,35.891235,0.4578493,0.1693279,0.02392545,0.052006066,0.06123888,0.045097753,0.064531,0.08507967,0.25225964,0.19720234,0.049332395,0.00531194,0.010421496,0.041252263,0.3750677,0.2697118,0.2405451,0.19862589,0.020944558,0.0046036714,0.010880607
35204116,0.0,0.0,135.0,0.0,0.0,60.955875,22.08444,129.51392,2.297369,2.3526995,0.20742069,0.10319451,0.007408427,0.0033218977,0.20594381,0.21136725,0.004307076,0.01009187,0.045563318,0.24211052,0.052116226,0.30104765,0.16882299,0.059467554,0.026040103,0.048620187,0.2016835,0.059418574,0.0010998751,0.0007073821
35203959,10.0,205.0,40.0,0.0,130.0,2.3642578,135.27026,16.182749,5.4034314,133.12029,0.017363911,0.02826836,0.11249214,0.29270685,0.057843745,0.38911924,0.0022582735,0.25246042,0.043565433,0.11052751,0.083969064,0.24361414,0.20165159,0.011920296,0.0061504617,0.0014826217,0.015290158,0.32998648,0.01908852,0.29236162
35202953,10.0,0.0,40.0,0.0,0.0,3.5181432,0.60361624,5.2325897,1.3965769,0.8328761,0.079979196,0.06803969,0.18801388,0.2633626,0.25493014,0.08409698,0.013331337,0.018940248,0.054424815,0.042481005,0.09949338,0.26199105,0.21084052,0.08492102,0.087583825,0.014613925,0.2241216,0.064539246,0.013519586,0.015853178
35203613,205.0,35.0,35.0,0.0,95.0,220.96957,14.387965,16.045815,0.0,38.632034,0.11878319,0.27969587,0.13555951,0.2543346,0.011681106,0.12621129,0.09713212,0.29838353,0.005183484,0.1292172,0.09891043,0.29895747,0.1639944,0.046039604,0.03337261,0.05819869,0.035492923,0.116448,0.004888502,0.25108597
35203139,0.0,0.0,10.0,15.0,0.0,1.9951807,3.9863653,2.947093,11.64027,0.46682966,0.23179853,0.04849814,0.09274744,0.020408493,0.23444484,0.04849085,0.0056409286,0.017163482,0.0457125,0.060242027,0.091512896,0.25586283,0.047688067,0.17452441,0.26141316,0.2514717,0.20976707,0.026933532,0.00860149,0.017371092
35205052,0.0,0.0,0.0,0.0,0.0,3.7954164,5.344795,28.45842,35.462288,3.5401487,0.17089745,0.027124915,0.023062857,0.052254282,0.18383044,0.052622117,0.019040532,0.05052749,0.17809018,0.35072407,0.023537342,0.05120914,0.2016949,0.24909373,0.025800277,0.00058622146,0.2012292,0.035917994,0.0018009703,0.0026354336
35205028,0.0,0.0,0.0,0.0,0.0,19.698372,33.90161,28.106396,2.8479173,178.25876,0.20408332,0.066649795,0.06274131,0.056154177,0.3072082,0.16299593,0.010038768,0.0059890077,0.21863212,0.1182546,0.0073011457,0.005075639,0.19770667,0.08659649,0.03416549,0.011297271,0.2137708,0.06221214,0.0053946655,0.005451097
35201198,30.0,10.0,25.0,205.0,0.0,13.170321,0.0,17.152203,128.33324,2.7658079,0.07276401,0.034837455,0.1929296,0.25515231,0.0174945,0.033327393,0.08249015,0.291269,0.0060956245,0.19451287,0.08348466,0.30030662,0.050765395,0.27466023,0.20427465,0.24280037,0.17074391,0.024224896,0.017628582,0.04886108
35201242,10.0,10.0,50.0,30.0,0.0,2.29745,0.81668544,16.706,44.63215,0.9030424,0.048945114,0.035412773,0.10037715,0.24163318,0.010836524,0.049763676,0.10010995,0.2981008,0.004142788,0.1237076,0.022025978,0.30063397,0.03516197,0.4393407,0.14552471,0.24989583,0.17053258,0.03477439,0.017147768,0.04915105
35204698,0.0,40.0,10.0,10.0,0.0,5.7569575,50.90571,12.9594965,1.3070245,1.7631308,0.16921392,0.07224602,0.0007991488,0.04854976,0.0059201787,0.3714624,0.08405059,0.3000103,0.013025925,0.3126098,0.09012463,0.25197032,0.038472436,0.0053450693,0.08084678,0.24234086,0.16792452,0.042053264,0.016048802,0.048426688
35200108,165.0,25.0,15.0,0.0,15.0,171.30011,8.57623,2.961306,0.98320615,3.3361685,0.22038168,0.32887924,0.2314907,0.2424596,0.04302897,0.061075553,0.084741816,0.25080797,0.003985939,0.045296174,0.10181131,0.30090186,0.16425653,0.033311978,0.033825632,0.05830781,0.04192324,0.033336796,0.08226301,0.24336457
35200805,115.0,45.0,40.0,0.0,30.0,90.84289,78.57015,56.556847,27.456629,34.388508,0.00090748543,0.15660338,0.020136544,0.2996242,0.03428086,0.4666635,0.00014573829,0.25007942,0.0009753378,0.12980862,0.09625716,0.29962474,0.19867328,0.0006179981,0.0006870832,0.0019991463,0.0015826034,0.043341566,0.080038495,0.29769886
35204558,15.0,10.0,0.0,10.0,0.0,7.3332195,14.396182,15.829182,0.45423803,0.37610155,0.0056389794,0.09610667,0.10501959,0.3005323,0.014471186,0.4302828,0.09726855,0.28908637,0.17308624,0.20240816,0.018664816,0.04920092,0.00892772,0.0118371025,0.09799063,0.28863317,0.20189933,0.023560917,0.00094264327,0.0008574126
35202745,55.0,0.0,10.0,0.0,10.0,21.744728,1.6789453,3.65532,0.0,3.0543222,0.07333516,0.10776239,0.09237581,0.29212236,0.23413292,0.13972533,0.0048763035,0.013625963,0.018363116,0.1070548,0.0875831,0.3029772,0.20174728,0.0725798,0.030632082,0.01311529,0.015103525,0.0875424,0.08834284,0.30364418
35201380,25.0,0.0,0.0,10.0,0.0,9.4945345,0.84472305,1.5365409,2.109053,0.5967394,0.112650745,0.07607319,0.17880163,0.25456658,0.22434613,0.11300571,0.028393572,0.059892572,0.21308558,0.059204005,0.020170087,0.020518571,0.05807263,0.050944023,0.12722243,0.245527,0.22775361,0.06755705,0.012662989,0.010577403
35203695,0.0,10.0,100.0,0.0,45.0,7.8319874,16.084341,59.834507,0.0,32.11184,0.20052047,0.04325998,0.010338186,0.010633986,0.04452736,0.28328165,0.08455689,0.25212988,0.0046033547,0.24141496,0.02261222,0.30031845,0.19963679,0.019965373,0.012599201,0.0026199317,0.04242808,0.16124928,0.0009687235,0.24102089
35204457,0.0,0.0,15.0,40.0,0.0,4.014947,6.9662404,18.500065,46.379074,2.7259517,0.16898724,0.015757091,0.024960792,0.051608633,0.2068353,0.03493938,0.0015196983,0.002395506,0.044259593,0.31008714,0.08400223,0.24279273,0.009293013,0.33548194,0.14628941,0.28823054,0.20163697,0.01779763,0.0007630747,0.0006646179
35204659,50.0,10.0,25.0,10.0,20.0,31.563234,5.9544687,24.805273,3.265507,4.463828,0.016274326,0.18192884,0.044871684,0.30034503,0.013086876,0.093682304,0.08114131,0.29022413,0.007005671,0.26195583,0.101882786,0.29990813,0.03942521,0.15382925,0.09500276,0.24206589,0.032924592,0.032866925,0.08425304,0.25187674
35200203,180.0,0.0,20.0,0.0,30.0,187.50333,17.223324,33.89,1.8761257,23.682228,0.025647778,0.30131847,0.045121327,0.300131,0.16534054,0.15010205,0.020589026,0.060091663,0.013243055,0.3271597,0.08304898,0.28877306,0.16804233,0.01620059,0.016918484,0.048509,0.040461626,0.09693446,0.08036433,0.240315
35204292,0.0,0.0,95.0,0.0,35.0,5.826348,38.025642,116.18073,0.9046724,17.915596,0.19843777,0.078067355,0.023287077,0.04849332,0.16819942,0.22622535,0.016694587,0.0500181,0.034784198,0.34994105,0.004233931,0.25201294,0.19335309,0.0024730237,0.0033645295,0.00998782,0.032292392,0.084059834,0.08387764,0.2516192
35200938,0.0,0.0,0.0,90.0,0.0,0.73390275,2.4168386,1.2338064,29.386698,0.25457293,0.21902707,0.04491827,0.1254511,0.055299547,0.22153427,0.049356163,0.0035334928,0.0031912953,0.17640892,0.12393825,0.0071505383,0.05234019,0.05462908,0.09600622,0.19873585,0.24129343,0.20593044,0.045772307,0.0047093,0.0021987804
35200166,265.0,25.0,30.0,0.0,10.0,269.6522,11.957,10.013646,3.041012,5.919396,0.105444856,0.25740445,0.1619713,0.29347783,0.059050623,0.108691804,0.0840513,0.24326895,0.0069511537,0.1031234,0.10638368,0.30295247,0.197494,0.038895614,0.021689495,0.013600634,0.04685816,0.12036414,0.08468814,0.24625817
35204857,245.0,95.0,85.0,0.0,40.0,192.3396,106.46149,74.8787,0.0,18.227089,0.047329776,0.2230447,0.021639096,0.25326094,0.038780257,0.32554746,0.0051433635,0.2527344,0.03522239,0.2407156,0.0062110648,0.25287446,0.1646906,0.01452431,0.033121146,0.058237314,0.040745504,0.0649453,0.082481064,0.24332902
35201419,10.0,0.0,0.0,65.0,0.0,5.2460375,0.0,0.84682626,44.171673,0.4556243,0.055881854,0.07021916,0.22151962,0.3047859,0.21622452,0.035849184,0.009162335,0.015585283,0.17786713,0.047461815,0.022768732,0.0517157,0.018696412,0.16308877,0.20613663,0.28974047,0.20381664,0.02413994,0.0074348385,0.012962737
35204242,160.0,80.0,120.0,0.0,275.0,116.226105,89.76489,134.62624,1.8692541,234.53093,0.04321559,0.19248784,0.011714271,0.24355815,0.043567315,0.29643294,0.0016228163,0.2428735,0.0104475655,0.29752052,0.019259257,0.2903585,0.16957402,0.03257237,0.036294118,0.048263606,0.040948797,0.24656826,0.00075341243,0.24050954
35200039,10.0,35.0,20.0,0.0,0.0,4.7252707,15.127163,23.538069,1.8865714,3.087825,0.050219435,0.07281228,0.09264328,0.24212565,0.01854062,0.12261051,0.08613669,0.30022752,0.044734314,0.36152065,0.09049674,0.25316256,0.20131275,0.03197872,0.0068733897,0.0004756039,0.16969433,0.13215713,0.017374285,0.04909346
35201163,0.0,10.0,0.0,55.0,0.0,5.161116,2.996875,1.9712416,36.785698,0.5019456,0.24045475,0.08874875,0.15152293,0.06195111,0.053863496,0.03330626,0.08550545,0.25252423,0.17535436,0.047957733,0.01993514,0.05010745,0.01347177,0.1556572,0.19075717,0.29853898,0.19871838,0.025669575,0.006239473,0.012141221
35200433,25.0,45.0,30.0,0.0,0.0,8.831581,12.425833,4.216874,1.1336077,1.3126686,0.09846963,0.0770006,0.18242265,0.25889993,0.0828923,0.069193855,0.014059778,0.2534717,0.019364743,0.04183782,0.1115332,0.30808622,0.17336527,0.11869115,0.07717952,0.06310736,0.22187006,0.08049766,0.009938574,0.009757767
35204216,545.0,0.0,10.0,0.0,0.0,415.7433,2.6483293,3.8778255,1.0586522,0.5446465,0.12346619,0.24844424,0.1384802,0.0050755795,0.1811624,0.12940437,0.021606533,0.059289552,0.005158239,0.11878611,0.104557455,0.30191365,0.2013184,0.039740063,0.01797688,0.002636455,0.20538644,0.12775603,0.0043645594,0.005595052
35204749,0.0,0.0,25.0,0.0,0.0,3.5573752,10.641414,10.800245,7.65552,0.5324003,0.1999295,0.53535604,0.017314486,0.059565958,0.16073391,0.11894703,0.004001058,0.059916276,0.0029045683,0.07309898,0.08361024,0.29810196,0.19229494,0.009309799,0.0052697095,0.011618358,0.16785204,0.0027543274,0.00015009388,0.048407283
35200662,0.0,10.0,0.0,0.0,0.0,1.3538178,5.028198,2.0935533,1.5884718,0.129711,0.22635664,0.09744403,0.03972712,0.025970414,0.09599634,0.11105132,0.09738426,0.25952455,0.23674741,0.14193913,0.03240766,0.018239241,0.21139395,0.059061043,0.025715768,0.0062570344,0.21594372,0.058502406,0.0106170215,0.01767051
35204449,10.0,0.0,0.0,15.0,0.0,1.9561472,0.5815802,3.7714062,17.029562,0.15154922,0.044997275,0.027068531,0.13367708,0.2538816,0.17554006,0.02292001,0.017458806,0.051067673,0.20267516,0.067364454,0.0037046974,0.002319896,0.012425879,0.3657303,0.30756178,0.28819287,0.20034303,0.014532298,0.0015108198,0.002501149
35200030,0.0,45.0,70.0,0.0,15.0,3.1059153,47.705296,36.50992,2.527268,15.672282,0.20153937,0.026392475,0.0015353336,0.00068180443,0.044017237,0.31373715,0.0008802987,0.24201974,0.00988283,0.21287319,0.010584453,0.30021602,0.19376598,0.01277441,0.0052254726,0.009724858,0.040367782,0.20534441,0.08024213,0.2401458
35204113,80.0,10.0,10.0,10.0,10.0,94.20138,7.9211955,4.0162783,1.2598408,0.8377676,0.017460758,0.38709497,0.029192545,0.29856685,0.012130112,0.21709587,0.080473214,0.29049674,0.009609707,0.10518039,0.09696092,0.28874624,0.040340673,0.006190641,0.08125358,0.24030681,0.003127398,0.0758763,0.083832406,0.2984882
35201554,0.0,0.0,0.0,0.0,0.0,5.314368,1.6367322,1.2159543,1.7505003,0.86446184,0.25288638,0.09094388,0.14954546,0.064351775,0.2535415,0.10231188,0.0104751885,0.011256843,0.18376005,0.036048062,0.03236065,0.059230115,0.2131574,0.04772942,0.04288633,0.0070307082,0.24201626,0.04835242,0.009852642,0.011278588
35201629,0.0,10.0,0.0,0.0,10.0,2.2449265,2.1816788,0.6653938,0.27365553,2.9583642,0.23288462,0.21509492,0.10780818,0.056226674,0.027994143,0.052733585,0.1024732,0.30140275,0.17097919,0.08170059,0.024903279,0.061817996,0.20036052,0.09667894,0.0561098,0.01237031,0.013665362,0.08124205,0.08334726,0.29292086
35200658,0.0,0.0,0.0,0.0,0.0,6.407481,1.7424811,1.2827959,1.5069299,0.7340658,0.285782,0.31644922,0.106168665,0.007714716,0.22342217,0.055464387,0.0033952922,0.0048199287,0.17620584,0.033957828,0.020738602,0.05268509,0.17294918,0.05726423,0.058660436,0.051119052,0.21182755,0.022851445,0.002917609,0.005665455
35200588,80.0,0.0,10.0,0.0,0.0,20.483562,29.394665,7.8661504,0.9313944,0.9974901,0.03687659,0.07939172,0.007484938,0.25049883,0.19870594,0.35574493,0.003861644,0.010113617,0.03687832,0.21954228,0.0852171,0.2502932,0.20035282,0.053021286,0.0052066846,0.00012655958,0.2003649,0.06563534,0.0004488489,0.0005704648
35204357,55.0,65.0,40.0,0.0,0.0,15.411272,98.89526,19.795784,0.8220032,2.740401,0.04122769,0.053120825,0.012772769,0.25123748,0.062556475,0.47967574,0.0020173618,0.2411984,0.044219106,0.13390312,0.08154546,0.2410195,0.19954209,0.017714094,0.006834929,0.0022605264,0.20278506,0.05253244,0.0010864667,0.0010941937
35202273,0.0,0.0,125.0,0.0,0.0,1.2073165,1.9570856,180.51405,0.30402747,0.6324808,0.17462349,0.02448336,0.03866635,0.051033527,0.16411674,0.15041023,0.016511722,0.058254693,0.014249541,0.46602285,0.024538094,0.3000751,0.17015572,0.05696746,0.040860973,0.04856077,0.19415717,0.032734606,0.0035298166,0.009772528
35202591,15.0,10.0,110.0,0.0,0.0,2.903604,6.7194386,109.487816,0.61343646,0.7222857,0.010046545,0.036157828,0.10022862,0.2883379,0.0036873422,0.24103959,0.100049354,0.29962268,0.0062813493,0.32742694,0.006627381,0.30015638,0.16703622,0.089605965,0.02910938,0.049981613,0.1941315,0.072639376,0.0034447124,0.00983309
35204581,15.0,10.0,15.0,0.0,10.0,20.343447,22.752335,23.680065,2.2142072,9.506176,0.03389714,0.0650125,0.08017068,0.24971004,0.0012450068,0.56220496,0.09681027,0.30000207,0.0027116255,0.15854889,0.0980341,0.2903942,0.1676945,0.0011143202,0.016169371,0.048468195,0.033585858,0.013619298,0.08320992,0.24968539
35202985,0.0,0.0,0.0,10.0,0.0,1.0817683,0.8884609,0.6481472,2.7174077,0.2961615,0.21828859,0.0877102,0.08975547,0.055412177,0.2323586,0.13548423,0.022972379,0.05383992,0.17461726,0.0717256,0.029400913,0.06333205,0.037370257,0.077019416,0.1698673,0.2525685,0.18809082,0.08011089,0.024609793,0.056555778
35201885,0.0,20.0,15.0,0.0,0.0,1.8734593,32.3508,6.358483,0.89687663,1.1916343,0.16450803,0.07895006,0.007829262,0.06023939,0.01899019,0.49599886,0.08038059,0.29011512,0.00397077,0.119241536,0.100535765,0.30012098,0.19983114,0.003776117,0.0005258661,0.00047513263,0.16198623,0.07229717,0.016397318,0.059779786
35204208,0.0,0.0,45.0,0.0,0.0,3.6440377,29.158777,26.784266,0.5472683,1.7000662,0.17052561,0.13692738,0.02740574,0.06052721,0.1728456,0.41258138,0.019818872,0.05798034,0.04116698,0.13495445,0.0073003722,0.2501875,0.16198614,0.01452535,0.020071307,0.057873804,0.20174888,0.05370061,0.00060776045,0.00054782623
35201886,0.0,85.0,30.0,0.0,0.0,9.339365,114.5272,35.093044,0.53395575,7.7006226,0.17474289,0.041087493,0.018501414,0.05842657,0.047815733,0.399531,0.0009800037,0.24272536,0.004279524,0.23224193,0.09759677,0.30059713,0.20034967,0.0147468755,0.006126918,0.002623289,0.1630287,0.053527363,0.01767019,0.060729582
35202483,260.0,20.0,15.0,0.0,0.0,229.5803,17.112688,7.924925,0.35811064,0.21866539,0.034578424,0.26787415,0.051378984,0.29144052,0.055196036,0.23639421,0.08629498,0.2520607,0.04664481,0.15855153,0.08607727,0.2444884,0.17186895,0.025572632,0.02623906,0.04922715,0.20624447,0.13555108,0.0036552772,0.0028666065
35203925,460.0,0.0,10.0,0.0,20.0,393.94208,16.032928,8.455063,1.7977858,13.421535,0.08746165,0.2569908,0.08436363,0.0029153554,0.17579672,0.18460494,0.017362295,0.050497085,0.0018727201,0.16736725,0.08518768,0.30029362,0.20030357,0.035437968,0.005050228,0.00062650535,0.009068163,0.15995061,0.08158239,0.289004
35201756,0.0,25.0,0.0,0.0,20.0,1.6672354,12.235818,4.1229324,11.03205,16.778383,0.1978822,0.026805546,0.017383665,0.011335096,0.061416768,0.110223204,0.08100891,0.24077404,0.17240898,0.17610629,0.018098041,0.04886319,0.16264276,0.16457582,0.06581603,0.057713073,0.04154919,0.22107583,0.081289135,0.24069288
35200521,20.0,10.0,0.0,0.0,0.0,31.306934,6.1338716,14.081119,0.924676,1.8515097,0.06384131,0.40471712,0.1381653,0.30067506,0.008025262,0.07971839,0.096797645,0.29824546,0.16501272,0.104061306,0.021705821,0.060360286,0.16829179,0.03939389,0.019574542,0.048611507,0.16818854,0.03180812,0.017043298,0.050672986
35200377,75.0,15.0,0.0,0.0,0.0,144.81207,5.4207296,3.164654,0.8863099,1.6053973,0.040109523,0.6243806,0.021315912,0.30002812,0.033126123,0.045198165,0.08411902,0.25201857,0.16275463,0.075940944,0.016618239,0.057755616,0.19361068,0.0054031657,0.0033922526,0.00970233,0.16809961,0.019952225,0.016073244,0.04806353
35201383,10.0,0.0,0.0,60.0,0.0,3.209385,0.0,2.8037703,76.83926,0.5539171,0.04474981,0.028782059,0.11645151,0.24990262,0.19517946,0.050119765,0.003382352,0.010056581,0.1675932,0.10160226,0.001199404,0.050416674,0.03959641,0.35256097,0.19607244,0.24200244,0.16653842,0.018917447,0.016815037,0.050345786
35203882,0.0,0.0,0.0,0.0,0.0,0.7158236,0.4675176,0.5171168,1.4775751,0.60230863,0.23579195,0.039968554,0.07237963,0.030829094,0.27569577,0.07333244,0.021922369,0.014625509,0.22484866,0.06231416,0.027970297,0.025378998,0.18593967,0.05130454,0.08087899,0.05844035,0.25377655,0.051611796,0.017876916,0.021398708
35202072,0.0,0.0,0.0,0.0,0.0,4.630509,3.975351,29.093645,2.4598885,1.4716604,0.22000766,0.18240663,0.07802153,0.06808948,0.19634451,0.05766409,0.022152595,0.05227851,0.1784173,0.17383368,0.030559756,0.06339812,0.20682192,0.086090185,0.02895023,0.0051508537,0.17662576,0.06147918,0.020365193,0.051866934
35204610,10.0,10.0,10.0,0.0,0.0,23.17301,21.584688,17.480614,1.146786,6.3481264,0.010797251,0.28705743,0.08469052,0.29065287,0.00787622,0.37791738,0.08102953,0.290547,0.007251308,0.12602955,0.08127497,0.29057583,0.19293831,0.003152729,0.0066244244,0.011647707,0.16815577,0.017533693,0.016496858,0.0486662
35203615,160.0,10.0,10.0,0.0,15.0,134.63155,3.2856393,3.0537868,0.0,2.886955,0.16462384,0.31581676,0.258357,0.301134,0.045122262,0.054873426,0.08191707,0.2431618,0.036128487,0.044655792,0.084790766,0.25041756,0.16395453,0.054463275,0.04258388,0.057983186,0.041108496,0.025646877,0.08160701,0.24266563
35204969,0.0,0.0,0.0,0.0,0.0,18.464396,22.630949,416.0327,11.2459545,5.288109,0.19243136,0.13113931,0.008603326,0.050808392,0.20308083,0.20094271,0.0036791586,0.050350383,0.20791334,0.26274678,0.025716336,0.059323013,0.19711855,0.0294326,0.009735595,0.012679103,0.17416894,0.0711698,0.0013788617,0.049290195
35200889,135.0,0.0,10.0,15.0,0.0,100.01196,2.1719842,4.990206,3.1577792,0.0,0.15685506,0.25302804,0.17178369,0.28848368,0.16456163,0.06535414,0.017260607,0.060059972,0.0093279015,0.100324176,0.09818907,0.29065898,0.040345848,0.029431108,0.08207427,0.24010912,0.19409074,0.033547163,0.003508646,0.009844214
35200370,95.0,15.0,15.0,0.0,0.0,57.939095,8.889738,6.827085,0.9106922,1.832345,0.13875422,0.28604656,0.10418018,0.25259674,0.013133811,0.09909598,0.097286314,0.29056835,0.037605435,0.082144834,0.084861554,0.25019872,0.16289884,0.04416356,0.038611494,0.059795324,0.20018165,0.02648813,0.0013566028,0.0025169076
35200439,0.0,0.0,20.0,0.0,10.0,10.478352,12.64443,32.18811,3.3429928,13.059658,0.18225554,0.06448996,0.04005475,0.05247963,0.18451674,0.07955593,0.0036452021,0.050807264,0.010378539,0.3487508,0.105382726,0.30187556,0.19487743,0.031768654,0.016724933,0.012729741,0.044960145,0.16479394,0.08224441,0.24203616
35204365,10.0,10.0,0.0,0.0,0.0,3.6500943,3.579687,0.9421453,1.1676077,0.8676237,0.053752694,0.10567568,0.1432532,0.25464588,0.08571804,0.08889678,0.10732836,0.26050955,0.19418928,0.1403678,0.04792528,0.072197616,0.21130398,0.042420298,0.023434138,0.008526504,0.22033548,0.08899504,0.010374718,0.008573417
35201282,0.0,10.0,0.0,0.0,0.0,1.1464165,4.573192,0.78699887,1.7162253,0.045871586,0.23488775,0.15152016,0.0631727,0.024521332,0.09105851,0.10164654,0.09627463,0.26233906,0.1796487,0.052275456,0.033317603,0.07189317,0.21175155,0.059491266,0.060031485,0.008466176,0.22775373,0.04029293,0.014911436,0.024973169
35204728,10.0,45.0,10.0,0.0,145.0,10.5768795,32.051773,25.33573,14.081963,204.27863,0.045330793,0.026000896,0.0880014,0.24520732,0.021851514,0.20494072,0.019496037,0.29190567,0.04787627,0.21380347,0.086583376,0.24365142,0.20228,0.0126103,0.0051613315,0.0012520038,0.043213125,0.4327495,0.0021375967,0.24353726
35204235,50.0,25.0,30.0,0.0,35.0,21.019873,33.485588,30.425646,3.9340298,39.369884,0.010939014,0.049831726,0.029012363,0.29096285,0.042038944,0.24640134,0.08364649,0.25022784,0.042097535,0.13064145,0.081168726,0.2405189,0.16251713,0.074472904,0.061642736,0.05766128,0.04042514,0.22389907,0.080430076,0.24055928
35200519,15.0,0.0,0.0,0.0,0.0,7.9644537,0.95380014,3.6083617,1.5910088,0.8416138,0.13110921,0.104387045,0.19833992,0.24851686,0.19758648,0.12049973,0.0075051095,0.054174326,0.17529424,0.099105775,0.014148811,0.06613837,0.20750031,0.043136243,0.020194516,0.005679892,0.18511418,0.07765082,0.021603175,0.052705165
35204574,110.0,0.0,20.0,0.0,0.0,58.00466,2.3821902,16.858604,0.57238585,1.3396894,0.00868499,0.16619647,0.010163899,0.2998618,0.16555212,0.25939122,0.01626798,0.058124915,0.0049514477,0.22184162,0.10127504,0.29791328,0.16812149,0.00694444,0.016310127,0.048089966,0.16082951,0.12524362,0.016923722,0.05979726
35202419,10.0,15.0,0.0,0.0,0.0,6.156223,4.793661,1.6752533,1.1683519,1.0271107,0.15063511,0.14322972,0.22106385,0.2600516,0.07622968,0.068577595,0.088524155,0.24686256,0.21128507,0.058707044,0.016032519,0.018097226,0.21107072,0.05216465,0.028921286,0.004686148,0.22115311,0.042492982,0.007346688,0.006671439
35204516,10.0,0.0,35.0,40.0,0.0,3.5862622,1.4076058,24.280573,6.8085074,0.5639218,0.050773688,0.06932022,0.11086468,0.2540374,0.19839749,0.19384849,0.02563681,0.06088404,0.054001972,0.17159705,0.09518426,0.2540575,0.041155823,0.043018956,0.10195584,0.2432845,0.16779906,0.15624876,0.022081438,0.060394965
35201842,10.0,100.0,10.0,10.0,30.0,4.024549,60.03774,3.7716403,0.9941505,23.53219,0.05867736,0.085128605,0.103110716,0.24170136,0.058955178,0.28125393,0.00086545624,0.2409882,0.0366816,0.10128702,0.084590204,0.2506134,0.034634005,0.017159553,0.09218805,0.25023618,0.04290728,0.23099701,0.08079398,0.24124272
35200541,50.0,145.0,90.0,0.0,95.0,22.272821,129.44382,88.214005,3.4162726,67.8236,0.0075372895,0.03671729,0.0015847376,0.29010957,0.04139004,0.507495,0.0007815738,0.2420235,0.0079142125,0.23259267,0.017199429,0.29006383,0.20007148,0.011030197,0.0010430699,2.5872345e-05,0.04009392,0.16418001,9.6531185e-05,0.24011707
35200644,15.0,15.0,30.0,10.0,0.0,7.6753383,16.64409,3.8322484,1.1504729,0.6892949,0.051316295,0.14145999,0.15510286,0.29220328,0.03886172,0.32416818,0.082152866,0.28898475,0.014589347,0.06082107,0.0989375,0.28946203,0.041310914,0.02458599,0.089488596,0.2410619,0.21163335,0.054110825,0.0025927909,0.0028245323
35203266,15.0,0.0,15.0,10.0,10.0,12.67123,3.0258093,10.046889,1.7658939,2.7319126,0.10692966,0.2185432,0.17713866,0.25619096,0.21500207,0.06689653,0.0076001715,0.013466646,0.015025983,0.15296409,0.09167976,0.30238336,0.039240442,0.040620204,0.10323435,0.25121766,0.04819519,0.054654706,0.08274745,0.244214
35203980,10.0,30.0,30.0,170.0,15.0,13.730094,22.185898,33.737514,183.98447,16.53389,0.031331588,0.039691623,0.19966328,0.30074653,0.011809671,0.07417153,0.101918444,0.30108652,0.0069355215,0.16057506,0.08424526,0.30075577,0.043021537,0.28100923,0.19622068,0.25065273,0.041284833,0.03657073,0.082677744,0.24272054
35200413,25.0,0.0,20.0,10.0,0.0,21.079018,66.34933,29.30088,0.555202,3.536112,0.0069247824,0.040175334,0.096104965,0.28994706,0.16105215,0.529197,0.019368198,0.060001016,0.0012775832,0.18910152,0.099724725,0.29808348,0.0335395,0.0006427169,0.083235934,0.24969439,0.16673486,0.03906299,0.016650291,0.049939267
35203253,0.0,25.0,0.0,0.0,0.0,2.4035923,8.78723,0.1637018,1.4393109,0.2604043,0.2689541,0.08023556,0.11443542,0.02314227,0.10680489,0.07934433,0.09572298,0.257909,0.21327715,0.044273946,0.020041812,0.023422312,0.18177949,0.05286041,0.07331565,0.05484801,0.23028198,0.06453957,0.01594063,0.023088582
35201072,10.0,10.0,25.0,55.0,0.0,2.9189363,3.071805,4.153387,52.964264,0.35711586,0.047085155,0.04637064,0.13952415,0.2534547,0.013244815,0.1324847,0.09708283,0.2986967,0.005739106,0.06569014,0.1024006,0.3004876,0.04407764,0.25761488,0.16357917,0.24027993,0.19420335,0.028371561,0.0041302945,0.012672014
35203344,0.0,0.0,0.0,10.0,0.0,18.235083,5.867708,2.6789157,2.844585,1.1615609,0.29040146,0.13680685,0.12654236,0.018822331,0.21288848,0.113399625,0.007917874,0.015839567,0.1782805,0.08281118,0.0074370992,0.05351329,0.042107053,0.07810025,0.13053818,0.25351277,0.20873603,0.036180075,0.003940389,0.0028813607
35201112,10.0,0.0,10.0,0.0,0.0,4.4815364,0.4823247,3.3847194,1.8181638,0.7089474,0.09433125,0.09096932,0.1732255,0.26714903,0.21735892,0.12513345,0.013662637,0.058337353,0.023406262,0.08863488,0.11878063,0.31134042,0.2171541,0.045990057,0.033362005,0.006429036,0.21989007,0.045539916,0.013761841,0.0230091
35204229,55.0,25.0,20.0,0.0,10.0,79.376434,41.07256,21.024046,7.224266,10.612866,0.008461144,0.35871452,0.010520801,0.29828817,0.0110716075,0.36709544,0.0972591,0.29041216,0.009402281,0.04431551,0.097218476,0.28889775,0.19437383,0.00536907,0.0052478947,0.009845495,0.041250974,0.027392337,0.080731146,0.24057338
35203754,10.0,25.0,25.0,0.0,25.0,4.0816493,27.28789,17.005312,0.0,10.98113,0.018140443,0.07406458,0.09728815,0.24072939,0.04429972,0.30211377,0.08367888,0.25012234,0.0045651146,0.272395,0.098297864,0.30014956,0.20008224,0.009494101,0.001077755,0.00014669988,0.0020900585,0.12612465,0.09643675,0.2978505
35201874,0.0,120.0,10.0,15.0,10.0,0.52871996,75.94109,7.0903726,3.241395,6.500614,0.20334725,0.07435509,0.0068768514,0.0028326763,0.029152527,0.1970593,0.017066516,0.28826183,0.03896468,0.22335753,0.08512221,0.2500095,0.032707535,0.03977753,0.09349268,0.2516347,0.009162765,0.21156015,0.096434325,0.2883566
35201061,10.0,0.0,10.0,10.0,0.0,6.7324986,0.9665276,2.7003345,10.107284,0.37487912,0.03939778,0.13976492,0.15796211,0.30255878,0.17804432,0.06277698,0.020765318,0.06088349,0.040575385,0.056697343,0.08884676,0.25307164,0.038305506,0.2637142,0.19564965,0.25018993,0.19699678,0.014337564,0.004826368,0.011617358
35204880,30.0,15.0,20.0,0.0,0.0,30.320509,13.099737,13.190178,2.5665884,1.0113134,0.01844188,0.29402062,0.08927155,0.30016664,0.010653114,0.27298194,0.09711069,0.29044953,0.03880381,0.16369653,0.08574917,0.25173268,0.19883195,0.00825834,0.000769486,0.0020782135,0.1941721,0.025288964,0.0033471629,0.009708213
35203317,0.0,0.0,0.0,0.0,0.0,2.4156985,1.4928892,1.1518636,1.2371684,1.1330222,0.25170213,0.16212375,0.13843583,0.053556424,0.23666084,0.12128216,0.0032083082,0.004575289,0.2012969,0.037494104,0.003881009,0.01235555,0.17235394,0.09463275,0.05271727,0.049241137,0.21918857,0.026349938,0.005980751,0.013420331
35203630,85.0,0.0,0.0,0.0,0.0,97.351654,2.0523765,0.95014405,1.7553233,1.1387396,0.21224551,0.27576727,0.1634182,0.24621421,0.21587206,0.0400956,0.0044039795,0.002935113,0.20519821,0.027693678,0.005647609,0.0050921575,0.19724815,0.02158401,0.016595716,0.01169622,0.21087858,0.014780251,0.0035955566,0.0042949524
35204135,60.0,30.0,55.0,75.0,20.0,70.88223,37.167965,29.823168,14.963875,9.276604,0.06956062,0.29170153,0.034782954,0.25368094,0.041414287,0.23846713,0.084511705,0.25046986,0.037532955,0.09618202,0.006455074,0.2527376,0.041441333,0.050572157,0.0063619167,0.24107368,0.035663996,0.024837421,0.08417777,0.25047997
35201675,10.0,0.0,0.0,25.0,0.0,11.709928,5.761616,12.921391,6.8566318,0.5153382,0.08268629,0.28266945,0.18441588,0.29895005,0.17031412,0.19057299,0.017013503,0.05851543,0.16620597,0.061977185,0.01766247,0.05873223,0.039672494,0.052740183,0.08838859,0.2427184,0.19697404,0.015247728,0.0041764155,0.010549777
35200969,35.0,10.0,10.0,70.0,0.0,31.06771,3.3460922,2.2847576,44.06311,0.76020265,0.121285886,0.15770072,0.2683017,0.30103517,0.016981013,0.04009504,0.09702249,0.28914714,0.010032039,0.03328469,0.09772563,0.29059494,0.036136605,0.17168106,0.085166626,0.25185832,0.17044795,0.013429847,0.017011143,0.04926441
35204652,60.0,80.0,10.0,10.0,10.0,49.355244,61.02094,6.2733555,1.5012349,0.77960443,0.07174122,0.23676212,0.027369501,0.25044587,0.0458969,0.2345841,0.0011285222,0.25015882,0.045571752,0.16345121,0.08656201,0.25214553,0.039730657,0.022499371,0.082474746,0.2427486,0.03575468,0.04864494,0.0805229,0.25014836
35201744,20.0,45.0,65.0,30.0,20.0,8.379924,21.763515,94.251526,4.0531063,2.9484856,0.03148223,0.080929145,0.11441669,0.29770508,0.03452287,0.14321773,0.003470737,0.25201252,0.003680768,0.4740189,0.019953959,0.29813656,0.008072012,0.010227604,0.09642285,0.288023,0.038828447,0.023970973,0.08070518,0.24197052
35201807,0.0,0.0,0.0,10.0,10.0,1.6621569,19.748724,4.7691116,5.112462,2.629126,0.21099424,0.10038994,0.0799302,0.05527667,0.2068771,0.14496809,0.024976997,0.061669383,0.17651084,0.06658729,0.02252812,0.053080693,0.03799647,0.10644393,0.16180459,0.25307897,0.0548256,0.061071817,0.08760313,0.24788304
35203190,55.0,20.0,0.0,0.0,0.0,43.512028,13.606712,9.253723,1.1001682,0.7760385,0.08128034,0.21490695,0.04220255,0.2513005,0.047559686,0.1748082,0.081444584,0.25036973,0.16651855,0.16796753,0.022876956,0.06080072,0.1997418,0.06206893,0.006578748,0.0029461067,0.1707879,0.052820757,0.01693127,0.048953902
35200708,20.0,0.0,0.0,0.0,0.0,6.4953923,0.5103309,0.92587584,1.6366236,0.9026404,0.057122532,0.07578563,0.19408141,0.30397192,0.23979667,0.095886976,0.037288923,0.061345708,0.22082728,0.06266973,0.026967276,0.024699869,0.21511097,0.035764493,0.036018334,0.007895998,0.24844521,0.059657943,0.01577958,0.01456839
35202800,0.0,0.0,10.0,15.0,0.0,0.34077737,0.8734114,2.163279,4.364293,0.105480134,0.23483197,0.06956616,0.06935694,0.018797759,0.24248928,0.095755704,0.030171894,0.062355842,0.055295154,0.051118124,0.10345249,0.2642715,0.053991713,0.07646108,0.17132787,0.24521026,0.231644,0.051601652,0.016797563,0.017548641
35204096,25.0,20.0,15.0,15.0,10.0,15.3222885,37.00523,13.3271055,1.9891036,5.924623,0.009322495,0.045458652,0.09769417,0.2890461,0.005168173,0.54942346,0.083907686,0.29838172,0.010118506,0.124430284,0.09736782,0.28873348,0.040456887,0.003731818,0.08103844,0.24025232,0.008681951,0.09315222,0.080438845,0.288713
35201750,0.0,0.0,0.0,15.0,10.0,5.4537706,20.537134,20.934612,9.284388,5.1633234,0.16537808,0.027278505,0.016798811,0.05957551,0.19450724,0.23687577,0.017862627,0.05043129,0.1727451,0.159145,0.017754426,0.0484147,0.033220965,0.14750892,0.14550936,0.25162905,0.009861927,0.10632516,0.09795877,0.2890378
35202553,10.0,0.0,430.0,0.0,0.0,4.1700354,2.1989853,381.53473,1.8127214,2.0137014,0.026388466,0.04271144,0.11976247,0.28970686,0.20065682,0.21994393,0.0015286207,0.010840993,0.1418971,0.3445699,0.10884387,0.0132933855,0.20150752,0.012137239,0.004047531,0.0011423242,0.19706833,0.055140086,0.0043483465,0.010542909
35200663,10.0,0.0,0.0,0.0,0.0,3.45064,0.7016044,0.6046389,1.7240899,0.67396533,0.042268895,0.07644586,0.15623613,0.3137991,0.2647879,0.10340384,0.015961306,0.022652026,0.18027967,0.07345857,0.036080074,0.07241809,0.20988372,0.055272877,0.06672807,0.013854386,0.22758311,0.065826684,0.017719548,0.027837144
35202408,10.0,10.0,40.0,0.0,0.0,5.9178915,4.8338866,69.25232,2.7768354,2.2888787,0.03026907,0.051283956,0.12442665,0.29203647,0.016201736,0.065532476,0.09774198,0.28937587,0.045184113,0.53420305,0.08431704,0.24363324,0.20222297,0.018377397,0.005876041,0.00093960087,0.20424864,0.038072105,0.0014820737,0.0013362521
35203183,10.0,10.0,0.0,0.0,0.0,2.1732752,3.6102214,0.6694184,1.2596407,0.5763253,0.04876666,0.05573978,0.18479016,0.30139583,0.09161642,0.0833582,0.09207284,0.25920853,0.18565238,0.066605665,0.03396028,0.057637565,0.18371873,0.09903753,0.12788907,0.05071161,0.21035343,0.06819599,0.013225149,0.02097286
35200213,175.0,10.0,0.0,0.0,10.0,194.63483,6.692729,3.4574287,1.3408488,4.875754,0.17213252,0.30396628,0.21951418,0.2885882,0.01427081,0.11799602,0.08028089,0.2882489,0.16791843,0.060444757,0.017245809,0.05020011,0.16718471,0.020706588,0.019573731,0.050101753,0.009013665,0.07476275,0.09631318,0.28833914
35202623,20.0,20.0,0.0,0.0,10.0,31.349531,7.964383,1.6282127,0.0,1.816547,0.05991087,0.5275554,0.11077871,0.29807928,0.008769689,0.11218099,0.08017802,0.28841388,0.16194251,0.058647595,0.0034992122,0.058029935,0.20005687,0.0070182895,0.00034842276,1.3893955e-05,0.008120449,0.03480668,0.08002765,0.28803512
35201035,10.0,0.0,10.0,0.0,0.0,18.680952,22.426067,12.314926,1.3355145,2.4290953,0.034879554,0.39375618,0.12557721,0.29906532,0.17071149,0.11075954,0.016853878,0.057984427,0.009125794,0.15349896,0.10238867,0.29823682,0.1686096,0.02814718,0.018681047,0.04843164,0.20285316,0.020234423,0.0006519987,0.0006869603
35204714,20.0,100.0,45.0,0.0,340.0,23.682806,111.560455,46.55519,0.0,259.93634,0.023328763,0.11632833,0.11651379,0.2912479,0.04488322,0.30909067,0.0015288063,0.24269472,0.0040256926,0.22768223,0.018857375,0.30048847,0.16784947,0.009373619,0.020650098,0.05024549,0.009681472,0.23768461,0.016572637,0.048861705
35204811,120.0,30.0,125.0,0.0,10.0,59.065468,37.03309,144.00139,1.7384655,11.832229,0.0069942125,0.10606033,0.040295716,0.30015668,0.0031333081,0.20918234,0.100403816,0.3002185,0.005526772,0.32918167,0.019806381,0.30017465,0.16860797,0.057356097,0.03924648,0.050132725,0.008280604,0.047571227,0.09654138,0.28854692
35200186,260.0,25.0,0.0,0.0,35.0,155.95535,32.827103,11.457493,0.0,17.715897,0.031719785,0.29201865,0.064364485,0.29840055,0.03641521,0.27540278,0.08417129,0.25206697,0.16199173,0.18088657,0.020761903,0.05986916,0.16690199,0.015580645,0.017187813,0.05004878,0.033830486,0.110078186,0.08399128,0.25040343
35202018,0.0,0.0,10.0,0.0,0.0,1.6548544,7.175749,4.625506,0.9697091,2.2807128,0.22784758,0.07951985,0.062437575,0.007207269,0.2184564,0.2006207,0.020377867,0.052645817,0.04798224,0.07865309,0.08545526,0.2452786,0.19799006,0.09738065,0.049036007,0.011239066,0.21086353,0.10013318,0.0053481404,0.0063708336
35204565,25.0,135.0,190.0,10.0,25.0,19.616255,225.46811,180.77194,2.7457108,13.018645,0.00941966,0.026170723,0.10790521,0.29069096,0.0026551299,0.53603435,0.019416569,0.29973936,0.0011769803,0.27927884,0.020483758,0.30009753,0.008815528,0.051527143,0.11271584,0.288056,0.038840685,0.013053337,0.08082607,0.24253441
35202325,0.0,0.0,0.0,0.0,0.0,1.3793272,0.3700161,0.88408446,1.4514029,0.4261125,0.23147067,0.1095748,0.03578707,0.0073276814,0.243008,0.26149052,0.006041085,0.0045989845,0.21660325,0.13844551,0.01328153,0.013114109,0.16974334,0.030148141,0.028629184,0.052271374,0.21104124,0.060826253,0.0034734965,0.003255031
35204287,20.0,20.0,85.0,10.0,85.0,6.731107,24.493427,36.131935,0.0,53.13462,0.019010633,0.0335798,0.11481696,0.2934441,0.044721313,0.31166768,0.08274374,0.25166926,0.005441171,0.17185159,0.024016982,0.30228034,0.043433733,0.010470424,0.08669262,0.24128723,0.04401037,0.18895662,0.0027876266,0.24461113
35202614,45.0,0.0,0.0,0.0,0.0,89.90515,1.6224043,0.95292455,1.2900821,0.687212,0.04400211,0.6399456,0.012773457,0.29965878,0.16225676,0.08536598,0.019452415,0.058082674,0.1619278,0.014253907,0.01944813,0.057780173,0.19887587,0.0021622619,0.0010527833,0.0019693398,0.1682566,0.0057620816,0.016146429,0.048114974
35203881,0.0,0.0,20.0,0.0,0.0,4.872429,2.5629313,37.633896,1.2507715,0.8940754,0.16390052,0.048759013,0.019802732,0.048194986,0.17018978,0.10228801,0.016814915,0.05003032,0.0039488547,0.57001185,0.100751214,0.30005643,0.20002899,0.0064906124,0.0002946448,3.4288518e-05,0.16044965,0.06290794,0.019301575,0.059573285
35202456,85.0,0.0,0.0,0.0,0.0,69.39385,3.6706543,3.7569418,1.0500023,1.6794055,0.18962915,0.17949665,0.1712284,0.2409665,0.16924176,0.11062415,0.0036508634,0.057793148,0.16920453,0.08025963,0.017700566,0.050231148,0.16699076,0.025252711,0.020122822,0.05044896,0.16276771,0.06487152,0.01956848,0.057857107
35203745,45.0,85.0,25.0,0.0,125.0,12.978402,72.349396,23.83814,0.0,59.37627,0.008694142,0.05821055,0.032332543,0.30055475,0.038275577,0.26027378,0.0041882833,0.2521813,0.009003596,0.23126757,0.09821158,0.29063433,0.16766605,0.054895468,0.039147284,0.05004101,0.039462518,0.13700418,0.0010051631,0.2423469
35200691,0.0,10.0,0.0,0.0,0.0,1.2704765,3.8560898,0.8531564,1.8390137,0.083274096,0.23574345,0.12970099,0.10667488,0.07220499,0.039547257,0.08806179,0.10848879,0.30677179,0.18440609,0.089497924,0.029540872,0.05800603,0.216578,0.06761431,0.05926856,0.0041763554,0.21623625,0.03970466,0.010038014,0.008845583
35202447,55.0,0.0,10.0,0.0,0.0,30.183922,2.4715986,2.8286202,0.7068769,1.0299678,0.17958939,0.19099729,0.19228591,0.25229862,0.2184413,0.09555998,0.0016875907,0.0014938232,0.044753894,0.037064843,0.08321869,0.24349028,0.19636229,0.03949128,0.016996786,0.01035133,0.20823827,0.033846945,0.0023627998,0.0035601666
35201839,0.0,0.0,0.0,10.0,0.0,1.7604325,18.009129,28.22745,1.7370608,3.167759,0.21426107,0.07485895,0.05016131,0.058300268,0.27963346,0.146177,0.012889414,0.0045332843,0.2258037,0.12279089,0.01621482,0.0053657754,0.043184187,0.04318583,0.11313786,0.24483399,0.21736422,0.08622835,0.011100526,0.007026554
35203604,10.0,130.0,90.0,0.0,65.0,8.497685,97.937225,79.7363,2.5902276,51.473286,0.0139438035,0.06793224,0.08697968,0.29074192,0.009559063,0.22443058,0.016910143,0.29009438,0.007993386,0.26826167,0.0013976604,0.29055,0.16828866,0.010467553,0.0012743671,0.048215028,0.007141892,0.20730324,0.016838994,0.29009685
35201617,0.0,0.0,0.0,0.0,0.0,5.5619144,28.289743,9.167749,4.0623245,6.4068584,0.18391931,0.182431,0.041225754,0.061086845,0.21732152,0.30762967,0.0045294133,0.012264117,0.205225,0.13877688,0.0072637387,0.012346976,0.1685575,0.036970913,0.020157047,0.049003556,0.2030832,0.031403057,0.0018755123,0.0029657912
35201019,10.0,0.0,10.0,20.0,0.0,2.793789,0.0,1.888142,14.413145,0.14177455,0.047496133,0.06635165,0.1890538,0.30716872,0.20684862,0.066805035,0.025149427,0.0621466,0.013405697,0.054543752,0.107271165,0.30186227,0.015972828,0.15833122,0.23544194,0.29147774,0.2036131,0.045099523,0.010477928,0.01512336
35204930,0.0,0.0,0.0,0.0,0.0,12.754789,293.01892,46.29436,2.9538958,52.04172,0.19483946,0.2276318,0.012582588,0.050854504,0.19196437,0.32765582,0.0008855704,0.050410897,0.17919835,0.10192327,0.019782124,0.05124175,0.16857176,0.02376967,0.017755434,0.048920773,0.1712428,0.026733443,0.016754806,0.0509492
35202799,15.0,0.0,0.0,0.0,0.0,11.599172,32.099796,4.5992413,1.8270841,1.076184,0.04268703,0.07252404,0.17212047,0.31120452,0.19462678,0.0595689,0.00824416,0.057530414,0.1793688,0.14967848,0.02079939,0.06526173,0.18133645,0.12974225,0.114337064,0.060361784,0.17761691,0.032255713,0.02409749,0.054991294
35200963,0.0,0.0,0.0,20.0,0.0,0.76685435,1.0368645,0.8808839,22.285675,0.46854737,0.21117939,0.036421504,0.055496566,0.012823134,0.21435302,0.056498185,0.005808736,0.013105403,0.19969189,0.058831215,0.0073902053,0.010972959,0.011352983,0.26132038,0.32409415,0.29071334,0.17258278,0.031290583,0.018591125,0.05038185
35203301,10.0,20.0,65.0,0.0,20.0,7.976242,24.226923,50.749905,2.3808768,22.682459,0.0172377,0.07056199,0.08940693,0.29042903,0.01467485,0.26738268,0.09643859,0.29009438,0.03586059,0.20712583,0.0057272394,0.25224584,0.19997834,0.016233848,0.0014351002,0.0006123912,0.03439039,0.20134279,0.08353837,0.24985635
35200269,135.0,15.0,35.0,10.0,0.0,49.820915,13.955966,52.99123,1.5529429,5.836001,0.0124236075,0.107761964,0.0397842,0.30080312,0.048364896,0.103831455,0.08747284,0.25226983,0.04527747,0.42754716,0.08608149,0.24494678,0.043024685,0.00850262,0.08721002,0.24158023,0.20969824,0.054082215,0.0031590662,0.0029151735
35204918,0.0,0.0,0.0,0.0,0.0,102.785545,28.825815,25.882072,4.427046,4.3276863,0.21065384,0.15829207,0.015283093,0.0037898745,0.21006604,0.39268923,0.0060669994,0.012479564,0.1722363,0.10724899,0.020917121,0.052881733,0.17080566,0.017146356,0.03428553,0.04905295,0.2065088,0.02508227,0.0033924049,0.0035303808
35200379,85.0,10.0,0.0,0.0,0.0,68.17589,8.467708,1.4418912,1.1226332,1.0971811,0.11303111,0.18147533,0.13239554,0.29826996,0.005492652,0.22648874,0.09712892,0.29989186,0.1644789,0.09002355,0.020605661,0.058114007,0.16853018,0.019854628,0.01716902,0.048249476,0.16275544,0.048701756,0.01646438,0.0579826
35200516,0.0,0.0,10.0,0.0,0.0,5.2594395,1.874881,3.1881042,1.4965826,0.54492974,0.2795486,0.16855381,0.15065485,0.014707171,0.21839936,0.08750601,0.005323611,0.011814403,0.039499156,0.0470766,0.0853048,0.2514986,0.17213444,0.109543994,0.06874736,0.050755545,0.17130603,0.03547345,0.021353787,0.06036228
35202951,0.0,0.0,0.0,0.0,0.0,4.043007,1.0271821,0.9383887,1.6828177,0.6088513,0.23769626,0.14340729,0.11717023,0.06978562,0.24209148,0.09554194,0.009298395,0.007715294,0.20573466,0.11552261,0.031853832,0.00789096,0.21015845,0.03836999,0.022154327,0.0034665237,0.22543928,0.042907756,0.0061022025,0.008908635
35204518,10.0,10.0,25.0,25.0,0.0,4.2244368,5.290045,30.572231,2.2778227,1.4440552,0.008934079,0.065162405,0.111573,0.30280358,0.054814342,0.13731991,0.08325828,0.2445349,0.038966537,0.4321741,0.08817731,0.25450978,0.04198452,0.013842155,0.09336816,0.2427778,0.20556001,0.05960162,0.0035630316,0.0055739298
35200822,0.0,10.0,0.0,0.0,0.0,3.536134,6.802947,0.58198774,1.76371,0.0,0.18484755,0.1572541,0.047164097,0.06141163,0.029783249,0.19267996,0.10331303,0.2998002,0.18559407,0.20258021,0.02273356,0.050859816,0.20308456,0.054143555,0.012696721,0.0014310289,0.21075825,0.042014204,0.0036930959,0.0035093687
35204576,25.0,0.0,10.0,0.0,10.0,23.45863,0.76571083,2.4087799,0.0,2.286793,0.09897664,0.19837901,0.22241053,0.30226734,0.19821149,0.13760121,0.020481003,0.05313485,0.044412144,0.04100217,0.090354405,0.25327325,0.1992794,0.04287837,0.031565286,0.011051104,0.05297725,0.03819174,0.08454785,0.24598677
35204952,0.0,0.0,0.0,0.0,0.0,5.242049,9.4177885,39.839424,20.46751,5.479069,0.19477583,0.07164557,0.04484889,0.057979822,0.16744994,0.060541645,0.016282504,0.05770015,0.19774522,0.49701706,0.0055118715,0.010095955,0.19360538,0.06199026,0.007695,0.010039455,0.1619027,0.047404982,0.01943712,0.05769127
35203143,0.0,0.0,10.0,10.0,0.0,0.7852894,1.8045399,2.7761314,2.7543213,0.27477124,0.18674298,0.1277235,0.056128744,0.067348994,0.27188924,0.13328482,0.026481075,0.061561424,0.051064268,0.05629099,0.092474684,0.25593147,0.044616334,0.07162697,0.17704904,0.24107884,0.1857525,0.035181176,0.023786666,0.07126903
35203448,35.0,25.0,70.0,0.0,40.0,18.6104,16.385536,56.373398,0.0,16.319557,0.007164554,0.122176304,0.10522847,0.29982582,0.035256427,0.18609177,0.083389804,0.25159788,0.0032852185,0.38800532,0.020838672,0.2996588,0.19372356,0.0069251955,0.003740065,0.009688104,0.040587764,0.07476531,0.08013746,0.24014033
35204470,20.0,235.0,70.0,0.0,0.0,25.6932,423.913,71.26572,3.486877,14.912078,0.0047100135,0.08914689,0.10330678,0.29824963,0.009048681,0.58865255,0.00030584133,0.28853896,0.0009814217,0.24343428,0.0037997966,0.30009782,0.1935699,0.0019380647,0.0041300226,0.010049107,0.16193652,0.056534655,0.0033145633,0.009772367
35200813,20.0,0.0,0.0,0.0,0.0,30.384607,3.3426034,2.8954747,1.4550415,1.4240211,0.13230261,0.36781758,0.17514145,0.30028203,0.16233945,0.06456378,0.02017554,0.060125973,0.16202864,0.08360278,0.0042157443,0.06015939,0.19400473,0.036619835,0.009368333,0.010085357,0.162199,0.013254596,0.019401848,0.057794876
35203072,0.0,30.0,0.0,10.0,15.0,2.0385542,44.188602,14.501393,0.47676024,8.31099,0.16654724,0.06652972,0.013122742,0.059734974,0.015413279,0.41705847,0.09689837,0.29041877,0.19349098,0.15840334,0.00435502,0.011994331,0.03338632,0.004762976,0.08353223,0.25001287,0.0069548576,0.15761869,0.0968753,0.29010797
35202548,25.0,0.0,10.0,0.0,0.0,26.009155,28.789413,8.28294,1.2697159,1.1840364,0.09393181,0.17522395,0.139109,0.24505588,0.22869535,0.16100302,0.0072243037,0.012155589,0.030092016,0.117090285,0.106110014,0.29164797,0.20254213,0.064987816,0.018706001,0.0039315745,0.20862019,0.0475208,0.0036047096,0.0037163752
35202997,10.0,15.0,0.0,15.0,0.0,2.1096551,18.759449,1.9682387,0.61249644,0.79498726,0.003680645,0.04629274,0.1030283,0.29848242,0.01536844,0.38193235,0.08434136,0.30000585,0.1651671,0.24103017,0.0055495137,0.060152266,0.0018273543,0.012984917,0.10282463,0.29767275,0.16865656,0.111841835,0.01641862,0.048629876
35202798,10.0,10.0,0.0,0.0,10.0,2.8256235,4.6068287,1.3877046,0.2929386,2.2773576,0.07460417,0.06025406,0.13236292,0.2549435,0.09713349,0.10794712,0.09328764,0.25001833,0.22746892,0.07492401,0.029282197,0.010867439,0.21286058,0.10899331,0.09780266,0.015602009,0.058641337,0.036674794,0.0927289,0.25162908
35200868,25.0,0.0,10.0,0.0,0.0,50.532967,19.303846,4.49576,5.2555857,2.000017,0.04394861,0.5532326,0.11672662,0.29872072,0.16927215,0.080179185,0.016560288,0.050340496,0.0014737729,0.04863326,0.084860355,0.30046934,0.16870806,0.0068521267,0.017396163,0.04826509,0.16887473,0.039493322,0.00056230073,0.048929546
35203467,10.0,10.0,25.0,10.0,35.0,8.131716,7.320404,6.6250715,0.0,15.945941,0.053327568,0.22643125,0.1467001,0.3059882,0.06844513,0.10499267,0.08970671,0.25352234,0.04717296,0.071788445,0.09278836,0.25501776,0.044196762,0.021378707,0.09617104,0.2426919,0.047826186,0.13314444,0.08804624,0.25412095
35204861,55.0,0.0,35.0,0.0,20.0,80.37121,45.63441,39.97965,3.3605201,10.250753,0.039052226,0.35753927,0.0061403527,0.24964106,0.19416821,0.21274565,0.0033654608,0.010006424,0.0010857213,0.19635078,0.10020668,0.3000148,0.20000656,0.0018648044,5.979042e-05,7.785966e-06,0.032100916,0.020631425,0.083862156,0.2519159
35204757,10.0,0.0,0.0,0.0,0.0,5.1560216,6.866872,2.5840187,1.5912027,0.8670485,0.05309453,0.08887199,0.14973013,0.29275593,0.20852724,0.04076814,0.0019385656,0.012926126,0.20235111,0.09632021,0.010655536,0.01086226,0.20046014,0.2783686,0.104802564,0.010368284,0.1946909,0.025623232,0.005501975,0.012963952
35200232,45.0,25.0,150.0,0.0,20.0,13.549972,21.196388,90.2674,1.336867,9.992052,0.0028852078,0.07995862,0.0072233886,0.3001516,0.010190657,0.249762,0.08095149,0.29044914,0.012924053,0.477583,0.027948685,0.29824787,0.19355424,0.014048003,0.007848682,0.010022969,0.008013539,0.10259006,0.08024085,0.28848532
35200967,10.0,0.0,20.0,95.0,0.0,2.4650943,0.323408,5.034502,108.67836,0.4625996,0.0507409,0.033279605,0.13304594,0.2548548,0.16977455,0.022970991,0.021791315,0.061442625,0.03785186,0.061970763,0.08665765,0.2516233,0.044920534,0.27069867,0.29339686,0.24084462,0.20337218,0.011089502,0.002094028,0.0018006727
35201167,0.0,0.0,10.0,30.0,0.0,2.595708,2.0565355,1.7495509,21.820995,1.0499067,0.25599933,0.121239156,0.1567951,0.05263826,0.21406537,0.038073454,0.0013122626,0.0013714151,0.013395768,0.036923263,0.09866961,0.28960526,0.045354992,0.1686276,0.20223333,0.24234253,0.20417963,0.024034094,0.0017589392,0.0017990111
35200200,55.0,10.0,10.0,0.0,0.0,99.171196,6.461538,6.082752,6.1159534,19.530247,0.100045085,0.546859,0.040946104,0.25167087,0.056077782,0.03739611,0.082581595,0.24090806,0.04526323,0.031925432,0.08325519,0.24107607,0.16864532,0.011574514,0.022672666,0.04896802,0.20349745,0.018418435,0.002221779,0.0014075277
35202235,0.0,0.0,40.0,0.0,0.0,1.7241178,3.5527399,62.113136,2.8157277,0.64617324,0.16284984,0.02263062,0.017592276,0.0581649,0.16245851,0.07011998,0.0033995896,0.058020692,0.003638384,0.621943,0.08124509,0.29811597,0.1936677,0.021817472,0.0005354262,0.0096437875,0.16143379,0.055010207,0.0033769724,0.05802002
35203237,0.0,0.0,10.0,0.0,0.0,1.1874902,0.97690886,2.3685794,1.6564338,0.48704383,0.22608468,0.06949745,0.077608764,0.02280009,0.26988328,0.12039577,0.011329235,0.009475494,0.057049997,0.05670495,0.097250864,0.25040725,0.20880309,0.08417306,0.10051218,0.011791458,0.22339563,0.054826543,0.010727688,0.014889941
35200416,15.0,10.0,0.0,0.0,0.0,21.942745,2.774217,0.7331721,1.2712803,0.94283533,0.106105246,0.4007664,0.18793508,0.3017194,0.044484086,0.049686223,0.08522353,0.25255382,0.16438234,0.02825843,0.021837648,0.060561355,0.16358352,0.04903231,0.048427697,0.058381528,0.20179737,0.01455597,0.0022475007,0.0031886818
35202342,65.0,10.0,10.0,0.0,0.0,53.576843,13.7643585,3.0937548,1.2446096,0.9066449,0.05505932,0.2500407,0.014002136,0.25023776,0.041419998,0.40181673,0.08025228,0.25010112,0.037536364,0.06613387,0.08437337,0.25032017,0.19376338,0.012416974,0.0037047288,0.009820933,0.19470887,0.01727963,0.0034549565,0.010290512
35203144,0.0,10.0,0.0,0.0,0.0,0.6901417,5.228568,17.644426,1.5086628,0.0,0.16877909,0.024376187,0.034627043,0.06235381,0.04783549,0.07315022,0.081913956,0.25152233,0.20076826,0.54652244,0.0052395626,0.013085945,0.19630472,0.037127353,0.023278637,0.0120873805,0.19564281,0.031161658,0.004880256,0.0110136615
35202996,0.0,0.0,0.0,15.0,0.0,26.50186,11.863997,4.5408716,10.726415,3.4382174,0.2686674,0.22787806,0.10120022,0.003996221,0.20834152,0.037612636,0.0017161026,0.0030641535,0.20312673,0.06772872,0.0025215647,0.0025524513,0.0043905647,0.18271352,0.16844468,0.29835021,0.1957672,0.015870517,0.0041579204,0.010479536
35204531,0.0,0.0,0.0,0.0,0.0,2.563617,1.8022542,5.714338,1.8274747,0.9777088,0.18422583,0.03881503,0.050655533,0.07514392,0.23882425,0.12617564,0.042966034,0.07015704,0.20351596,0.11528182,0.031635348,0.059895247,0.2120901,0.035681576,0.037060168,0.008032051,0.20430993,0.08942546,0.0355312,0.06549256
35204816,70.0,45.0,30.0,10.0,25.0,31.365236,78.66749,28.387705,0.0,9.352893,0.0027043077,0.059527583,0.008049236,0.300162,0.010128286,0.54144573,0.017496176,0.29045412,0.009286828,0.14690897,0.097249284,0.28899056,0.008605124,0.0018544185,0.09744253,0.2883163,0.041953657,0.029553063,0.08063483,0.24058448
35200300,120.0,85.0,155.0,0.0,0.0,39.712193,99.35139,208.53224,2.4828124,6.7936854,0.042371333,0.07570788,0.0031275796,0.24076064,0.042623952,0.35933656,0.0012183778,0.24249636,0.03646788,0.429162,0.0053039077,0.25058284,0.1941618,0.0038489373,0.0068574296,0.0098110065,0.20130943,0.06794569,0.0006813334,0.00070697936
35202999,10.0,0.0,20.0,0.0,0.0,9.417782,2.8651721,4.683791,16.771511,3.697201,0.053729743,0.13318622,0.15730642,0.30102566,0.17211078,0.121735975,0.0203677,0.060694195,0.039398357,0.076440364,0.08738768,0.25249314,0.19604136,0.23697203,0.050979026,0.010060321,0.19483335,0.023265082,0.004712659,0.012680732
35204940,0.0,0.0,0.0,0.0,0.0,10.278198,13.545826,217.73215,8.462334,3.2521214,0.21914274,0.07113883,0.032810725,0.004344866,0.2305204,0.09822996,0.003596488,0.0025604132,0.1836258,0.33169392,0.021779815,0.05068841,0.19654706,0.14098677,0.02049857,0.0106195,0.1952124,0.01874428,0.004671522,0.012500406
35202153,0.0,25.0,95.0,0.0,0.0,1.7990996,10.31856,159.43468,0.36603183,1.4317611,0.20754808,0.036424592,0.023442473,0.013957504,0.048623122,0.09287743,0.08186128,0.24154311,0.042173743,0.55087686,0.006761985,0.24157892,0.20203179,0.008078884,0.0044313264,0.0006933287,0.20508856,0.037247695,0.001220755,0.0017817497
35203402,0.0,0.0,95.0,0.0,25.0,2.8911877,22.195082,80.729935,2.1645572,11.44473,0.16215068,0.041737385,0.022831153,0.060582913,0.17220329,0.15611011,0.01669973,0.0489116,0.013729167,0.4844479,0.021008508,0.29094076,0.1684063,0.006379422,0.018704196,0.04855887,0.041140124,0.08130373,0.08073618,0.24111797
35202254,0.0,0.0,0.0,0.0,0.0,2.5719619,2.1117609,8.173049,1.336998,1.1344614,0.20339677,0.14737657,0.013423795,0.012756728,0.17085831,0.08758475,0.021172842,0.06005188,0.20861736,0.4371178,0.0076781954,0.010333197,0.20103233,0.048518404,0.0037430688,0.00050057506,0.20246243,0.01562607,0.00084482314,0.0007746761
35203252,0.0,10.0,0.0,0.0,0.0,1.5175911,3.66125,0.23281856,1.5481037,0.0,0.2208849,0.21846774,0.121847,0.063285604,0.06671595,0.086066425,0.085902125,0.25186545,0.17497577,0.043983974,0.019836765,0.05164138,0.20395458,0.11654572,0.045282498,0.0024936013,0.1766939,0.052431524,0.018617917,0.05190365
35203314,15.0,0.0,50.0,0.0,0.0,5.9262233,4.2611012,30.993805,1.1179872,2.1910608,0.04008167,0.04736954,0.08993997,0.2518186,0.20140502,0.2775024,0.003579174,0.011582902,0.048182458,0.30597472,0.004990085,0.24226712,0.19877866,0.017060222,0.0017251523,0.0020666977,0.19278035,0.11531901,0.004211137,0.011637317
35204846,70.0,115.0,95.0,0.0,0.0,50.095818,150.21355,38.75421,2.6111696,3.20394,0.038373247,0.19020931,0.011472762,0.25347084,0.054593023,0.39851677,0.005298722,0.25231248,0.010744425,0.10653443,0.018581668,0.29118812,0.16892366,0.014773349,0.03541011,0.048216958,0.19716235,0.012660444,0.0047588954,0.014255036
35202789,0.0,10.0,0.0,0.0,0.0,1.8396437,3.4808013,1.1409762,1.8469795,0.0,0.1938405,0.05866366,0.07503972,0.07890551,0.06416372,0.0833135,0.11631575,0.30445766,0.18962479,0.11974491,0.029441152,0.074040525,0.22263162,0.057805125,0.060981493,0.011366493,0.1999318,0.047559056,0.03652187,0.066096604
35204696,0.0,0.0,0.0,10.0,0.0,1.0814083,1.4874157,0.97231615,2.57693,0.41602284,0.19839704,0.060512125,0.09344052,0.07098756,0.2241748,0.1797292,0.010658154,0.065215625,0.17844959,0.09209264,0.015077864,0.0671217,0.052737437,0.06399735,0.14935951,0.2452941,0.21736717,0.06442791,0.011252719,0.014010619
35204380,75.0,90.0,55.0,10.0,0.0,65.70425,162.1716,46.370884,1.4210746,17.38077,0.026475249,0.10454382,0.035029564,0.30005643,0.032487363,0.55336183,0.0040351166,0.25202522,0.032437008,0.083480015,0.00084616384,0.2520319,0.038800947,0.0073341047,0.08187367,0.24201708,0.19243993,0.004382063,0.0038803841,0.01155898
35201759,20.0,0.0,0.0,10.0,60.0,7.128824,27.408802,15.068495,0.0,11.028843,0.042152055,0.12401144,0.0933113,0.25217307,0.17229088,0.44947958,0.019655244,0.058160324,0.2014603,0.1041335,0.0019579602,0.0026186567,0.006816686,0.01747182,0.09781462,0.2900948,0.0027034353,0.06862686,0.019934844,0.29857633
35204154,10.0,15.0,35.0,10.0,0.0,6.456204,14.572809,33.540874,1.623401,2.5975974,0.018857302,0.05356975,0.10787171,0.28902176,0.047108598,0.2001241,0.08146391,0.24243197,0.0074469475,0.41416225,0.10154136,0.29833758,0.04050962,0.014096368,0.08374633,0.24078733,0.20173724,0.0679056,0.00072921586,0.00074491155
35204295,0.0,60.0,50.0,0.0,25.0,8.104202,58.58314,46.43005,3.035595,27.989107,0.16079624,0.01907927,0.020653749,0.059702978,0.004292929,0.3040797,0.01687836,0.30000156,0.033662092,0.2652784,0.0012392044,0.2520344,0.16036601,0.0028528268,0.02056778,0.05953505,0.033746026,0.20539421,0.08328968,0.24972713
35200177,80.0,10.0,10.0,0.0,10.0,62.834446,4.139677,4.2896996,0.10489702,3.2888427,0.14239483,0.25286847,0.15818,0.29138127,0.022871071,0.06937802,0.098879166,0.29010466,0.046935294,0.05567592,0.086372875,0.24234413,0.20290896,0.039318662,0.020925606,0.003207022,0.012458419,0.032238483,0.09869927,0.2904633
35203224,105.0,0.0,0.0,0.0,0.0,67.21127,1.1758182,0.702466,1.672174,0.840523,0.13287972,0.21051288,0.19621253,0.30078256,0.20158482,0.09465905,0.0039490294,0.010502836,0.1623667,0.061963458,0.018313369,0.06081378,0.19494404,0.045191377,0.009240385,0.010065336,0.19569787,0.051133927,0.0013141113,0.010572002
35200463,20.0,10.0,35.0,0.0,10.0,7.198321,5.523661,35.118866,0.24308395,3.3485646,0.01290418,0.11500573,0.11145624,0.30138183,0.016915476,0.15595046,0.09814393,0.29073974,0.014700418,0.3722932,0.10128127,0.29115233,0.16889945,0.011151698,0.019411577,0.04857388,0.009741161,0.08038514,0.097735144,0.29086882
35202495,75.0,10.0,0.0,10.0,0.0,84.352104,4.082736,1.7287457,1.455703,0.0,0.11841211,0.44229817,0.09016146,0.28995806,0.039294414,0.07210229,0.080688745,0.2420067,0.16055974,0.06447224,0.020101845,0.060015384,0.04003616,0.009986344,0.08021441,0.24000801,0.16649443,0.008169193,0.016782291,0.050391316
35201718,0.0,0.0,0.0,0.0,0.0,0.86413777,0.7524862,0.82959914,1.6459739,0.78651077,0.19660887,0.05397792,0.07931014,0.06951785,0.2690573,0.10954565,0.011488724,0.0099830795,0.21854332,0.061275695,0.01721961,0.010614521,0.20966637,0.110487774,0.07979973,0.0057650884,0.23466371,0.06115484,0.013144406,0.018491747
35200892,30.0,15.0,0.0,0.0,0.0,24.408792,5.924511,2.8180597,1.4543484,0.67972684,0.13401805,0.19835207,0.2168749,0.30176955,0.01336048,0.11623116,0.09753677,0.29896596,0.16725998,0.13630366,0.008552246,0.060948078,0.20048937,0.026257318,0.005386496,0.0026394508,0.1650996,0.04275412,0.017151274,0.05866545
35204536,0.0,0.0,140.0,0.0,0.0,1.4307954,2.257641,182.3543,0.4387654,0.47088087,0.17083374,0.054233674,0.026946753,0.05099111,0.1959078,0.2596201,0.0044066515,0.012297504,0.024162471,0.41388366,0.029690357,0.2904124,0.16899693,0.05681257,0.058688812,0.0481778,0.200739,0.06322344,0.00045194617,0.00036771598
35200135,125.0,0.0,50.0,0.0,15.0,116.4821,20.034424,25.024809,5.6422205,12.782772,0.11765319,0.3005183,0.09465234,0.2507032,0.2047612,0.089050665,0.00036308862,0.00030443052,0.0037992098,0.10349048,0.020186635,0.29800528,0.1691629,0.04384257,0.040769078,0.048508093,0.041075647,0.04638169,0.08042813,0.24042769
35201460,0.0,0.0,35.0,10.0,0.0,1.5749032,0.38015997,5.0815263,1.7700969,0.05168234,0.23257102,0.16337189,0.10449881,0.06456283,0.21863805,0.0578757,0.028986368,0.05648167,0.02920568,0.036778312,0.115848064,0.3011759,0.051062,0.03950791,0.13352595,0.25587234,0.23192258,0.056725603,0.014693101,0.013778294
35200828,0.0,0.0,35.0,0.0,0.0,2.3449283,2.855894,22.45445,1.5173485,0.38586682,0.20985502,0.070003666,0.035732247,0.017579531,0.21427327,0.10221726,0.0061736107,0.014547278,0.029891167,0.2595265,0.11934097,0.30376488,0.20363286,0.09508847,0.028097222,0.0038838112,0.19908854,0.07984995,0.005695852,0.014494794
35204233,10.0,0.0,20.0,30.0,0.0,2.4210548,4.3428187,7.9831395,43.429573,0.89967096,0.05004012,0.035080366,0.11326761,0.24551123,0.21848415,0.03580253,0.002530373,0.0021229077,0.014268518,0.09111496,0.10117875,0.2901918,0.043570057,0.40505373,0.19705234,0.24240598,0.20492184,0.017436942,0.0023873337,0.003100024
35201008,15.0,0.0,0.0,60.0,0.0,10.827722,1.0802583,3.052338,38.83143,0.70981395,0.061619703,0.12669787,0.20873185,0.30456692,0.18157493,0.030183867,0.019665886,0.053136826,0.20173708,0.07420593,0.010619524,0.01344476,0.045012046,0.15213996,0.16255558,0.2527392,0.20400146,0.021006789,0.0031405052,0.0021650158
35201357,15.0,10.0,10.0,10.0,0.0,23.417715,6.758792,2.2986538,1.4610598,0.3806353,0.024026519,0.4929263,0.08744032,0.29009175,0.00952512,0.2029902,0.096086085,0.29002842,0.008734855,0.055792756,0.09706211,0.2900963,0.03877555,0.009066971,0.080793485,0.2419868,0.19911905,0.008004788,0.0007117921,0.00208765
35204407,0.0,20.0,0.0,25.0,15.0,1.5466486,6.0813265,20.718159,16.15967,3.5384002,0.19811276,0.044712994,0.01839682,0.0138845015,0.016712606,0.041661583,0.09714174,0.2905862,0.2053416,0.41890913,0.0037820118,0.0028302257,0.040671814,0.16922824,0.11950825,0.24257101,0.039642464,0.036702618,0.08154858,0.24238905
35203109,10.0,0.0,0.0,10.0,0.0,11.431425,3.0965247,1.1974006,1.870627,0.580464,0.14156212,0.29714698,0.15538716,0.24145393,0.2136904,0.16356333,0.0010204676,0.0011156324,0.20579323,0.03925305,0.002296245,0.001198874,0.0017551994,0.05856008,0.11582625,0.3000548,0.20377909,0.014011965,0.0015617195,0.00268556
35200990,30.0,0.0,0.0,30.0,0.0,10.252621,0.58413786,3.3643045,38.86016,0.091302216,0.052949898,0.036710165,0.15142962,0.25543505,0.21107669,0.03398105,0.00874976,0.014219242,0.20221649,0.04733259,0.0071864915,0.012067756,0.044475526,0.33531457,0.24618705,0.24163221,0.2011973,0.02233319,0.0072593605,0.013228964
35201965,0.0,0.0,0.0,15.0,0.0,0.8911948,1.2983867,2.784263,22.953728,0.6918437,0.16185708,0.01670155,0.01148939,0.060224928,0.16389044,0.11351118,0.0035362178,0.05813469,0.16248497,0.06563208,0.019911917,0.057810154,0.0023645703,0.42804706,0.24705082,0.29766545,0.16843358,0.009210688,0.016172709,0.04814013
35200882,35.0,0.0,0.0,65.0,0.0,30.040644,2.0630548,1.5253553,25.325743,0.6489645,0.15145983,0.15012754,0.24341877,0.28852835,0.17293888,0.096819766,0.00043556606,0.048688028,0.16835901,0.104876764,0.0013684103,0.05027922,0.04021593,0.104635164,0.037012514,0.24204987,0.20128927,0.019595271,0.0004141064,0.00038421623
35204743,110.0,20.0,75.0,10.0,20.0,135.30504,10.037074,11.046126,2.8927326,4.1224575,0.12081188,0.33743164,0.12097716,0.30030194,0.03589733,0.087373435,0.084122665,0.25216487,0.008563184,0.04938691,0.017684106,0.2905634,0.03930128,0.060341988,0.09057767,0.2420363,0.039210152,0.02075994,0.08099281,0.24258561
35204748,15.0,0.0,10.0,10.0,0.0,14.670772,6.078937,4.978581,2.7455735,0.48190397,0.07612941,0.22750115,0.1069861,0.24117634,0.21569699,0.2964749,0.0010832009,0.0006562943,0.04105309,0.10860345,0.085533075,0.25044262,0.03963111,0.051682245,0.085549474,0.24236293,0.20137358,0.0138068525,0.0013675357,0.0028722184
35201228,0.0,0.0,40.0,35.0,0.0,4.501623,4.099289,15.803802,9.053284,0.5248492,0.29418954,0.14580545,0.107699126,0.008650131,0.18200156,0.06536905,0.019603333,0.050711155,0.020651951,0.18848076,0.08921072,0.29091418,0.045916803,0.07080079,0.10522437,0.24257034,0.20588398,0.030436095,0.0031368192,0.0023926203
35200004,0.0,20.0,45.0,0.0,90.0,3.1273792,14.749199,22.55838,0.0,76.00116,0.19501713,0.029828448,0.009564329,0.012562546,0.04853431,0.21013941,0.08396538,0.24989867,0.006194312,0.22590435,0.00567068,0.2984862,0.19394621,0.024356648,0.009105659,0.009788383,0.00945112,0.2669978,0.017402122,0.2887263
35204323,35.0,0.0,15.0,0.0,0.0,42.738647,4.228702,13.648309,1.136921,1.4853251,0.055056933,0.39796096,0.08864953,0.24258791,0.19513395,0.1298157,0.0042745965,0.012019385,0.043296795,0.20942302,0.08201598,0.24210222,0.20022054,0.0120735,0.0007629008,0.00011479289,0.20059508,0.014317982,0.00018358433,0.00016880658
35203590,300.0,50.0,65.0,0.0,35.0,314.23532,51.628178,72.91681,8.707745,31.450966,0.049958147,0.30146888,0.030232947,0.012842389,0.017203743,0.2115276,0.017379584,0.29040825,0.038673718,0.23749731,0.006916589,0.25047913,0.2008677,0.028491065,0.009139959,0.00052506046,0.03552177,0.101200506,0.083878145,0.25046685
35202727,10.0,20.0,40.0,0.0,15.0,3.3769495,11.14846,51.318157,0.0,6.920736,0.008137067,0.027843934,0.09811356,0.29038942,0.04177759,0.14796877,0.08075274,0.24231996,0.011420642,0.5137845,0.08153592,0.2884662,0.19975986,0.005828951,0.00037088073,0.0004152123,0.03857637,0.09300629,0.080856666,0.24233001
35203026,0.0,160.0,10.0,0.0,40.0,9.365627,275.89783,15.940998,0.5634739,37.487206,0.16774839,0.043539736,0.0023512102,0.05070039,0.015231755,0.55966806,0.0010692709,0.29046303,0.0024234238,0.12055162,0.08374251,0.29823992,0.19378541,0.0035193125,0.0070938547,0.0096435845,0.03946393,0.2124405,0.08096174,0.24285376
35202687,0.0,0.0,0.0,0.0,0.0,3.080528,2.1062958,2.1502962,1.8317267,0.7830721,0.28721917,0.18870582,0.13055474,0.024107974,0.19743007,0.04949539,0.026624333,0.064714,0.20729071,0.05636638,0.010476036,0.018000456,0.21367565,0.07009627,0.042482898,0.0036337841,0.21306044,0.026879843,0.010379339,0.016895842
35203149,15.0,0.0,0.0,15.0,0.0,8.6832905,2.7827566,1.3579068,1.2598459,0.30454516,0.042493753,0.11883334,0.10002438,0.25428286,0.2079197,0.26868895,0.0022820625,0.01305828,0.19998391,0.2769146,0.004375208,0.013494659,0.010574692,0.017003603,0.109915905,0.28909218,0.20368879,0.037093405,0.0023077575,0.002832749
35204100,60.0,175.0,210.0,10.0,0.0,31.018854,286.68066,288.03302,1.1316955,5.800854,0.005824617,0.096972264,0.007121674,0.30001974,0.007919002,0.52701336,0.0008245871,0.29040617,0.010796873,0.44136536,0.0018685447,0.29041776,0.0077625434,0.003054902,0.09637597,0.28840578,0.1985072,0.034068387,0.00078006246,0.0023146884
35203265,0.0,10.0,20.0,0.0,0.0,1.7052795,7.23585,25.086964,1.0309875,1.2397997,0.16910663,0.043769892,0.019923454,0.050842203,0.041039955,0.15484467,0.08452734,0.25170752,0.04566767,0.44367832,0.08290044,0.24065912,0.16148911,0.017781688,0.020977752,0.05806343,0.16081452,0.11290952,0.004222182,0.05976336
35200672,0.0,0.0,0.0,0.0,0.0,1.1251206,0.92308915,0.9371059,1.4903208,0.6684485,0.19270134,0.039650828,0.06700562,0.07604462,0.25394765,0.11503662,0.036208674,0.060031965,0.19017269,0.12151062,0.044793695,0.07153814,0.17983125,0.032333054,0.057866335,0.05515319,0.25549772,0.05807905,0.015057577,0.0199781
35200937,70.0,0.0,0.0,70.0,0.0,27.569443,1.0599302,1.0053561,36.605965,0.47494388,0.09302722,0.06986876,0.12215714,0.25335982,0.1703609,0.08438528,0.00453139,0.060993508,0.17062266,0.089665905,0.0018526325,0.0512224,0.03764733,0.1732312,0.12312385,0.2523288,0.16940784,0.054041084,0.017875243,0.05093257
35202121,0.0,0.0,90.0,0.0,0.0,1.3190328,1.3655789,121.343216,0.49220666,0.61338127,0.18851799,0.064683095,0.031681582,0.058277912,0.16492112,0.10397544,0.01978133,0.05802118,0.012500509,0.5139467,0.018721148,0.28847283,0.20058256,0.009248978,0.0041879546,0.00064160064,0.16249448,0.03303047,0.019741474,0.058092788
35201324,0.0,0.0,0.0,10.0,0.0,5.0122805,2.2414887,1.3918886,1.7010468,1.1865151,0.2156532,0.07316668,0.0831193,0.073250234,0.27414316,0.12921348,0.015506689,0.009078745,0.21594042,0.065440536,0.024829945,0.020312965,0.0468446,0.035946503,0.11390962,0.2475678,0.23821661,0.08434251,0.012738572,0.015318464
35201723,0.0,0.0,50.0,0.0,0.0,0.5037589,1.2507348,16.52582,1.7418829,0.108426794,0.1978871,0.078909576,0.083336785,0.06297623,0.18318324,0.07982174,0.02147964,0.060019024,0.012274976,0.1033305,0.027015675,0.29990125,0.19987054,0.2117843,0.1338128,0.010431721,0.16666238,0.02728634,0.021585237,0.060169384
35204729,0.0,45.0,20.0,0.0,180.0,3.5208235,35.12105,23.39176,0.0,170.8315,0.18405044,0.11373644,0.018402461,0.05800944,0.009447275,0.23714888,0.016152075,0.2884031,0.03292653,0.2670369,0.08448957,0.25201428,0.16800909,0.0030028177,0.01604934,0.0480028,0.03333062,0.2947585,0.0033751132,0.25008512
35202002,0.0,0.0,145.0,10.0,0.0,2.2753196,5.9843326,80.769356,2.030768,0.7521065,0.20224337,0.05766464,0.018181318,0.014386744,0.22506875,0.21989954,0.0032810317,0.002276791,0.08527748,0.3590622,0.039062414,0.24317768,0.0422995,0.04702393,0.096554205,0.24141051,0.2079097,0.09590342,0.0034259986,0.003954086
35201751,0.0,0.0,0.0,0.0,0.0,1.3627293,0.6231547,0.8034495,1.75809,0.5641032,0.23166876,0.08845048,0.09909154,0.07534975,0.24268174,0.10754229,0.0348557,0.068637654,0.21842915,0.07625348,0.021481933,0.020663962,0.20925444,0.029843764,0.030341014,0.0062959203,0.24364954,0.052164473,0.013214952,0.023852747
35202105,0.0,0.0,15.0,25.0,0.0,5.9960737,3.725955,13.552916,6.593219,0.91381335,0.21546115,0.050813917,0.046573687,0.020604402,0.23088513,0.10621531,0.012218513,0.006985966,0.0310222,0.2385324,0.1076916,0.3018274,0.04227773,0.07381701,0.14814565,0.25264227,0.21026565,0.07900324,0.007844821,0.0033408296
35204852,10.0,10.0,0.0,0.0,0.0,3.0723526,3.903808,1.045522,0.56802297,0.9914756,0.026538098,0.08639831,0.10607569,0.29284376,0.062339917,0.10078936,0.08226986,0.24075748,0.17052741,0.27000445,0.008967593,0.060094543,0.19521554,0.1348616,0.035035763,0.009995333,0.16963412,0.079758815,0.017831838,0.04887733
35204188,45.0,0.0,15.0,15.0,0.0,25.093952,3.3961606,4.48209,3.700232,0.07661414,0.10248466,0.10792741,0.10267271,0.2614155,0.23943068,0.11303319,0.016766442,0.017549997,0.028862623,0.06470268,0.120498896,0.30890837,0.018975988,0.046083868,0.12779361,0.29841933,0.22721888,0.05264744,0.014604064,0.011420087
35202690,0.0,0.0,10.0,0.0,0.0,1.825184,16.23833,11.430363,1.48098,1.7083877,0.21157435,0.22896253,0.0111170085,0.0036943413,0.20704246,0.18356323,0.0015615525,0.0029587345,0.012138957,0.2653237,0.10563467,0.3009611,0.20082316,0.02557026,0.0057124035,0.00092593004,0.20032696,0.030479632,0.0012103508,0.0029661516
35201833,0.0,0.0,60.0,0.0,0.0,3.347797,5.5725183,28.598253,1.4831752,1.8795632,0.17329362,0.05001416,0.028377762,0.05003415,0.21404968,0.1926554,0.0018051902,0.000661064,0.017195882,0.20495048,0.027909596,0.29903755,0.16912976,0.100654416,0.041494977,0.04875147,0.20231983,0.15788282,0.0018120686,0.0010745364
35200878,10.0,15.0,10.0,0.0,0.0,4.7349763,14.112189,9.244592,1.0198098,0.73817414,0.017520279,0.12393252,0.12543017,0.30140388,0.0438259,0.25487894,0.08446151,0.25079,0.05088091,0.23458777,0.08684035,0.24309522,0.16922134,0.042676646,0.033037808,0.05075797,0.2017481,0.028875347,0.0011715655,0.00065298803
35203712,0.0,20.0,25.0,0.0,0.0,2.6361895,7.632641,33.86371,2.862008,30.465853,0.16497298,0.11088604,0.017761555,0.058083806,0.0041049966,0.087020546,0.09930802,0.2980149,0.0039603785,0.52213657,0.10019642,0.2980411,0.16777335,0.009318872,0.016411453,0.048401818,0.19985321,0.058226414,0.00017530569,0.00042172428
35204591,20.0,35.0,25.0,0.0,10.0,21.916382,29.933865,16.243511,2.1495173,1.8475976,0.043641873,0.3159808,0.08472507,0.24278185,0.0037818549,0.25742477,0.09943664,0.2981186,0.042033758,0.15475743,0.08092493,0.2405757,0.16813701,0.034983505,0.023903893,0.048519436,0.007967446,0.01237562,0.096314944,0.2884819
35203527,25.0,20.0,60.0,0.0,25.0,10.911459,12.114434,68.90219,0.0,10.462778,0.028324397,0.06838519,0.11108793,0.28829184,0.04302836,0.09424438,0.08020643,0.24022321,0.041572466,0.51782733,0.00056665926,0.24024041,0.16035114,0.011989203,0.023165965,0.060011,0.040756863,0.061220486,0.08031284,0.24053717
35201286,0.0,0.0,0.0,10.0,0.0,0.82775104,1.00119,0.7696479,5.130302,0.23253846,0.21227151,0.049666703,0.10750963,0.0628165,0.25290594,0.04938766,0.010641452,0.010790999,0.21702144,0.0502708,0.014308726,0.00949764,0.024977133,0.14723353,0.2355139,0.29126948,0.22073919,0.039180715,0.011291472,0.011702303
35204336,25.0,30.0,50.0,0.0,25.0,5.0773625,9.869377,38.12223,0.0,12.158561,0.033517994,0.04937084,0.08364698,0.252231,0.03620551,0.089379445,0.08097148,0.25165543,0.03668172,0.39730945,0.0056927563,0.25164863,0.16052696,0.09116751,0.049710378,0.05955948,0.03384105,0.12638062,0.083307624,0.24964912
35201968,0.0,0.0,35.0,0.0,0.0,2.722726,2.8455892,67.45605,0.89119357,0.90949345,0.19036981,0.0470839,0.048774876,0.057711832,0.19499993,0.051359266,9.876381e-05,0.00973823,0.035540376,0.59255207,0.0809545,0.25005984,0.16804595,0.0246654,0.007421769,0.048410576,0.20026198,0.016367882,8.520989e-05,7.711182e-05
35204960,0.0,0.0,0.0,0.0,0.0,16.090742,12.196793,130.09395,4.8298693,2.40333,0.1862953,0.15212196,0.025429312,0.0602035,0.17088695,0.1771051,0.017007556,0.050472192,0.16892281,0.3511173,0.0062257964,0.058241386,0.16796698,0.02293012,0.018256962,0.04845986,0.16802622,0.029714214,0.016278218,0.048555087
35202523,0.0,0.0,55.0,0.0,0.0,7.2010407,6.2013607,83.79404,0.66128767,1.2699894,0.17532721,0.07283436,0.021469967,0.048241645,0.2037554,0.15564018,0.0002302331,0.00013200415,0.01033424,0.48103914,0.017677207,0.29009718,0.16792741,0.011454838,0.017113667,0.048473462,0.20028418,0.055111457,0.00027757708,0.000575135
35202406,0.0,0.0,40.0,0.0,0.0,28.362555,57.086613,77.80317,4.616617,3.9849703,0.21894026,0.06004629,0.021615123,0.0017354271,0.19692045,0.15189955,0.003928421,0.010142839,0.006050548,0.4773594,0.09840777,0.29818946,0.16918494,0.016491976,0.021051163,0.0485148,0.20118356,0.03115582,0.0006326456,0.00047935898
35200998,10.0,0.0,0.0,60.0,0.0,3.4228125,11.00709,2.4598515,55.843193,0.4193509,0.059783213,0.032047726,0.15814532,0.24347948,0.17563134,0.054149643,0.01724722,0.050434854,0.16361016,0.08040177,0.0025336556,0.05993319,0.04322163,0.22083324,0.22691576,0.24203569,0.16270302,0.06384119,0.004055663,0.058104232
35204725,0.0,25.0,80.0,0.0,200.0,12.181348,30.983976,31.92469,0.0,154.0552,0.17376013,0.14691082,0.019391641,0.048556793,0.041651934,0.31107667,0.08088611,0.24241056,0.010880831,0.24049544,0.017651193,0.28846273,0.20005305,0.0049714334,0.00016931126,3.3955737e-05,0.04019739,0.23840159,0.00011436404,0.24007896
35200670,0.0,0.0,0.0,15.0,0.0,1.192156,0.7292364,0.36455613,4.446967,0.30435055,0.2061954,0.09759842,0.073481426,0.014785814,0.20797211,0.08319135,0.018271007,0.06826308,0.19057769,0.115741715,0.022936206,0.05740361,0.057642713,0.07883487,0.16336198,0.24554545,0.18627785,0.060929038,0.027374964,0.058551226
35202188,0.0,0.0,15.0,10.0,0.0,1.7564977,1.640983,30.184057,1.8123852,0.8486426,0.16178925,0.013891583,0.02007898,0.05817843,0.17079146,0.06552608,0.016240174,0.04847938,0.0048856437,0.6213645,0.09747914,0.2977145,0.040004555,0.03792538,0.081876494,0.24008894,0.16775545,0.04992406,0.016262572,0.04847435
35201313,0.0,0.0,0.0,0.0,0.0,2.7118154,1.0514911,1.0607734,1.9706258,0.61816454,0.25022215,0.084679596,0.11300299,0.02193778,0.22712265,0.17576224,0.009352921,0.06425785,0.17748527,0.044168398,0.02781906,0.067972526,0.21173684,0.035096403,0.040240336,0.005049916,0.20780191,0.074126765,0.026082058,0.061180677
35202583,100.0,20.0,0.0,0.0,10.0,105.43512,8.589514,2.987564,0.33631626,2.1511443,0.21438554,0.21954139,0.19276519,0.24499053,0.041823134,0.07810759,0.08542007,0.25300086,0.20235017,0.04170334,0.0024144403,0.0036942046,0.20294334,0.029510668,0.009196217,0.00077709137,0.043080375,0.020272592,0.08218112,0.2434601
35205004,0.0,0.0,0.0,0.0,0.0,1.5528698,2.4451816,3.2641995,1.4907542,0.86901665,0.20116082,0.109707676,0.06396795,0.062070627,0.26037878,0.18982434,0.008033284,0.009530581,0.2200267,0.1048951,0.012179844,0.008228515,0.17003074,0.045553688,0.045148328,0.061381694,0.22759774,0.05642298,0.008991458,0.009841358
35201009,0.0,0.0,0.0,65.0,10.0,0.0,0.56553924,0.4285001,44.834965,1.3228306,0.18696211,0.046472333,0.0851383,0.062229637,0.17325714,0.12543087,0.0017155836,0.059342325,0.16668196,0.13120952,0.0030234633,0.05879497,0.009714667,0.15111578,0.2545466,0.2980012,0.042530287,0.022977399,0.081699595,0.24152021
35202364,0.0,0.0,0.0,0.0,0.0,0.1625417,0.17061341,0.27149817,1.9662306,0.2508123,0.22999296,0.05173621,0.05865862,0.025488015,0.24710034,0.09999499,0.03190145,0.06118801,0.18879512,0.11942467,0.03236311,0.060788434,0.20668563,0.063174546,0.06517022,0.017045556,0.22851418,0.055470772,0.01415508,0.027289875
35200443,0.0,20.0,130.0,0.0,30.0,3.2970996,15.394294,72.195946,1.3381823,19.40052,0.19914813,0.03619112,0.014057108,0.015291271,0.054903198,0.2043431,0.08742639,0.25203618,0.051216736,0.2874647,0.016803052,0.25447255,0.19600122,0.0113757625,0.01166292,0.011052833,0.051265836,0.14661948,0.08313736,0.24401881
35204634,25.0,15.0,30.0,10.0,0.0,4.2300243,6.0630574,14.525986,3.7754827,0.33437997,0.031684924,0.068131216,0.12474184,0.29773408,0.06327484,0.10534861,0.088615574,0.25477713,0.06481284,0.20158836,0.104843155,0.25476664,0.013356801,0.121398315,0.12876022,0.2937556,0.19975513,0.050417576,0.009313806,0.013050541
35203503,435.0,110.0,315.0,0.0,100.0,354.3387,126.09267,439.61798,0.0,47.142807,0.038112395,0.2388389,0.006510455,0.01166261,0.03440312,0.30245334,0.0039715352,0.25160584,0.0070103016,0.4795246,0.0063573513,0.057710487,0.20011963,0.002509635,0.00083879824,0.00012972631,0.032516863,0.07244909,0.0039576297,0.25162196
35200013,0.0,0.0,0.0,0.0,10.0,2.233047,0.8507397,2.3897848,0.0,1.5451941,0.3510531,0.22771318,0.14715569,0.016827105,0.2224874,0.04643742,0.0038427943,0.0026435691,0.20632967,0.038115427,0.0061851414,0.0050065466,0.17282094,0.05696612,0.039332565,0.04992449,0.051002678,0.02788907,0.083381996,0.24379325
35203209,45.0,0.0,0.0,10.0,0.0,60.693836,2.2460475,2.414052,3.2288592,0.0,0.17302959,0.3464576,0.1120345,0.2528426,0.19876926,0.050779685,0.0043893685,0.0120794885,0.16308387,0.03573279,0.0055454113,0.060065605,0.040214397,0.05891993,0.107973054,0.2421245,0.19400954,0.013784038,0.004386174,0.012126396
35202683,0.0,0.0,0.0,0.0,0.0,2.4871836,1.0796336,1.0390319,1.90052,0.5051552,0.24847129,0.09592523,0.09357116,0.02280045,0.23099588,0.12132889,0.013123475,0.06639504,0.18373178,0.07617874,0.027753487,0.059168726,0.2052546,0.047327086,0.04660978,0.013191937,0.20621009,0.084631324,0.010867291,0.062149934
35200564,0.0,0.0,0.0,0.0,0.0,4.345039,1.9590733,1.8020315,1.7092997,1.0169029,0.24449985,0.061161138,0.07000224,0.01995209,0.26405025,0.08569907,0.017510805,0.012220707,0.20120709,0.1094055,0.028120259,0.062682465,0.18818696,0.06164343,0.0738515,0.054642387,0.23229596,0.061444342,0.015664974,0.017371675
35204433,0.0,0.0,10.0,10.0,0.0,1.4500536,0.978238,3.5809495,2.9267797,0.69652706,0.22555941,0.055411246,0.0666059,0.023025492,0.25737405,0.15062858,0.014112473,0.01791133,0.057580344,0.08101767,0.09366341,0.2484781,0.048045408,0.081592254,0.15304045,0.24330136,0.22402497,0.071076564,0.013044685,0.013250971
35201511,0.0,0.0,15.0,0.0,0.0,6.9347663,1.968124,4.4018416,1.4505548,0.60249114,0.25434282,0.27234697,0.07457143,0.0063053006,0.22792588,0.10343271,0.003977197,0.0024505623,0.01306176,0.0773792,0.10348067,0.30150077,0.17072876,0.079035014,0.043057017,0.050975513,0.20948905,0.037310068,0.0029135423,0.0029496402
35202801,0.0,30.0,10.0,0.0,0.0,5.4076557,8.701591,6.6343865,1.7286313,0.489164,0.18751743,0.090903126,0.055697568,0.070403926,0.05365012,0.07129486,0.11043831,0.29367742,0.065559864,0.16864356,0.10488287,0.2579569,0.21113695,0.11622993,0.047164813,0.005563112,0.20666054,0.05383808,0.011519978,0.017024148
35202896,15.0,0.0,10.0,0.0,0.0,14.929936,0.60441923,2.0246432,1.3451192,0.8761688,0.096065216,0.27743006,0.16990739,0.2954685,0.23504089,0.09506541,0.0060274075,0.0053828657,0.018877678,0.04071477,0.1086569,0.30439296,0.16769367,0.048034623,0.034886327,0.060847644,0.21689811,0.024675267,0.00504105,0.005176668
35204059,0.0,810.0,10.0,0.0,10.0,3.4248815,548.5708,12.702484,1.1246789,5.3768764,0.22271511,0.16754308,0.0164153,0.0014820683,0.11765382,0.28986084,0.003611677,0.0006500522,0.0096913045,0.27127498,0.10319537,0.30027822,0.20158356,0.013485402,0.0034888592,0.0003807803,0.04506871,0.071037605,0.08027375,0.24081905
35202555,0.0,10.0,225.0,0.0,0.0,1.3977361,9.755583,249.40352,1.4604945,1.3151158,0.19514254,0.04841169,0.0061086323,0.010029323,0.045216024,0.2441034,0.08046487,0.24014878,0.06220567,0.4306796,0.06165618,0.29997748,0.19386266,0.026842074,0.0083381245,0.009766895,0.20056829,0.072466165,0.0004100361,0.00022252962
35202910,0.0,0.0,0.0,0.0,10.0,3.3817725,1.2209585,1.4431626,0.5278814,2.9628854,0.21392183,0.070939526,0.09607336,0.079138905,0.22774625,0.10545896,0.033433862,0.063418426,0.19321916,0.07805634,0.03813282,0.063720435,0.21347481,0.04190848,0.04391072,0.019473283,0.08991471,0.04341814,0.09694485,0.25685304
35201014,0.0,0.0,0.0,55.0,0.0,4.821297,2.6171808,0.89017427,41.24376,0.22923426,0.22048488,0.05076164,0.08615334,0.013493425,0.17197435,0.03766242,0.021124924,0.060770627,0.16507506,0.13758975,0.022619693,0.060200557,0.040766865,0.17465536,0.23131654,0.2499476,0.20260435,0.02370836,0.00113618,0.0009681051
35203408,50.0,150.0,260.0,0.0,210.0,41.17399,174.07353,247.4253,2.6641884,163.88565,0.009113364,0.124037236,0.017098764,0.2885612,0.0017827121,0.49045208,0.019895708,0.29962504,0.012194855,0.42783242,0.018371044,0.28812635,0.1936288,0.0076890783,0.0047814017,0.009705108,0.001607851,0.21750227,0.01926927,0.297699
35200363,120.0,0.0,10.0,0.0,0.0,106.10788,3.783915,5.9841104,1.2513626,1.5629435,0.12778868,0.32786047,0.1317052,0.2977005,0.1693534,0.06715504,0.016067406,0.048054576,0.008760309,0.13099843,0.0802304,0.28807145,0.19211984,0.010653771,0.0048318384,0.012012081,0.16827005,0.020623285,0.016086504,0.048125483
35204747,30.0,115.0,135.0,10.0,75.0,17.798616,66.97495,202.30055,0.0,37.747765,0.04246254,0.020028014,0.10150759,0.25256377,0.050849367,0.13199349,0.0021291,0.24215823,0.043770444,0.4593423,0.0029912973,0.2418999,0.004995462,0.029593289,0.12710288,0.29825392,0.044148594,0.06541029,0.0022584244,0.2423405
35203027,0.0,120.0,25.0,10.0,50.0,6.896797,130.59882,38.294144,1.448762,28.599792,0.16740291,0.033854783,0.017211914,0.050553914,0.016335012,0.19258997,0.016420253,0.29034328,0.010344489,0.38590908,0.08202573,0.29037133,0.032126535,0.021597128,0.090002865,0.25192282,0.006929701,0.14190014,0.016695121,0.28995392
35203443,0.0,10.0,20.0,0.0,60.0,6.5363436,7.639648,42.011333,0.0,27.90041,0.1980966,0.015932588,0.009789983,0.011545496,0.039532926,0.06522842,0.080024734,0.24194792,0.007514595,0.60234606,0.09633895,0.29001316,0.19360955,0.005518836,0.0014898384,0.009682218,0.040055115,0.09621411,1.9279045e-05,0.24001563
35203877,70.0,10.0,0.0,0.0,0.0,29.24295,4.1333165,2.1101973,1.0465893,1.2629448,0.16064204,0.14144865,0.16530336,0.25334197,0.042469904,0.10538874,0.08419223,0.2505146,0.1962845,0.13492608,0.0028303484,0.012373972,0.19467369,0.03868764,0.0077854684,0.010091474,0.19563444,0.05778027,0.004079365,0.010394702
35200655,10.0,0.0,0.0,0.0,0.0,2.9154232,0.4286233,0.5814911,1.5201824,0.7052783,0.07128762,0.054128096,0.14544453,0.26314053,0.26692167,0.106053784,0.01534682,0.0094171455,0.18469112,0.14660314,0.023785703,0.06740639,0.20616724,0.04198891,0.04923101,0.014846662,0.23117544,0.071851686,0.013751231,0.012360646
35202897,20.0,0.0,0.0,0.0,0.0,17.383682,0.5234183,0.70258135,1.7042686,0.8937613,0.1198172,0.17621703,0.2359795,0.24395724,0.23042604,0.07138683,0.0033942785,0.004431544,0.1683925,0.1093493,0.0218751,0.062190298,0.20068668,0.07018471,0.03563025,0.010266386,0.21374603,0.02115129,0.0028902101,0.0048136087
35201988,0.0,0.0,45.0,0.0,0.0,1.316656,2.7871118,83.88491,0.5736429,0.8889828,0.17197216,0.016492274,0.031644776,0.04869665,0.19526727,0.041132104,0.0034512011,0.010087032,0.033547357,0.6024651,0.00077846565,0.25198734,0.16864458,0.045085464,0.045384746,0.04840719,0.19254127,0.023804452,0.0008114534,0.011620872
35200647,0.0,10.0,10.0,0.0,0.0,1.4447736,6.129888,3.5937607,1.564398,0.8110821,0.22505648,0.065530546,0.049318224,0.02775785,0.075922504,0.15081334,0.11529163,0.30008596,0.03139609,0.099129975,0.110768534,0.311852,0.21168077,0.024260389,0.029843591,0.009125384,0.21202345,0.09459497,0.019262562,0.06551675
35203465,15.0,55.0,190.0,0.0,65.0,25.045404,72.58899,140.74802,9.69898,39.75779,0.041614924,0.05547691,0.09485507,0.24296759,0.043002605,0.30341363,0.003666293,0.25365508,0.04106448,0.40903246,0.0061738566,0.25149816,0.17153078,0.017012328,0.0326749,0.04911096,0.037280306,0.09575237,0.0054895035,0.25171506
35202449,25.0,10.0,25.0,20.0,20.0,37.61473,4.8914676,10.1026,3.8694806,2.4132817,0.12349422,0.4159465,0.14252621,0.25171795,0.034987498,0.041397292,0.08328946,0.24971761,0.001651072,0.14392987,0.09960213,0.29958677,0.00810173,0.031055639,0.09705883,0.28804007,0.03378331,0.012855024,0.08327875,0.24972631
35200898,30.0,0.0,0.0,0.0,0.0,29.983965,1.1046587,2.1788392,1.6918265,0.8050575,0.16015878,0.18226776,0.258229,0.24623746,0.21459985,0.060995515,0.0026455098,0.013832842,0.19858755,0.03599405,0.0070270807,0.0145826535,0.20537035,0.097767554,0.031722154,0.0013193697,0.20483586,0.029590596,0.0061175097,0.013138268
35204220,0.0,0.0,0.0,25.0,0.0,1.8137242,1.4794016,1.6049366,5.5079365,0.44875753,0.25347805,0.08908242,0.1181059,0.060460772,0.21973193,0.07304613,0.02862341,0.057901252,0.21914588,0.04744835,0.01715438,0.010959456,0.055890612,0.054808952,0.15318532,0.24577653,0.19892298,0.048948355,0.02892308,0.060729906
35203346,0.0,200.0,15.0,0.0,0.0,1.9501737,116.073204,7.604306,1.8054177,2.8995492,0.23452757,0.09428785,0.05487611,0.017433425,0.11093311,0.29060984,0.014746376,0.24384212,0.0637923,0.11492124,0.09393782,0.2459507,0.2013187,0.04623112,0.027118107,0.01517536,0.22315355,0.108834274,0.0056614717,0.007643449
35201884,0.0,35.0,10.0,0.0,0.0,0.5146311,51.686356,3.7014418,1.0067741,0.7089321,0.19819367,0.02247012,0.018190771,0.012619272,0.049502335,0.4520103,0.08055376,0.25190154,0.035017293,0.10534182,0.080987535,0.25181627,0.16197433,0.03586287,0.051744148,0.059614867,0.16931872,0.09823225,0.016652647,0.048468363
35203419,0.0,15.0,60.0,0.0,55.0,4.590112,13.634225,24.669634,2.558463,46.23311,0.20948891,0.046702527,0.016923638,0.005575629,0.059482083,0.21397807,0.08682605,0.2523261,0.041288402,0.15874097,0.008235255,0.25242916,0.20150948,0.022382045,0.014359994,0.0034998977,0.046676368,0.24722509,0.0035444063,0.24579367
35201825,0.0,25.0,15.0,10.0,0.0,3.008939,27.075243,3.5025043,1.061464,1.1023244,0.22642094,0.16803546,0.037349492,0.003338247,0.020369984,0.36156797,0.09773708,0.29052004,0.012242883,0.09005497,0.08395259,0.29115883,0.03943523,0.022252802,0.0847575,0.24228092,0.17223796,0.05540758,0.017171808,0.049405284
35200565,10.0,0.0,0.0,0.0,0.0,3.4012513,0.40392122,0.41196495,1.1862866,0.77805537,0.063222505,0.07460575,0.18716466,0.3117833,0.21130675,0.05262509,0.027083881,0.060984083,0.19132149,0.08162862,0.03508438,0.06060198,0.18236062,0.10183691,0.10337947,0.063078105,0.21565348,0.047442704,0.014666661,0.012195004
35200703,195.0,15.0,0.0,0.0,0.0,260.3785,6.795657,1.688518,0.6803783,0.76782227,0.16580743,0.32421294,0.20128518,0.24262384,0.009782243,0.12397903,0.080933176,0.29040036,0.16208774,0.1364918,0.0016640017,0.011651987,0.20037325,0.025769021,0.0018094624,0.00010180291,0.16708419,0.04292741,0.0010182888,0.050457764
35204981,0.0,0.0,0.0,0.0,0.0,12.170745,136.59119,94.19458,6.0202417,29.197168,0.23264442,0.100960694,0.030638564,0.003755356,0.2167229,0.11102047,0.0015134871,0.00060112635,0.21224995,0.4172614,0.004512641,0.0011973534,0.19476515,0.026082717,0.008179081,0.010100789,0.17058314,0.031381905,0.01677658,0.048833903
35203130,0.0,10.0,10.0,10.0,0.0,2.2603734,7.1493225,9.039737,1.2945144,0.70579225,0.20272903,0.1493111,0.030391907,0.05272181,0.0626353,0.17983218,0.084394135,0.24302617,0.05207265,0.2500899,0.08882275,0.25350335,0.008880988,0.036555737,0.10409193,0.2894357,0.20225924,0.04119217,0.0022942203,0.0034293048
35201052,15.0,0.0,10.0,0.0,0.0,5.2467294,1.456623,3.7850983,1.8978087,0.9209924,0.081860304,0.06025771,0.16919832,0.26198885,0.27403292,0.10553647,0.023761578,0.022722164,0.063171424,0.04990878,0.10710543,0.26421633,0.21424118,0.03265359,0.041732583,0.010153828,0.25276107,0.05680924,0.021025512,0.030000083
35203196,15.0,0.0,0.0,0.0,0.0,10.971317,1.3289937,0.9130123,1.6168091,0.9000615,0.1381577,0.12634741,0.24891855,0.24908526,0.24844861,0.070289545,0.0071560424,0.0063821413,0.20880575,0.038454123,0.009584278,0.016593741,0.20596416,0.061723456,0.05407954,0.012093315,0.22615053,0.032444786,0.0077121397,0.007931523
35204877,10.0,40.0,0.0,0.0,0.0,2.8210897,18.711077,1.7205393,1.0503361,1.2230647,0.087843895,0.04867843,0.1668427,0.25114956,0.108545676,0.11361349,0.0905929,0.24811107,0.18586875,0.053011112,0.030457132,0.057036787,0.17984743,0.07600946,0.099069506,0.051080924,0.2300987,0.08437925,0.011616199,0.013896057
35201624,10.0,40.0,15.0,0.0,0.0,6.545761,18.512197,28.682718,1.0978394,2.4281602,0.05089673,0.06284592,0.09493613,0.24126658,0.04693256,0.072960384,0.08080879,0.24049053,0.0035357396,0.57178104,0.10084315,0.3003019,0.19414711,0.018228857,0.008622432,0.010195445,0.20190173,0.025577052,0.0005846006,0.00059027
35201287,10.0,0.0,0.0,0.0,0.0,4.2471075,0.66086775,0.7817411,1.7938325,0.4850335,0.08528231,0.090539135,0.16212793,0.2605014,0.21496265,0.09131529,0.028304452,0.064480074,0.18600403,0.060363546,0.029455252,0.056547817,0.21215531,0.13719845,0.094137475,0.0032306898,0.21748485,0.028532716,0.008097148,0.0092321895
35205066,0.0,0.0,0.0,0.0,0.0,17.885925,411.37628,65.58519,3.6528387,71.45989,0.21340671,0.41022554,0.039906844,0.05923558,0.20921114,0.15544121,0.0013511396,0.0011150065,0.1710141,0.083083495,0.023863962,0.061036363,0.19371453,0.027058885,0.0072028665,0.012395029,0.20382118,0.008013729,0.0010720718,0.0010873973
35202918,25.0,0.0,10.0,0.0,10.0,18.44602,1.2516261,3.0783443,0.0,2.178256,0.11826418,0.1506149,0.21067883,0.2445284,0.22233702,0.16705456,0.004031918,0.0032561382,0.009305787,0.073276654,0.10490462,0.30308908,0.20657106,0.045369882,0.023221143,0.0011925156,0.03019367,0.040924836,0.09991264,0.29337418
35200643,30.0,0.0,10.0,0.0,0.0,6.5795045,4.203218,21.537674,0.80828816,2.1559708,0.03916449,0.023522776,0.08150886,0.24203157,0.16992892,0.07245079,0.016143475,0.04803245,0.013999115,0.6494225,0.09293383,0.30000538,0.19878146,0.010388969,0.0018144172,0.001955111,0.20012568,0.044975873,9.2898386e-05,4.5627563e-05
35203221,55.0,0.0,10.0,0.0,0.0,62.825928,1.7658432,2.23694,0.9054313,1.0880672,0.16404548,0.28257746,0.14549567,0.25606537,0.20838717,0.08013587,0.00683815,0.012756625,0.039721724,0.04372838,0.08793925,0.2528872,0.20291907,0.02518961,0.009632737,0.003951112,0.17863384,0.02191518,0.019518515,0.051493358
35205059,0.0,0.0,0.0,0.0,0.0,58.239773,20.540085,40.553707,2.4695568,5.03071,0.20750123,0.13891587,0.019284468,0.0030045214,0.19853607,0.081985414,0.0044636927,0.012208744,0.19916832,0.40160114,0.0066343434,0.012134673,0.16828622,0.061361246,0.046763588,0.050056666,0.20074208,0.02142199,0.0003002092,0.00023234532
35203382,10.0,15.0,55.0,0.0,50.0,5.672428,10.803818,45.237064,0.8950722,36.774837,0.003753337,0.08605828,0.085440844,0.29788357,0.0039293803,0.1927692,0.08418197,0.29994214,0.005265304,0.37243807,0.0048181107,0.29770994,0.19875963,0.004666237,0.0011283235,0.0019662972,0.00051749655,0.22507203,0.0039262045,0.29956836
35202749,10.0,0.0,0.0,0.0,0.0,8.292749,0.9147859,1.4385067,1.3284578,1.1524552,0.11563182,0.2078548,0.21210037,0.30602694,0.22667427,0.08098366,0.0104133645,0.013567046,0.1774762,0.07700294,0.02689837,0.06207182,0.20421705,0.023201024,0.01166339,0.0050954777,0.21194729,0.039939787,0.007009169,0.013519051
35201058,15.0,0.0,15.0,0.0,0.0,9.857083,3.2509391,13.894407,1.3318585,1.0292809,0.02618321,0.12881385,0.11294707,0.29137766,0.18153994,0.28975645,0.0016577762,0.048855297,0.021612564,0.22929235,0.08806822,0.28953004,0.16144656,0.013119636,0.025995295,0.06019482,0.17205857,0.048304707,0.0013528357,0.049053177
35203494,10.0,0.0,90.0,10.0,15.0,4.0985603,8.342413,88.22701,0.8946842,17.430756,0.033582095,0.020989511,0.08360618,0.25013357,0.16504347,0.13041139,0.0033398091,0.058071647,0.0053794356,0.44685808,0.017780237,0.29809356,0.006430092,0.006594751,0.09804862,0.29038647,0.0014150977,0.18338187,0.08335933,0.297993
35202049,0.0,0.0,150.0,0.0,0.0,3.550057,2.53182,173.09258,0.9156254,1.7476856,0.20104371,0.04656304,0.003232524,0.0024551162,0.17413324,0.2088238,0.016402671,0.0484519,0.030157525,0.52503747,0.043818235,0.29841807,0.19882855,0.01158781,0.00044134463,0.0019958264,0.16836123,0.10098518,0.0001920255,0.048053972
35202277,0.0,0.0,65.0,0.0,0.0,1.9768443,1.4665982,68.64758,0.7520449,0.7344704,0.19266117,0.069408365,0.03361665,0.050711624,0.17018105,0.16699426,0.016925056,0.05011085,0.048979826,0.41917968,0.0046332814,0.2425507,0.19895545,0.014915715,0.0016079374,0.002029256,0.19918084,0.04818485,0.0008555762,0.0020866634
35203796,0.0,0.0,0.0,0.0,0.0,1.6492281,1.5892518,3.51407,1.725304,0.9728241,0.24839482,0.15401573,0.12863122,0.061839536,0.24438533,0.055201188,0.0074948277,0.005548935,0.20833276,0.07846215,0.011386994,0.01703771,0.21123178,0.06728817,0.047050923,0.004719815,0.21831003,0.056912806,0.0062836437,0.0065915817
35203759,0.0,0.0,0.0,0.0,0.0,2.555069,2.2537541,1.8677325,1.4974892,1.2203594,0.24235247,0.116033114,0.130709,0.059483778,0.26718867,0.11700533,0.010239572,0.0075715026,0.21286365,0.052541878,0.017314237,0.01861463,0.2090842,0.034779135,0.026968995,0.0056766765,0.24936323,0.045082636,0.008137249,0.010347235
35202636,10.0,0.0,0.0,0.0,0.0,11.6247225,0.6994792,0.7663986,1.3889273,0.9674855,0.11078519,0.33212054,0.1715461,0.2517901,0.20914644,0.03295391,0.002001345,0.0027885386,0.17160226,0.14958638,0.0016587058,0.05128817,0.19608827,0.052557677,0.018215766,0.010138647,0.20267695,0.017565738,0.0008793327,0.0033742767
35203748,0.0,30.0,10.0,0.0,0.0,9.732259,12.588446,7.6475964,0.86142063,3.4274611,0.23351368,0.24739225,0.0463193,0.008038817,0.02949097,0.08943392,0.10477799,0.30071065,0.014501359,0.13775897,0.10479377,0.3032322,0.20395085,0.042419896,0.013693059,0.002349929,0.20529005,0.09970911,0.004604455,0.013865045
35200929,0.0,0.0,15.0,50.0,0.0,4.4211097,1.7732966,5.8611073,38.2154,0.28703627,0.1899093,0.042486425,0.090505466,0.05043386,0.17887904,0.08523201,0.0017463746,0.051710904,0.013072591,0.118812576,0.08366781,0.29077566,0.03933825,0.19777088,0.22374575,0.2500505,0.16949348,0.030408924,0.0022364962,0.05112123
35200374,35.0,15.0,0.0,10.0,0.0,36.256313,4.451286,1.7992785,2.5874553,0.41529992,0.08800729,0.26263237,0.20009781,0.2945205,0.037029915,0.07196357,0.09896147,0.29211503,0.16920006,0.06915453,0.023598522,0.061309535,0.0069374917,0.07074225,0.12512934,0.29824045,0.1757745,0.04219349,0.018234836,0.052506343
35201141,10.0,0.0,0.0,95.0,0.0,4.581611,1.9336962,48.194588,65.03267,2.596191,0.03915945,0.05504863,0.17317718,0.29104087,0.20749792,0.025414392,0.0012785508,0.0032021194,0.20328063,0.14278698,0.003989759,0.0030579672,0.045901276,0.23048644,0.18566407,0.24036962,0.20150772,0.019587632,0.0017602881,0.002792469
35200223,60.0,20.0,15.0,0.0,0.0,91.30723,3.0976825,2.2484214,0.81784433,0.73412097,0.14582083,0.47523135,0.07278701,0.2521556,0.04457904,0.028879143,0.085740276,0.25159007,0.04409572,0.021669,0.08348002,0.24220695,0.17122397,0.017772142,0.030854214,0.049163464,0.1998964,0.013367562,0.0057935985,0.012158401
35202263,10.0,0.0,20.0,0.0,0.0,7.5567703,6.9267755,8.55223,1.5255264,0.960474,0.080963254,0.101047896,0.16890222,0.2502693,0.22968522,0.17294334,0.0067417817,0.052953515,0.025801256,0.06525881,0.10607245,0.29225296,0.20709488,0.08272065,0.051920213,0.003977727,0.22271474,0.06800432,0.006055807,0.007618634
35204393,0.0,10.0,0.0,40.0,0.0,2.913222,5.9830356,1.348827,20.876709,0.2398985,0.20701668,0.026243279,0.026986891,0.0053181453,0.033379212,0.1466753,0.09869479,0.29141814,0.17599286,0.2061071,0.021798978,0.05091932,0.03605903,0.15262406,0.19006975,0.25220972,0.19627336,0.06647152,0.0053454745,0.010490994
35204204,0.0,0.0,0.0,0.0,0.0,2.2968287,1.6359959,1.6597157,1.1896522,1.3793275,0.32054842,0.14834566,0.13948426,0.0076007145,0.19339515,0.06525026,0.019587448,0.05369564,0.17524855,0.05586648,0.0052597555,0.05392794,0.21141937,0.06841108,0.04432753,0.0017826122,0.17787896,0.06988339,0.0036965169,0.051787846
35202414,0.0,15.0,0.0,0.0,0.0,4.6511664,10.088812,20.10732,0.8391605,0.63843185,0.22369239,0.1253543,0.02539706,0.0040317103,0.022146747,0.13209677,0.106142215,0.29953885,0.18781449,0.3127292,0.031699948,0.060530808,0.17035098,0.02535794,0.021942938,0.050084867,0.19799605,0.06055784,0.0049059927,0.010768534
35201434,85.0,0.0,0.0,60.0,0.0,76.59666,10.834792,7.362975,50.843525,3.3583207,0.080961056,0.19115838,0.13668361,0.30242544,0.2033664,0.023989286,0.005451615,0.012216175,0.1987256,0.0332843,0.0070914677,0.012137112,0.036841597,0.2536237,0.049685955,0.25262624,0.20328543,0.010621011,0.0029595078,0.002471312
35204542,0.0,10.0,15.0,0.0,0.0,1.6847142,3.971799,11.101689,1.6439486,0.7052858,0.20223494,0.09267881,0.05934389,0.055037506,0.035498735,0.090564705,0.10071665,0.30106357,0.051004335,0.20607468,0.096369825,0.24493913,0.20573096,0.14186086,0.057545952,0.0012710034,0.19817251,0.049838006,0.005972735,0.0121734785
35203593,40.0,15.0,15.0,0.0,0.0,24.711056,4.8589287,6.016691,1.5910046,0.8741522,0.13509995,0.10038855,0.22407344,0.24764106,0.07317918,0.075580314,0.08575076,0.24461466,0.053118076,0.11281734,0.08759258,0.24717365,0.20939468,0.060490888,0.041371774,0.0046362747,0.20885389,0.04891093,0.011175963,0.016092392
35201748,0.0,40.0,50.0,50.0,0.0,16.111164,59.189793,28.18645,13.599288,5.915293,0.20523225,0.08261809,0.015293129,0.011394694,0.03680878,0.37524605,0.09786428,0.2889244,0.015148969,0.12040793,0.019146245,0.2910709,0.002188439,0.07891349,0.03306225,0.29805177,0.20316626,0.048803385,0.002040229,0.0021524164
35200393,85.0,15.0,10.0,0.0,50.0,137.0471,5.288933,2.1390362,0.0,5.779314,0.08109701,0.49352005,0.06811217,0.29243067,0.05529468,0.0480615,0.08476788,0.24455027,0.013062779,0.031079955,0.101494744,0.29285794,0.20287284,0.011271004,0.00840845,0.0020374125,0.05063946,0.016846512,0.0042116167,0.24601063
35202225,0.0,0.0,110.0,0.0,0.0,3.4755988,6.1866603,138.2592,0.4742714,2.3128798,0.18774128,0.04286839,0.05000274,0.04982727,0.21054411,0.09510759,0.0014652272,0.0012788568,0.05417857,0.4984571,0.008825291,0.24334028,0.20120257,0.020268094,0.010874688,0.002420198,0.20524591,0.028476909,0.0015523399,0.001587127
35202689,0.0,0.0,0.0,0.0,0.0,35.35512,6.938427,3.8267076,1.7636054,1.3629584,0.25067073,0.2993047,0.09623298,0.05265979,0.2010347,0.113906786,0.02010765,0.050957393,0.20610881,0.039728105,0.009031121,0.0128821675,0.19784427,0.036027282,0.023720704,0.011067235,0.21633199,0.03187473,0.0034807788,0.004577918
35200931,20.0,0.0,0.0,65.0,0.0,3.5044818,0.0,1.2812037,60.263905,0.22723173,0.028167002,0.04227765,0.17104594,0.28962234,0.17524382,0.027348047,0.016861895,0.048687126,0.16382411,0.1723107,0.022215243,0.060297493,0.04395188,0.23208919,0.19244555,0.24216919,0.2012949,0.0145479,0.00066278595,0.0004267071
35204348,10.0,75.0,230.0,0.0,170.0,7.338741,77.57869,144.25357,0.0,124.117355,0.01781092,0.082753554,0.11270404,0.29210922,0.044354722,0.31598008,0.005670948,0.25289804,0.040073816,0.38476512,0.007646876,0.2513256,0.20243335,0.028559165,0.018829111,0.0006487258,0.04351692,0.22242449,0.001632867,0.24185303
35202848,0.0,10.0,10.0,0.0,15.0,7.927857,12.048772,4.805344,0.0,3.12885,0.20642006,0.32105,0.009829463,0.0118657425,0.042955007,0.3413324,0.08029009,0.24022749,0.03514853,0.08479449,0.08492586,0.25222266,0.19874805,0.0065530427,0.0014488954,0.0024854115,0.04090511,0.014985697,0.08023127,0.24023214
35200452,50.0,0.0,0.0,0.0,10.0,15.038275,1.9066813,1.521466,0.71673703,7.609818,0.032335445,0.061956495,0.054010108,0.2914521,0.24279614,0.18319339,0.0035558916,0.0013305373,0.17049746,0.12606047,0.025387175,0.061536577,0.20273887,0.034121446,0.019711984,0.00075008895,0.009982487,0.22572893,0.10320124,0.30007368
35205020,0.0,0.0,0.0,0.0,0.0,13.213506,21.020811,253.71796,10.107509,5.773855,0.16784091,0.0073740752,0.01631087,0.04840775,0.19446003,0.029952109,0.0032315254,0.009606608,0.16342948,0.74339306,0.018750738,0.060001507,0.19975708,0.0054218704,0.00037612556,0.00039109678,0.20002589,0.012705904,1.916061e-05,9.157083e-06
35201507,0.0,0.0,10.0,0.0,0.0,8.731237,7.5008535,5.446246,1.5369968,0.84904325,0.19644892,0.12978864,0.03306643,0.051641278,0.21604401,0.40056044,0.0017877943,0.0026765543,0.011527959,0.085497536,0.098543555,0.2907473,0.20069414,0.010561379,0.0024992013,0.00085858547,0.19758011,0.073213905,0.0043844697,0.010644177
35204705,75.0,0.0,0.0,0.0,10.0,69.657265,1.4172785,1.9699407,0.0,1.5960052,0.19659153,0.28865352,0.15304588,0.24072541,0.20105226,0.04832203,0.0009473659,0.0024708635,0.20035014,0.09970872,0.0014735458,0.0024758696,0.1937963,0.023993535,0.009976594,0.010034175,0.040436316,0.012663411,0.08011447,0.24008872
35200880,85.0,0.0,10.0,20.0,0.0,77.574066,2.4463692,4.741732,3.5665452,0.0,0.07077086,0.252527,0.0829939,0.29969287,0.16362296,0.20957354,0.016952384,0.0600276,0.0022816327,0.12865128,0.0812723,0.299644,0.03986689,0.01950942,0.08070212,0.24044858,0.16059424,0.063846126,0.00094763516,0.06003371
35204756,10.0,0.0,10.0,0.0,0.0,3.6099708,4.646043,19.882055,1.6240339,0.8893033,0.023245772,0.06335176,0.12253756,0.3012213,0.20602621,0.03978668,0.0020986516,0.0027153753,0.037910577,0.5884391,0.08626795,0.25241956,0.20085505,0.016701434,0.0024256168,0.0010208039,0.20239738,0.013127682,0.0014058435,0.0027045852
35203678,0.0,0.0,0.0,0.0,15.0,1.425746,0.40221277,0.5291786,0.0,3.1699245,0.24068205,0.1073845,0.1378924,0.069431685,0.23639812,0.08900105,0.0061619296,0.015387114,0.1777726,0.06877187,0.024628693,0.06664014,0.21202227,0.07113567,0.064499624,0.014598335,0.05235458,0.044969648,0.08889215,0.2596076
35204010,0.0,0.0,85.0,55.0,20.0,0.8097937,1.9925567,93.59555,8.425713,5.674291,0.16887362,0.05474009,0.01896371,0.05060763,0.20209979,0.21116118,0.0012700441,0.0116916085,0.015622821,0.35517937,0.010697698,0.300008,0.0015977717,0.05026975,0.02048735,0.29822776,0.0007503119,0.087024555,0.097143486,0.29976323
35204501,10.0,0.0,0.0,10.0,0.0,4.759638,0.123363525,0.17463496,7.7552257,0.25557658,0.08123459,0.06874463,0.16564062,0.24633968,0.21485867,0.059903838,0.0060815597,0.012722503,0.17534685,0.14969009,0.014977402,0.06203245,0.05211123,0.17197011,0.20927753,0.24118702,0.19784065,0.04014741,0.0033811827,0.012308728
35203466,55.0,15.0,280.0,0.0,55.0,26.700708,30.014534,323.39307,5.1147933,27.571188,0.038820367,0.051119875,0.0068293614,0.2501468,0.035180207,0.29872745,0.08340073,0.25002515,0.029144568,0.47906953,0.016904887,0.048538163,0.19979428,0.003929147,0.00032295845,0.00040797188,0.039859224,0.0739344,0.0001800506,0.24041878
35204896,95.0,165.0,25.0,0.0,15.0,99.16208,274.45367,16.42541,3.3594503,4.861166,0.060712613,0.29831955,0.029961554,0.25237972,0.049964182,0.40862736,0.0015239266,0.24111278,0.042987257,0.11786458,0.08249448,0.24341999,0.20226534,0.016077094,0.009423652,0.0009562785,0.04376165,0.023378406,0.0812641,0.24132961
35202515,50.0,15.0,40.0,15.0,10.0,40.787155,6.8116126,51.990902,1.8954827,1.134223,0.05054429,0.23595074,0.02796529,0.2519247,0.05388567,0.05772921,0.08207308,0.24151626,0.04466335,0.37762606,0.083979115,0.24373461,0.04182532,0.016208615,0.08544121,0.24114099,0.049886778,0.018473428,0.08163074,0.242072
35201387,0.0,10.0,35.0,65.0,0.0,2.666411,3.593074,42.03572,51.87648,3.1175904,0.18294589,0.08150138,0.037991587,0.05102515,0.045280453,0.026377274,0.08069057,0.24062176,0.039513953,0.34836084,0.08292464,0.25031412,0.039890707,0.24355797,0.028066156,0.24206573,0.2006338,0.014916613,0.00036339092,0.00071103114
35203056,0.0,250.0,55.0,0.0,35.0,1.1288269,114.50779,37.17335,1.8642722,14.882444,0.21713682,0.16904493,0.018333502,0.002484635,0.024289284,0.33503133,0.022351168,0.30038226,0.009019937,0.2222864,0.024675088,0.30103633,0.20117356,0.019125154,0.0031628858,0.00064764626,0.042889357,0.12348614,0.08125175,0.24336112
35204840,0.0,0.0,0.0,0.0,0.0,3.3954587,32.140305,10.435419,1.3984889,6.7939606,0.24592641,0.12066418,0.0885803,0.015517449,0.24217683,0.16116855,0.004658707,0.013877467,0.17498834,0.0582347,0.021693353,0.06085955,0.17274612,0.09809327,0.07235007,0.051041596,0.21610789,0.03332071,0.0047676763,0.0155064
35200986,0.0,0.0,0.0,35.0,0.0,3.109451,1.4886644,5.633105,19.228687,0.513483,0.20420344,0.1066886,0.104645,0.064858556,0.19416365,0.0741464,0.026800647,0.061303876,0.20815797,0.107511334,0.0130625935,0.01541045,0.011845356,0.1273596,0.17608644,0.30191684,0.20337424,0.06502333,0.009993401,0.015118201
35204988,0.0,0.0,0.0,0.0,0.0,91.38124,107.098045,107.33236,15.338003,118.39205,0.17012529,0.11428867,0.03586797,0.058287993,0.20507868,0.36135906,0.00033012487,0.000654532,0.20225471,0.16306229,0.0011038599,0.0006471797,0.16919374,0.048425265,0.037170064,0.048090857,0.20055072,0.037916694,0.00040212215,0.0005909828
35203686,0.0,0.0,0.0,0.0,0.0,6.067149,2.5012293,1.952357,1.4436399,1.554789,0.2562073,0.1667107,0.1213591,0.06234832,0.22248422,0.053523924,0.02422033,0.057099294,0.18485564,0.02900256,0.026115548,0.056838166,0.2082362,0.057666652,0.06300257,0.012471698,0.22949241,0.035428144,0.00932172,0.013308557
35200695,80.0,0.0,10.0,0.0,0.0,70.69842,1.6794673,2.5149808,1.344901,0.9746722,0.13256666,0.28892732,0.15132244,0.29023832,0.20782585,0.09358449,0.0014765395,0.010641426,0.0064047,0.05336802,0.10157597,0.29856855,0.20159614,0.034497052,0.011082426,0.00084611593,0.20494074,0.028219152,0.0013059926,0.0016119593
35203930,355.0,30.0,40.0,0.0,0.0,386.238,21.864248,22.196589,2.2244415,6.4509063,0.14028081,0.2654052,0.14818136,0.0014411405,0.0100021865,0.13465083,0.09990578,0.29833448,0.03596873,0.122319505,0.08493302,0.250305,0.16748087,0.044009313,0.03871519,0.05051189,0.19965756,0.10430055,0.0013755502,0.0022399938
35202300,35.0,0.0,40.0,35.0,0.0,10.476173,3.006099,28.772776,5.625863,1.5450519,0.06934619,0.085931495,0.117718354,0.24255393,0.20867358,0.16310932,0.0053926273,0.010952937,0.0471152,0.25489208,0.08859877,0.25161254,0.04283718,0.038651675,0.09160498,0.24064068,0.19667323,0.124211706,0.0021711418,0.0107919965
35204127,10.0,95.0,100.0,0.0,290.0,20.430508,102.28375,125.943825,6.681484,272.4435,0.04497218,0.05139079,0.085277006,0.24081351,0.0063796705,0.28734693,0.021236174,0.2999085,0.038599625,0.30949715,0.006926454,0.25211164,0.19407104,0.0057310537,0.00439014,0.010017432,0.03961767,0.27319708,0.0009872963,0.0021566947
35201597,0.0,35.0,0.0,15.0,0.0,6.6365657,32.28336,5.0659018,6.8127866,1.5514634,0.18622383,0.12307585,0.04142947,0.061816454,0.065428905,0.22000651,0.08305696,0.24291453,0.20745046,0.15778467,0.003490204,0.0029218802,0.0081152,0.1193008,0.09738467,0.29085505,0.20290747,0.046700742,0.0017329585,0.0013244813
35202992,10.0,0.0,0.0,10.0,0.0,2.413473,0.0,0.23780817,4.9360642,0.4610703,0.06093835,0.048103,0.15403865,0.25793907,0.21329837,0.07201274,0.026505034,0.06496332,0.1829707,0.095536314,0.029913072,0.05239776,0.049646802,0.14713484,0.2086012,0.24117835,0.21030822,0.06925456,0.008412133,0.008466099
35200488,25.0,10.0,65.0,15.0,10.0,8.124312,6.7227464,9.591122,2.9800644,4.0722275,0.061478958,0.08052602,0.2008339,0.29553708,0.051803425,0.14171347,0.102584064,0.29199734,0.027237881,0.06782848,0.033088632,0.29564896,0.048985653,0.0498951,0.1221191,0.24335155,0.058870442,0.100033045,0.0925669,0.2514914
35203418,0.0,30.0,55.0,10.0,35.0,6.077323,37.898037,34.523014,0.64900637,37.989525,0.20105958,0.020027548,0.0030748455,0.002282419,0.008456927,0.30412272,0.09957652,0.29778507,0.003317869,0.17428099,0.0038786244,0.29821542,0.00043792947,0.016099852,0.086618625,0.2996105,0.040641107,0.2651754,0.080413714,0.24043123
35203668,20.0,35.0,0.0,10.0,15.0,8.669152,10.5779915,82.419525,0.8390049,5.0319877,0.016261427,0.11291431,0.09366526,0.2984907,0.011509989,0.040423874,0.09696239,0.28891042,0.16323301,0.5603114,0.020488197,0.058572967,0.040575195,0.0030368,0.081687704,0.24040769,0.010130263,0.04209835,0.080843434,0.2892023
35201826,0.0,10.0,40.0,0.0,0.0,1.3277556,2.8273113,33.746326,1.0520582,1.0914993,0.19964342,0.028139364,0.01604951,0.01136505,0.052182265,0.05936972,0.08161407,0.24068224,0.021342859,0.4138416,0.09048847,0.28907695,0.20160791,0.14713876,0.030684114,0.0006425809,0.20174967,0.055586968,0.0013278736,0.00051957933
35202249,0.0,0.0,30.0,15.0,0.0,1.9980083,3.5909476,45.333244,2.6267428,1.4344391,0.21053089,0.07628699,0.020184346,0.010679933,0.20241353,0.054748937,0.0041756877,0.010211634,0.04640905,0.529938,0.08419573,0.24262556,0.039661385,0.045151584,0.08621865,0.24222834,0.20331709,0.024836222,0.0007724079,0.000924116
35204825,50.0,45.0,15.0,10.0,0.0,24.12664,79.93299,12.209482,2.2662878,2.9514003,0.005689439,0.05188122,0.034227263,0.29792452,0.03508469,0.5562921,0.0033724557,0.24973744,0.032807272,0.07677856,0.084446855,0.25205958,0.008790382,0.046456162,0.11848913,0.28843388,0.20025983,0.006149152,0.00013269334,8.5395775e-05
35203274,0.0,30.0,20.0,0.0,20.0,1.1734579,17.60565,32.347427,0.5815189,10.005005,0.16362597,0.048013516,0.022573335,0.05842677,0.009452256,0.15388176,0.081140675,0.29058012,0.008751539,0.49537057,0.08173646,0.29026845,0.20048717,0.0059845746,0.0037672617,0.00013014227,0.00871121,0.14199728,0.08032809,0.28837103
35204020,45.0,210.0,35.0,10.0,0.0,44.072117,366.30414,29.066406,1.2507902,5.00603,0.042366233,0.23006473,0.002329325,0.24237502,0.009007208,0.5683925,0.016061313,0.28804588,0.007505761,0.13481118,0.09705819,0.2904478,0.039750565,0.0017634095,0.08029034,0.24049833,0.16820459,0.016258948,0.016049452,0.048049483
35202481,125.0,0.0,0.0,0.0,15.0,115.58913,2.7988925,1.7430558,0.0,3.4139457,0.16039239,0.20327675,0.14297888,0.2983895,0.21041998,0.13879645,0.00078266335,0.0003024054,0.19485755,0.05640272,0.0053326935,0.012364593,0.20068783,0.018210419,0.004417029,0.00019241081,0.0023627777,0.05910161,0.100751325,0.30006415
35202535,15.0,10.0,0.0,0.0,0.0,7.511469,6.156845,22.07125,0.92533493,0.9850261,0.035857372,0.061377045,0.084801055,0.24997489,0.046715785,0.15733822,0.081237674,0.241977,0.20221326,0.49013078,0.0065795872,0.012209759,0.20003234,0.0064111776,0.00025946987,0.00017322513,0.20040958,0.05834438,0.00017033402,8.0203456e-05
35205002,0.0,0.0,0.0,0.0,0.0,22.686245,122.415695,77.71544,9.346555,33.673424,0.19990128,0.12090308,0.0067396057,0.010330062,0.20366357,0.539329,0.00036117298,0.0005356605,0.16307022,0.096425846,0.01983045,0.05815238,0.20013937,0.0026006985,0.00050054194,0.00017317232,0.19953933,0.018546466,0.00088052434,0.0021308435
35204544,0.0,0.0,0.0,0.0,0.0,3.183284,8.3422985,3.9644442,2.5757427,1.7967649,0.22976713,0.11093668,0.09112128,0.059260793,0.23877607,0.045431986,0.0049402,0.005040111,0.2182606,0.07368036,0.014060692,0.0035350255,0.21338072,0.14251034,0.12053475,0.003410443,0.17784503,0.021969598,0.021508269,0.05341411
35204169,0.0,10.0,10.0,0.0,0.0,2.9628022,4.5778756,1.2850325,1.4217501,0.40748465,0.21610577,0.107832946,0.108569324,0.07126541,0.10646178,0.09747706,0.09434513,0.25995567,0.01834959,0.04996211,0.10739196,0.30955917,0.18238227,0.05977787,0.07440439,0.0507968,0.22455934,0.04737769,0.012362858,0.027854722
35201006,55.0,15.0,0.0,50.0,0.0,27.823933,6.6627984,8.775372,39.655224,1.8608204,0.057601783,0.1067223,0.12750737,0.3010574,0.045941908,0.032260593,0.08084746,0.24089387,0.16997185,0.174444,0.01830206,0.05070017,0.042077314,0.230423,0.06034729,0.24035306,0.20132819,0.0110809505,0.00065934565,0.00081195927
35204799,90.0,280.0,155.0,10.0,190.0,54.17529,222.96721,195.64775,0.0,126.22654,0.04887948,0.13202593,0.027797325,0.25389004,0.04801648,0.44876093,0.0012371028,0.0030780972,0.03701775,0.39115903,0.0054159528,0.25333613,0.042405322,0.014771385,0.092900194,0.2429209,0.010485913,0.20584105,0.017782526,0.29192498
35201674,10.0,10.0,0.0,15.0,0.0,12.509893,18.778688,33.65135,2.3015656,3.5545309,0.041175555,0.14335419,0.08776818,0.25040367,0.04866029,0.35137492,0.08073803,0.24241824,0.16966213,0.2105326,0.0034937288,0.060159717,0.0004227925,0.024232376,0.08446078,0.29981926,0.16100842,0.03173697,0.019676015,0.060138147
35203315,0.0,25.0,0.0,0.0,0.0,1.6939554,8.456998,1.9183238,1.059013,0.76011455,0.2240717,0.12410464,0.07584955,0.055935305,0.0692412,0.07921407,0.09030309,0.24527389,0.2192833,0.20095122,0.021066304,0.016453192,0.17475843,0.05255764,0.050068494,0.05154936,0.20978795,0.06896161,0.0031041068,0.0046243407
35204304,20.0,0.0,55.0,0.0,10.0,6.680677,5.004664,71.73944,1.8930966,12.750861,0.0079893125,0.02413856,0.081663154,0.2901132,0.17189942,0.15946537,0.016888523,0.05001804,0.010018059,0.4379288,0.0050399452,0.24975358,0.1999779,0.0040382086,0.00022344736,9.069718e-05,0.008079046,0.1838254,0.08010579,0.28809437
35200707,10.0,0.0,10.0,0.0,0.0,4.683454,0.5287845,2.8531349,1.4707456,0.81815875,0.04748172,0.11658241,0.1533703,0.3022158,0.20045318,0.109531626,0.009348803,0.056216802,0.029549692,0.093555525,0.113982916,0.29521072,0.21848425,0.11762001,0.08643019,0.0036543452,0.1798251,0.035507426,0.025671104,0.054872915
35200307,90.0,0.0,0.0,0.0,0.0,65.16377,1.0405462,0.82023364,1.0302747,0.99369407,0.17785083,0.16450866,0.22993863,0.29127264,0.17697616,0.045133173,0.016753308,0.048622556,0.1702891,0.09424744,0.017559823,0.049230937,0.16984148,0.036695216,0.027207924,0.048424415,0.17170711,0.023459418,0.017023956,0.048911635
35202299,0.0,0.0,20.0,30.0,0.0,3.9028215,1.429436,28.126186,9.263331,0.3402921,0.2009646,0.06488702,0.014935956,0.011807291,0.17910199,0.062386677,0.018082187,0.048401184,0.020450063,0.44758487,0.10323779,0.29049802,0.008917471,0.09993679,0.093949944,0.2887026,0.20091476,0.051525284,0.00090065825,0.00036555744
35200798,75.0,10.0,10.0,0.0,0.0,57.031326,6.854422,4.9875884,1.1565031,0.7763743,0.1497683,0.21859114,0.1116121,0.24107453,0.00969022,0.17223397,0.08482976,0.30027145,0.003998126,0.11294578,0.086017415,0.30058426,0.20069738,0.024428954,0.0021790965,0.00031242747,0.16966538,0.05778356,0.016582144,0.048967976
35204987,0.0,0.0,0.0,0.0,0.0,120.306625,71.31671,93.3577,9.758632,205.84744,0.20962736,0.051335312,0.018103017,0.0032055129,0.21166065,0.080262914,0.0010745567,0.0027913505,0.20009944,0.532727,0.005924193,0.012203358,0.1945944,0.030995391,0.014705492,0.01022422,0.20327348,0.027557096,0.0009824424,0.003108739
35201913,0.0,20.0,0.0,35.0,0.0,0.94040596,7.811932,2.1348498,9.518638,0.3324088,0.23095629,0.06315359,0.08268961,0.01791695,0.075357705,0.10174853,0.09155646,0.25438425,0.21650513,0.10716003,0.011546713,0.0068584937,0.008935382,0.08675927,0.20170708,0.30235344,0.21190843,0.089090556,0.010304632,0.0074415617
35200897,130.0,0.0,0.0,0.0,0.0,194.03355,1.4029906,0.8185604,0.89236313,0.5600034,0.16915345,0.41561976,0.07046528,0.25166297,0.20119694,0.10400895,6.901494e-05,0.00013185723,0.20055269,0.04258267,0.00023311295,0.00013206182,0.1938471,0.014747903,0.0074755256,0.009619614,0.20013665,0.009241487,8.290952e-05,0.00012023347
35204404,0.0,10.0,10.0,20.0,10.0,3.5812216,3.0974422,5.8348703,22.929363,1.9830295,0.21358861,0.044949804,0.03546196,0.013502905,0.05254349,0.034660757,0.08531532,0.2517325,0.04047828,0.14690585,0.087447174,0.25153202,0.043160517,0.3336826,0.17908081,0.24254231,0.046299975,0.029794995,0.082418196,0.24284053
35200791,10.0,0.0,0.0,0.0,0.0,4.560195,0.6566599,0.7341904,1.889675,0.5208292,0.050569944,0.111056596,0.14419387,0.30788472,0.2571333,0.15409823,0.010167747,0.0089371,0.19043665,0.08867716,0.046356685,0.06903697,0.20783263,0.036988776,0.028871188,0.004896673,0.2255419,0.057386205,0.014799877,0.009253774
35202772,0.0,0.0,0.0,0.0,10.0,4.1300774,0.8454456,1.066646,0.51130724,3.109112,0.23747656,0.1284498,0.14464843,0.007836658,0.22357866,0.14823116,0.027306313,0.06404419,0.17961957,0.04408553,0.023253607,0.05423677,0.20081419,0.034841314,0.033538844,0.011933749,0.088287026,0.049927052,0.08735702,0.25053743
35204338,15.0,15.0,0.0,0.0,20.0,6.163537,7.258692,3.2069204,0.0,7.5165434,0.08429404,0.08450394,0.20683175,0.29759282,0.09870504,0.1077777,0.09059825,0.24772607,0.18598408,0.08144267,0.029808909,0.05775988,0.17873992,0.034559242,0.04454048,0.05195521,0.075825125,0.07979082,0.088479064,0.25178102
35202268,0.0,0.0,100.0,0.0,0.0,2.519414,1.9123408,126.98375,0.73395056,0.7428315,0.16919746,0.033465117,0.017247457,0.048173863,0.16256817,0.2508753,0.004283495,0.059984867,0.018255262,0.41010413,0.0072979964,0.29046032,0.1988205,0.0034613903,0.0008887155,0.0020061783,0.16794907,0.10923949,0.0002137641,0.00043320507
35201251,0.0,10.0,10.0,20.0,0.0,32.276814,9.896366,8.399535,12.958699,1.0346923,0.21720743,0.20472698,0.030398715,0.013243378,0.018374775,0.0939365,0.09711005,0.28877085,0.046723552,0.20934804,0.08229884,0.240788,0.0023876415,0.17931508,0.10883637,0.29837045,0.2010314,0.01888643,0.00061464607,0.00041513372
35203472,10.0,10.0,10.0,0.0,50.0,5.4800277,6.0323896,16.72138,0.0,15.560494,0.012615164,0.049859557,0.11152269,0.2916344,0.0438139,0.083835855,0.08534062,0.25299734,0.038053732,0.47651756,0.086541735,0.25049958,0.16994084,0.036255646,0.04182654,0.048239816,0.042090263,0.07532933,0.0017092323,0.24170001
35204998,0.0,0.0,0.0,0.0,0.0,21.10268,21.59549,6.27866,1.5223559,3.950094,0.22546548,0.27190086,0.07347837,0.05977824,0.17912856,0.21576281,0.021478834,0.058860783,0.17473665,0.063899115,0.009930633,0.059987783,0.17054857,0.024168823,0.025718046,0.049255382,0.17607182,0.033162966,0.019299151,0.050885465
35203353,0.0,40.0,40.0,0.0,85.0,4.1196976,40.897167,36.2477,0.0,67.73896,0.20077911,0.026708376,0.0012388753,0.0005032995,0.00406828,0.2803704,0.09995672,0.29956266,0.001661276,0.24498212,0.08122315,0.29967168,0.16009496,0.005628599,0.017363934,0.059926353,0.008196805,0.23291008,0.016145779,0.28810894
35200975,25.0,0.0,0.0,30.0,0.0,15.129817,0.9956362,0.99738824,16.062647,0.40284893,0.07194361,0.09143996,0.22867519,0.30165014,0.17911924,0.033665527,0.020494662,0.059057526,0.19680366,0.13241471,0.005820229,0.012922341,0.014645316,0.1452509,0.21714152,0.28841203,0.16616388,0.027211457,0.017753646,0.059359614
35202282,10.0,10.0,95.0,20.0,0.0,4.272037,8.078995,68.70989,3.8003974,1.9608511,0.040630214,0.052248195,0.08383838,0.24232216,0.012682304,0.23003897,0.09641928,0.2881479,0.017024415,0.3829427,0.024942566,0.2979501,0.04034577,0.035321534,0.0861747,0.24014544,0.20043357,0.056550916,0.00033332128,0.00011830208
35202594,10.0,0.0,0.0,0.0,0.0,5.1305113,1.2509645,2.4886746,1.2299162,0.5198554,0.06362268,0.099992715,0.112220705,0.24657762,0.2551795,0.20227917,0.0059280004,0.0047125095,0.18653826,0.19434421,0.022812009,0.050889093,0.170677,0.04983799,0.032125324,0.04984232,0.2163366,0.054065846,0.0047851806,0.0043353536
35204482,15.0,10.0,10.0,0.0,0.0,4.2157183,7.1661243,2.3076146,1.2968459,1.0219917,0.060856804,0.07234889,0.17908707,0.31096268,0.056941476,0.19705954,0.09173627,0.29852426,0.023771288,0.053110212,0.11235762,0.30011892,0.17312694,0.041222174,0.05744054,0.062990405,0.23500708,0.040764373,0.012204809,0.010188421
35204251,15.0,15.0,20.0,0.0,0.0,4.521287,3.837646,9.632759,1.525579,0.42648596,0.061114773,0.10230079,0.12146603,0.25446954,0.01577735,0.07641889,0.09788723,0.29940268,0.013463652,0.17930003,0.102947876,0.29903558,0.20504624,0.23605491,0.064814374,0.0007098017,0.16375056,0.03637671,0.017591843,0.05879089
35204265,55.0,0.0,0.0,0.0,0.0,16.704424,4.9920125,1.1738403,1.528265,0.47927248,0.009365481,0.08900745,0.001416699,0.28858313,0.16396035,0.18894342,0.0033626924,0.057631485,0.16801363,0.48996037,0.022836974,0.058142003,0.16800945,0.012475651,0.016409986,0.04811467,0.19371857,0.035014134,0.0032746668,0.009625264
35203440,0.0,10.0,165.0,0.0,35.0,6.0054355,14.250951,103.31034,2.045681,29.44651,0.1923427,0.058023848,0.028791295,0.059705812,0.044785988,0.26753956,0.08019358,0.24006951,0.043614946,0.38698584,0.003909559,0.24251692,0.20014521,0.0059420564,0.000901194,4.262006e-05,0.00053838716,0.16575281,0.1001934,0.30002165
35204618,80.0,50.0,0.0,10.0,0.0,32.02674,36.087963,3.227528,37.476475,6.4953017,0.0565729,0.116594315,0.104150616,0.29267016,0.03839825,0.21556273,0.01906255,0.28948265,0.20740783,0.143074,0.0048820605,0.004860888,0.04211737,0.028721744,0.08942883,0.24129099,0.21217148,0.0730237,0.003961039,0.00382457
35202649,20.0,15.0,0.0,0.0,0.0,9.281138,10.898423,1.0789237,1.4280555,0.57752967,0.07728784,0.07333597,0.17694372,0.24781518,0.09061016,0.21188247,0.08574532,0.24409954,0.20240071,0.043989394,0.011111442,0.016421966,0.20854649,0.076407224,0.07915705,0.0011881741,0.22083716,0.04509187,0.0067508854,0.009128192
35201078,10.0,10.0,0.0,10.0,0.0,4.5440917,3.3267272,3.0448895,5.0355377,0.24007381,0.095919475,0.12889582,0.21136957,0.25549424,0.072499126,0.07825065,0.08355024,0.24326351,0.21141891,0.039196253,0.006603998,0.0028302118,0.049328394,0.15020701,0.16615896,0.24130425,0.20643476,0.025695674,0.0070109116,0.014444925
35203053,0.0,90.0,90.0,0.0,10.0,3.9996479,60.816734,115.0664,3.0784392,5.1417665,0.2034581,0.054351404,0.021808378,0.014269246,0.023968065,0.19518128,0.01891554,0.2919929,0.008301502,0.4067695,0.022472914,0.30192482,0.19648197,0.015192719,0.014888684,0.010162207,0.044931445,0.03223499,0.082478985,0.24557377
35201598,0.0,0.0,55.0,0.0,0.0,2.0111995,2.6210825,28.13987,1.0807836,1.1625398,0.17517217,0.07031858,0.029856417,0.061138317,0.18308531,0.23880225,0.017422428,0.048592385,0.058809746,0.21516326,0.024212552,0.25138265,0.16896592,0.072084345,0.013704032,0.048392538,0.20155506,0.07732248,0.0018919192,0.00079413765
35203971,20.0,10.0,230.0,15.0,35.0,3.361602,11.391067,180.62051,1.9115031,19.257168,0.0105370125,0.06041954,0.085957654,0.2908344,0.014163241,0.32950857,0.080352955,0.24064869,0.024895921,0.45475194,0.014346923,0.29082555,0.008507278,0.0070261993,0.09860604,0.28860185,0.0022830516,0.14959694,0.08365867,0.29840702
35202264,25.0,10.0,0.0,0.0,0.0,11.755147,6.261501,30.894033,0.8144355,0.6499583,0.02180401,0.07257052,0.1236925,0.29826033,0.03960108,0.18126017,0.10187258,0.29190665,0.21960416,0.17178354,0.02224978,0.015277329,0.16758434,0.10672015,0.0656165,0.061781105,0.19998723,0.045425907,0.011034347,0.016215105
35202128,45.0,10.0,25.0,0.0,0.0,30.750431,3.8125684,19.808113,1.1255025,0.7137927,0.06556192,0.21191512,0.03304838,0.2535595,0.02934597,0.111083224,0.10011693,0.28963134,0.06390304,0.21305276,0.09069347,0.24439858,0.19654295,0.05350814,0.01525501,0.011062099,0.2046081,0.056903623,0.0014738466,0.0017679634
35201327,0.0,0.0,15.0,0.0,10.0,0.9171153,11.624528,17.260891,1.2551708,4.8602996,0.18726814,0.15682204,0.028559817,0.059088707,0.20900421,0.17291848,0.004502695,0.010236591,0.0118846195,0.28397495,0.08716417,0.29060784,0.20056577,0.011110513,0.0003557333,0.0003308214,0.0028949475,0.10242587,0.0962698,0.29788452
35203616,80.0,0.0,10.0,0.0,0.0,130.60854,6.69343,10.844938,0.8686384,8.318481,0.08696056,0.47654757,0.07841801,0.30052185,0.20082773,0.039597686,0.0018979721,0.011254796,0.0063834493,0.045058906,0.10290349,0.29906243,0.20374511,0.03308381,0.017564008,0.00074246514,0.19608417,0.01312051,0.005146494,0.010992026
35204605,110.0,15.0,15.0,0.0,0.0,167.87376,14.9442425,8.587939,1.8012183,3.3537018,0.11897218,0.4413764,0.070349455,0.2982565,0.03558976,0.11763493,0.083352946,0.24972534,0.034211867,0.029692013,0.0835306,0.2498488,0.19397244,0.0093501415,0.005448989,0.009686058,0.1943795,0.006562716,0.003406785,0.00978365
35200720,60.0,35.0,20.0,0.0,0.0,36.50023,34.069622,15.208259,0.9959768,2.6026373,0.05287551,0.2660982,0.010467585,0.24238738,0.036670685,0.23640744,0.08365278,0.24968477,0.005076734,0.2052393,0.100943014,0.29812714,0.16179317,0.021570753,0.018801842,0.057751376,0.20027561,0.033398617,0.00020046318,8.7830216e-05
35204615,60.0,50.0,50.0,0.0,10.0,68.03783,80.215706,49.44061,1.377576,19.158667,0.030307185,0.20248431,0.022361532,0.288215,0.0019888664,0.39330384,0.016966168,0.30005434,0.0011585152,0.14091073,0.01725384,0.30011716,0.20013954,0.00501435,0.0004358337,6.259888e-05,0.03393433,0.0146285035,0.08331656,0.24979368
35202181,0.0,20.0,145.0,10.0,0.0,1.4588112,16.251087,154.54808,1.697669,1.126786,0.20239896,0.05105848,0.00404242,0.000671864,0.044688683,0.22630039,0.08031097,0.24056865,0.06924683,0.56483763,0.021434901,0.24256085,0.038952254,0.016161367,0.0829842,0.2420574,0.20072523,0.03302823,0.00023317772,0.0006287556
35200974,15.0,10.0,10.0,160.0,0.0,12.122189,7.1172624,8.607206,86.18924,3.0765169,0.095760405,0.04968463,0.20620207,0.24753064,0.029705182,0.04534588,0.10107296,0.2929571,0.050395694,0.09248307,0.08651166,0.24267381,0.015035507,0.26667967,0.21617326,0.30179602,0.20683244,0.04086858,0.0051121395,0.0028461386
35204755,75.0,25.0,10.0,10.0,0.0,134.48782,19.615526,10.666207,1.030129,2.5552428,0.085675165,0.5495078,0.032932967,0.2903461,0.040599205,0.08690212,0.08002246,0.24002984,0.040505648,0.037179068,0.080107935,0.24003695,0.03878024,0.0066539706,0.08151726,0.2419291,0.20008636,0.005353843,2.0612933e-05,2.9624594e-05
35200867,235.0,0.0,20.0,10.0,0.0,253.2847,1.1569192,7.621722,4.2734914,0.0,0.15193264,0.2619809,0.15395878,0.24388695,0.17679414,0.076873936,0.017552208,0.050530467,0.010064665,0.121327214,0.09900912,0.29066226,0.00948697,0.101708755,0.12050461,0.28878716,0.17001559,0.08004849,0.017396608,0.04906637
35203006,20.0,0.0,0.0,10.0,0.0,10.220001,0.45934713,0.27874988,4.9271727,0.33183408,0.07863878,0.13858478,0.23007803,0.3051571,0.23139383,0.064474314,0.0043323375,0.004093672,0.20522264,0.043060735,0.012230101,0.015792416,0.04913386,0.14415784,0.150272,0.2416411,0.21241,0.024782274,0.0049745785,0.004393704
35201901,0.0,0.0,10.0,0.0,0.0,1.3810515,1.4106972,4.8727245,6.2756014,0.52401394,0.23639858,0.14388815,0.058889136,0.0028039971,0.21407636,0.0821161,0.006408775,0.013309509,0.04619422,0.1176802,0.0898733,0.2514081,0.20318955,0.2372028,0.037667647,0.0029659714,0.1789522,0.016135018,0.018251212,0.050589964
35201049,0.0,0.0,0.0,0.0,0.0,1.7385532,1.3394969,2.7715304,1.988447,0.55423576,0.21805513,0.05733491,0.1160391,0.07191477,0.22600126,0.06449167,0.028950106,0.059100468,0.21515332,0.05336796,0.024880957,0.019979447,0.21692826,0.09119788,0.096166275,0.014010366,0.19270355,0.05887074,0.028522603,0.062070522
35203137,0.0,0.0,0.0,0.0,0.0,6.789324,5.3855844,2.4344773,2.6890645,1.353082,0.23968333,0.07734035,0.083503835,0.020085452,0.259686,0.123924434,0.009244978,0.019005725,0.17955665,0.109180614,0.011939529,0.06513734,0.2119446,0.07262505,0.055839896,0.003110519,0.2231035,0.045914643,0.008446891,0.011711855
35203446,30.0,0.0,45.0,0.0,30.0,18.01421,18.42263,29.819206,0.0,17.167763,0.044013843,0.097168714,0.08652976,0.24266775,0.16472061,0.2409869,0.019440565,0.05775594,0.010238812,0.2776926,0.016700028,0.2881714,0.16048045,0.03683926,0.021775523,0.05967696,0.040242292,0.12523039,0.08013727,0.24008791
35202027,0.0,10.0,15.0,0.0,10.0,1.2527837,2.3758647,7.5572395,1.5277915,3.1834867,0.18720728,0.046538632,0.07435204,0.0634166,0.04211802,0.057121657,0.100398,0.29397944,0.016553074,0.15663894,0.103490055,0.29252356,0.20196235,0.17480469,0.1188755,0.010309547,0.014269318,0.077230066,0.084655546,0.2916205
35200809,0.0,0.0,10.0,0.0,0.0,29.60642,6.41067,6.1393976,1.2317133,0.6278825,0.29866377,0.25446713,0.13103044,0.016202215,0.20969018,0.06637156,0.005890941,0.013808079,0.041575152,0.04180197,0.08492026,0.2540372,0.20018865,0.0891653,0.036299996,0.010610764,0.20063984,0.019943627,0.005473717,0.01192289
35203129,0.0,10.0,0.0,0.0,0.0,2.231488,5.140101,0.830093,1.7381629,0.0,0.25041792,0.0699179,0.094533555,0.009057996,0.06983213,0.1232015,0.10772771,0.30674538,0.17551643,0.073718056,0.024904458,0.06695359,0.20283538,0.060322825,0.064808555,0.014281978,0.19452302,0.075146526,0.012448717,0.06892668
35200460,0.0,0.0,145.0,0.0,0.0,1.0560842,1.7238997,111.39812,0.74576753,0.9238303,0.17548278,0.061366938,0.046756767,0.06042217,0.20038617,0.20520586,0.004385196,0.011855039,0.0764775,0.43628132,0.03278496,0.2429299,0.16301087,0.03927108,0.043540206,0.05772695,0.19345838,0.06707266,0.0036734003,0.011901005
35200886,175.0,0.0,0.0,45.0,0.0,268.91705,3.6537237,1.314546,3.3468363,0.0,0.241283,0.36558434,0.19244158,0.28847194,0.16283527,0.06531879,0.019286642,0.057630703,0.16344185,0.08141327,0.0049933,0.05959167,0.008091703,0.016709572,0.017671587,0.2880302,0.2001296,0.01270068,7.0516704e-05,2.5964619e-05
35203661,10.0,30.0,125.0,20.0,20.0,11.845458,36.577778,138.57272,2.758596,24.495247,0.0128115425,0.03591772,0.10252113,0.28932476,0.052445192,0.2316626,0.08120474,0.24094404,0.04030413,0.34777555,0.0056604594,0.25019172,0.034137156,0.011088694,0.08642938,0.24996953,0.043285366,0.12791035,0.080967784,0.24086866
35201817,0.0,15.0,20.0,0.0,0.0,1.0553572,28.742342,4.5102053,0.20530847,0.3412824,0.17246719,0.022074351,0.036070444,0.062227566,0.022122933,0.5943406,0.09837147,0.2997088,0.0051607625,0.045230918,0.102570534,0.30002904,0.19462866,0.009172626,0.011567016,0.012599253,0.20736878,0.03768567,0.0024894995,0.00207792
35202129,10.0,0.0,95.0,0.0,0.0,3.2325914,0.71435297,102.179634,0.79201776,1.0764978,0.012423759,0.053477965,0.10443751,0.29090095,0.1638961,0.17637385,0.019596104,0.05988191,0.012241412,0.43183702,0.025258781,0.2998286,0.2010129,0.049597338,0.012969727,0.00014413477,0.19276425,0.039416637,0.0035258862,0.011759197
35203867,30.0,0.0,30.0,0.0,0.0,6.828505,0.8386695,28.463444,1.331213,1.0323042,0.00681398,0.06431564,0.08487442,0.29921255,0.20922372,0.10450138,0.0037752388,0.011866096,0.047506414,0.4143107,0.094237365,0.2524283,0.19424808,0.014714178,0.0063636214,0.010050943,0.20031287,0.14333357,0.0013112067,0.0021731097
35200234,120.0,25.0,25.0,0.0,50.0,90.87559,15.832045,12.804716,0.0,12.359744,0.19579048,0.17849214,0.18946607,0.2521992,0.01162061,0.11480269,0.09615401,0.28808552,0.009503888,0.10509297,0.081112996,0.28864086,0.20029442,0.013989214,0.00096156297,6.0762504e-05,0.00073631195,0.057090957,0.02018749,0.30012134
35201147,15.0,0.0,15.0,45.0,0.0,4.1648645,0.0,3.9069893,28.769348,0.41266572,0.04925187,0.058790438,0.18467234,0.30277944,0.1877241,0.064980604,0.0064547863,0.060943164,0.04986033,0.07078915,0.08749547,0.24272138,0.02098716,0.14968133,0.20249638,0.28909582,0.20687306,0.034793265,0.0041347872,0.0029269152
35203128,0.0,0.0,0.0,0.0,0.0,8.364602,25.77463,7.4968514,1.6164172,5.739336,0.22353806,0.1276915,0.08256462,0.053190466,0.2256888,0.22544822,0.02278432,0.051489636,0.21934292,0.04924838,0.011304766,0.0069324505,0.2050954,0.058207504,0.032823797,0.0028241025,0.22830336,0.025893915,0.006126555,0.007251436
35203919,55.0,0.0,30.0,0.0,35.0,44.68654,3.2064335,8.095878,0.0,5.250729,0.12381607,0.2850201,0.15884067,0.2920207,0.17944656,0.049321793,0.01719946,0.04895281,0.045244608,0.053945277,0.0824643,0.24105747,0.17081606,0.06753074,0.03769771,0.048503526,0.042609677,0.02839059,0.08181236,0.24328488
35204999,0.0,0.0,0.0,0.0,0.0,107.79013,33.44874,14.22374,4.1683054,4.6095133,0.20191413,0.103567645,0.0046758675,0.0028598872,0.16571322,0.49140793,0.0037966173,0.058400664,0.16322465,0.16544229,0.0047347634,0.06039398,0.19929883,0.003933124,0.0029814995,0.0020384463,0.16906653,0.011990999,0.016509052,0.04912159
35202233,20.0,10.0,20.0,80.0,0.0,4.0348525,0.28694868,30.693298,36.176674,1.153272,0.0356537,0.033729546,0.08872586,0.25256243,0.039469503,0.073586844,0.08375051,0.2497534,0.01774912,0.47008148,0.08790515,0.29033828,0.034166105,0.13491924,0.0136587415,0.24970196,0.20039274,0.034872327,0.00053600874,0.00018035881
35201169,0.0,0.0,0.0,95.0,0.0,0.48004863,2.244803,3.6871269,51.702488,0.23915994,0.1878028,0.036861826,0.102806084,0.061081108,0.1751443,0.08396535,0.0177242,0.049490977,0.16988227,0.14824647,0.005479887,0.058840226,0.010670547,0.12496125,0.2688551,0.29814202,0.16319808,0.044809807,0.018297892,0.06052574
35203998,0.0,50.0,20.0,15.0,0.0,2.0556598,69.5435,9.804224,1.8486371,24.430082,0.16478054,0.029991725,0.025072988,0.059720404,0.016726121,0.45144016,0.02046496,0.2983888,0.045155037,0.14378573,0.08470633,0.24308042,0.033524696,0.023423033,0.09322507,0.25236186,0.2002117,0.095209025,0.002299329,0.0032815884
35201736,65.0,50.0,65.0,0.0,0.0,10.481213,9.107268,9.828634,9.509054,22.891403,0.023437738,0.065964535,0.055118985,0.2913695,0.013628617,0.07383486,0.020512471,0.29824996,0.015888292,0.06953049,0.019444456,0.28930464,0.20112851,0.2902706,0.1565228,0.002274313,0.20247105,0.03802636,0.0011978914,0.001310388
35201845,10.0,15.0,15.0,0.0,0.0,5.556434,6.9922595,13.274722,1.1667919,1.5499253,0.051314324,0.12563351,0.10443795,0.25396702,0.055149894,0.11972059,0.082965985,0.24266905,0.011209451,0.32897106,0.101767674,0.2991075,0.20121436,0.05405773,0.005476314,0.00062779646,0.1619803,0.0822754,0.020171752,0.060056463
35201158,10.0,15.0,15.0,130.0,0.0,6.533763,2.9281156,3.5116024,73.73048,0.44435495,0.0542252,0.125099,0.20330103,0.3038962,0.05567658,0.03048962,0.08294833,0.24427247,0.008119064,0.07291925,0.10441703,0.30097514,0.053059172,0.113163106,0.19857709,0.24106443,0.20328073,0.023352874,0.0036406154,0.003505829
35203077,10.0,50.0,40.0,0.0,0.0,4.301519,30.488714,41.667774,0.68662596,1.870167,0.023876838,0.09848937,0.094148986,0.29968157,0.010563635,0.20566857,0.016725883,0.28994817,0.0088395225,0.33868667,0.097193986,0.28998736,0.19879797,0.0031940583,0.0011149431,0.0019395875,0.19891766,0.1085792,0.0007110477,0.0019612643
35204881,15.0,10.0,0.0,10.0,0.0,4.373002,4.7714257,0.3981363,2.1451674,0.24598275,0.0476152,0.09637579,0.16361935,0.2992325,0.06932282,0.13624547,0.1088227,0.29672906,0.17678751,0.06833594,0.033392467,0.070099525,0.043217428,0.046965495,0.141704,0.25565553,0.24138424,0.054911546,0.011880051,0.0140054915
35202969,0.0,20.0,0.0,10.0,0.0,1.6708839,24.65812,0.95926225,2.2293844,0.59485507,0.17651197,0.07370564,0.025310673,0.060790133,0.046993002,0.3556211,0.08686145,0.30108714,0.16717845,0.09296012,0.0061217276,0.061425958,0.041372858,0.033718932,0.10221851,0.24068199,0.17672953,0.09487825,0.021929476,0.05439253
35203786,30.0,0.0,10.0,0.0,0.0,8.362482,0.64265996,6.4404774,1.2089628,0.8086697,0.049324412,0.071267255,0.09318233,0.2424557,0.19562288,0.29063475,0.018614398,0.048844695,0.023778193,0.23196848,0.0892115,0.2897893,0.16870968,0.019464163,0.02079994,0.04899706,0.20494786,0.12022773,0.0027114956,0.0020264685
35201378,0.0,0.0,0.0,10.0,0.0,6.530082,2.0664787,0.79931843,2.9365354,0.34722868,0.24461581,0.09836895,0.16519848,0.057385802,0.21521285,0.08034476,0.028261092,0.06430131,0.18386923,0.03821079,0.025317075,0.055290755,0.013970575,0.09321641,0.16149044,0.3031392,0.23544176,0.035339795,0.01032816,0.009830197
35205017,0.0,0.0,0.0,0.0,0.0,20.304562,25.159866,340.41135,9.495829,14.2653675,0.17713618,0.111461155,0.006588203,0.058069315,0.16819744,0.024765976,0.016004885,0.048005976,0.16840674,0.6359295,0.016092682,0.04800743,0.16775613,0.0024045815,0.016304871,0.048385825,0.20001735,0.0020988877,4.159982e-06,5.926431e-06
35201499,0.0,0.0,0.0,10.0,0.0,1.8535928,0.80368257,0.29558808,3.8468165,0.4108144,0.21726292,0.08569638,0.09930649,0.058880355,0.25389457,0.07706974,0.013179784,0.017397495,0.1785114,0.069276735,0.032158084,0.063479096,0.013741741,0.10889598,0.19204167,0.29962847,0.21310417,0.07139104,0.0130412895,0.020360265
35201822,0.0,0.0,50.0,15.0,10.0,1.4636352,13.770283,74.61071,3.8271217,1.7309688,0.17602798,0.0625556,0.046360508,0.061086204,0.20847309,0.1141835,0.0009369125,0.0008247745,0.04551097,0.4605045,0.0039864243,0.24319123,0.009850418,0.04588297,0.11017172,0.2883358,0.042517398,0.030648652,0.08102934,0.24088688
35201912,0.0,0.0,0.0,0.0,0.0,1.4822547,2.8264341,3.0237596,0.9736701,2.664394,0.27945116,0.118163854,0.13382795,0.003930908,0.24058627,0.08949355,0.0030096744,0.0050977385,0.17490505,0.042319525,0.020650784,0.05189168,0.20697534,0.13796481,0.06970064,0.0010430134,0.20880727,0.034405105,0.005816466,0.013559319
35201905,15.0,0.0,10.0,10.0,15.0,3.6167164,7.286293,20.370705,0.8082778,1.4590652,0.0436253,0.017380048,0.10323399,0.25438485,0.20536616,0.025835872,0.00579236,0.011820198,0.04357836,0.6223446,0.085136436,0.24399646,0.043386478,0.022456745,0.09925001,0.24280216,0.03854124,0.016097425,0.0857051,0.25241417
35202889,0.0,0.0,20.0,0.0,0.0,1.3930438,0.99499315,8.32082,1.839822,0.61967653,0.22421065,0.042154074,0.047738336,0.01710794,0.27449504,0.11995427,0.012592442,0.011533093,0.06254695,0.08747962,0.113228165,0.2604058,0.21222718,0.08816264,0.083422236,0.0037375428,0.22332838,0.05318744,0.015304784,0.013380498
35201144,0.0,0.0,0.0,25.0,0.0,1.2479688,1.401802,0.9012561,28.97659,0.29578555,0.18055159,0.037328415,0.064363666,0.049393017,0.19939043,0.060474236,0.004203741,0.01194298,0.16431086,0.08295509,0.004854336,0.057790663,0.0351659,0.26851174,0.3239625,0.25198045,0.1687764,0.031515684,0.01635886,0.048280858
35204236,15.0,50.0,65.0,0.0,40.0,8.4862995,35.81303,51.001137,0.0,26.005556,0.037492357,0.02259446,0.09490404,0.2526881,0.009236857,0.19221526,0.020085745,0.29879618,0.003868527,0.34332004,0.020832242,0.29850772,0.20039278,0.035279185,0.023776144,0.0020622213,0.002860199,0.14744204,0.096934155,0.29832476
35200381,160.0,45.0,10.0,0.0,0.0,182.05582,38.192375,5.6919494,0.8446334,0.92041737,0.08365769,0.35775086,0.047130253,0.24348809,0.046083298,0.25289837,0.0014088167,0.2428293,0.0109283915,0.13542533,0.09822491,0.29102826,0.20016736,0.026285194,0.0074561625,0.0022396105,0.20064232,0.06688963,0.0014164541,0.0025905161
35201079,0.0,10.0,0.0,0.0,0.0,6.1689434,3.999206,0.40621698,1.4743134,0.051959604,0.257943,0.073977105,0.08830067,0.019552404,0.06915622,0.0815295,0.12094223,0.31427944,0.22095692,0.05569483,0.024299413,0.026564151,0.21604764,0.051543776,0.047353186,0.0110368,0.23937863,0.050453193,0.015889408,0.028265646
35204416,15.0,0.0,25.0,0.0,10.0,3.5386193,2.7247884,6.475455,0.0,1.9115382,0.051416874,0.037491597,0.14421806,0.25525275,0.21848424,0.07087768,0.002175936,0.0040863384,0.021746008,0.12564951,0.09301956,0.2898602,0.1988655,0.22625664,0.19176134,0.0117759835,0.041945532,0.03485453,0.08284737,0.24421233
35202619,45.0,20.0,10.0,0.0,0.0,74.5741,9.69729,3.9497995,0.6948847,1.7410591,0.13250862,0.49813527,0.07415426,0.29772308,0.03346735,0.07679821,0.083879195,0.25153628,0.03333795,0.03589151,0.08111609,0.25194576,0.1616571,0.009299626,0.0036050405,0.057617813,0.20017348,0.00624427,3.1175783e-05,2.2429058e-05
35204712,65.0,50.0,45.0,0.0,430.0,38.417343,73.79912,64.93798,9.29034,357.5394,0.004032986,0.07382937,0.021419408,0.29787263,0.012094073,0.35238254,0.016246792,0.28818977,0.008926116,0.2638203,0.0015177999,0.29004598,0.16682826,0.0033184183,0.01728851,0.049995467,0.008687751,0.25218132,0.016215404,0.048191175
35202366,10.0,0.0,0.0,0.0,0.0,3.458819,0.82637393,0.73645633,1.6635995,0.44741058,0.06120237,0.080027744,0.13798958,0.2565506,0.21992862,0.2994671,0.023300583,0.062263746,0.17022356,0.046148285,0.023996022,0.062145628,0.2027002,0.07211695,0.0404861,0.0032729201,0.21812226,0.055101443,0.005302197,0.007247006
35202109,25.0,15.0,100.0,40.0,0.0,12.432187,19.659534,99.50665,4.0444717,2.5607085,0.0033147805,0.060867198,0.10137467,0.29824388,0.036562487,0.3419811,0.08405354,0.25199005,0.013581715,0.30225986,0.009577349,0.3000857,0.040226012,0.014055071,0.08262256,0.240055,0.19872768,0.049495142,0.0008082673,0.002386756
35200150,140.0,45.0,45.0,0.0,85.0,144.93336,21.24983,27.956285,0.0,37.59144,0.064876884,0.29691797,0.104882166,0.30127406,0.052683808,0.13337998,0.0016852692,0.24283199,0.013720561,0.1820153,0.021536244,0.29150993,0.20002888,0.027812071,0.00341572,0.002543052,0.042353936,0.12666556,0.001409805,0.24157156
35203960,30.0,315.0,50.0,0.0,215.0,20.980331,262.1689,42.301292,0.0,176.49677,0.045204837,0.14502802,0.124762475,0.2907738,0.013955481,0.37587947,0.019644003,0.05770607,0.0059238197,0.2262818,0.018983249,0.29792655,0.20019433,0.010583299,0.000307757,5.8110007e-05,0.0011776291,0.26189548,0.0042100833,0.30038452
35201615,10.0,0.0,0.0,0.0,0.0,5.089398,0.6979615,0.76448834,1.1994206,1.0100648,0.0991922,0.11282934,0.24469118,0.30794212,0.23468377,0.08897989,0.007960441,0.017246028,0.18403466,0.045522973,0.027319714,0.054224107,0.17182395,0.058124382,0.0622655,0.06060498,0.22721133,0.03658061,0.007445328,0.006807872
35201076,0.0,0.0,15.0,0.0,0.0,6.3396626,1.6896569,4.14243,1.6578425,0.46855906,0.24206343,0.10987417,0.0887187,0.018746816,0.22521769,0.06769882,0.007951517,0.013715626,0.058292028,0.06589925,0.093493186,0.24471493,0.21349959,0.17947353,0.09395048,0.0016955992,0.21162318,0.02659464,0.004931349,0.0049955864
35201446,35.0,0.0,0.0,20.0,0.0,12.978546,0.5740842,0.709035,23.51548,0.22835189,0.05126533,0.099725984,0.18322024,0.29909506,0.20213768,0.022141308,0.003799965,0.010153756,0.17129043,0.03316817,0.017582309,0.04845657,0.037467137,0.30369928,0.24090959,0.24977413,0.16936302,0.010708826,0.016676022,0.048960384
35200275,20.0,35.0,10.0,0.0,0.0,36.66151,15.164666,3.0444417,1.4094225,1.0250468,0.09584094,0.53868043,0.10180437,0.24059273,0.033438522,0.11939405,0.080769144,0.25168502,0.032978453,0.0510872,0.08100117,0.25208923,0.19987804,0.005018407,0.00064317236,0.000412358,0.19386551,0.0038999892,0.003305668,0.009829957
35203050,0.0,140.0,10.0,0.0,0.0,0.2816747,93.751076,7.518676,0.50854504,0.38448927,0.17313527,0.05377364,0.024739508,0.051335298,0.043884717,0.38993886,0.018606983,0.29014075,0.011260936,0.24319594,0.0999297,0.2986786,0.16730009,0.038305596,0.0045817783,0.050121494,0.2031144,0.1549152,0.0007542104,0.000633825
35203853,10.0,0.0,10.0,0.0,0.0,8.302183,1.2075902,4.0828114,1.3888812,1.1007324,0.12689665,0.19204856,0.19972017,0.26003185,0.22247031,0.038371406,0.006868374,0.012462864,0.04405478,0.080772236,0.08883396,0.2546389,0.17141204,0.06863603,0.081959315,0.06094358,0.20046394,0.04620387,0.0060526966,0.014515696
35203413,0.0,15.0,35.0,0.0,10.0,5.523948,14.958527,49.552444,2.6619515,7.3519654,0.19307542,0.01873567,0.005137769,0.011972463,0.0059303124,0.20263982,0.084153645,0.29968083,0.011208452,0.45620075,0.09756034,0.28863397,0.16670889,0.0061437055,0.018670019,0.0504749,0.040073164,0.09923188,0.080478735,0.2406593
35204958,0.0,0.0,0.0,0.0,0.0,7.2140055,9.228751,104.87578,25.516504,3.888402,0.1647003,0.018777031,0.011043627,0.0582755,0.16284405,0.02275097,0.004104203,0.05965008,0.1638008,0.63128895,0.004113975,0.057861295,0.20022663,0.06440507,0.031324398,0.00045494034,0.20049456,0.009278966,0.00023993567,0.00026209955
35203709,0.0,30.0,50.0,0.0,50.0,8.229376,23.54899,81.72899,1.7281313,25.27431,0.17027414,0.033199556,0.020894423,0.0507947,0.011537213,0.15346286,0.09659517,0.28853393,0.0026342538,0.49079496,0.020440511,0.2998223,0.20024297,0.0111182425,0.0010957733,0.00012561562,0.032397572,0.092543945,0.004035312,0.25201145
35203412,15.0,15.0,40.0,0.0,85.0,14.87517,21.171265,48.893265,1.3260037,79.42265,0.011066356,0.038195867,0.12091595,0.30083114,0.014069849,0.1601386,0.096648574,0.28885922,0.0028165104,0.24696782,0.10133807,0.30021632,0.17061774,0.024684472,0.03978651,0.04821729,0.04072748,0.2376006,0.0007825184,0.24071582
35200309,75.0,20.0,10.0,0.0,0.0,90.45172,26.107292,16.13465,5.6994452,24.389484,0.042787466,0.3258375,0.04134617,0.299954,0.0027376483,0.23843724,0.083367385,0.29799464,0.0025762338,0.12714252,0.099593244,0.2980199,0.19977723,0.005634031,0.0002618613,0.000401298,0.19989066,0.031476505,0.00016251956,0.00040732475
35204373,0.0,70.0,0.0,10.0,30.0,1.5002697,47.787857,22.3854,2.4929748,10.029005,0.17923489,0.08767509,0.040427145,0.06207491,0.048254102,0.18300186,0.025249725,0.29981327,0.20644051,0.22870433,0.011609006,0.014862382,0.0098269675,0.041257862,0.11105387,0.29175636,0.05069999,0.096163854,0.083179,0.24397537
35200928,10.0,10.0,0.0,40.0,0.0,2.6070147,1.5029049,0.46743315,34.205074,0.042234108,0.06537633,0.051303174,0.16451672,0.2551356,0.021562593,0.08854747,0.09895891,0.3017457,0.19937381,0.06701179,0.0052485336,0.013111814,0.017519858,0.18846838,0.28933358,0.28857335,0.19778539,0.03258624,0.005968723,0.011970006
35201016,55.0,0.0,10.0,25.0,0.0,21.905197,1.0586358,3.7236772,14.071021,0.44660255,0.081839204,0.11251003,0.13373603,0.2902531,0.21165259,0.12249942,0.005421212,0.010968687,0.010732208,0.10283689,0.101409614,0.29936486,0.037247814,0.13756652,0.12037223,0.25076628,0.20488274,0.04752622,0.0026965106,0.0022336154
35201584,0.0,15.0,50.0,0.0,0.0,1.2931694,11.543716,8.778248,1.2165129,0.5185181,0.22004038,0.05108144,0.05842004,0.01617425,0.08306672,0.1917465,0.09155287,0.25505972,0.055361815,0.0895685,0.019048244,0.25644696,0.16589577,0.06335038,0.06036501,0.06223203,0.21850874,0.12515621,0.012637699,0.008113528
35202328,0.0,0.0,0.0,0.0,0.0,4.6934433,1.932904,1.8663511,1.5930685,1.2537209,0.2648738,0.1371156,0.09231467,0.02191133,0.24008578,0.07289997,0.013065152,0.017000636,0.21383668,0.154688,0.013997146,0.017621081,0.20435661,0.041487228,0.030252151,0.01377539,0.23381859,0.021377096,0.008366611,0.0102851875
35201463,90.0,105.0,60.0,0.0,10.0,38.498142,99.005,68.85556,0.7202679,8.470073,0.043935053,0.08149187,0.019994777,0.2517874,0.052164376,0.2568481,0.002656905,0.24348058,0.038024593,0.3031922,0.007197546,0.2527058,0.16275069,0.022918364,0.0384102,0.059928056,0.04264455,0.052842874,0.08261375,0.24407591
35202616,50.0,0.0,0.0,0.0,0.0,43.369476,1.3907785,1.1216142,1.048151,1.0894544,0.15355907,0.23094591,0.14411952,0.25360188,0.20961717,0.07825039,0.0011238455,0.00081003044,0.17356148,0.12193635,0.0024696859,0.04966331,0.16359003,0.044105504,0.027284635,0.05816026,0.17174827,0.023871997,0.017079853,0.04909386
35205023,0.0,0.0,0.0,0.0,0.0,79.75741,177.71973,218.04744,9.888558,56.563087,0.21609993,0.034463275,0.027018882,0.00086387666,0.21066806,0.050625935,0.0006674594,0.0010285472,0.19701253,0.564769,0.004971999,0.010391588,0.20143151,0.04638953,0.01440722,0.00021369228,0.20178457,0.021608219,0.0011889084,0.0027154193
35204609,10.0,0.0,0.0,0.0,10.0,5.217942,2.7964542,3.776618,0.0,1.0333533,0.047538944,0.10009653,0.18686722,0.29244313,0.20826758,0.019176142,0.0017522867,0.0031305214,0.17227934,0.16342705,0.01904335,0.049299065,0.17296647,0.2372183,0.11933834,0.04869568,0.00910979,0.013135581,0.0978623,0.290982
35201105,15.0,0.0,20.0,0.0,0.0,5.9035296,1.5360281,29.506962,1.4096217,1.1491058,0.047730315,0.07274868,0.09267296,0.24391563,0.21993877,0.0748705,0.0034690173,0.0024379608,0.026410166,0.45548332,0.1101121,0.29249138,0.20274755,0.032375462,0.01762034,0.00089921773,0.20508061,0.046230238,0.0032639822,0.0027412914
35200204,240.0,10.0,115.0,0.0,15.0,162.6508,12.471737,111.90195,4.2209544,13.606621,0.039695233,0.2673292,0.01675472,0.24995162,0.04206759,0.17065884,0.08095102,0.2424,0.036329612,0.29351225,0.0038666162,0.2516253,0.16706903,0.05677474,0.06484413,0.050406925,0.033845823,0.09132688,0.08333142,0.24968141
35201433,35.0,0.0,0.0,90.0,0.0,25.216183,2.640017,4.598012,52.212486,0.50579166,0.105185546,0.12068095,0.24109647,0.29103512,0.16713175,0.068962246,0.004471004,0.06006511,0.16276869,0.094710924,0.004676112,0.059982937,0.042227358,0.15981233,0.058561753,0.24061319,0.1621255,0.036242202,0.019850092,0.06012338
35203038,0.0,240.0,20.0,0.0,10.0,11.037703,295.1699,33.65275,0.8925731,18.339441,0.17987883,0.12655002,0.012203355,0.049125407,0.039431624,0.37781033,0.001686674,0.2886361,0.007524643,0.24567483,0.10120362,0.29836923,0.20019269,0.011878804,0.0018219922,0.0004979243,0.041209865,0.15898705,0.080370806,0.24065459
35202441,175.0,0.0,10.0,0.0,15.0,205.97058,7.010399,2.6947591,0.41137227,2.2086797,0.19929472,0.43920752,0.14416629,0.24394783,0.17454362,0.07109879,0.024209077,0.06286541,0.0445139,0.038088985,0.08494282,0.2453312,0.20325261,0.021134399,0.009658475,0.0022156737,0.04799688,0.017300183,0.08319648,0.24566802
35204658,0.0,0.0,0.0,30.0,0.0,3.0737026,2.1144214,1.1069698,10.618106,0.78656244,0.21899241,0.053375427,0.11862393,0.060274653,0.24687771,0.071764894,0.010714743,0.006671476,0.18155842,0.06706989,0.031846337,0.06591478,0.053520966,0.100138634,0.19893087,0.24681848,0.19323608,0.05632421,0.027388006,0.059317745
35204968,0.0,0.0,0.0,0.0,0.0,4.880994,6.627,97.88844,3.0427058,1.6143169,0.22939673,0.2547532,0.04217457,0.062382985,0.19859631,0.11607895,0.018600214,0.05215293,0.18640639,0.07237998,0.02209819,0.051356994,0.19764155,0.13653623,0.025047868,0.012547774,0.2052348,0.010794381,0.0016053353,0.0020436153
35203373,0.0,70.0,10.0,0.0,30.0,1.3196704,67.72511,5.0060043,1.1302196,21.28948,0.16542864,0.03309238,0.00733406,0.06045075,0.16248193,0.26376042,0.0054366747,0.2978261,0.009328885,0.13908106,0.08227319,0.2982467,0.19355619,0.0050202888,0.005112116,0.01011314,0.008020042,0.19834664,0.08372329,0.2499843
35200517,10.0,0.0,15.0,0.0,0.0,4.1036086,0.8500237,5.2659454,1.3363003,1.0265709,0.044067256,0.096637145,0.1647213,0.30238688,0.24417074,0.10669416,0.013871764,0.017286086,0.056277983,0.118172064,0.10170398,0.25806466,0.20973916,0.07977453,0.046473682,0.0037813187,0.2158859,0.076448895,0.007412342,0.0059487987
35204996,0.0,0.0,0.0,0.0,0.0,9.540962,29.875061,6.624703,1.7735186,5.4811563,0.20426758,0.07256305,0.12750454,0.0687892,0.24204165,0.16221581,0.025358444,0.05580527,0.17725727,0.07947678,0.011405593,0.06666568,0.17596538,0.035021555,0.059996728,0.050252125,0.25092208,0.039891902,0.00835668,0.012696443
35201241,0.0,10.0,0.0,90.0,0.0,1.5155953,2.6024742,16.36289,87.40287,1.0983303,0.18106607,0.07444627,0.07489807,0.06095434,0.013678857,0.03584955,0.080597654,0.28880915,0.16417761,0.10609693,0.0053260233,0.05835966,0.04266235,0.22754845,0.24597609,0.24054,0.16880943,0.03196305,0.0004814114,0.04838201
35204167,0.0,10.0,0.0,10.0,0.0,1.3625244,5.5332046,8.132617,10.378418,0.0,0.1726083,0.045032114,0.038574092,0.059275575,0.017894126,0.13976699,0.08469975,0.2519788,0.16513398,0.17126676,0.00557235,0.059811983,0.041284528,0.27364016,0.17189594,0.24008243,0.16112134,0.07825984,0.0018488832,0.060428355
35201656,15.0,10.0,0.0,10.0,0.0,5.7031145,4.0582237,0.6452775,1.5418327,0.78305995,0.07129508,0.10980455,0.19546703,0.31265083,0.08109103,0.0931027,0.09432206,0.24894328,0.21944669,0.1046259,0.022718472,0.016893929,0.041493505,0.038077317,0.10851593,0.25731543,0.22662573,0.07478192,0.007478525,0.0064482456
35201513,0.0,15.0,0.0,20.0,15.0,11.99639,9.035657,2.7039223,13.959473,2.3473043,0.2621805,0.24515952,0.07927708,0.004236251,0.051115874,0.085132234,0.08190291,0.24295306,0.1747175,0.06252289,0.019434303,0.049183752,0.043552596,0.18097676,0.112556584,0.24047193,0.043524582,0.013055496,0.08133219,0.24134411
35201194,0.0,10.0,50.0,90.0,0.0,1.0268309,1.8734488,8.77167,149.54266,0.8375126,0.17071809,0.022317385,0.044264644,0.059878536,0.040846843,0.006259848,0.08076607,0.24203679,0.034487046,0.038784333,0.003684321,0.24969247,0.007735924,0.4756804,0.22689685,0.28995517,0.19387943,0.0029001676,0.0033408443,0.009794019
35202900,10.0,0.0,20.0,0.0,0.0,6.6288633,0.2697683,2.2225986,1.6052121,0.5909317,0.080438346,0.18146114,0.22051051,0.29600802,0.2136551,0.08353465,0.021391392,0.055729173,0.018245766,0.029894289,0.10398032,0.29715434,0.21326114,0.06741287,0.059542146,0.0019285849,0.22079006,0.036008008,0.0075292964,0.010767836
35203946,475.0,345.0,145.0,15.0,140.0,445.13074,361.6305,196.4927,3.9887142,145.7803,0.03888566,0.2858021,0.010279729,0.010762798,0.017555866,0.4302376,0.004184604,0.058141664,0.0051106536,0.40456697,0.02201114,0.29996997,0.03359354,0.013533842,0.08099122,0.25006884,0.041406065,0.29571775,0.00035227905,0.24049723
35200951,30.0,10.0,0.0,105.0,0.0,12.154094,0.22435069,5.230153,132.58255,1.6185129,0.027824812,0.04257195,0.14512756,0.2920258,0.04485517,0.009004879,0.08137798,0.24249671,0.16889122,0.022376997,0.017801933,0.05092891,0.034537036,0.29932153,0.33022252,0.2521889,0.20010579,0.009692856,0.0012137662,0.0029051404
35204494,0.0,0.0,390.0,15.0,0.0,0.0,2.5674102,395.85577,2.052405,1.5135176,0.19880036,0.027956871,0.0011868804,0.0023993398,0.16231814,0.23644824,0.016865917,0.059941508,0.09875432,0.4339658,0.11956002,0.057806265,0.033353884,0.0071782814,0.08375195,0.25010222,0.1680665,0.052760974,0.016122615,0.048133988
35204720,10.0,95.0,85.0,0.0,370.0,4.4233413,49.44583,48.753136,0.0,318.3478,0.035942435,0.05401721,0.086296946,0.25176096,0.03877774,0.27726015,0.00091006287,0.2519546,0.035075136,0.30806804,0.0025590907,0.2516424,0.2000674,0.01957816,0.0063910717,0.00010268494,0.0403513,0.27188224,0.0002971279,0.00024479342
35200237,65.0,10.0,20.0,0.0,35.0,44.356216,4.2258525,6.202897,0.0,7.8326335,0.17297523,0.17679884,0.17180781,0.2508927,0.008192749,0.08564294,0.09973907,0.29801506,0.003013736,0.13104281,0.085041046,0.3005774,0.20106867,0.03931852,0.0040930635,0.00027258226,0.00813272,0.037546843,0.08143035,0.29090893
35203878,30.0,10.0,15.0,0.0,0.0,18.789785,7.1928544,13.2369585,1.4236499,1.4146539,0.010188715,0.20221314,0.10791545,0.30028,0.004803622,0.21070866,0.09941815,0.29780057,0.00425977,0.27214038,0.101769865,0.30015194,0.194166,0.008779901,0.008028011,0.009679444,0.16836055,0.06797447,0.00022786175,0.048172913
35203241,0.0,0.0,0.0,0.0,0.0,2.3729036,1.2501206,1.0665023,1.7044923,0.81121063,0.2454937,0.17808545,0.15034115,0.06815102,0.20084159,0.10935207,0.02261572,0.0647255,0.1724253,0.04239499,0.026165534,0.06530762,0.21050781,0.0384774,0.028640691,0.0020386535,0.22964558,0.029814951,0.0061891126,0.008347269
35200308,25.0,10.0,10.0,0.0,35.0,48.164616,4.4249063,4.60077,0.0,3.8503444,0.064458296,0.5856379,0.10075154,0.2524364,0.00989361,0.044952855,0.08505972,0.29996526,0.041551054,0.06288279,0.08236162,0.24297808,0.16197452,0.01028579,0.022241792,0.05835414,0.01017665,0.021653822,0.09663772,0.28879857
35203484,15.0,10.0,40.0,0.0,10.0,1.116159,1.6768425,77.63526,0.0,1.9050734,0.013079197,0.01651191,0.11290757,0.2910273,0.004362567,0.037246566,0.09979224,0.30034915,0.04013002,0.6171798,0.08113815,0.2426225,0.16350402,0.03801015,0.057867136,0.057714675,0.039557207,0.016231705,0.0811938,0.24239402
35200715,25.0,0.0,0.0,0.0,0.0,15.513958,1.2130338,0.560525,1.2474867,0.9411423,0.11258714,0.11311724,0.25353524,0.3046501,0.23499148,0.06732269,0.0056213345,0.007063089,0.17146944,0.045468405,0.026083652,0.065412365,0.17802021,0.08289949,0.06342885,0.052063953,0.21725786,0.045083135,0.0059628217,0.005264743
35204791,0.0,30.0,140.0,0.0,0.0,3.7612395,27.32388,207.05408,4.760007,5.9631686,0.20421936,0.04974385,0.011795903,0.0032397679,0.017436758,0.28408778,0.0983238,0.29101318,0.020984868,0.4827318,0.0094668595,0.29131046,0.19318196,0.01468132,0.012075578,0.012448005,0.20371582,0.05615093,0.0025334752,0.0016239338
35202976,0.0,0.0,10.0,10.0,0.0,0.41319087,0.176985,2.9555101,3.3438752,0.1127942,0.24460267,0.05717692,0.0816547,0.013366135,0.2637856,0.07435319,0.011527662,0.00945681,0.058732264,0.08858727,0.09700146,0.24851282,0.04992064,0.07569942,0.21570706,0.24467029,0.225405,0.04393858,0.010578243,0.009949072
35200018,35.0,10.0,45.0,0.0,40.0,62.026024,23.378712,47.430473,9.074493,26.93261,0.017280638,0.458144,0.0869531,0.29036996,0.010802146,0.129252,0.0805399,0.28869808,0.008079319,0.15108763,0.0015551171,0.29054826,0.19255388,0.0052755587,0.007685694,0.011988678,0.00856673,0.027208455,0.09652549,0.2888183
35200012,0.0,20.0,100.0,0.0,40.0,4.707606,16.80378,69.11735,4.2272463,36.34291,0.19077225,0.054763436,0.028876694,0.050732486,0.043906875,0.17768463,0.08024241,0.24016325,0.035992447,0.29840487,0.0009171108,0.24994034,0.1927192,0.009490878,0.0054631545,0.011632881,0.03436817,0.19560188,0.08342552,0.24982017
35204891,55.0,55.0,95.0,25.0,10.0,23.900515,87.55698,46.14647,3.7917757,2.5634668,0.043343317,0.066848546,0.005444561,0.24017306,0.042261958,0.507764,0.00013403376,0.24020575,0.03963886,0.18967758,0.0010270961,0.24207889,0.04028635,0.009506402,0.08288162,0.24004287,0.040359452,0.009207684,0.080238625,0.24054353
35201347,10.0,25.0,35.0,45.0,0.0,4.6123705,3.7180827,6.4526367,34.920296,0.70691085,0.034272134,0.05393935,0.20179293,0.30130166,0.05508629,0.03299489,0.08193809,0.24214868,0.041356605,0.07416169,0.08796202,0.25093755,0.041473303,0.2448798,0.1877807,0.25014412,0.16492452,0.022515131,0.021309271,0.05960729
35204424,0.0,0.0,45.0,25.0,10.0,2.1341174,5.7295113,78.818726,4.6933804,2.6955266,0.1698627,0.039555244,0.018942012,0.048848525,0.20637612,0.102425225,0.00078789255,0.000495281,0.009988753,0.5610947,0.023785975,0.29853493,0.040575884,0.021365514,0.083684646,0.24018751,0.041057624,0.04183062,0.08069307,0.24055576
35203939,20.0,40.0,20.0,0.0,30.0,7.1341763,30.382925,22.26171,3.9836736,35.38964,0.008037782,0.059774972,0.083456494,0.29001385,0.011745695,0.22250043,0.09622052,0.2884816,0.007905742,0.22474775,0.08089421,0.2903315,0.19341646,0.012123306,0.0130089875,0.010083061,0.0068171304,0.29229063,0.09669331,0.2899412
35203222,125.0,0.0,25.0,0.0,0.0,55.727104,1.1400149,9.07737,0.7302922,0.9381115,0.08290038,0.18077016,0.11709272,0.29862136,0.19890925,0.19886813,0.0011877397,0.012135844,0.034744572,0.10090809,0.08199622,0.25233185,0.16877148,0.048982956,0.0125192385,0.04830559,0.19329597,0.06284247,0.0044918396,0.012388728
35204828,60.0,40.0,25.0,0.0,0.0,38.746113,79.16165,22.933464,1.2974513,6.15953,0.036014926,0.09058025,0.0024454833,0.24982509,0.00789687,0.5924209,0.080337346,0.29772723,0.0015425842,0.1053224,0.1002442,0.2996739,0.20003855,0.0023900028,0.00036439934,9.958757e-05,0.1682421,0.033370845,0.016074177,0.048130922
35201559,0.0,0.0,10.0,0.0,10.0,1.2485429,3.1417847,3.4615073,0.22611833,1.4453752,0.22120145,0.15023643,0.08568859,0.052068993,0.20919985,0.054478996,0.006394837,0.014126973,0.017609488,0.073526755,0.10227911,0.29043847,0.20601413,0.23036197,0.095714085,0.00092781463,0.012889419,0.027353456,0.09903864,0.29097718
35204742,305.0,30.0,40.0,0.0,440.0,280.0716,42.41931,44.496002,0.0,377.67578,0.04974087,0.25970423,0.031797744,0.012195945,0.053312913,0.2585891,0.08222248,0.24134678,0.037135005,0.20249116,0.08679823,0.25324678,0.17072149,0.02640462,0.039863512,0.04938242,0.038863536,0.26208797,0.0057907077,0.012176495
35204150,20.0,65.0,50.0,0.0,10.0,13.968266,46.56908,43.826862,2.6260762,21.134804,0.04626187,0.073171414,0.088805854,0.25255674,0.044273797,0.19182028,0.0038215138,0.25043917,0.03906357,0.19272304,0.0049005505,0.25029832,0.199541,0.029479373,0.005088943,0.0025187111,0.04117071,0.2628295,0.08037291,0.24042863
35202367,30.0,0.0,0.0,0.0,0.0,11.161723,0.8563348,0.60134375,1.4536772,0.7512309,0.08840254,0.08662209,0.20487349,0.25753105,0.25059435,0.15658134,0.005890093,0.0633354,0.1716511,0.045744725,0.022332747,0.06364817,0.20764993,0.04522927,0.039445348,0.0032189954,0.18947932,0.07365313,0.022166105,0.057674173
35204672,25.0,15.0,10.0,10.0,0.0,9.358263,8.546609,2.1678858,38.780323,1.2143886,0.06353334,0.11502533,0.21614763,0.30511725,0.090915754,0.14970648,0.08769879,0.24680276,0.020046802,0.0524012,0.10607211,0.2958721,0.047938447,0.060990997,0.119324334,0.2426348,0.22358489,0.053213708,0.008527853,0.008349241
35204119,40.0,15.0,265.0,0.0,10.0,28.360167,27.803202,314.283,0.07376022,9.51183,0.04300392,0.08305721,0.10627647,0.25384372,0.054852933,0.2777671,0.08528651,0.2512445,0.07628128,0.3528861,0.035081614,0.25357848,0.19528192,0.014070865,0.0120574515,0.010125019,0.050433055,0.06571543,0.081845686,0.24260163
35200926,10.0,10.0,0.0,10.0,0.0,1.6315126,2.194197,0.8171953,4.869437,0.2906877,0.06160696,0.043163244,0.15578486,0.26235202,0.046199128,0.049519394,0.10534427,0.3048299,0.20876257,0.07123872,0.01603493,0.016838532,0.023194289,0.15499106,0.26183447,0.2900493,0.20792742,0.043480393,0.009418984,0.017554183
35200921,0.0,0.0,0.0,85.0,0.0,6.9370775,3.95606,3.086709,77.979675,0.573544,0.22739398,0.048606243,0.10118548,0.013693699,0.17248458,0.047896333,0.018156894,0.051452912,0.19705324,0.079534575,0.0030375505,0.012499363,0.014690477,0.2242729,0.23213945,0.28836402,0.19467212,0.026854496,0.0013530874,0.012693943
35203080,0.0,25.0,0.0,0.0,0.0,1.289851,40.884087,2.1227477,0.70280117,0.851492,0.17487158,0.03769005,0.039719734,0.0625928,0.024164662,0.49676955,0.09893663,0.28979653,0.2050207,0.09523264,0.0047640568,0.0034030913,0.16830607,0.008616339,0.021775512,0.05146908,0.20572542,0.07444328,0.0015845452,0.0013374441
35204152,105.0,0.0,10.0,0.0,0.0,160.65057,3.3277962,3.637265,0.982324,1.6092349,0.15745707,0.42106718,0.10637227,0.24086882,0.17065789,0.0529992,0.016394105,0.048595235,0.03523588,0.035831407,0.08394629,0.24984856,0.16873504,0.043031443,0.022616887,0.04809875,0.1687683,0.0078484565,0.016276237,0.048277073
35200332,70.0,0.0,0.0,0.0,0.0,64.66364,1.3616662,1.1460435,1.0016581,0.9619477,0.18114427,0.20842056,0.18246019,0.25227353,0.17061014,0.04573919,0.016318064,0.048501708,0.16815907,0.03464979,0.0011682189,0.050112363,0.16192554,0.116459854,0.047189094,0.05806663,0.19940516,0.015191764,0.0008779373,0.0021108796
35201802,0.0,15.0,20.0,0.0,0.0,3.203898,15.471506,10.351331,1.5379721,0.6676799,0.18325116,0.083309695,0.052705437,0.061070215,0.065551445,0.26940963,0.08693061,0.2517145,0.020416891,0.1785603,0.10887475,0.30159342,0.20328528,0.026566572,0.014233723,0.0010443425,0.20775504,0.08026326,0.0038262736,0.00348611
35202622,25.0,10.0,0.0,0.0,0.0,18.60911,4.684293,1.0911713,1.1354098,1.0852058,0.048112344,0.23121604,0.13477196,0.24674986,0.014590282,0.13226946,0.08505909,0.25345877,0.17998403,0.25168526,0.016111495,0.06244744,0.17017154,0.04486081,0.02613258,0.05163218,0.17180555,0.096740566,0.0016845776,0.0492501
35204779,155.0,0.0,0.0,0.0,0.0,163.56651,2.4966946,0.9629607,0.6424637,0.87215596,0.18384792,0.39635816,0.19440039,0.29844683,0.16966668,0.034152124,0.016291717,0.04850639,0.1939603,0.023742506,0.0036191994,0.010196036,0.16695815,0.068813086,0.06637176,0.050444163,0.20012444,0.008343458,0.00025944985,0.00059161225
35202126,10.0,0.0,10.0,10.0,0.0,4.868585,0.0,3.670802,7.073826,0.15454546,0.06794391,0.101989366,0.13850874,0.24282205,0.23042351,0.14505762,0.0049581295,0.013365643,0.026074233,0.11309765,0.10601787,0.2524973,0.009891316,0.1858776,0.16278575,0.29022363,0.20061365,0.025681306,0.004889837,0.012375758
35200216,195.0,0.0,0.0,0.0,25.0,129.03777,16.448355,2.4182918,0.0,10.057943,0.10196876,0.2875319,0.14416613,0.2911306,0.17240214,0.15120527,0.0005634902,0.0505344,0.16842449,0.16255191,0.0014167157,0.050617687,0.20043662,0.028924871,0.0029004198,0.00018694557,0.00876269,0.12188606,0.08061298,0.24041192
35202321,15.0,0.0,75.0,0.0,0.0,7.1866555,2.1010587,70.84743,0.8504204,1.6723732,0.03516119,0.093348145,0.11481208,0.29020134,0.16271697,0.15023068,0.020000333,0.059606872,0.0071606785,0.40864357,0.019800656,0.30016634,0.20022212,0.010787898,0.000833161,6.0841085e-05,0.16166656,0.059393782,0.016302926,0.05818608
35202613,70.0,15.0,0.0,0.0,0.0,69.94109,9.765603,0.6301887,1.45236,0.8327426,0.08206114,0.29762602,0.08214314,0.30039793,0.005854439,0.17228995,0.10017349,0.29968116,0.16375692,0.11415686,0.021337358,0.060283843,0.19910732,0.013786897,0.0021461681,0.0020707431,0.19466476,0.041789357,0.00025474443,0.009825656
35200953,0.0,0.0,10.0,10.0,0.0,2.406603,1.9017912,2.2957928,2.047019,0.5698192,0.262573,0.10249728,0.12962599,0.02294756,0.25523144,0.10302099,0.013692305,0.020317592,0.050400294,0.033389453,0.096208446,0.2615129,0.052171562,0.050901353,0.13480654,0.24374528,0.24446253,0.036840685,0.012137081,0.013429993
35200924,10.0,0.0,0.0,35.0,0.0,6.396091,0.0,1.123337,14.065924,0.32834315,0.066070266,0.17712633,0.1951664,0.29668155,0.18269338,0.039716862,0.02160851,0.064188614,0.17919327,0.06264824,0.02396647,0.051835816,0.04614268,0.11576197,0.20528373,0.25370115,0.16961941,0.030524783,0.024779718,0.061901327
35202165,10.0,10.0,200.0,15.0,0.0,2.8095636,6.3448296,306.54126,2.3371754,2.6739094,0.002938469,0.035200458,0.1028431,0.2982186,0.0027362206,0.22751912,0.10002119,0.3000789,0.050740223,0.53257966,0.05509401,0.2886262,0.03271837,0.011155571,0.0915894,0.25155032,0.16797355,0.05423532,0.016262911,0.048482455
35201851,0.0,175.0,0.0,10.0,0.0,3.435906,183.86212,40.69656,2.2198036,11.316037,0.19465202,0.11363068,0.060642015,0.06235171,0.085961565,0.30107027,0.0065749697,0.24168065,0.20706895,0.22447856,0.011394117,0.013599251,0.03675884,0.032222886,0.094482526,0.25086656,0.20693041,0.10371412,0.001474965,0.0019056466
35202216,20.0,0.0,50.0,30.0,0.0,6.9163966,4.386319,97.183846,5.3860955,2.5248504,0.04099366,0.029290423,0.082683235,0.24068499,0.16458014,0.09712788,0.01971334,0.058206245,0.0075077955,0.63064134,0.0031141387,0.29827914,0.03865142,0.019523416,0.08264534,0.24249287,0.20076117,0.034403853,0.0005255796,0.00032721684
35201626,0.0,15.0,0.0,15.0,0.0,1.0658422,7.44389,0.42766592,3.482923,0.4286406,0.24051169,0.057330333,0.08203621,0.009654421,0.109529085,0.11621834,0.08837603,0.24533716,0.18447426,0.06906591,0.027877204,0.053591907,0.016538167,0.06974091,0.19099501,0.2904091,0.22353595,0.09210148,0.009512862,0.008089224
35204456,10.0,10.0,65.0,35.0,0.0,4.395622,0.51082873,24.062693,52.88506,1.3111805,0.0041403337,0.09770697,0.102972955,0.29844713,0.0042438256,0.03820076,0.09618215,0.29777527,0.0029017834,0.12870978,0.00094854785,0.29813302,0.039023552,0.44246405,0.14467643,0.24240457,0.161767,0.01251604,0.019381126,0.05779138
35204611,15.0,10.0,15.0,0.0,0.0,9.3697605,8.180721,15.861505,1.4590207,0.7065792,0.039625037,0.16046017,0.08639426,0.25016555,0.009683207,0.25189003,0.096079245,0.28803554,0.00967656,0.3125785,0.08074938,0.29000577,0.19854993,0.0059971865,0.001105096,0.0023345165,0.16691732,0.050068285,0.016698133,0.049970098
35200324,185.0,35.0,160.0,0.0,20.0,154.2888,42.067833,113.533516,5.255651,10.080777,0.010160088,0.26195973,0.0020171602,0.2880612,0.009916365,0.32724988,0.080064185,0.28804642,0.011939449,0.44672024,0.003297908,0.28847018,0.16806898,0.0036000814,0.016584832,0.048015032,0.008122542,0.06584044,0.0960772,0.28812099
35204526,0.0,10.0,45.0,10.0,0.0,0.91781616,2.9316459,6.793998,5.5216,0.43738967,0.1789756,0.033942714,0.08747656,0.069749124,0.037107352,0.06685426,0.10336517,0.29355308,0.028590899,0.09625207,0.03981803,0.29424623,0.018380364,0.17792654,0.22686438,0.29173833,0.20023742,0.05419116,0.014022866,0.016813096
35200955,60.0,0.0,15.0,80.0,0.0,36.941208,21.011148,17.100853,73.24514,6.219966,0.06980547,0.084621936,0.079785734,0.25038463,0.20604265,0.043591473,0.0005771611,0.00029732878,0.0043575754,0.16533074,0.08528855,0.29982,0.010170431,0.26303673,0.11629799,0.28815606,0.1689346,0.012968302,0.016375897,0.048286498
35203160,20.0,15.0,35.0,65.0,0.0,18.8087,19.384901,25.29103,97.53765,9.001918,0.0053431396,0.023951598,0.11613333,0.29804635,0.0032864185,0.04908278,0.099257804,0.29770756,0.0019686006,0.055582523,0.096299246,0.29807064,0.039031345,0.4347451,0.15747817,0.2420181,0.16140023,0.0589485,0.019348063,0.05799754
35204829,60.0,20.0,0.0,0.0,10.0,36.224297,37.21404,10.645768,0.3069203,4.2924204,0.01697286,0.1165046,0.023578377,0.29972464,0.039892823,0.5365765,0.08023824,0.24242723,0.16707328,0.0759626,0.016412862,0.05046686,0.19375437,0.00997597,0.0025040065,0.009661267,0.03866426,0.018644635,0.08089942,0.24247828
35203732,25.0,10.0,20.0,10.0,0.0,9.477939,12.396679,2.4259408,2.9765317,22.282354,0.027443372,0.09232218,0.12328916,0.29190803,0.029918268,0.35908344,0.097586654,0.30045062,0.0040739193,0.06799278,0.10175497,0.3009247,0.0415584,0.0696397,0.10671284,0.24043497,0.20025562,0.0719242,0.006346775,0.012927856
35204731,10.0,35.0,55.0,0.0,95.0,7.124564,38.321743,41.78613,0.0,46.45742,0.044553306,0.054351617,0.09738646,0.25042406,0.042903747,0.27805713,0.08128792,0.24282628,0.0042099194,0.23068824,0.020735202,0.2980986,0.2012043,0.046724517,0.019146712,0.00018659928,0.0025995257,0.13469933,0.019822236,0.29819968
35200656,15.0,0.0,10.0,10.0,0.0,8.767831,0.77950263,2.8919106,4.6609445,0.429,0.078195274,0.1576545,0.20145549,0.24748126,0.18457556,0.07231751,0.018231187,0.05118678,0.014640345,0.08571559,0.102105446,0.29269272,0.042063136,0.14135104,0.16681832,0.25066558,0.17241088,0.06802505,0.0032802962,0.003908491
35202145,0.0,10.0,410.0,0.0,0.0,1.0455538,8.6897,360.35834,0.61930704,0.8695074,0.16934948,0.03735552,0.017826382,0.050512783,0.009516071,0.2471313,0.08077778,0.29008973,0.096733265,0.3922428,0.09181177,0.050090384,0.19991189,0.008062169,0.0010214883,0.00050587265,0.16825658,0.08454914,0.016082538,0.048086304
35200062,25.0,35.0,60.0,0.0,170.0,11.26048,36.39025,26.625786,0.0,131.7662,0.021007506,0.09447286,0.122686915,0.2915457,0.052491426,0.2981464,0.081208535,0.2526728,0.03625808,0.22362162,0.005589669,0.2527724,0.20153826,0.011205291,0.007900091,0.0006538006,0.037969507,0.24334627,0.0044892565,0.25156847
35202404,15.0,10.0,150.0,0.0,0.0,5.8908777,8.233213,147.03256,0.7257315,2.040191,0.012892299,0.047658946,0.12338553,0.3010309,0.019414091,0.24521168,0.097565174,0.28936294,0.013417953,0.476803,0.027364973,0.29920673,0.16959164,0.013805474,0.023869848,0.048528705,0.2047401,0.08554282,0.0017166574,0.0016713942
35200407,45.0,0.0,25.0,0.0,0.0,15.159449,3.386316,22.125803,1.3583784,1.6520108,0.010893252,0.084074825,0.022783285,0.2908106,0.17327715,0.40465543,0.017111644,0.050255183,0.017164985,0.2310515,0.08767475,0.29076067,0.1990657,0.0038352017,0.0024296406,0.0020351566,0.17023192,0.065991126,0.016416278,0.048539903
35200280,60.0,10.0,90.0,0.0,0.0,12.7917,15.469904,72.02258,0.5349751,3.865323,0.012360022,0.02647904,0.031174434,0.29247108,0.009526878,0.3496887,0.101069726,0.30096602,0.04221884,0.22363532,0.0033473438,0.24336907,0.16463894,0.031104358,0.052367024,0.058009915,0.20158753,0.08061471,0.0018850239,0.0035110503
35202950,10.0,0.0,0.0,0.0,0.0,8.825269,2.6282775,6.4825463,1.081575,1.5185659,0.053595666,0.1706702,0.10477319,0.24305588,0.20124038,0.19133118,0.0041577136,0.010375324,0.20607305,0.24017479,0.0033269846,0.00273861,0.16303945,0.048788443,0.04656083,0.05778922,0.19967663,0.04314245,0.0004511933,0.002645954
35203912,100.0,15.0,135.0,0.0,10.0,31.956465,22.875347,126.826706,3.7698994,7.5150123,0.03549876,0.066266105,0.0081688585,0.2525271,0.0059099724,0.3460526,0.099806905,0.29796147,0.046011865,0.27749842,0.0044635707,0.24070463,0.1936649,0.002698666,0.0043573077,0.01029601,0.04117169,0.079587534,0.08032694,0.24027082
35201634,0.0,10.0,0.0,35.0,0.0,7.8337455,6.0815086,2.6390986,22.57416,1.1435796,0.21097635,0.12644309,0.08636418,0.05044406,0.049411528,0.060498536,0.084870845,0.25092575,0.17265041,0.06734135,0.019354098,0.05075464,0.03779392,0.18989198,0.23567006,0.24992287,0.19675438,0.031870723,0.0055107977,0.011135735
35202565,25.0,0.0,0.0,10.0,0.0,34.383,2.5351386,14.727271,3.170205,0.9688488,0.12729621,0.29389897,0.21547483,0.2923258,0.20042215,0.036770333,0.0044191605,0.010346047,0.19966684,0.083428085,0.003209288,0.010821552,0.03429724,0.067053676,0.09739382,0.2521266,0.20181948,0.019535711,0.00086666795,0.0009844631
35200887,90.0,10.0,10.0,30.0,0.0,68.31696,10.054574,8.306553,12.919103,2.424714,0.15542817,0.13143091,0.16885261,0.25306115,0.020795083,0.099248365,0.097932875,0.2908326,0.00654379,0.070107535,0.102885425,0.3009298,0.042469963,0.116175175,0.10464216,0.2405805,0.20372903,0.032087237,0.0016411864,0.0013962663
35200318,85.0,15.0,20.0,0.0,10.0,108.743904,12.993322,16.51657,0.024913847,5.7128673,0.08769675,0.4412262,0.07999427,0.28938204,0.0034349826,0.07165506,0.09703566,0.290699,0.036583,0.105355665,0.08336841,0.25250757,0.19405928,0.013971462,0.0052878945,0.010334914,0.034427527,0.026522662,0.080346994,0.2498575
35200690,105.0,0.0,0.0,0.0,0.0,88.73907,2.9811673,2.9248993,1.1640356,1.8828522,0.18802251,0.21838379,0.23358114,0.30011967,0.19765773,0.057564672,0.0034840112,0.009836256,0.19998737,0.04529774,0.0012901466,0.002248084,0.19389436,0.042683445,0.015941955,0.010197751,0.20081528,0.025337446,0.00034895205,0.00032656762
35201585,10.0,15.0,10.0,0.0,0.0,5.0102715,4.4798307,4.3305016,22.86749,5.869733,0.029370178,0.07630584,0.13600963,0.29069337,0.05760756,0.05371107,0.08190396,0.24357507,0.010800475,0.110137776,0.10421836,0.29108542,0.16505697,0.35916173,0.099446654,0.058387395,0.20129018,0.013473684,0.0018120694,0.0029716534
35200316,205.0,120.0,65.0,0.0,0.0,190.85533,170.0565,50.552113,1.1527039,6.0422306,0.020457348,0.2598933,0.0288491,0.29822624,0.03454362,0.4398526,0.00011281308,0.2501069,0.033835296,0.19122434,0.00031819477,0.25012386,0.20008734,0.005822671,0.00058009214,3.7401423e-05,0.16175297,0.053297907,0.016122792,0.048082467
35204344,35.0,60.0,50.0,0.0,35.0,19.956617,26.756699,108.129524,4.2765303,17.682201,0.007033342,0.022747485,0.10296324,0.29804036,0.032596916,0.060258854,0.0040001953,0.2519214,0.0015391561,0.67442346,0.0039853416,0.3000333,0.20004444,0.002274444,0.00016668477,1.2169571e-05,0.032333363,0.024588503,0.0832606,0.25163722
35204635,0.0,0.0,25.0,20.0,0.0,0.392955,0.7448143,3.0910957,19.09314,0.28203622,0.18912013,0.08090983,0.06216903,0.062259976,0.1803535,0.07756991,0.021507727,0.061379235,0.038953252,0.053324163,0.090465136,0.2530511,0.044290096,0.21749802,0.2852079,0.24061598,0.20187427,0.026434071,0.002058248,0.0036401364
35201320,0.0,0.0,0.0,0.0,0.0,2.9820027,1.627946,1.1497387,1.6549067,0.7119767,0.2779219,0.11073354,0.13045743,0.015580242,0.25471887,0.078954116,0.00955567,0.011084273,0.18462974,0.033025574,0.028871551,0.05839848,0.18422246,0.0815276,0.07578761,0.051504683,0.2346975,0.027922262,0.008181769,0.010207248
35200985,15.0,0.0,0.0,70.0,0.0,6.7734013,0.0,0.4977994,41.30038,0.3816315,0.05670864,0.072007164,0.21525687,0.3035675,0.21360967,0.030602895,0.0071460484,0.015682304,0.20355877,0.061776515,0.009749411,0.012138019,0.02195212,0.13865843,0.22915196,0.29178062,0.19898912,0.02824578,0.008666817,0.01447349
35202075,0.0,10.0,15.0,10.0,10.0,0.7787085,4.159128,31.381607,0.30001354,1.9067409,0.16061461,0.015721384,0.020598754,0.059649628,0.0011770402,0.09823323,0.10001062,0.30001634,0.011219608,0.6629796,0.09130894,0.29772732,0.006545684,0.007819496,0.09834313,0.29031038,0.03359788,0.025285568,0.08325671,0.24969691
35201406,20.0,0.0,15.0,15.0,0.0,9.575347,1.4198267,4.9577174,4.453958,0.59402645,0.08070789,0.07687515,0.16214505,0.26709604,0.21866575,0.10600115,0.013703734,0.058617353,0.06323856,0.09883897,0.10188359,0.252206,0.024918977,0.08754493,0.16629891,0.29577056,0.22136503,0.05144111,0.0127347205,0.010238729
35203962,15.0,15.0,145.0,0.0,15.0,6.6191816,13.302356,165.61864,4.2769,15.094678,0.0084200315,0.030524958,0.09674405,0.28815502,0.034684137,0.21221986,0.08398449,0.25164628,0.008422434,0.57130706,0.004627303,0.29970115,0.16773573,0.005517612,0.016539328,0.048502043,0.040203165,0.12930004,0.08012642,0.24006958
35203227,15.0,0.0,0.0,10.0,0.0,16.552198,2.3584993,52.388653,3.4027488,0.7998736,0.0723198,0.06615694,0.13948068,0.24879202,0.20632985,0.06654266,0.0247734,0.05253897,0.21585009,0.18849948,0.02187015,0.014169045,0.011198873,0.10965493,0.16798049,0.30060375,0.21089911,0.06873195,0.006642374,0.00395052
35200706,30.0,0.0,0.0,0.0,0.0,32.42967,2.5440598,1.7891142,1.2836233,1.4669238,0.10853759,0.21580642,0.27317595,0.30170438,0.17388695,0.06419265,0.020680528,0.060274422,0.1641112,0.044570602,0.0017941558,0.060668834,0.17007461,0.11007827,0.037412938,0.04897716,0.19826828,0.025972469,0.005102547,0.012787429
35203530,10.0,15.0,35.0,0.0,0.0,2.294613,10.413558,13.499912,1.2782218,0.95332944,0.018109985,0.05825436,0.11328598,0.29375824,0.04194157,0.21385643,0.10521143,0.29919657,0.02254586,0.17581472,0.11170278,0.30170134,0.20206705,0.03125272,0.019453244,0.0018286117,0.20235217,0.15723407,0.010821795,0.013007946
35204979,0.0,0.0,0.0,0.0,0.0,5.6358714,15.927166,34.127533,43.84804,5.3183074,0.17041826,0.082067624,0.014713655,0.06253449,0.18738778,0.11880206,0.018862972,0.059231397,0.1767035,0.22532564,0.008609364,0.05850082,0.19890688,0.25865877,0.059706643,0.010324487,0.16428876,0.026748909,0.021430079,0.059244573
35200366,45.0,0.0,15.0,0.0,0.0,55.99604,4.228862,5.785709,0.7530688,1.5880562,0.05503373,0.3653273,0.025488932,0.25396279,0.16811892,0.22181572,0.020688877,0.058713954,0.0066264737,0.055707492,0.08810129,0.29886645,0.16368367,0.037590243,0.0453842,0.058355,0.20014632,0.016219549,0.002817033,0.0033731735
35204225,70.0,75.0,30.0,0.0,15.0,84.48046,25.582134,12.777901,0.79095787,5.199601,0.09973066,0.35398778,0.070620626,0.2901585,0.042673666,0.0989915,0.0001805891,0.24008511,0.0020132568,0.07931116,0.09732707,0.3000315,0.16212884,0.06146428,0.02344198,0.057664793,0.03406201,0.015942484,0.08331254,0.24969767
35201852,0.0,0.0,0.0,0.0,0.0,1.6449766,2.1956258,6.4641876,1.2125081,1.5083134,0.20895377,0.10711886,0.09036076,0.06686203,0.20686659,0.10844336,0.024026994,0.06432674,0.17238028,0.06343031,0.024414098,0.062284473,0.17475128,0.15655947,0.065938026,0.04978804,0.20965844,0.062132537,0.00822106,0.016622376
35202147,0.0,0.0,150.0,0.0,0.0,2.0807922,2.2779043,158.98857,0.9013321,0.5041393,0.16381021,0.060059793,0.005035733,0.05996168,0.16971357,0.3152067,0.016108312,0.0484948,0.06923595,0.45690104,0.037072796,0.25019193,0.1987712,0.005894676,0.0005207525,0.0019406094,0.16778585,0.041072126,0.016205534,0.048499417
35201332,15.0,30.0,15.0,0.0,10.0,17.860748,17.589754,4.235535,0.28414392,1.7833161,0.06248035,0.3302772,0.1431502,0.2994742,0.014109457,0.15765473,0.10039901,0.3003859,0.0063151037,0.08904556,0.10269012,0.30085388,0.16899283,0.03772799,0.0227157,0.048563037,0.042097475,0.037595894,0.0816248,0.24315636
35202886,15.0,0.0,0.0,0.0,0.0,3.0407968,0.69667995,0.62427783,1.8010334,0.84060484,0.034301244,0.036515266,0.15622786,0.30131853,0.23674735,0.106021285,0.027714435,0.0571183,0.17980732,0.09409106,0.0221868,0.06498022,0.21377239,0.09578601,0.11745728,0.0021404123,0.18068628,0.06194666,0.014421832,0.07038057
35204497,10.0,10.0,0.0,0.0,10.0,4.315604,7.014042,0.8249354,0.24562234,5.1931667,0.041303996,0.06735574,0.14887798,0.29922846,0.09754018,0.15327422,0.09417886,0.25410408,0.1878233,0.10100518,0.039838374,0.06447725,0.17315845,0.04418613,0.04905638,0.05453448,0.056882463,0.12749498,0.08972604,0.24690847
35201279,0.0,10.0,0.0,0.0,0.0,1.6779757,6.1108823,0.58193624,1.6831368,0.28329238,0.22355543,0.040178232,0.057533756,0.022950456,0.103579044,0.1470214,0.11295078,0.30446503,0.20361297,0.11456089,0.03615891,0.018805362,0.20766042,0.02203916,0.031661034,0.0044978666,0.25291553,0.068359315,0.014312467,0.025164695
35203889,0.0,0.0,0.0,0.0,0.0,1.1757197,0.92872983,0.59641075,1.6723572,0.6289208,0.20840265,0.06561687,0.09903732,0.074513674,0.23231833,0.10817288,0.029345732,0.061547514,0.18864842,0.08038697,0.017165668,0.061724126,0.21624905,0.054757886,0.06406573,0.004815396,0.20188297,0.090908825,0.013612138,0.06505689
35203387,30.0,20.0,90.0,0.0,55.0,18.342226,33.941547,66.43846,3.4358642,55.91611,0.0026722697,0.020244729,0.10479813,0.30022284,0.005662628,0.30105296,0.09953104,0.297874,0.0034501855,0.25776395,0.0057027987,0.29985052,0.19392037,0.0037453985,0.004793385,0.009706854,0.040982056,0.22787161,0.00036954109,0.24034092
35200373,30.0,0.0,10.0,0.0,0.0,60.14235,3.701181,5.4385514,1.4950299,2.1540055,0.020680664,0.6093926,0.090620235,0.29816777,0.19471258,0.08617945,0.003424463,0.010051564,0.003593469,0.060685597,0.09755136,0.29815397,0.19981632,0.0032393497,0.00050073257,0.00040815645,0.19405344,0.013587622,0.0032837444,0.009708687
35202166,10.0,10.0,50.0,35.0,0.0,1.3973609,2.9816918,22.825289,26.724686,0.5389166,0.005310733,0.02766934,0.098193064,0.3007845,0.015340833,0.13068114,0.1020037,0.30087477,0.02442532,0.26234695,0.011826391,0.28932554,0.03577222,0.20108078,0.13368179,0.25190055,0.20142314,0.0498534,0.002248354,0.0012625495
35204339,20.0,35.0,0.0,0.0,10.0,7.042982,50.272015,14.926936,0.67200893,5.3154426,0.0115875015,0.075651206,0.10153311,0.2886513,0.04362478,0.42859593,0.080871195,0.24207912,0.2021379,0.16941704,0.0008802222,0.00056244223,0.19261277,0.0106305685,0.009327436,0.011562611,0.040056452,0.08827824,0.0801162,0.24054556
35204513,20.0,15.0,10.0,15.0,0.0,3.3993804,9.993425,3.4618452,6.7003293,0.42264837,0.035402704,0.053861737,0.14377484,0.29689127,0.05496584,0.16194892,0.106542766,0.30394444,0.022179086,0.09667553,0.090068,0.2925715,0.046631467,0.096232355,0.18025808,0.2436885,0.1898328,0.052362703,0.022569269,0.056247182
35202510,30.0,15.0,85.0,0.0,0.0,19.235126,19.013823,91.19325,0.4271196,3.804306,0.04293643,0.08350185,0.09756875,0.25011677,0.01231845,0.2115074,0.097053275,0.29019302,0.042423733,0.3086668,0.0068891197,0.25020784,0.16756964,0.039411444,0.04714206,0.049995124,0.19943392,0.077422306,0.0011237538,0.0022354606
35204061,0.0,50.0,20.0,10.0,0.0,0.07810611,20.3368,22.586918,3.0777566,0.18636931,0.18946561,0.08135629,0.046971127,0.06066419,0.09561836,0.101799764,0.0070016794,0.24263926,0.05657132,0.32910702,0.08578614,0.24293381,0.00843703,0.06167283,0.10732548,0.2910031,0.20339248,0.056608215,0.0011921884,0.00088558544
35204839,20.0,80.0,70.0,10.0,0.0,6.47057,106.28811,37.89758,1.5373182,9.036529,0.031296074,0.06853352,0.11383948,0.29061595,0.0049733156,0.433483,0.019591818,0.2981669,0.002143225,0.16810712,0.020758206,0.3001897,0.008494379,0.023723174,0.100929126,0.28811675,0.20075805,0.033819098,0.00033348033,0.00028170433
35204813,60.0,0.0,15.0,0.0,15.0,76.054115,41.15762,3.873313,0.0,1.5982581,0.031272255,0.35013714,0.022873262,0.29787886,0.16106395,0.33958623,0.019410698,0.05814064,0.007595894,0.046635557,0.09671408,0.29050538,0.19881403,0.0042237765,0.0010627283,0.0020686716,0.0069510434,0.009764606,0.09607555,0.28997508
35204810,0.0,0.0,55.0,0.0,70.0,7.7035794,61.53422,68.42622,0.0,48.978348,0.19764724,0.052211076,0.04676863,0.06003206,0.20077156,0.123640835,0.0007081449,0.001967894,0.0407468,0.3508234,0.0005904407,0.24045339,0.19877964,0.00918405,0.0031959137,0.0020399187,0.040171567,0.17952853,7.65343e-05,0.2400662
35200923,0.0,0.0,0.0,25.0,0.0,3.8520079,1.5819411,0.8460153,9.770812,0.4733867,0.24663062,0.08621733,0.14010957,0.06711332,0.21159674,0.07356806,0.023730533,0.05367866,0.17608158,0.05534888,0.032803357,0.06542135,0.044795834,0.11352374,0.14468041,0.25592005,0.22596407,0.04288042,0.008895211,0.008444122
35203108,0.0,10.0,0.0,15.0,0.0,14.189445,9.975698,1.7571924,5.1655006,0.96920425,0.20358498,0.116322905,0.09216071,0.06550965,0.07619261,0.19672586,0.08738181,0.29411924,0.1793546,0.06528401,0.0056140297,0.054224055,0.046964116,0.06124772,0.1306726,0.24143207,0.21812294,0.05426852,0.01059655,0.018886548
35200540,20.0,105.0,135.0,0.0,0.0,8.144002,49.5234,169.96559,5.6048255,41.39993,0.0015473939,0.037992544,0.100658774,0.2996144,0.0074815606,0.2308735,0.0008115514,0.29038495,0.0017024033,0.41087413,0.0012429132,0.30001387,0.20000963,0.0008426763,3.440705e-05,3.3096676e-06,0.16648129,0.11321795,0.016655998,0.05032894
35202345,20.0,10.0,55.0,0.0,15.0,17.570831,6.1430445,29.208323,0.0,2.9635005,0.039773624,0.23085131,0.0931543,0.25246376,0.036573607,0.1560284,0.08431942,0.25227752,0.01003574,0.2673512,0.018828662,0.2906275,0.16886151,0.045267,0.057045404,0.048127465,0.04040131,0.0254008,0.080416515,0.2407314
35204394,0.0,0.0,0.0,15.0,0.0,3.0617416,1.8634235,6.926582,8.518264,0.30332434,0.23741883,0.06853476,0.08347209,0.008244201,0.23699024,0.06806198,0.0049330397,0.004435966,0.20673466,0.083195,0.011179559,0.013376794,0.043620173,0.16642106,0.20834261,0.25102648,0.21254979,0.055282354,0.005144023,0.0046329857
35200138,95.0,0.0,10.0,0.0,40.0,87.121666,8.4661255,4.337077,0.0,8.125494,0.18040147,0.28869173,0.18104705,0.3007606,0.20347539,0.034019485,0.0014458798,0.0031458326,0.04090902,0.02691596,0.08199611,0.2424445,0.16444255,0.03689717,0.046085075,0.058362804,0.03992944,0.011115217,0.08175053,0.2429087
35204935,0.0,0.0,0.0,0.0,0.0,15.036202,179.88379,50.125336,2.4516215,77.43096,0.20569167,0.3176522,0.007652918,0.0119389985,0.16097479,0.22842006,0.02004582,0.06000532,0.16508467,0.22146073,0.01852204,0.059587248,0.16131756,0.0044207126,0.019677436,0.058072254,0.16680889,0.008884251,0.01665778,0.049947184
35202618,10.0,0.0,10.0,0.0,0.0,10.71587,9.82435,12.341965,0.99591655,2.7350056,0.016692156,0.08345348,0.1125625,0.2934235,0.20445432,0.45057452,0.002747095,0.011724301,0.013921291,0.15045561,0.10064788,0.29044667,0.16498475,0.017940434,0.0332607,0.05915588,0.20430405,0.018706672,0.0025523566,0.0020503697
35201219,10.0,0.0,10.0,45.0,10.0,9.615179,19.85806,20.940563,77.51073,14.878711,0.0017551354,0.0070575555,0.10027072,0.29764625,0.16706137,0.043109905,0.01679766,0.05032975,0.0017473219,0.15996867,0.08095356,0.29994035,0.03358828,0.54661715,0.04903201,0.24970046,0.008041029,0.02602889,0.096026056,0.28801408
35201805,0.0,15.0,0.0,0.0,20.0,19.643602,19.887774,3.421698,0.0,6.0585456,0.1836283,0.077874616,0.040797696,0.05041129,0.059505425,0.38143548,0.08566757,0.25074273,0.20654185,0.110353515,0.00569622,0.0032926302,0.1625119,0.04475999,0.036579296,0.060266662,0.045263935,0.06972823,0.08244889,0.24189089
35202491,75.0,10.0,0.0,0.0,0.0,127.69205,5.1313405,3.7196932,0.85245824,1.6388216,0.080549024,0.55351985,0.08354382,0.3003471,0.03493885,0.036020666,0.08413977,0.25205603,0.19297975,0.022622999,0.00037889727,0.012136958,0.19402114,0.024979841,0.0075024264,0.009796733,0.19967635,0.006823767,0.001022123,0.0025593988
35203420,15.0,25.0,120.0,0.0,50.0,15.817482,33.422527,122.10433,4.7843943,48.95421,0.003653891,0.019742765,0.10267842,0.29875553,0.009336962,0.21858925,0.101047695,0.29983965,0.005300726,0.30749127,0.022606958,0.30034307,0.20041372,0.006529929,0.003892034,0.00036595072,0.040476743,0.21284525,0.002167651,0.242602
35204908,0.0,0.0,0.0,0.0,0.0,51.31273,47.881104,38.671207,14.042622,17.158295,0.19563648,0.22419281,0.0031580103,0.012507655,0.19771159,0.36623204,0.003774052,0.011846457,0.19592497,0.12935455,0.0018148116,0.011701845,0.19978201,0.05228721,0.011941619,0.0020662027,0.19287187,0.0075527225,0.0042869556,0.011849534
35204411,0.0,0.0,10.0,0.0,0.0,0.89000434,1.9450506,2.8699276,1.2983228,1.0413909,0.19032931,0.149196,0.046715286,0.052882016,0.22330375,0.23025973,0.0053939326,0.013027031,0.006775263,0.07168761,0.0996152,0.3005175,0.19478542,0.104980126,0.05138163,0.011971331,0.20650399,0.06397389,0.0031290767,0.002776219
35204838,0.0,55.0,45.0,0.0,230.0,12.176507,61.698776,52.43751,0.0,96.95079,0.18040152,0.109839335,0.014475652,0.058036186,0.009360442,0.29707387,3.970097e-05,0.28801748,0.0011102706,0.25531766,0.01992686,0.30001143,0.19242638,0.012799471,0.00468947,0.011533389,0.0068242317,0.24407096,0.01666872,0.2899422
35201388,0.0,0.0,55.0,115.0,0.0,2.7728822,3.7342703,10.472994,146.05807,1.4380294,0.20464028,0.027873963,0.046593577,0.013525798,0.20250845,0.026636455,0.0048406217,0.012897043,0.035075475,0.036242843,0.005196486,0.25246492,0.035703275,0.3103464,0.303377,0.24996124,0.20199805,0.013739522,0.0016693304,0.003337203
35203614,100.0,0.0,0.0,0.0,15.0,67.630424,4.6626644,5.008105,0.0,4.938352,0.18440443,0.13801551,0.19813864,0.2525853,0.19829383,0.12566707,0.0035173006,0.009871775,0.17506024,0.12614469,0.007985204,0.050322946,0.20038806,0.026773456,0.0028211065,0.000537578,0.034597162,0.03774389,0.08366349,0.24996492
35201791,0.0,25.0,10.0,10.0,30.0,2.1934433,21.7404,10.970297,1.1415815,19.500832,0.17253295,0.06972241,0.028671809,0.059913177,0.006374155,0.22733468,0.10010061,0.30007845,0.001861809,0.27570754,0.100664005,0.30017608,0.03380008,0.008650614,0.08457653,0.24971329,0.008444176,0.18455361,0.09635191,0.28863424
35204439,20.0,0.0,65.0,65.0,0.0,4.1496043,0.0,8.648579,102.29066,0.9271649,0.008859631,0.015247941,0.12929338,0.3003835,0.20847999,0.026743736,0.0055656754,0.011445471,0.036629774,0.042566936,0.0047830865,0.25300536,0.043234456,0.45487785,0.16584283,0.24043036,0.19617783,0.014159437,0.0029058421,0.014091215
35204064,15.0,75.0,25.0,10.0,10.0,8.907535,78.87926,18.863352,1.9326664,4.196788,0.012358148,0.09028255,0.112407066,0.3003381,0.03904876,0.31772804,0.01945753,0.29093134,0.04194659,0.1773267,0.08952259,0.25307965,0.034761425,0.022756621,0.09026329,0.25100696,0.012373033,0.09462944,0.09826743,0.28970587
35203575,30.0,30.0,35.0,0.0,0.0,4.54935,9.703179,44.511517,12.293029,43.128616,0.045407385,0.05217492,0.09249489,0.24478017,0.025031427,0.07973414,0.10291743,0.3009116,0.044247523,0.39765397,0.08857227,0.24381673,0.20157036,0.008974593,0.0067285374,0.00091925793,0.21072528,0.1677697,0.002915663,0.0050507667
35200666,10.0,15.0,0.0,0.0,0.0,4.2826695,6.552753,0.18223795,1.532788,0.5468397,0.11385424,0.09124586,0.23106125,0.2620813,0.09228612,0.09585145,0.092614904,0.25730664,0.20856807,0.038095705,0.011132912,0.018270677,0.21485053,0.057777002,0.048077606,0.0033285276,0.22492823,0.054785766,0.010154247,0.021374902
35201519,15.0,45.0,20.0,70.0,0.0,22.179726,58.756863,21.828482,16.31353,6.5121064,0.020186137,0.1697407,0.11698869,0.3002622,0.007694097,0.31529507,0.02025852,0.29964304,0.0037174597,0.14238514,0.08178295,0.30010515,0.039020598,0.063426465,0.0037519564,0.24207613,0.16919522,0.05993054,0.0003411317,0.048310112
35203294,0.0,0.0,55.0,0.0,85.0,6.8272247,21.0253,73.7289,0.0,48.025726,0.16415304,0.12836155,0.01814452,0.05963553,0.19949903,0.12232497,0.00068784,0.0020104353,0.0011613128,0.38736358,0.019692464,0.2996319,0.19996342,0.0009200265,0.00010224577,8.170749e-05,0.038813155,0.15441507,0.00065872486,0.24194194
35203142,0.0,0.0,0.0,0.0,0.0,3.239199,0.92888904,0.86226404,1.4179825,0.5706413,0.21373793,0.12199257,0.10765264,0.06427252,0.19240125,0.06750438,0.02270227,0.062477335,0.17331144,0.08355534,0.0059266994,0.05968162,0.17455234,0.19570982,0.09381779,0.050904676,0.20780891,0.025187455,0.0024760645,0.0035279845
35202630,70.0,15.0,0.0,0.0,0.0,21.99791,10.521981,2.0887735,1.3765557,1.2585961,0.06303942,0.12096367,0.07916431,0.30279803,0.032689393,0.18410264,0.10206238,0.29068297,0.21720111,0.15974511,0.012977966,0.0036858171,0.20229107,0.037876494,0.009268403,0.005400746,0.17431015,0.07579544,0.018906996,0.050782256
35201007,15.0,15.0,10.0,25.0,0.0,2.0480134,2.910837,2.8218532,14.906671,0.19447593,0.031378005,0.04319121,0.17539436,0.3049008,0.029448994,0.056844845,0.1051051,0.30440927,0.015205881,0.09332325,0.10680567,0.3007136,0.021252735,0.1887836,0.26001275,0.28980199,0.20209578,0.038112845,0.00902234,0.013526943
35201149,10.0,0.0,0.0,20.0,0.0,2.3818028,0.0,0.88990575,15.767745,0.3184962,0.040102627,0.051760867,0.17449905,0.29485634,0.18262336,0.06344606,0.022474349,0.06145273,0.17768204,0.116684765,0.009709617,0.051763233,0.04553324,0.16939662,0.25784302,0.2508306,0.20430619,0.034588642,0.0034314916,0.0025586926
35204815,135.0,45.0,25.0,0.0,0.0,125.35644,40.459602,21.536018,2.6435559,3.472641,0.055692576,0.27387738,0.01737773,0.25215068,0.019860292,0.24650379,0.001422974,0.28853148,0.012442569,0.1754428,0.097433336,0.28860542,0.1617004,0.015849438,0.021481076,0.058212467,0.20073622,0.026323069,0.0002535713,0.00018914918
35204872,75.0,80.0,45.0,10.0,10.0,70.965324,134.22606,30.723501,1.1595348,9.852532,0.0063556,0.18438195,0.02277463,0.2981232,0.0010016697,0.5087402,0.0039183698,0.29963338,0.00045348736,0.08054371,0.004152938,0.30003795,0.0016988766,0.0047647837,0.100185834,0.29762337,0.040151734,0.0069662235,0.0800667,0.24005635
35202289,0.0,0.0,15.0,70.0,0.0,2.8476756,2.840237,14.499631,40.876774,1.6177664,0.17053697,0.08960039,0.022738064,0.06173241,0.20411351,0.10216576,0.005641778,0.012231971,0.01111838,0.23511188,0.10611117,0.29843625,0.043718092,0.1684195,0.09227778,0.24059433,0.16241649,0.04049023,0.020411683,0.058283336
35201495,10.0,0.0,0.0,10.0,0.0,4.064139,0.55712104,0.22705597,0.98194027,0.3960777,0.06856831,0.096808724,0.12428429,0.2555802,0.2624456,0.26676026,0.0030501867,0.0022349204,0.1758606,0.12011106,0.0046210564,0.04918889,0.04163361,0.018333958,0.087154284,0.24115121,0.18379708,0.10369952,0.0020623172,0.0505347
35204087,20.0,10.0,370.0,0.0,25.0,9.386579,7.308078,389.17838,2.3289807,13.435469,0.050326787,0.04999183,0.10889408,0.25351667,0.047725193,0.16620716,0.08518073,0.25088105,0.14779124,0.3097167,0.1328847,0.01371323,0.16910213,0.037472084,0.029170908,0.05130142,0.045753524,0.061921325,0.08217294,0.24175712
35203480,10.0,35.0,80.0,0.0,20.0,5.271464,14.776938,83.40277,0.65353966,10.500284,0.04073825,0.03554306,0.098451234,0.25310308,0.015516401,0.10105817,0.09747894,0.29882395,0.03664431,0.54982305,0.001353596,0.25084585,0.16939305,0.012889842,0.02613559,0.04828649,0.04362591,0.0381252,0.08211985,0.2437774
35202770,0.0,0.0,10.0,0.0,0.0,2.8246424,7.4295044,16.932243,1.4913133,1.234523,0.16619769,0.06099664,0.028772056,0.06235265,0.1740135,0.088266276,0.0028941922,0.058764637,0.015978271,0.46257886,0.092574656,0.3010088,0.20145062,0.03823222,0.007268798,0.0004917866,0.19478245,0.07497367,0.0041809417,0.0103757465
35201055,15.0,0.0,0.0,0.0,0.0,10.3234625,1.727273,1.7379599,1.6761677,0.5791133,0.06724358,0.18130867,0.16386814,0.29640517,0.19339602,0.16721971,0.022988753,0.054386858,0.18189324,0.12584169,0.017623803,0.0631384,0.1983116,0.023222568,0.015918354,0.012791969,0.18403362,0.047500897,0.019717474,0.05089684
35203810,25.0,0.0,0.0,0.0,0.0,14.39843,1.1275955,0.47894794,1.1638042,0.97589755,0.10878388,0.07925327,0.1956066,0.24893074,0.2507177,0.11608305,0.007641908,0.006437939,0.21091981,0.05062983,0.011369412,0.008231945,0.17784184,0.08629498,0.07549509,0.053558853,0.22753714,0.060161185,0.009335056,0.009889182
35200404,0.0,40.0,0.0,0.0,35.0,4.1881075,32.82428,9.786867,0.0,11.718043,0.19964287,0.11895663,0.03892543,0.06033764,0.04606746,0.22925563,0.080541156,0.240681,0.17414263,0.23538928,0.018925725,0.048753113,0.19295612,0.011475224,0.009348675,0.011723963,0.008411797,0.10255282,0.096583046,0.2886788
35204739,95.0,10.0,0.0,10.0,0.0,36.085094,14.324873,2.1944783,0.45245337,0.0,0.05636261,0.20424563,0.020402284,0.24246526,0.035147756,0.41032386,0.08409212,0.25201708,0.19409476,0.10307942,0.0040458557,0.011971269,0.032299586,0.004315235,0.084031805,0.25164554,0.19388798,0.034600347,0.0034590657,0.010077108
35202744,20.0,25.0,10.0,10.0,0.0,2.3178244,23.927774,6.5959644,1.5384207,0.44338933,0.0061091175,0.032378957,0.109004475,0.30072942,0.072584644,0.29133993,0.08312864,0.24281591,0.011540167,0.19994815,0.10395409,0.29880527,0.03357811,0.04010169,0.1030842,0.2520666,0.20394106,0.13604991,0.0039845137,0.0016669352
35203064,0.0,175.0,0.0,0.0,0.0,1.6667876,100.91916,4.185776,0.551599,1.5004774,0.1839262,0.060725298,0.04521101,0.062436074,0.08774626,0.31014898,0.011550554,0.25075865,0.17344385,0.13991827,0.02165886,0.06255509,0.16894159,0.13296343,0.019547883,0.051225893,0.17071462,0.14847474,0.02229934,0.060490713
35201205,0.0,20.0,40.0,45.0,0.0,4.702056,11.291284,31.460482,62.335976,3.1206753,0.19697598,0.020559032,0.01030204,0.010274443,0.012740306,0.08225796,0.09716199,0.29016054,0.04225497,0.18121229,0.0816495,0.24066378,0.03271732,0.43726468,0.040740903,0.2520559,0.16906513,0.016924063,0.016514545,0.04838405
35201333,15.0,0.0,10.0,0.0,0.0,21.45507,10.197365,4.474167,1.6056924,1.0330253,0.10427192,0.31672898,0.1905511,0.301308,0.1815295,0.14017951,0.01800431,0.051142566,0.044471007,0.037830062,0.083002105,0.24353404,0.20006645,0.022843748,0.0045114034,0.0024836818,0.2065027,0.028062815,0.0013059041,0.0015934133
35201213,0.0,0.0,35.0,20.0,15.0,3.600913,6.6008363,75.33862,2.6705492,5.613939,0.16074367,0.008880656,0.020568565,0.059753623,0.1620821,0.06075844,0.020212946,0.05996809,0.0019778917,0.6655469,0.08477409,0.30006945,0.040083826,0.007811471,0.08080878,0.24007331,0.008096149,0.048570827,0.08043469,0.28852046
35204427,0.0,10.0,20.0,10.0,0.0,0.58163744,3.7685406,30.610138,5.2567873,1.0795027,0.19932193,0.05460369,0.0010504714,0.0026861434,0.043556307,0.10605283,0.0808802,0.24238375,0.041724604,0.48194334,0.08114927,0.24236202,0.04007761,0.1318035,0.08520263,0.2404225,0.19861251,0.010171766,0.00091136637,0.00238233
35203974,150.0,160.0,15.0,0.0,0.0,181.63023,115.852844,24.170921,0.46528494,8.175328,0.07333157,0.33897257,0.037941877,0.25113884,0.054223802,0.36397988,0.0016574962,0.2427438,0.005569244,0.17069516,0.10258254,0.30043226,0.19939332,0.030701257,0.0106966505,0.0026310242,0.20231712,0.09500775,0.00088907685,0.0009356908
35201616,10.0,0.0,0.0,10.0,0.0,7.513377,0.9633144,1.043446,1.6517096,1.005073,0.057369117,0.15991014,0.10507006,0.2522685,0.18079275,0.3967049,0.00095889985,0.05792361,0.16524878,0.09727867,0.0052723177,0.060411546,0.038838185,0.017596304,0.08262544,0.24255489,0.16720957,0.07137688,0.00412795,0.058974605
35204597,45.0,10.0,10.0,0.0,0.0,46.07317,11.2418375,4.1667747,0.9794007,1.8353002,0.09023222,0.28023335,0.054479226,0.24281682,0.04401854,0.2232927,0.08107122,0.24261864,0.00846826,0.03249583,0.081398055,0.2905955,0.16724016,0.067738235,0.061041817,0.050032392,0.20148037,0.01722965,0.00046907552,0.0007734853
35203504,0.0,25.0,0.0,0.0,0.0,3.184525,12.752086,22.34484,1.1003869,1.5286174,0.21554354,0.11113788,0.059943944,0.053076394,0.054526255,0.08500009,0.084201634,0.24287254,0.21080175,0.33466703,0.010186737,0.011542934,0.2018448,0.034255743,0.0059489566,0.00092683436,0.1690613,0.067635596,0.01764152,0.050483864
35202173,0.0,0.0,25.0,25.0,0.0,1.1707097,2.091352,50.858685,4.2568684,0.67611974,0.19454683,0.024230972,0.0058382135,0.011991017,0.16169645,0.065643534,0.020030623,0.060016256,0.0020363785,0.63653535,0.100666806,0.30003798,0.0067664133,0.022198036,0.09704534,0.28994322,0.16169173,0.04165669,0.019273523,0.057727177
35204212,0.0,450.0,75.0,0.0,20.0,1.9433482,335.25443,45.408516,0.75475407,11.328412,0.17493331,0.07539292,0.033557206,0.06177376,0.13306904,0.26228106,0.011482259,0.0025043914,0.019244544,0.1877874,0.0052431934,0.29096058,0.16989991,0.10358875,0.035488304,0.048513606,0.04563073,0.12941301,0.08076286,0.24341816
35203596,10.0,0.0,0.0,0.0,10.0,3.2888505,1.0397537,1.009175,0.0,3.6289759,0.04491443,0.071498446,0.17080434,0.30958694,0.22414199,0.124710664,0.014435536,0.06280208,0.18778025,0.08727066,0.032496363,0.057124186,0.17820333,0.053502195,0.07813843,0.05338376,0.023514576,0.0976003,0.10894806,0.30678177
35204337,0.0,35.0,0.0,0.0,10.0,2.8128111,27.708004,56.29722,5.3513155,7.44468,0.1694601,0.031216811,0.018972551,0.04914701,0.012546043,0.1292334,0.100871265,0.30021563,0.17259441,0.45957142,0.01887195,0.048827555,0.20037007,0.012123402,0.001752396,0.00020310639,0.04230549,0.13444865,0.0807021,0.24104597
35203074,0.0,50.0,10.0,0.0,0.0,2.852154,42.347153,3.934263,1.2810287,1.0042313,0.19577809,0.060497567,0.06478354,0.054349437,0.065379634,0.27362484,0.021582741,0.29191038,0.05026397,0.09542265,0.08612764,0.24490118,0.20364715,0.021024141,0.014804546,0.0011657826,0.21364768,0.13989314,0.0044869995,0.006238161
35204168,0.0,0.0,50.0,0.0,0.0,2.3311205,7.405585,65.25864,1.6331022,1.734888,0.16418478,0.05447945,0.023542052,0.06008215,0.16340935,0.16541874,0.0040987236,0.059932385,0.003912079,0.4816795,0.017461125,0.30004084,0.16781126,0.018322598,0.0007901821,0.048418142,0.1938653,0.06362067,8.744724e-05,0.009665484
35200979,0.0,0.0,0.0,10.0,0.0,3.8567176,1.323036,1.1542828,1.8785126,0.61043215,0.2233236,0.059295386,0.055243053,0.029487368,0.2702287,0.094597444,0.018178826,0.012384304,0.18514965,0.11762063,0.02745494,0.073141195,0.05472908,0.04430608,0.13225763,0.24724688,0.20709112,0.07168272,0.017158262,0.06733575
35200322,115.0,0.0,0.0,0.0,0.0,139.16106,1.8308665,1.4178203,0.88012385,0.86031944,0.21169764,0.26643577,0.1894617,0.25288177,0.19897008,0.043079834,0.0045530107,0.012502053,0.1948532,0.034259368,0.001229525,0.011946876,0.1949442,0.04768377,0.018992132,0.010186383,0.20163718,0.009302601,0.0005096962,0.0007134797
35203452,60.0,25.0,35.0,10.0,50.0,27.36358,21.458652,22.747759,1.7293459,46.06173,0.033964317,0.107240684,0.044815626,0.3029872,0.041233588,0.1519546,0.102261,0.29896188,0.050758008,0.10528971,0.08596058,0.24170883,0.04246215,0.03316903,0.09037819,0.24161375,0.04000569,0.2370627,0.005461943,0.25145954
35202451,210.0,0.0,0.0,0.0,0.0,176.51685,3.7270293,2.8742177,0.65773004,1.1790267,0.13353412,0.28410512,0.20719829,0.3015518,0.17012236,0.08920231,0.021300465,0.060992323,0.16423175,0.083739504,0.022093136,0.060332928,0.16474879,0.06408453,0.054406606,0.058109384,0.20105486,0.051803958,0.0022852225,0.0029685681
35204765,80.0,155.0,95.0,10.0,35.0,79.42485,156.28563,73.17095,2.5970187,20.998236,0.06780947,0.22307217,0.06229794,0.3001705,0.043382462,0.28444067,0.0055154404,0.2527455,0.043903902,0.17020848,0.00890281,0.2512965,0.009797693,0.040703952,0.13198084,0.2907492,0.04242544,0.051942017,0.080922514,0.24084131
35200532,0.0,0.0,0.0,0.0,0.0,4.4930143,1.4746637,1.5493116,1.5370506,0.8134637,0.22362667,0.110253334,0.080592774,0.06753356,0.21711655,0.097585216,0.016858991,0.071916066,0.18631391,0.06773458,0.039850194,0.073376924,0.21196656,0.04026412,0.041407265,0.019732814,0.24067158,0.04209225,0.0168793,0.017044619
35204806,75.0,35.0,20.0,0.0,25.0,65.18074,17.356607,9.417237,0.0,8.5466385,0.08264167,0.36319855,0.07151017,0.30012846,0.004759268,0.1462207,0.08108706,0.30005002,0.0023623237,0.076321974,0.08158478,0.30021262,0.16065642,0.0137795005,0.02100313,0.059634615,0.008956752,0.037919264,0.09613514,0.28816387
35202642,0.0,10.0,0.0,0.0,0.0,0.77967876,5.5820255,0.1217394,1.3527977,0.10296741,0.21482676,0.047804944,0.037520565,0.025223395,0.12440777,0.14020848,0.09570102,0.24956971,0.1863695,0.104679,0.03905946,0.06762244,0.17550385,0.07370058,0.059229285,0.05238402,0.22801307,0.06289205,0.017530488,0.026983619
35200677,0.0,0.0,10.0,0.0,0.0,1.5824803,1.0218861,4.5251265,1.3031679,0.45877275,0.18367402,0.06717241,0.037001878,0.05405388,0.25668216,0.35876718,0.004502209,0.0018500903,0.05210831,0.109419145,0.08892853,0.25187534,0.16947468,0.0146714365,0.021952124,0.04933536,0.21125272,0.08115696,0.004666037,0.0130318105
35202091,0.0,0.0,60.0,20.0,0.0,0.3937943,1.6667273,28.950527,21.912466,0.29169717,0.17961049,0.04245859,0.050097004,0.054238044,0.18166079,0.07748978,0.018416442,0.050984953,0.04334715,0.14342262,0.035176747,0.24351068,0.038599245,0.29089838,0.1853211,0.25072318,0.17077675,0.023302699,0.017786581,0.049275022
35204146,10.0,30.0,130.0,0.0,65.0,7.517805,23.02983,100.93434,11.001918,25.55396,0.008284508,0.031818863,0.09976133,0.2906276,0.0043673106,0.23427992,0.09951,0.29976586,0.010158011,0.41663563,0.0014432587,0.29017884,0.19387987,0.00343265,0.005229383,0.0096582435,0.008738276,0.09578912,0.016431069,0.28875703
35200748,10.0,10.0,0.0,0.0,0.0,6.012967,4.5644197,0.5405437,1.5989132,0.6967659,0.0929624,0.16603383,0.18250646,0.25797796,0.07449779,0.11369452,0.087426044,0.2553568,0.17865825,0.118251346,0.023962116,0.06435189,0.2062,0.044940673,0.021932831,0.0023210812,0.2246563,0.038544342,0.0060886173,0.008867739
35201709,0.0,15.0,0.0,0.0,0.0,4.8473206,7.642276,2.0864313,1.3794972,0.63351536,0.26139614,0.1477762,0.15712251,0.06617247,0.076612264,0.11287496,0.09188775,0.25561017,0.20991594,0.060019575,0.011995823,0.017674379,0.20635042,0.029511256,0.019086163,0.0052995943,0.22199804,0.042191673,0.008733796,0.015312403
35200064,185.0,20.0,30.0,0.0,85.0,167.04381,17.911669,18.855074,0.0,29.894281,0.10640351,0.29614037,0.15335444,0.2903851,0.055350237,0.14815015,0.081844844,0.24143161,0.04370463,0.097968236,0.083244994,0.24198307,0.1959682,0.03605768,0.01618231,0.010891177,0.04639184,0.08856036,0.0025564749,0.24237473
35203034,0.0,95.0,10.0,0.0,10.0,0.8827221,28.491673,5.9934554,0.99454826,4.3607106,0.22788419,0.11929882,0.046295255,0.014121093,0.03174644,0.17933413,0.019566784,0.28908622,0.046221063,0.18126222,0.09206149,0.25267395,0.20119464,0.026397873,0.007135126,0.0032863074,0.006577092,0.1378744,0.101108626,0.29954413
35204283,190.0,15.0,40.0,0.0,30.0,160.80241,9.377044,8.279976,0.0,5.351592,0.1608911,0.3468186,0.19107997,0.28864378,0.008904387,0.1535744,0.09690415,0.29045057,0.03951805,0.063138716,0.08114365,0.24247493,0.16663016,0.016316675,0.01753261,0.050371796,0.039102916,0.030118015,0.08081857,0.24207996
35203105,15.0,15.0,25.0,30.0,0.0,3.4750414,8.060618,4.1554604,4.916844,0.4323675,0.055161096,0.055802267,0.19145685,0.3099283,0.06250023,0.13312152,0.10509847,0.2941211,0.01867264,0.0803161,0.11613749,0.30920124,0.0173291,0.04875187,0.17047372,0.2946298,0.22680084,0.07294232,0.012512827,0.010404706
35200337,140.0,0.0,0.0,0.0,0.0,104.28916,2.6880312,2.6709573,0.85427713,1.3454391,0.11388068,0.36115336,0.08546158,0.25268987,0.1799847,0.20057535,0.0024567563,0.05019186,0.19606741,0.12581168,0.004855921,0.012616586,0.19394533,0.038663402,0.004296906,0.0103166625,0.19447167,0.072695,0.004619361,0.012193411
35203655,0.0,25.0,90.0,0.0,20.0,12.346626,35.712875,46.106255,2.8133378,18.183607,0.19955829,0.020140726,0.0022000407,0.002066347,0.003967659,0.34625563,0.09944302,0.29803318,0.009339592,0.18969864,0.016658038,0.28814304,0.16654506,0.08811414,0.008153922,0.05041212,0.033841595,0.14040345,0.08332014,0.24968135
35204331,0.0,225.0,15.0,10.0,70.0,3.0659509,145.24664,10.218245,0.7249187,77.33687,0.18198921,0.07629563,0.03918102,0.060300246,0.047133826,0.3951238,0.0036651646,0.2502334,0.009356128,0.07658969,0.096683025,0.28872398,0.04003214,0.008964581,0.08116351,0.24049936,0.04148795,0.33789352,0.00032704434,0.24034156
35200112,440.0,10.0,60.0,0.0,10.0,340.56424,5.10058,41.935394,1.559635,5.1035986,0.10427017,0.24240497,0.12685595,0.012759758,0.038522422,0.11127917,0.08447726,0.25210136,0.0014953017,0.2296347,0.017873209,0.30029452,0.16854821,0.036788933,0.020118501,0.048145283,0.0022259094,0.12635885,0.09744889,0.2983439
35204883,115.0,25.0,0.0,10.0,0.0,151.29486,37.861877,24.390842,1.9166684,7.842617,0.054891843,0.359353,0.0041842186,0.24054046,0.009109975,0.22034238,0.09618209,0.28847745,0.16895527,0.16220298,0.01630592,0.04847684,0.008020789,0.028923845,0.09704673,0.28808898,0.19975428,0.005939221,0.00018433502,0.00047916433
35204342,25.0,10.0,0.0,0.0,0.0,32.42822,7.599834,14.323064,1.329166,1.2368976,0.047780648,0.3427785,0.10948032,0.29092446,0.019123243,0.20251551,0.08130541,0.28877228,0.16760342,0.15083215,0.023342269,0.060569555,0.2002015,0.012536239,0.0024840224,0.0008552158,0.20212969,0.052947506,0.000467322,0.00051894336
35203931,185.0,0.0,0.0,0.0,10.0,179.3845,2.7775698,1.6516118,0.78078395,2.9253664,0.17045155,0.320251,0.22737733,0.2906174,0.19800328,0.14311412,0.00027298424,0.011620751,0.19353136,0.057486918,0.0012991987,0.012139541,0.16795339,0.019316658,0.017542891,0.048551045,0.033758655,0.038389828,0.08096605,0.25185874
35200586,0.0,0.0,0.0,10.0,0.0,3.0949278,1.6314001,4.0086255,3.005323,0.84552646,0.18780854,0.0931094,0.030663412,0.055014297,0.20386794,0.1418202,0.024370141,0.05096959,0.18974532,0.20576198,0.034816414,0.061282348,0.038806833,0.08719753,0.12066414,0.25204965,0.20642442,0.053725686,0.0065944777,0.0028528087
35200966,10.0,0.0,0.0,105.0,0.0,2.8461435,0.0,0.8319047,84.29537,0.28697297,0.061315656,0.03972286,0.1737943,0.25173324,0.17658016,0.027106866,0.017335422,0.049123876,0.20410338,0.112540156,0.00329264,0.0024829695,0.045083493,0.15644442,0.292656,0.24027057,0.19478968,0.021561448,0.0040151854,0.010307582
35202502,25.0,0.0,0.0,0.0,0.0,41.142006,1.2242174,1.0958031,1.1131825,0.8437346,0.11735235,0.45842442,0.12624684,0.2424428,0.19282116,0.039783977,0.0040303776,0.012015314,0.16097306,0.15222912,0.020250103,0.060032748,0.16139358,0.011575922,0.019530911,0.058001142,0.19244473,0.010940358,0.0038682339,0.011557423
35201610,10.0,0.0,0.0,10.0,0.0,10.833391,32.330994,6.309514,12.756815,1.2822287,0.04542085,0.04216218,0.11858205,0.25306845,0.2009964,0.10259883,0.0026793461,0.00088456203,0.16609053,0.0578766,0.002244498,0.058389045,0.035466675,0.330428,0.24854347,0.2497379,0.17074525,0.031417474,0.016513597,0.049143303
35204561,0.0,0.0,0.0,0.0,0.0,1.2579141,1.2463605,0.9364487,1.5863334,0.64562166,0.20608002,0.099036776,0.07057035,0.07075272,0.2394277,0.15595232,0.014540589,0.017230973,0.2315403,0.09892123,0.031890944,0.019149348,0.20325057,0.060579367,0.032288585,0.019680649,0.18221352,0.044829294,0.030928046,0.06866441
35200597,0.0,0.0,0.0,10.0,0.0,1.5750209,0.9495819,0.34365997,3.47643,0.35375386,0.22100395,0.03886057,0.06778493,0.018789776,0.21385913,0.08809212,0.028474476,0.065825045,0.2101245,0.13836813,0.01557434,0.01488146,0.051367417,0.09777318,0.18044077,0.24175403,0.18384385,0.085226126,0.025659064,0.057193074
35200716,25.0,0.0,0.0,10.0,0.0,5.7659273,0.7813732,0.45396468,1.7950126,0.29074302,0.076218575,0.046605878,0.17540152,0.26149,0.25362715,0.13273296,0.014426922,0.06433418,0.1862545,0.046177596,0.031107273,0.058327325,0.05064988,0.04134603,0.14395815,0.24313845,0.2461869,0.08264612,0.011904252,0.015372272
35201318,0.0,0.0,0.0,0.0,0.0,3.2177765,1.0951781,1.0475028,1.7973764,0.68822354,0.22073062,0.044028774,0.057912894,0.027899724,0.26093638,0.111505926,0.015071095,0.021411337,0.18208258,0.13843842,0.022897502,0.069851376,0.20664907,0.0536327,0.055014156,0.014287667,0.23153141,0.07197504,0.015081251,0.019226639
35203928,310.0,15.0,0.0,0.0,0.0,311.09033,6.7721653,13.194488,0.7362971,3.2959373,0.115005866,0.2594309,0.104796894,0.0072629135,0.06264791,0.11566021,0.0844543,0.24264653,0.1987218,0.14724705,0.0067786393,0.01504961,0.1716305,0.04303138,0.030843701,0.04969148,0.20244713,0.1250271,0.004906271,0.014302448
35201182,15.0,0.0,35.0,115.0,0.0,5.0816793,0.0,6.6444397,114.027435,0.30705327,0.052254707,0.06860103,0.17087437,0.2913687,0.20424125,0.02032721,0.0012233881,0.0027908348,0.041008186,0.04660829,0.08139525,0.2424727,0.04192298,0.22586942,0.28048912,0.2420887,0.20087892,0.0061717406,0.00031678597,0.00026454532
35204157,10.0,0.0,0.0,0.0,0.0,5.558602,0.67535394,1.1403108,1.3383286,0.5647265,0.1253239,0.12376162,0.25451872,0.3069449,0.200205,0.08241968,0.025127942,0.06290252,0.17945915,0.046016157,0.025080297,0.05241605,0.17654301,0.02679714,0.03412372,0.050391495,0.18717071,0.08285252,0.0056675635,0.054027688
35202106,20.0,10.0,45.0,10.0,10.0,27.674973,11.283999,16.931211,1.6239302,4.54109,0.042834565,0.35318387,0.13713501,0.30049282,0.03695166,0.17418706,0.08441696,0.25222987,0.035196617,0.112571,0.004997055,0.25217623,0.033014666,0.01725211,0.091036625,0.25166562,0.04064066,0.05837308,0.08054615,0.24067171
35200648,0.0,0.0,10.0,10.0,0.0,3.2087328,3.9592934,10.603203,1.7214829,0.3870242,0.17833892,0.09950565,0.021090172,0.062049598,0.18324587,0.19179952,0.0026263695,0.05119539,0.021908749,0.31631908,0.08995216,0.29114443,0.003058467,0.05636052,0.11585397,0.29850876,0.17031294,0.060038134,0.018439298,0.048873875
35202850,0.0,0.0,45.0,0.0,0.0,72.68885,136.7542,54.11149,2.0524628,1.9008086,0.20481467,0.07215817,0.016136158,0.013506862,0.20351388,0.51826197,0.003372105,0.014383231,0.037610225,0.09983587,0.008021273,0.25467584,0.20239335,0.008179478,0.008281504,0.003946638,0.20813586,0.012551049,0.0033763193,0.003409076
35204085,160.0,115.0,275.0,0.0,285.0,156.32019,105.534134,252.65694,0.0,179.13086,0.016851388,0.30143753,0.014368714,0.30002767,0.001737251,0.32523555,0.016220814,0.3000105,0.0039386195,0.41120446,0.018624816,0.3000488,0.1921319,0.0031410202,0.0042007854,0.011927549,0.0017972769,0.1994979,0.019228987,0.05763373
35203978,15.0,15.0,35.0,170.0,10.0,21.005756,22.78656,43.461685,276.64816,15.829779,0.044033438,0.015490264,0.09568148,0.24558336,0.026386963,0.034471333,0.09922731,0.28993258,0.038355116,0.16022903,0.08834518,0.25353205,0.0364683,0.46616623,0.1924101,0.25048974,0.045643307,0.014454717,0.08353995,0.24540567
35201402,0.0,0.0,0.0,0.0,0.0,2.425373,1.1505489,1.1828592,1.9807702,0.3282967,0.27359867,0.11557833,0.12097464,0.02092504,0.24909572,0.13703813,0.009936936,0.006896917,0.18587272,0.04818259,0.028239097,0.058943752,0.20530608,0.04044152,0.032325353,0.01374346,0.23134042,0.046137545,0.0097807115,0.011957684
35203361,0.0,50.0,50.0,0.0,80.0,10.4733095,64.00876,34.52553,0.0,61.674362,0.19594732,0.012135465,0.010054638,0.010851722,0.0375476,0.34686908,0.0036863803,0.25019723,0.00887516,0.13926283,0.0070776376,0.28870368,0.16772012,0.05855011,0.03707109,0.05014474,0.034165815,0.19713716,0.003564902,0.24985664
35202301,10.0,0.0,55.0,20.0,0.0,3.189225,2.938993,111.079544,2.6539364,1.8200521,0.0016702359,0.013481893,0.099979736,0.29812807,0.16117156,0.0810713,0.019906402,0.05995338,0.003339918,0.66191804,0.000706045,0.29803735,0.038776908,0.0046968735,0.081060745,0.24193178,0.16174942,0.033130392,0.0032877852,0.057751507
35201889,0.0,90.0,65.0,0.0,0.0,0.9002438,51.19102,27.698427,0.93911284,0.7639879,0.17917404,0.08273051,0.036769327,0.05162269,0.017846482,0.35463414,0.017543772,0.2910748,0.03889025,0.24025093,0.0053974763,0.25289696,0.20124553,0.011281448,0.004397118,0.0004710161,0.20499639,0.039592788,0.0012420036,0.0017886306
35204599,50.0,50.0,20.0,0.0,0.0,14.120842,6.9333177,2.608657,2.0201097,0.49832836,0.16250595,0.1284749,0.17110576,0.25788334,0.037419315,0.05171762,0.0206115,0.2938733,0.049303085,0.038379893,0.08641983,0.24689043,0.21060687,0.08288093,0.066011846,0.0022437735,0.21151279,0.034739282,0.005427134,0.0055007846
35200006,10.0,25.0,10.0,0.0,60.0,6.6344395,28.044453,12.852888,0.1612575,55.73363,0.02206648,0.072161555,0.11190301,0.29820868,0.019618649,0.2798121,0.096519,0.28830123,0.010101551,0.12807761,0.09702861,0.28844857,0.19922318,0.01224206,0.0037725617,0.0021901175,0.009615828,0.26719314,0.00073543156,0.28856948
35204990,0.0,0.0,0.0,0.0,0.0,4.171117,6.328724,35.116898,1.6497347,3.6030178,0.20708632,0.041367084,0.010905545,0.0038599004,0.19072014,0.20152687,0.0048889383,0.058024943,0.17611676,0.24836594,0.021525297,0.050806016,0.20044933,0.012563238,0.0029649627,0.000801595,0.16269486,0.2207965,0.020937158,0.0601327
35204376,10.0,0.0,40.0,0.0,0.0,8.731753,13.491521,8.215268,20.577532,6.4805956,0.04049896,0.09122652,0.15094015,0.29905078,0.17611125,0.09364733,0.020071518,0.0587364,0.013010843,0.055904236,0.099049255,0.2891123,0.19559278,0.2795772,0.14029105,0.010180671,0.169521,0.03184018,0.017484322,0.04945596
35200003,15.0,45.0,0.0,0.0,45.0,3.180757,31.533909,11.772443,3.4231553,45.834663,0.012384739,0.030397223,0.11997071,0.30221435,0.02314283,0.20604977,0.021295166,0.2988669,0.16603096,0.15022646,0.02397486,0.061962865,0.163546,0.015964389,0.03493629,0.0589617,0.045903288,0.29622206,0.0028277421,0.24219435
35200538,20.0,225.0,115.0,15.0,50.0,26.396881,183.5439,115.62562,2.2797127,15.12216,0.025167448,0.19894722,0.09795086,0.29059428,0.041520525,0.3906898,0.0006310525,0.25004724,0.043617103,0.28232262,0.003106371,0.24256186,0.038816072,0.010781308,0.080873884,0.24207602,0.03904186,0.061237298,0.0009358165,0.24247095
35202547,25.0,15.0,255.0,0.0,0.0,12.5624075,18.435095,173.77795,0.5449674,2.6909404,0.04088775,0.051936984,0.08084589,0.24044241,0.0036717094,0.2958731,0.10000335,0.2996344,0.05056035,0.39955202,0.0450193,0.29779908,0.19333686,0.021589607,0.0016490574,0.010106657,0.16690235,0.09269954,0.016735079,0.04994976
35200261,75.0,0.0,10.0,0.0,0.0,117.27448,18.602652,6.8582954,0.63296556,3.1138158,0.12826045,0.43530306,0.063945614,0.25208306,0.16983652,0.11288512,0.0007444106,0.050051894,0.0021528923,0.043930467,0.09940789,0.29775473,0.16802122,0.0054176045,0.016273905,0.048103534,0.16835077,0.07252988,7.0844806e-05,0.04807308
35202218,0.0,0.0,25.0,105.0,0.0,2.1228335,2.9673758,15.886422,77.47027,1.7138972,0.19016501,0.064700164,0.08424422,0.005332033,0.17476417,0.040367547,0.01815602,0.051278114,0.00580676,0.15165946,0.087239645,0.30034366,0.040821057,0.17651816,0.21925126,0.24984431,0.16159207,0.041353207,0.020514052,0.060038663
35203030,0.0,0.0,25.0,0.0,25.0,1.7234366,41.585674,23.44728,0.0,13.958256,0.17763999,0.09915768,0.0165251,0.050408546,0.19335657,0.18096077,0.021815501,0.058586325,0.04490114,0.18237685,0.09024583,0.25103056,0.16329348,0.05297967,0.047393918,0.05804577,0.044791285,0.1602405,0.08403294,0.24170962
35200902,95.0,20.0,15.0,0.0,0.0,47.377758,20.398153,13.95908,0.8471411,1.751429,0.015757369,0.26712814,0.025215862,0.29820108,0.004287775,0.25978112,0.096277416,0.29775673,0.03445007,0.21097282,0.08501539,0.25212908,0.2000464,0.003963884,0.00050277694,0.00017583981,0.20045997,0.039098762,0.00010353889,0.00010964792
35200678,0.0,0.0,0.0,0.0,0.0,9.425808,2.398617,1.9275923,1.487674,0.92149067,0.26933044,0.20591943,0.12068479,0.06455009,0.23680924,0.15817952,0.004303629,0.0063811867,0.21182677,0.051341884,0.0065727984,0.0057222033,0.19797252,0.034299087,0.014830494,0.011843178,0.18950541,0.03221039,0.019790282,0.054827206
35201023,15.0,0.0,0.0,30.0,0.0,22.637297,3.3421197,1.8096346,6.913443,1.0469979,0.14399695,0.39208114,0.1359329,0.2510532,0.20189302,0.09244582,0.0049091736,0.010209544,0.19857526,0.056849368,0.0070715556,0.012297452,0.007841654,0.042496257,0.10471177,0.2904349,0.20161131,0.013135187,0.0013520343,0.00061060727
35203094,10.0,65.0,25.0,10.0,10.0,3.6801353,84.99839,14.122007,1.0525694,5.8956094,0.012420387,0.015755856,0.1149289,0.29037136,0.041197382,0.41188568,0.0034972737,0.24982664,0.041360572,0.11235154,0.0807416,0.24050333,0.009018729,0.03207903,0.13856837,0.28805518,0.039062377,0.13231763,0.080836214,0.24207395
35200432,0.0,10.0,0.0,0.0,0.0,15.53065,8.753189,8.473153,5.120471,16.049728,0.21115181,0.21484885,0.05866649,0.051236942,0.056835968,0.12700526,0.084663995,0.24343562,0.2075019,0.22091192,0.010273916,0.0136232115,0.193578,0.023582563,0.0073926877,0.012666311,0.20266375,0.06570269,0.0021147889,0.0033263448
35201069,0.0,0.0,10.0,10.0,0.0,3.5241659,1.2828588,1.8796614,3.4118915,0.39073652,0.2589622,0.12570895,0.16860908,0.056847677,0.23227659,0.082259655,0.005126945,0.004332438,0.043831795,0.029835403,0.085627206,0.25639683,0.015344331,0.10867447,0.16442406,0.29167426,0.21647863,0.026301214,0.008592604,0.015293422
35202120,0.0,0.0,180.0,10.0,0.0,2.4431982,20.34719,255.02306,1.7276529,2.832224,0.2017329,0.05727706,0.014497213,0.014172525,0.21027482,0.25002003,0.0030029991,0.003461782,0.08842167,0.41856316,0.044526935,0.2439697,0.040677402,0.016652044,0.0864804,0.2439483,0.1965357,0.0653247,0.0062264632,0.013739818
35200183,115.0,30.0,15.0,10.0,20.0,134.92877,4.686414,3.0042238,0.83688724,2.4266973,0.21549635,0.29436228,0.15130274,0.24380456,0.043399114,0.034799937,0.085709505,0.25317425,0.042203877,0.041088812,0.08314864,0.24298635,0.01032448,0.028945912,0.11648933,0.28835586,0.036863957,0.019933954,0.085141174,0.25144827
35200490,0.0,10.0,0.0,0.0,0.0,1.217515,4.386103,1.6601343,1.2977985,0.36288363,0.19363473,0.035822224,0.07111244,0.060832247,0.09771341,0.082908444,0.091522776,0.25930098,0.21622057,0.11063332,0.02171091,0.016133424,0.1794517,0.11934431,0.11073108,0.050668687,0.21980934,0.0788532,0.011451809,0.008525666
35201491,10.0,10.0,0.0,0.0,0.0,5.752077,2.7657864,1.07748,1.2015048,0.68527573,0.08594963,0.16006468,0.15295799,0.25128093,0.069876306,0.057230864,0.08675671,0.24681428,0.21249591,0.12178517,0.013610749,0.016498532,0.20875281,0.13634165,0.049226362,0.004264968,0.2116079,0.030709779,0.005675026,0.0061327154
35204525,10.0,0.0,0.0,30.0,0.0,4.2087693,0.0,0.887359,12.133554,0.5476699,0.074159145,0.10129316,0.19648182,0.24725157,0.19581057,0.05177878,0.020994006,0.052517276,0.21075158,0.07606444,0.009168685,0.0059282715,0.04776536,0.118895486,0.22527184,0.25146893,0.20737243,0.054412767,0.0063672615,0.0065632463
35201444,55.0,10.0,0.0,85.0,0.0,42.357693,3.275491,1.8126222,41.363544,1.0865887,0.14384061,0.14376833,0.19017512,0.29871917,0.046937816,0.0410545,0.08064654,0.24081618,0.16984999,0.0354391,0.016772972,0.04877125,0.010046176,0.14945647,0.08580902,0.28859523,0.20167218,0.010800752,0.00054880715,0.0005135232
35202933,10.0,0.0,10.0,0.0,0.0,3.2775738,0.3432944,2.4889624,1.5836914,0.8436222,0.05535971,0.07131076,0.17583768,0.31948814,0.2917086,0.08467364,0.023216628,0.023204576,0.06835596,0.047330767,0.10987894,0.26377803,0.20939116,0.036484182,0.038984597,0.017067108,0.24221721,0.052768525,0.017598273,0.031695563
35200134,195.0,10.0,50.0,0.0,35.0,260.78223,4.168461,15.371504,0.0,12.392553,0.13837023,0.3303292,0.21076292,0.30083367,0.011987135,0.10247426,0.09718479,0.29063487,0.0085419435,0.086304575,0.0020530764,0.2907821,0.16721943,0.031398702,0.020813795,0.050511602,0.008967922,0.06561519,0.096650995,0.2884783
35203102,10.0,0.0,25.0,15.0,0.0,3.6695886,0.2671237,8.179361,11.168965,0.51288325,0.05245018,0.057487696,0.12934974,0.258221,0.22653913,0.0917542,0.0042008655,0.013531265,0.017726872,0.13754821,0.106685735,0.30084044,0.007410916,0.18347603,0.20558996,0.30066544,0.19928934,0.061770335,0.008425189,0.013162004
35202820,40.0,0.0,10.0,0.0,0.0,87.53186,58.148224,7.7621236,3.094216,3.0292275,0.0584025,0.56833804,0.08564349,0.24270178,0.20075303,0.15513726,0.00067509897,0.0028767288,0.007679703,0.032453336,0.081612185,0.290936,0.20047969,0.0034007432,0.0016589044,0.00078986154,0.20163208,0.002784715,0.0006755543,0.0006820763
35203986,35.0,75.0,50.0,0.0,15.0,24.901129,135.83719,38.44208,5.6654153,10.150425,0.0033775081,0.092971146,0.08287459,0.30000556,0.00035492174,0.5824485,0.0032441658,0.3000021,0.00082172424,0.17018753,0.0037294563,0.30000976,0.1984264,0.0006361901,0.0008401573,0.0023855104,0.0003594782,0.041805927,0.0838458,0.25152674
35200358,150.0,0.0,10.0,0.0,15.0,159.89087,1.6159174,2.7218635,0.0,1.3965719,0.1474024,0.42354086,0.16439866,0.28917712,0.16620699,0.048995316,0.019877857,0.05799901,0.0080772,0.06095487,0.09778236,0.2907312,0.16736329,0.10520515,0.038859732,0.050109714,0.009272539,0.013373835,0.09673664,0.2891046
35200180,115.0,25.0,10.0,0.0,15.0,123.099495,6.6074862,1.8930011,0.0,2.1149845,0.2148591,0.2730321,0.183278,0.24423566,0.050641008,0.061544195,0.08200912,0.24139082,0.037426922,0.02888418,0.08571975,0.25180736,0.20111309,0.016371433,0.006734701,0.0027565218,0.046396784,0.01667914,0.081976205,0.242407
35202898,10.0,0.0,15.0,0.0,0.0,2.7171953,0.2951064,4.36267,1.8731756,0.53666484,0.059414085,0.05116458,0.1222002,0.2519483,0.27814138,0.15508655,0.012415207,0.05545422,0.026137255,0.08135373,0.09427449,0.3025009,0.2005459,0.06466191,0.049934223,0.011876637,0.19598542,0.0966873,0.009134078,0.06296759
35203876,65.0,10.0,0.0,0.0,10.0,21.835245,9.145729,1.2080433,0.0,4.3043404,0.032101575,0.07268103,0.076413445,0.30074933,0.06232389,0.27299964,0.085010596,0.25230798,0.16333315,0.18031865,0.001706245,0.06030432,0.16846645,0.018382024,0.022980291,0.048648413,0.039310955,0.11045904,0.08255387,0.25329903
35200028,10.0,65.0,160.0,0.0,125.0,5.2326093,54.598724,169.00415,0.0,63.804653,0.035904184,0.032770507,0.087404035,0.25032973,0.004680021,0.26549575,0.0035171502,0.2982155,0.009018292,0.50222874,0.0015508406,0.2905831,0.2002496,0.002609779,0.0008805111,9.459695e-05,0.04100984,0.1396165,0.00025200046,0.24035868
35204769,25.0,75.0,90.0,0.0,140.0,9.498136,56.392933,42.077763,12.235901,168.64189,0.03296345,0.041871347,0.11476344,0.29168198,0.015937112,0.23640336,0.004270035,0.29879814,0.012797021,0.17699687,0.018334078,0.28942522,0.20214513,0.022428958,0.013427768,0.00045904834,0.042492334,0.3751146,0.0012318564,0.24115999
35202666,90.0,40.0,25.0,0.0,0.0,44.161194,73.13558,19.776443,4.355865,5.6734066,0.004536741,0.09236948,0.022402132,0.2996418,0.003968115,0.5447564,0.09930391,0.29766026,0.0021241899,0.09568273,0.09941787,0.29768986,0.19984464,0.0025149167,0.0007545248,0.00043805598,0.16192406,0.05626698,0.00014720751,0.057713963
35201856,10.0,155.0,15.0,0.0,15.0,4.371089,223.82396,10.274162,11.171634,17.309198,0.041978944,0.026691973,0.08274555,0.24087122,0.049653508,0.46360216,0.001106692,0.25162002,0.03648858,0.1610041,0.08451455,0.2501947,0.20010898,0.005733903,0.0007288561,0.00016633066,0.032804377,0.272941,0.08427768,0.2520738
35204192,0.0,0.0,0.0,0.0,0.0,1.1778601,2.582963,7.11401,0.86152065,2.2392702,0.21747957,0.10288735,0.10196988,0.06586201,0.24488038,0.13548164,0.008882685,0.017208789,0.17462617,0.05902615,0.025005735,0.060802326,0.2048928,0.12147874,0.060408726,0.0038460016,0.21575093,0.052614897,0.007977672,0.015178248
35204607,30.0,55.0,20.0,0.0,0.0,24.534897,96.91979,16.876265,1.8250477,5.8661733,0.0025200236,0.09556213,0.103998944,0.30044287,0.0046330667,0.55600303,0.0042590387,0.2997734,0.033230573,0.06504517,0.08479638,0.2523926,0.19270921,0.003203205,0.006987259,0.011792342,0.16918075,0.059880227,0.0005655553,0.048438877
35201315,0.0,0.0,0.0,0.0,0.0,1.7851294,0.85843194,1.1833851,1.4068674,0.6748114,0.18928866,0.0784927,0.051067844,0.07734649,0.22636391,0.16740292,0.027858151,0.060688116,0.21248782,0.12844542,0.03141057,0.06450334,0.17832258,0.02851557,0.035102837,0.060863752,0.20463364,0.054904267,0.015104865,0.06387451
35204622,15.0,0.0,0.0,0.0,0.0,17.28086,16.257246,38.43064,1.3086641,0.8396257,0.009344027,0.14079295,0.09656902,0.288102,0.16141641,0.17294781,0.020024518,0.05992898,0.17221172,0.4530471,0.009683011,0.059575092,0.1986717,0.0056993267,0.0003342367,0.0020257237,0.19340736,0.034714215,0.003351527,0.009992434
35204244,0.0,0.0,20.0,0.0,35.0,3.832295,3.2979195,4.1369433,0.0,11.378573,0.2439616,0.14646466,0.11359051,0.05681594,0.23532197,0.08342263,0.00634177,0.013663154,0.015355439,0.04421315,0.110423006,0.3061017,0.20474537,0.057426676,0.0659719,0.011819437,0.050399378,0.08309263,0.08916265,0.2583459
35204326,140.0,10.0,10.0,0.0,0.0,230.08575,11.279287,6.1693926,0.8177651,2.05706,0.13274075,0.4812312,0.058534183,0.24107838,0.035816897,0.16431688,0.083645485,0.25026074,0.0016500126,0.055208657,0.097552136,0.3000828,0.16818777,0.0404702,0.043894257,0.049978394,0.19245563,0.015555127,0.004120054,0.012018439
35204156,30.0,15.0,10.0,35.0,0.0,8.777231,3.9485207,2.9513774,41.947273,0.5597114,0.051587164,0.046664994,0.1456297,0.25100097,0.045102485,0.053338356,0.084810324,0.25218388,0.011883203,0.06775649,0.099686794,0.29049212,0.03579359,0.3061841,0.2524316,0.2516889,0.1699155,0.041742697,0.017277133,0.04872854
35200444,20.0,0.0,30.0,0.0,0.0,9.389009,3.002827,11.019479,1.617857,1.2482461,0.056018975,0.11348617,0.17383996,0.3100628,0.20898709,0.10545641,0.031737328,0.06556042,0.029548235,0.08056765,0.11453082,0.30149505,0.21430537,0.042305823,0.050300997,0.004874776,0.22484855,0.06425751,0.013604136,0.012498769
35201902,0.0,0.0,0.0,0.0,0.0,6.0164866,9.556829,89.06814,7.6661797,2.752912,0.21430002,0.07735444,0.024516705,0.012952629,0.20828722,0.0593073,0.0009102391,0.0012801734,0.20579365,0.5581469,0.002464483,0.0011593952,0.19962437,0.023690764,0.0030941372,0.002376804,0.19791588,0.011269052,0.0039681387,0.010967882
35201711,30.0,15.0,0.0,0.0,20.0,44.552322,9.841058,2.370101,0.0,3.7505512,0.060737245,0.4342919,0.13145034,0.29041708,0.044098537,0.14369929,0.08120818,0.2420944,0.20207706,0.07355508,0.0019011587,0.0025691693,0.16166888,0.012891244,0.021091068,0.05815385,0.041151084,0.030262422,0.08035662,0.24022722
35202020,0.0,0.0,40.0,0.0,0.0,2.1163964,1.3655081,65.57929,0.9143792,0.5677444,0.16321932,0.056585867,0.02390083,0.058130167,0.169242,0.12421217,0.0007720818,0.049971495,0.011724569,0.526798,0.097687155,0.2881328,0.16182508,0.01585425,0.027823549,0.057619024,0.16784085,0.04942826,0.016184064,0.04841896
35203850,0.0,10.0,0.0,0.0,35.0,36.956554,6.3436112,12.092593,0.0,14.105904,0.24010704,0.12967572,0.07672727,0.01487498,0.039212342,0.13013704,0.100222476,0.2909515,0.21380621,0.11439352,0.008462947,0.005868464,0.20404802,0.09033811,0.036705736,0.0040140944,0.05004955,0.0811435,0.08599458,0.24550366
35203807,100.0,15.0,10.0,0.0,0.0,71.35228,6.259231,2.9230847,1.1903276,1.259749,0.2183536,0.18675023,0.22031625,0.25161475,0.049428128,0.07212153,0.08116725,0.2409507,0.0096537415,0.0321038,0.0974861,0.29141235,0.16341196,0.042127293,0.03437246,0.058404434,0.20391634,0.020625705,0.0019089446,0.0031940609
35201560,0.0,10.0,10.0,0.0,0.0,1.3569105,5.3902345,2.4413762,1.4160051,0.44121316,0.2553237,0.07054916,0.1139839,0.010677658,0.10220811,0.13193513,0.08732113,0.24613355,0.031170385,0.10759825,0.09954666,0.29604065,0.17845081,0.041937638,0.070660986,0.05147897,0.2304629,0.054460842,0.0113547705,0.012606002
35203493,10.0,0.0,155.0,0.0,0.0,6.542407,32.866165,66.21507,3.2967622,38.441986,0.04704701,0.09831046,0.1147184,0.2894613,0.1820718,0.20478374,0.018385159,0.0511863,0.035601273,0.3135828,0.04183317,0.28992414,0.16269211,0.031615674,0.025008904,0.058029372,0.16901766,0.15092076,0.018648548,0.05095729
35203684,0.0,25.0,15.0,0.0,20.0,28.44183,27.562365,6.7429204,5.3277917,19.72346,0.19909963,0.017179638,0.015000347,0.012238739,0.025767565,0.31927982,0.098353855,0.29186818,0.04384893,0.09378168,0.084457584,0.24324003,0.19590376,0.026978279,0.02257663,0.010137661,0.044114053,0.25929868,0.08240038,0.24175091
35200294,45.0,20.0,15.0,0.0,0.0,70.50914,15.212308,9.01373,1.0567012,3.4541955,0.07534405,0.46879697,0.059494518,0.29027373,0.014596277,0.0997157,0.09736509,0.2893686,0.04292678,0.043652527,0.08281236,0.24331446,0.20176847,0.029302644,0.0098701995,0.0008585955,0.20244819,0.01131786,0.001144555,0.0012350674
35200475,0.0,0.0,65.0,10.0,0.0,3.4807346,4.4252014,79.87475,1.8378929,1.7078351,0.17513648,0.05643619,0.03961564,0.049469303,0.20029819,0.11322842,0.0042522433,0.0105066225,0.048793506,0.46017346,0.0050597014,0.24122046,0.00956156,0.027700244,0.12507893,0.2902976,0.20150207,0.051130105,0.0012875326,0.0013151618
35201590,0.0,0.0,15.0,50.0,0.0,3.4905038,35.375057,9.633371,22.91282,2.3348162,0.19958434,0.062394336,0.07397051,0.06498051,0.19895267,0.10081672,0.021255737,0.050013192,0.051788017,0.15392862,0.093780085,0.2513225,0.0072772047,0.13141924,0.09024386,0.29862753,0.20556132,0.057611044,0.0049910257,0.002328354
35200999,15.0,0.0,0.0,35.0,0.0,3.837024,0.0,2.7657013,62.03486,0.7520473,0.012028477,0.020672321,0.12164825,0.30395573,0.21890166,0.019358689,0.004650731,0.004649246,0.17389743,0.037940063,0.0221004,0.052757986,0.04205445,0.52106935,0.16721457,0.24341401,0.20845306,0.011434838,0.0035265416,0.0063422946
35200099,130.0,0.0,15.0,0.0,20.0,110.84435,1.0549659,2.3156939,0.0,1.8896149,0.19200411,0.31371227,0.21223877,0.300227,0.16320986,0.040011637,0.019457314,0.05813738,0.0019384174,0.03494387,0.080471754,0.29817367,0.19352059,0.019370075,0.0047092256,0.010110141,0.0019117037,0.018771656,0.09935263,0.29771096
35202417,10.0,0.0,10.0,0.0,0.0,10.02076,1.2518475,3.831617,1.1045383,0.89191175,0.0749712,0.28280565,0.18378626,0.29628888,0.21659307,0.03739737,0.003136435,0.004230302,0.011740421,0.096777685,0.105788425,0.30180562,0.16607271,0.09226066,0.05835305,0.060978558,0.20388763,0.03173415,0.0028206105,0.00379631
35200740,0.0,0.0,0.0,0.0,0.0,3.0943325,1.1187842,0.9450797,1.7694042,0.786973,0.22372985,0.1858342,0.10766699,0.06015151,0.2503099,0.09282051,0.010638906,0.008427569,0.17932522,0.03401919,0.028344173,0.066835105,0.2144605,0.06610665,0.057178084,0.0036965925,0.22749679,0.028615814,0.00985472,0.012350304
35200205,185.0,0.0,10.0,0.0,30.0,157.66446,2.0378845,2.9866333,0.0,3.6681461,0.16014354,0.3087444,0.22645697,0.30015457,0.16193458,0.1777222,0.0007235941,0.06004352,0.00068426825,0.068746895,0.08097974,0.30006525,0.19986357,0.018032013,0.0010673578,0.0005135481,0.000404393,0.030427884,0.096893445,0.290369
35203202,15.0,0.0,10.0,10.0,0.0,21.279852,0.9683868,1.7033361,2.1852844,0.58839554,0.14569822,0.34465167,0.21575412,0.29854745,0.19999367,0.08840692,0.004472414,0.011951289,0.004632091,0.040580753,0.10077372,0.29866996,0.03425655,0.042582225,0.09006493,0.25027737,0.16455002,0.015132567,0.01981057,0.05822744
35204370,10.0,90.0,80.0,0.0,60.0,16.90435,166.42621,26.791996,0.0,11.085643,0.042979006,0.07067673,0.116657734,0.28884715,0.010151055,0.59021544,0.016401839,0.28827816,0.0075026006,0.044372436,0.017145481,0.29036152,0.20022263,0.0032844443,0.0013469426,0.00055130525,0.009279548,0.010701997,0.01639527,0.2884814
35202484,80.0,0.0,0.0,0.0,0.0,62.545338,4.0969996,2.7750294,1.2303561,1.4548984,0.16076316,0.14578429,0.21340325,0.29087412,0.21970555,0.10591577,0.0028097278,0.011301619,0.16692849,0.053418748,0.019724969,0.060829815,0.20069392,0.03257653,0.011947926,0.0025575303,0.20039196,0.041615494,0.0022850055,0.012848906
35202351,10.0,0.0,10.0,0.0,0.0,5.5004215,0.33853325,2.7696264,1.6524366,0.65925336,0.06309377,0.14088999,0.17971465,0.3067795,0.22388205,0.14404304,0.024916824,0.05529265,0.052559674,0.06254353,0.08855729,0.2581063,0.20169559,0.051012933,0.03184235,0.012445001,0.19607432,0.04343889,0.02402231,0.05995948
35201361,10.0,20.0,0.0,0.0,0.0,2.7058742,29.050905,1.967711,1.5500842,0.8063924,0.009115202,0.05611493,0.09907944,0.29023606,0.009210101,0.44865313,0.08094351,0.2996759,0.16519187,0.22435643,0.0011039986,0.058210522,0.20008047,0.0022922044,0.00028371467,5.957909e-05,0.16891713,0.07942974,0.00023543349,0.0481646
35204095,0.0,0.0,10.0,145.0,0.0,0.022541538,8.954011,2.3660522,194.29485,0.010095529,0.17743863,0.019869497,0.08701026,0.058771405,0.16575925,0.0516744,0.0009832134,0.05987591,0.0032132424,0.07185799,0.0840499,0.29791722,0.042930372,0.31376946,0.35607228,0.24011458,0.16877906,0.07786667,0.00032430963,0.048262738
35201955,0.0,10.0,0.0,35.0,10.0,1.0848832,9.909966,3.0395172,4.4761662,5.956861,0.1659098,0.046001084,0.014432965,0.060542587,0.018681996,0.2966981,0.10039174,0.29966986,0.16339846,0.19084176,0.021058317,0.05968575,0.04035079,0.02917989,0.0984364,0.24016167,0.03369645,0.17580472,0.08106627,0.25182304
35201738,0.0,10.0,20.0,20.0,0.0,6.333693,8.090038,3.655219,4.1758227,0.7049136,0.23840956,0.26046178,0.094615445,0.05108681,0.029812662,0.17478067,0.08265025,0.29157534,0.015962638,0.064642966,0.10002679,0.2915937,0.04283697,0.03308002,0.089155875,0.2409514,0.1750181,0.08024878,0.018510481,0.052441247
35204524,15.0,10.0,10.0,15.0,0.0,2.806035,3.186866,1.776602,5.797916,0.29617077,0.08053127,0.05700785,0.188351,0.26102003,0.09204945,0.07793923,0.08833587,0.2487482,0.047774456,0.050905045,0.09724797,0.2574013,0.0532943,0.110030085,0.20897596,0.24247262,0.21758926,0.05962105,0.00957402,0.010383278
35204613,0.0,10.0,10.0,0.0,0.0,70.571846,29.747925,6.5612307,2.0405474,1.6474038,0.16104034,0.14481224,0.020932484,0.06008916,0.0011434593,0.55540276,0.08085335,0.29995483,0.0069193537,0.078272134,0.09698628,0.2904793,0.19854203,0.00079594925,0.00139762,0.0023588305,0.19384816,0.015452289,0.00011402823,0.009688371
35201707,0.0,0.0,10.0,0.0,0.0,5.0856504,1.6177537,4.713649,1.3546386,0.93649995,0.23728308,0.1653738,0.06704982,0.023379775,0.2531072,0.11558178,0.01304567,0.015852498,0.06065886,0.09205997,0.09409808,0.25687277,0.2012865,0.051288176,0.024824966,0.0143220145,0.21588643,0.063532874,0.0075702365,0.018261213
35201177,0.0,0.0,0.0,85.0,0.0,1.4084035,3.157485,4.2923603,56.148697,1.3042144,0.18740474,0.05249525,0.106062636,0.060583673,0.20436823,0.053540573,0.005665186,0.013550367,0.19946006,0.15148678,0.0051351683,0.012603098,0.048673823,0.124979444,0.24146192,0.24082506,0.20147175,0.023362119,0.0023455806,0.0028924155
35203441,15.0,0.0,25.0,0.0,30.0,5.7617903,16.944725,11.299833,1.5068805,24.128704,0.054136984,0.060052346,0.11359655,0.25219366,0.23051144,0.30935988,0.0018800588,0.0028806073,0.0062154136,0.066730194,0.10346138,0.30148724,0.20130183,0.018999077,0.017193895,0.0024694544,0.012642099,0.21263492,0.09911431,0.29246664
35203542,10.0,0.0,170.0,0.0,0.0,5.795212,1.6821086,137.5954,0.7876622,1.741433,0.027145635,0.13161764,0.09233438,0.28825992,0.17047541,0.23456633,0.016888196,0.05007901,0.043309387,0.42401043,0.058574013,0.30025482,0.19368966,0.015512288,0.008846045,0.010017621,0.19862527,0.058235966,0.0009007688,0.0024168966
35204197,140.0,0.0,30.0,0.0,0.0,80.79017,8.854538,13.025695,0.6037533,0.67571515,0.021295648,0.2656807,0.044019047,0.29042006,0.17581967,0.3475101,0.017192014,0.050481427,0.0053009447,0.09959402,0.10125892,0.2982655,0.16725636,0.067594744,0.05084564,0.05041988,0.19489765,0.08292399,0.003968187,0.010035293
35204697,10.0,30.0,45.0,0.0,0.0,2.492017,10.142681,77.57914,0.74101806,0.7013638,0.011238054,0.039079465,0.114786446,0.3020142,0.04209844,0.06991239,0.08635052,0.2531122,0.006755091,0.5774534,0.023158735,0.3003,0.20286146,0.009465394,0.010061495,0.0009750983,0.20497093,0.023843087,0.0027211874,0.002499828
35204396,0.0,0.0,55.0,70.0,0.0,2.4897623,5.0467954,44.60461,68.06802,1.5497186,0.20702152,0.04131083,0.026600406,0.0037300084,0.20867749,0.06779536,0.0009899072,0.00055680046,0.047779363,0.24309537,0.003262781,0.24044389,0.041772634,0.28686026,0.07459961,0.24058981,0.20033203,0.024486529,0.0014609692,0.0025105935
35200217,115.0,0.0,55.0,0.0,0.0,131.39435,1.6290116,6.985117,1.2170558,1.0069906,0.12443117,0.4392703,0.112542264,0.2981426,0.16968063,0.069769666,0.016267316,0.048431054,0.04089725,0.041271307,0.0005228744,0.24054578,0.19239226,0.012398189,0.0044742436,0.011643936,0.16836193,0.015569966,0.016096698,0.04807093
35201594,0.0,0.0,25.0,10.0,15.0,2.0235243,4.9916186,10.3355875,12.241165,2.016107,0.20356508,0.03964325,0.03955625,0.013269483,0.2026579,0.044576004,0.00083580974,0.01077899,0.0070535815,0.16203086,0.10259125,0.29812643,0.035556253,0.32624367,0.2148037,0.25168908,0.03464661,0.021120565,0.084109575,0.25021985
35204170,10.0,0.0,10.0,0.0,0.0,4.0989733,0.8970553,3.4552515,1.4234368,0.7737576,0.079305306,0.08346605,0.15837395,0.2515168,0.20188986,0.05940655,0.02398106,0.062447727,0.05593519,0.07563284,0.09173356,0.24432042,0.21376766,0.19457097,0.102536626,0.0018623364,0.17785232,0.0383882,0.021593362,0.05386664
35200371,50.0,0.0,0.0,0.0,10.0,95.90338,2.5262141,3.0993562,0.0,1.2768868,0.08085477,0.58228505,0.05748752,0.29033142,0.17007035,0.03583781,0.016238745,0.04819172,0.16225506,0.024771044,0.019537317,0.05828757,0.19269039,0.011459076,0.0068942537,0.011683455,0.040807396,0.005156214,0.08038366,0.24064119
35201818,0.0,10.0,10.0,0.0,15.0,1.3287656,3.7838378,11.074749,0.0,3.8383262,0.21281637,0.028806569,0.027546598,0.0032656956,0.035694238,0.1048002,0.09853659,0.2895507,0.014841186,0.34760603,0.10508031,0.29950616,0.19664937,0.121065594,0.035096325,0.0104103,0.046829063,0.056283757,0.08357362,0.2428217
35201579,0.0,0.0,140.0,15.0,0.0,12.307001,49.66643,97.44048,2.459443,2.839554,0.17094687,0.078685775,0.023832235,0.057985213,0.20023897,0.28365272,0.0038565006,0.010272303,0.03221954,0.45045584,0.02514723,0.2982854,0.032596555,0.015455054,0.085065104,0.25165758,0.19400221,0.08229366,0.0038765084,0.010233977
35203391,35.0,30.0,10.0,15.0,50.0,11.199405,31.418953,19.294449,2.5049376,50.921173,0.039871953,0.008756247,0.08305892,0.24246155,0.007240268,0.22572082,0.09969138,0.29837447,0.009399427,0.2685444,0.09703851,0.28865278,0.039181974,0.005989221,0.08453451,0.24202824,0.008843167,0.271218,0.016497178,0.28835234
35202906,55.0,0.0,10.0,0.0,0.0,52.756405,3.97248,1.3313228,1.5527667,0.61186445,0.1334574,0.22696754,0.16576824,0.29957783,0.17318462,0.07190528,0.020262418,0.05863344,0.011702479,0.032070424,0.097991854,0.28956753,0.20303908,0.10353873,0.021885298,0.00059327326,0.20446469,0.015885215,0.0011855747,0.0014403915
35202154,30.0,15.0,200.0,0.0,10.0,8.100259,9.003333,96.22933,1.011146,3.6619143,0.04864952,0.063367,0.10196507,0.25241253,0.05974751,0.14851737,0.08525017,0.24495491,0.07887282,0.36279768,0.08427822,0.29474458,0.16514124,0.048590876,0.03019017,0.061312344,0.045602825,0.076892495,0.08635248,0.24277303
35202346,10.0,35.0,60.0,0.0,0.0,8.479546,48.02432,51.081528,0.94937855,2.9564915,0.039987657,0.06544744,0.09481626,0.25299639,0.039904296,0.39425603,0.084251694,0.25000268,0.010759166,0.23234227,0.018823814,0.29026526,0.1614555,0.026469002,0.018048842,0.059725583,0.2011137,0.022039484,0.0009986428,0.00046579033
35203370,0.0,125.0,50.0,0.0,50.0,15.385423,99.538216,51.49745,2.4420915,60.305424,0.16245583,0.009360428,0.0243563,0.0607984,0.049421627,0.22664021,0.0009412817,0.24093026,0.035147846,0.16454607,0.004462698,0.25055295,0.16841137,0.10451779,0.03344774,0.048683006,0.041712146,0.2508496,0.00070914155,0.24126934
35204985,0.0,0.0,0.0,0.0,0.0,88.68536,862.55615,221.66544,11.287666,363.72296,0.19843115,0.06296585,0.04255396,0.060047626,0.80085117,0.025380678,0.003906282,0.011627657,0.16051912,0.0074059293,0.01611539,0.05963476,0.1987043,0.0038745312,0.00094486587,0.0020220338,0.17230733,0.005288421,0.01987067,0.059544887
35200664,0.0,0.0,0.0,0.0,10.0,2.2190897,0.2835582,0.33895344,0.49046695,2.5226707,0.23246369,0.11411999,0.12831067,0.07269755,0.26473853,0.07587239,0.011516458,0.010563814,0.17818044,0.042601272,0.035240125,0.070877075,0.20889093,0.054212116,0.051209483,0.017261945,0.0894741,0.04400232,0.09110977,0.2537024
35202775,0.0,0.0,0.0,0.0,0.0,0.69496155,0.26720777,0.33231002,1.9441725,0.4039615,0.2422451,0.08480595,0.090048075,0.027365789,0.29288355,0.089814626,0.016241597,0.01128197,0.21787289,0.036605455,0.023647204,0.023532186,0.21543351,0.052988376,0.05566151,0.0053023207,0.25120297,0.04315467,0.0138065135,0.019678311
35203283,0.0,0.0,35.0,0.0,20.0,3.860906,3.7503955,17.632572,1.234122,21.955872,0.19266255,0.07854794,0.046416186,0.060221024,0.20074837,0.2213278,0.0003331548,0.012028544,0.0021908442,0.14058983,0.09681021,0.3000659,0.20001367,0.0073457994,0.00081575435,0.00012141925,0.00043542703,0.2984082,0.09957191,0.29813963
35204970,0.0,0.0,0.0,0.0,0.0,10.943858,5.462907,31.5037,1.7499983,1.6012869,0.19282424,0.11289555,0.045920968,0.061077558,0.23804983,0.20568457,0.0028645215,0.002880775,0.17837036,0.24924415,0.026343988,0.060257547,0.16728608,0.021969514,0.01992628,0.050402485,0.19642504,0.076194815,0.0049226205,0.01226596
35201400,0.0,25.0,10.0,10.0,10.0,0.9893516,13.408745,5.12767,4.6293964,1.2430513,0.1976154,0.061642863,0.069768995,0.06650446,0.03492239,0.16713959,0.09273259,0.30397522,0.026152816,0.13148329,0.10139598,0.30332163,0.053052794,0.10956625,0.14186136,0.24410199,0.011960491,0.03163845,0.09136352,0.30257052
35200673,0.0,0.0,0.0,0.0,0.0,3.0997355,1.4121718,6.041046,1.8156464,0.5260618,0.2146148,0.12762631,0.06742675,0.064931236,0.22413488,0.07420608,0.008045247,0.004438619,0.22122818,0.23223956,0.02201388,0.015060531,0.20661032,0.0797112,0.017616717,0.0034026394,0.20536992,0.035226163,0.002735294,0.004637129
35203815,0.0,10.0,0.0,0.0,0.0,2.2519753,5.2504406,0.5335822,1.6000923,0.11516169,0.21890135,0.09274929,0.13207912,0.0714312,0.10742669,0.12042392,0.09670876,0.25712156,0.18924509,0.041577227,0.028494412,0.059449963,0.20994994,0.043796297,0.04492251,0.0058793915,0.23817076,0.045798156,0.01574892,0.024299577
35200417,85.0,20.0,105.0,0.0,40.0,18.891195,21.630005,57.353886,2.7414608,16.98998,0.0030738618,0.08446872,0.020452596,0.29808187,0.0038193485,0.3288391,0.096237816,0.2999408,0.035909727,0.2736835,0.0017012544,0.2516916,0.20002542,0.002220479,6.559997e-05,2.0354575e-05,0.03385081,0.10445165,0.08008445,0.24965192
35204253,0.0,15.0,10.0,10.0,0.0,3.618319,3.0657372,1.9916269,7.436328,0.8520412,0.25335288,0.16816442,0.12038586,0.014721792,0.04516364,0.032662503,0.08161597,0.2531911,0.0065199165,0.049649686,0.098951295,0.30069292,0.014166821,0.2021724,0.2111451,0.2884002,0.1972365,0.034758743,0.0012839976,0.0110723805
35202116,0.0,0.0,10.0,10.0,0.0,0.47428578,0.71703684,3.5696883,2.754786,0.4010313,0.21502638,0.03243988,0.051689968,0.02350765,0.23027581,0.12247798,0.032511845,0.068519704,0.055647403,0.09171431,0.107009664,0.25749505,0.01978214,0.08443205,0.19985078,0.29051253,0.18936826,0.07575582,0.027257923,0.062291298
35200510,25.0,0.0,15.0,0.0,10.0,14.429119,1.7335778,11.733866,0.0,2.9477682,0.06313147,0.18620685,0.12161245,0.25269744,0.1774,0.096011944,0.018350838,0.05917702,0.016104748,0.27447444,0.10635369,0.29937908,0.17011432,0.0560381,0.025301758,0.048785996,0.036992323,0.061603658,0.08477018,0.2510661
35202180,0.0,15.0,185.0,10.0,0.0,1.9009385,13.442595,257.33173,2.1371648,2.3266892,0.17651828,0.050380412,0.037956554,0.052224755,0.02037954,0.24224162,0.09773087,0.28976053,0.04964863,0.42805892,0.053148746,0.2915937,0.0106829675,0.02794449,0.121818736,0.2885055,0.20357396,0.045653105,0.0019475721,0.0020815542
35200604,20.0,0.0,50.0,0.0,0.0,22.823244,2.6745856,10.330301,1.4094898,1.4349431,0.09422822,0.27685696,0.1417115,0.25265655,0.16437519,0.17428625,0.016557384,0.06017379,0.008366708,0.09073062,0.021935213,0.2986078,0.20046721,0.101832114,0.005939817,0.00077067944,0.19951262,0.0121446,0.00039233718,0.0022710823
35204910,0.0,0.0,0.0,0.0,0.0,56.12122,42.81668,14.749119,2.0744336,7.677661,0.22292767,0.3448028,0.020462014,0.004699514,0.21258481,0.30271548,0.0026322054,0.003178064,0.17303936,0.03475944,0.018935645,0.051392704,0.20027179,0.01235881,0.0050073615,0.002874641,0.20363718,0.01676588,0.001539824,0.0036820313
35203628,145.0,10.0,0.0,0.0,10.0,153.99605,6.221182,4.879658,2.1622028,3.5691872,0.18520567,0.3104785,0.21190035,0.2523551,0.043061443,0.073655695,0.08125395,0.24277031,0.20062913,0.07788001,0.0013825486,0.0026161044,0.16996388,0.043674126,0.049324606,0.04822011,0.040700663,0.03131788,0.080618255,0.24066532
35201036,50.0,10.0,60.0,0.0,0.0,49.83466,9.149719,37.331875,1.4087374,2.2543612,0.015192907,0.38610312,0.023834946,0.29044372,0.046243213,0.14815721,0.080379866,0.2405769,0.0020237858,0.17895004,0.020951899,0.30030417,0.20026204,0.0049139094,0.0034405438,0.00049581827,0.16253725,0.048735444,0.019824421,0.058494404
35202888,10.0,0.0,30.0,0.0,0.0,2.835916,0.5988403,11.832986,1.6710999,0.763294,0.029481724,0.061045174,0.14585988,0.31207582,0.23962791,0.098217726,0.0151624195,0.01797084,0.03757,0.13434063,0.11870406,0.30828315,0.21615276,0.10296997,0.100347504,0.0063374406,0.21532108,0.039027773,0.01394427,0.01271188
35200209,145.0,20.0,85.0,0.0,15.0,116.91049,13.868543,11.809793,0.6349588,6.103546,0.13072212,0.35854876,0.16060188,0.29858565,0.039533157,0.15561654,0.08369544,0.25025615,0.0029393234,0.07128064,0.021309713,0.29999924,0.19400544,0.03564304,0.012129394,0.010259147,0.03982334,0.060468353,0.08124971,0.24228895
35202899,20.0,0.0,0.0,0.0,10.0,5.893276,0.94470567,1.1615511,0.090841055,2.83854,0.046127334,0.06463509,0.20042677,0.3118878,0.22597729,0.07767262,0.027952537,0.05814236,0.17805776,0.14547198,0.016050018,0.06794689,0.21477526,0.060230378,0.058433495,0.002901512,0.07083958,0.045556445,0.09046934,0.2531771
35204870,40.0,20.0,45.0,20.0,0.0,53.627296,34.28228,34.410812,5.606662,8.921442,0.04456191,0.2500038,0.0860438,0.24074802,0.042039942,0.33005208,0.080203444,0.24011163,0.010375594,0.121229395,0.0007385636,0.28809172,0.0083565395,0.059995346,0.09492499,0.28812268,0.20009279,0.0062839617,0.0002946605,0.0005044311
35201827,0.0,10.0,50.0,0.0,0.0,0.46657652,3.8654382,6.775203,1.9241731,0.248335,0.22462186,0.14946921,0.115036994,0.064877816,0.05190424,0.069789834,0.087434374,0.25248864,0.020181343,0.06427759,0.0074719097,0.29183263,0.20631821,0.14435036,0.07547735,0.0039228788,0.20109858,0.042441588,0.00808027,0.013080521
35202646,0.0,10.0,15.0,0.0,0.0,2.1847184,5.736151,1.5160813,1.3215736,0.4669808,0.27096778,0.20484413,0.082175046,0.0047438378,0.06983332,0.14391625,0.082670525,0.2435562,0.013332759,0.0561123,0.1049039,0.3019213,0.17024876,0.10261505,0.053157795,0.051294208,0.18017186,0.01937662,0.019619843,0.053153373
35202982,10.0,0.0,15.0,10.0,0.0,3.0241013,0.4615314,3.7751045,5.278955,0.6223689,0.053610347,0.06862053,0.17256805,0.30043435,0.2332997,0.044685077,0.012454358,0.019625649,0.032734875,0.087347545,0.11612796,0.29405367,0.05779713,0.15671147,0.19783643,0.24375841,0.20559841,0.03203396,0.012340682,0.016850907
35201908,10.0,10.0,70.0,20.0,10.0,5.805419,6.0913982,39.049534,5.6254597,3.362694,0.017628884,0.14712106,0.09453547,0.29875124,0.04334701,0.16639331,0.0839653,0.24980055,0.047659703,0.28753278,0.011663834,0.25213486,0.03891694,0.054709867,0.08447167,0.24245429,0.008736227,0.07199141,0.097020045,0.28833857
35203170,10.0,10.0,10.0,10.0,0.0,5.181829,3.0756793,4.276848,10.960794,0.68210423,0.0701379,0.100348584,0.13776584,0.24231614,0.018767182,0.06823413,0.1005725,0.29864874,0.008478386,0.10641672,0.10302678,0.30055788,0.041984804,0.30111006,0.15349069,0.242323,0.17182015,0.018959789,0.017610326,0.049586568
35201405,0.0,10.0,10.0,0.0,0.0,3.364952,4.9604044,3.2810144,1.0901676,1.0631253,0.25110328,0.07966332,0.10472919,0.024331462,0.09779228,0.09703978,0.09037874,0.24866332,0.023068983,0.11476758,0.09641196,0.31107262,0.1856765,0.06040041,0.07576172,0.05364583,0.22396523,0.05508919,0.0133444555,0.015246043
35203058,0.0,220.0,10.0,0.0,10.0,0.8038417,110.52217,6.0903893,0.6770355,6.7072415,0.18997742,0.06625196,0.04015834,0.05152454,0.0606651,0.32714432,0.02999736,0.3004322,0.016930576,0.179313,0.10560883,0.30004317,0.17098771,0.031553425,0.02602223,0.049658712,0.011781919,0.181512,0.08531374,0.30021456
35201249,10.0,10.0,15.0,95.0,0.0,5.712919,1.5508932,5.933907,77.96872,1.5206705,0.046540536,0.07076513,0.1942962,0.30211213,0.043266863,0.033485312,0.085301615,0.25282413,0.006867204,0.07680105,0.10237686,0.2983562,0.04792692,0.18557313,0.21610275,0.24039845,0.20271334,0.018806593,0.0013142204,0.00079573574
35204205,0.0,15.0,15.0,20.0,10.0,1.8181479,6.412401,8.555448,11.246294,2.9888477,0.1946569,0.07922563,0.07771063,0.05562589,0.041714378,0.11068033,0.10119416,0.29153576,0.026972365,0.15635315,0.101728566,0.30125526,0.038540967,0.12717278,0.1504254,0.25331768,0.016644038,0.07802437,0.101785384,0.29191908
35201015,45.0,0.0,0.0,95.0,0.0,34.14803,6.2723465,9.043594,58.196564,3.2789524,0.08008666,0.12169641,0.15102749,0.2912674,0.1744693,0.11981921,0.017561736,0.050368913,0.16467863,0.0838927,0.004411139,0.058388643,0.03459266,0.17361064,0.05717976,0.25222138,0.20210621,0.013960239,0.00080698286,0.0006878759
35201592,15.0,10.0,30.0,10.0,0.0,6.7342415,5.8943443,3.8016844,9.44622,1.202959,0.06302534,0.0586094,0.14547366,0.25443062,0.03888163,0.09782745,0.08191945,0.28963932,0.013179366,0.055630602,0.08451522,0.29152483,0.038497448,0.22829518,0.22525513,0.25009614,0.17401437,0.06069198,0.0017587126,0.050577015
35202156,0.0,0.0,0.0,0.0,0.0,29.56602,5.883931,5.0931587,1.8430884,1.3599937,0.27851707,0.1565735,0.15365429,0.01674479,0.3581114,0.06303381,0.0043431693,0.0056383787,0.20084937,0.016018441,0.0064273085,0.015062081,0.20691374,0.04967493,0.030264318,0.0012770239,0.21501082,0.019242533,0.0074086078,0.017633727
35202704,10.0,0.0,0.0,0.0,0.0,10.022145,1.2802088,1.0826914,1.4416687,1.0595279,0.15256214,0.2566612,0.22992373,0.25739455,0.2249439,0.05086465,0.004172357,0.0035635973,0.20149356,0.0402551,0.009658586,0.01584002,0.20535043,0.05063813,0.021312736,0.0042465315,0.18383427,0.02470288,0.019785775,0.052204896
35202155,20.0,20.0,130.0,10.0,0.0,7.473407,12.808412,152.03334,1.6464828,1.6382186,0.048639163,0.046555836,0.098183475,0.24548082,0.059641216,0.1909909,0.0832794,0.24225827,0.053410344,0.377293,0.011377284,0.24473578,0.043091305,0.0127977235,0.09114038,0.2410623,0.21026286,0.055807438,0.0027700202,0.0039371173
35203416,10.0,0.0,50.0,0.0,100.0,7.121952,28.636995,47.498085,2.2601557,94.69158,0.03875693,0.028984921,0.08954853,0.2520834,0.20303513,0.22404802,0.00010668747,0.0024095746,0.0015903927,0.24450058,0.019849291,0.30003083,0.20000796,0.0034316275,0.00022247642,2.7540758e-05,0.00014660225,0.28296715,0.019969398,0.29964188
35205001,0.0,0.0,0.0,0.0,0.0,61.02645,192.66704,45.076813,5.1387415,34.196228,0.1986913,0.065372586,0.009217057,0.012215794,0.2077904,0.58652323,0.00057335437,0.00057619857,0.19578153,0.09623866,0.0052798833,0.012051898,0.19345728,0.004492685,0.0039853794,0.010080578,0.19929096,0.02010383,0.0009852798,0.002453574
35202511,15.0,10.0,50.0,0.0,10.0,12.358815,7.5846505,75.381165,0.57114846,4.032121,0.040001146,0.13576555,0.09438144,0.2533117,0.007251777,0.06806381,0.09855678,0.3007958,0.006647104,0.48480153,0.020660963,0.30067003,0.17061284,0.024580698,0.02838445,0.04882171,0.002399071,0.024058597,0.09827438,0.3005148
35203579,20.0,10.0,30.0,0.0,15.0,2.8059413,3.3632119,31.908848,0.0,8.038596,0.043343537,0.03828201,0.09436065,0.25323138,0.05064296,0.07357798,0.08201284,0.2409321,0.048214033,0.4698184,0.086076126,0.2430784,0.20140474,0.03271518,0.005361479,0.0007005456,0.041256297,0.11956255,0.08072525,0.24095874
35204800,0.0,0.0,0.0,0.0,0.0,6.136646,6.9662447,63.708637,2.6823523,3.2522976,0.20466188,0.06559714,0.02716522,0.0143735185,0.18282282,0.049015343,0.019467972,0.051437743,0.20187303,0.5436991,0.007177499,0.011927115,0.20202452,0.013782922,0.00910094,0.0011908868,0.20767784,0.02780832,0.003166953,0.004864119
35204541,0.0,0.0,25.0,15.0,0.0,2.8979318,1.3234465,7.8087053,11.117591,0.5616338,0.19015962,0.07034359,0.085007034,0.06516038,0.18742788,0.10996336,0.02206001,0.062844634,0.018437961,0.0899098,0.08779107,0.29288584,0.04841245,0.16824599,0.19847973,0.24066481,0.17387617,0.048348185,0.019698631,0.053937115
35204690,0.0,15.0,45.0,15.0,0.0,6.6112623,18.281218,35.305664,3.9386399,1.8029435,0.21118963,0.160693,0.024355853,0.0029526525,0.009654107,0.28095385,0.096335284,0.29063928,0.0035161083,0.22770986,0.020190144,0.30014935,0.0028362207,0.045836966,0.12223813,0.29768306,0.19947103,0.018172259,0.00026606664,0.00221886
35201150,15.0,0.0,10.0,40.0,0.0,4.100288,0.0,2.5261457,9.86794,0.37827694,0.09778048,0.05083475,0.17659834,0.25454888,0.24391064,0.07077903,0.015771525,0.020823611,0.028548572,0.06781906,0.11797334,0.299187,0.019643892,0.074782826,0.21418002,0.30312163,0.21633531,0.057205062,0.017450528,0.020218944
35200454,10.0,20.0,15.0,0.0,10.0,6.4235244,18.720945,11.381139,0.13714457,3.0139258,0.01868935,0.14565384,0.10892874,0.2908199,0.0417478,0.28110898,0.08412198,0.25191325,0.011194257,0.25774202,0.10433438,0.30023652,0.19413601,0.019798249,0.0052864896,0.009901021,0.0080713155,0.039707858,0.097314,0.29040855
35200178,125.0,10.0,10.0,0.0,10.0,172.55412,18.298859,20.736828,3.6651597,12.046334,0.09685677,0.38593757,0.05798198,0.25047085,0.0045758523,0.12441062,0.0995648,0.29795706,0.010366147,0.14315253,0.09072229,0.29833305,0.16215439,0.010690507,0.02441489,0.057706937,0.04077534,0.021472834,0.08040067,0.2404251
35204664,0.0,20.0,0.0,0.0,0.0,1.327423,7.0198607,0.38762918,1.8237631,0.0,0.2539487,0.13600837,0.15047704,0.060612366,0.07932903,0.088163614,0.09214933,0.2593436,0.17559227,0.03979731,0.014237719,0.069631316,0.21483964,0.062197853,0.037836544,0.0038065019,0.23037344,0.035730604,0.010543457,0.010144733
35200036,10.0,20.0,85.0,0.0,10.0,5.19843,9.974581,104.9806,0.9894083,4.865443,0.0446018,0.07887015,0.08410731,0.24094068,0.042753782,0.123449236,0.08052873,0.2406357,0.035427384,0.5395633,0.004087542,0.25027943,0.20005453,0.002914703,0.0010022009,0.0005749753,0.040728472,0.036088765,0.08030839,0.24073645
35200298,195.0,15.0,60.0,10.0,15.0,139.66495,16.277163,44.89982,1.6197361,4.3775744,0.04123943,0.32001624,0.046162426,0.29055038,0.01117287,0.25353035,0.09634518,0.28856885,0.04349115,0.21839023,0.0021224527,0.24063605,0.034031235,0.012909349,0.08991093,0.24966452,0.008251552,0.086082615,0.09626055,0.28819844
35201126,10.0,0.0,45.0,60.0,0.0,4.181645,6.1506586,6.1927533,64.61224,0.2689087,0.008837473,0.08581642,0.12638862,0.29854238,0.17205589,0.036727168,0.01618437,0.048266713,0.0018667395,0.059018653,0.0054626684,0.30010837,0.04192036,0.25032896,0.29229248,0.24011184,0.19275488,0.013825076,0.0040879925,0.011776125
35202227,0.0,0.0,65.0,10.0,0.0,2.0845077,4.788808,24.731339,7.6074414,0.83309287,0.17870404,0.059258375,0.069772586,0.06691051,0.22027764,0.0668291,0.0053027263,0.0053770314,0.02816542,0.12663157,0.036882423,0.3035324,0.04831269,0.23747715,0.17124897,0.24191986,0.20581323,0.04249837,0.005886157,0.0042302553
35201573,0.0,15.0,15.0,0.0,0.0,5.173182,13.614064,23.601242,1.3726271,1.7256707,0.1862177,0.09000393,0.0321807,0.05972891,0.009322573,0.16853735,0.096755356,0.29005247,0.0021994282,0.47363928,0.0845905,0.3000055,0.19880435,0.012445161,0.0024498757,0.002053004,0.16797678,0.028108263,0.016260387,0.048459794
35203845,30.0,10.0,0.0,45.0,0.0,8.95161,1.4681549,0.8568665,38.800278,0.2699432,0.032568175,0.047421325,0.19101848,0.3050022,0.055049043,0.030780556,0.087051034,0.25313047,0.20095085,0.10245567,0.007169485,0.014353002,0.049932886,0.2117108,0.17966212,0.24089812,0.1758923,0.027180644,0.019744018,0.051375173
35204788,380.0,30.0,10.0,0.0,40.0,427.03983,19.533455,5.9953194,0.0,18.374617,0.08939625,0.29460222,0.15085779,0.048863687,0.0140916165,0.16291815,0.09635863,0.2881213,0.0029066692,0.10911371,0.08091026,0.29786062,0.16214456,0.041821953,0.021290654,0.057737697,0.04074931,0.11722196,0.080985755,0.24060239
35203883,0.0,10.0,15.0,0.0,0.0,1.2793633,3.071124,20.157242,1.5434511,0.46635816,0.20714258,0.12557189,0.024139343,0.013100762,0.013037759,0.08356594,0.09774665,0.29052383,0.012330662,0.43805772,0.08509754,0.2984797,0.20131455,0.033119764,0.015177573,0.00082745525,0.20037076,0.03493389,0.0016578329,0.0026350936
35203887,0.0,10.0,0.0,0.0,0.0,5.636223,4.2622013,0.33601385,1.2741004,0.13305935,0.28817916,0.13462506,0.13313036,0.010191001,0.057664286,0.09488128,0.105061494,0.29566634,0.17755592,0.036402855,0.030700367,0.06830914,0.20514871,0.06290855,0.042135008,0.013752397,0.22466013,0.03205168,0.012521081,0.020178152
35204951,0.0,0.0,0.0,0.0,0.0,2.2386892,4.1100945,19.231846,4.735427,1.4954777,0.17633738,0.037028417,0.04620665,0.06459748,0.23564516,0.058266934,0.007425404,0.005458682,0.18523923,0.29322436,0.034631103,0.05996337,0.17593072,0.14466125,0.076275215,0.04965579,0.20404759,0.046901077,0.0056424337,0.0045597134
35201863,0.0,35.0,65.0,0.0,0.0,1.2482269,38.912567,11.5451145,0.91187,0.8812684,0.16634817,0.048756823,0.029006846,0.060472168,0.025037438,0.32389688,0.097380444,0.29016837,0.013118062,0.12128401,0.0039371755,0.29087403,0.16821541,0.038881924,0.029094964,0.048577666,0.16387014,0.19802961,0.021646908,0.058837675
35203496,25.0,0.0,45.0,0.0,10.0,13.629528,5.671111,27.768343,0.83858836,5.6226377,0.021487318,0.12676261,0.11692319,0.2890142,0.16963854,0.11311645,0.020692201,0.059818577,0.008278475,0.29048878,0.02390927,0.30045632,0.16861153,0.07070988,0.03136402,0.04858963,0.034877982,0.12189518,0.08376554,0.25003162
35203405,0.0,285.0,40.0,0.0,10.0,12.763918,290.66492,46.370773,0.46400204,18.788761,0.21872857,0.080761336,0.025136333,0.0058742436,0.10891379,0.28394955,0.025630029,0.04985441,0.014404971,0.22399278,0.102247305,0.30241275,0.19788024,0.022251884,0.016801909,0.010965916,0.04830484,0.1401861,0.082766786,0.2433667
35202350,0.0,0.0,10.0,0.0,0.0,3.1224573,1.1128345,5.6096487,1.5243609,0.53099424,0.21619545,0.13918202,0.022035036,0.012229414,0.19215865,0.27928877,0.009485614,0.06108616,0.03157941,0.17324835,0.11487374,0.30250445,0.19538632,0.02227516,0.0072208,0.0114254495,0.16831997,0.06564584,0.019347085,0.061530523
35204230,30.0,45.0,65.0,10.0,35.0,33.893993,67.567894,28.220253,0.0,11.8475,0.010336002,0.18843102,0.11903998,0.30042273,0.008767068,0.42163152,0.017061066,0.2905649,0.0016425865,0.062485218,0.020504214,0.29967186,0.009585522,0.037451085,0.123220704,0.28808022,0.04054801,0.005458315,0.08026344,0.24015956
35202655,30.0,10.0,10.0,0.0,0.0,49.99771,25.607801,21.978182,3.0479844,10.809818,0.045604993,0.37913612,0.09748333,0.25113136,0.0087304,0.2196798,0.100246854,0.29830882,0.0061174883,0.093193986,0.10047765,0.3002608,0.16771136,0.026419189,0.030087195,0.050667644,0.1633783,0.021911785,0.020361403,0.0583881
35204176,0.0,120.0,50.0,30.0,0.0,2.0581155,79.56695,22.169683,3.744443,2.3461735,0.17702504,0.048757926,0.03112203,0.05848591,0.053545743,0.28817165,0.003994901,0.2501004,0.036845416,0.18137793,0.001755634,0.25178227,0.0069613615,0.038543124,0.09167746,0.29047638,0.20099773,0.15831682,0.0003733961,0.00025579648
35201206,0.0,25.0,105.0,45.0,0.0,9.664196,19.088652,72.8453,47.707657,8.970658,0.17301993,0.023477107,0.031693403,0.05127232,0.0099795675,0.05395802,0.09654537,0.29796928,0.010043559,0.27753556,0.02120369,0.29837057,0.008048216,0.33171296,0.05700952,0.29003903,0.19487208,0.023376761,0.0005008589,0.010140766
35201962,10.0,0.0,35.0,10.0,0.0,4.835263,3.6824374,44.217094,1.7621624,0.94255275,0.056381278,0.08457178,0.11152603,0.24342145,0.23298413,0.05999047,0.000961275,0.0011356879,0.04325015,0.48966405,0.08260458,0.24305041,0.041403122,0.016775496,0.08616366,0.24026474,0.2030414,0.04225353,0.0015041819,0.0035325713
35204606,470.0,85.0,45.0,0.0,0.0,722.3025,121.76149,35.29086,0.041836876,17.130913,0.036505498,0.46180335,0.047074027,0.05147894,0.045006916,0.36884093,0.0008346352,0.24071273,0.040380225,0.029809192,0.0019350768,0.24316813,0.20107019,0.010279069,0.0042625726,0.000849395,0.19676955,0.0067031817,0.0039572474,0.0104410155
35204745,0.0,135.0,150.0,0.0,325.0,16.57896,166.59875,112.55,0.0,266.35623,0.17009464,0.04840745,0.019811606,0.049097892,0.012724924,0.3587499,0.016657181,0.2884519,0.0112507045,0.44167358,0.0026521652,0.28894997,0.16861849,0.002869065,0.018228449,0.04821263,0.04206077,0.24268463,0.00055785524,0.0007891672
35200754,0.0,0.0,10.0,0.0,0.0,3.6848726,1.2866004,6.8500795,1.7238309,0.5193733,0.1827682,0.10969427,0.03185207,0.05266485,0.22046024,0.27091098,0.005050853,0.0016346669,0.036102682,0.18112075,0.101419985,0.3041009,0.20136556,0.0154548185,0.002268535,0.0021486115,0.16748755,0.086238645,0.0072522303,0.06227547
35201892,0.0,45.0,100.0,0.0,35.0,1.5804591,31.83287,158.33322,1.1019193,9.544781,0.19975618,0.023200028,0.0018604728,0.0024441725,0.04189188,0.2110616,0.0001172754,0.24011537,0.040368494,0.5198479,0.0016429124,0.2424117,0.19869171,0.0014945406,0.0007979287,0.0020161648,0.039859645,0.036765873,0.08019767,0.2404908
35203573,20.0,20.0,50.0,0.0,20.0,9.285096,13.20905,59.17166,0.0,12.289595,0.008062163,0.0355794,0.098950565,0.29068774,0.0038664327,0.0949823,0.09975894,0.30016235,0.0030418977,0.5283022,0.004682917,0.30014506,0.19412644,0.0070213205,0.005717237,0.009765855,0.0005026536,0.11657918,0.0996713,0.30010504
35200512,10.0,15.0,0.0,0.0,0.0,5.5042934,5.8539977,1.3213238,1.248486,0.9565979,0.10715888,0.12996435,0.20204231,0.29576284,0.03243876,0.09817771,0.102373436,0.29127064,0.1844597,0.16807035,0.027467303,0.0531377,0.20431195,0.028010381,0.008005418,0.0028635717,0.18023925,0.06292747,0.019504607,0.05106455
35204629,10.0,15.0,10.0,90.0,10.0,1.9270034,1.0790756,5.378159,78.97248,1.6202888,0.052431487,0.026079409,0.14363486,0.24325237,0.03913871,0.015551873,0.08402002,0.2504413,0.04137105,0.13163099,0.08210119,0.24243048,0.042608425,0.21077682,0.31175664,0.24025436,0.041818943,0.008664394,0.08076842,0.24103534
35200429,0.0,30.0,20.0,0.0,0.0,1.5867203,13.575439,26.105665,0.49685884,2.1026661,0.20002098,0.05584619,0.019986758,0.013892437,0.04787969,0.11902228,0.08513655,0.25277874,0.0135168005,0.38864815,0.101606235,0.2988572,0.17003334,0.078924984,0.043700796,0.048236266,0.19532058,0.057906806,0.004466155,0.010950017
35202686,0.0,0.0,10.0,0.0,0.0,2.4523253,0.8355441,3.3222742,1.2703884,0.7421275,0.25424966,0.14419045,0.08700697,0.01139803,0.2144681,0.1183122,0.029262023,0.06466907,0.020574909,0.08051198,0.094679095,0.30715096,0.17189357,0.060739666,0.057081766,0.062818415,0.22779644,0.03594384,0.008574724,0.01209053
35203597,20.0,10.0,35.0,0.0,55.0,4.583105,6.4823246,38.124447,0.0,38.3069,0.019695783,0.026726563,0.11550689,0.29093578,0.050313827,0.114600636,0.083191246,0.24416696,0.0068730093,0.35430765,0.104015,0.2998494,0.16393237,0.016679047,0.04287924,0.06062606,0.043292686,0.1883542,0.0035089164,0.24404748
35201864,10.0,50.0,20.0,10.0,15.0,2.8176742,76.97444,7.3474064,0.5713151,2.4380393,0.0045758868,0.058103416,0.102595374,0.29821515,0.013052145,0.5390188,0.016872909,0.29039034,0.0029868386,0.12330772,0.10102843,0.30007178,0.038834143,0.0060982388,0.08112073,0.24198605,0.0018660238,0.054435134,0.09953678,0.2981271
35201114,0.0,10.0,35.0,20.0,0.0,0.91328156,4.700777,6.1185646,3.7601576,0.5237512,0.22011288,0.13657326,0.08691106,0.062394723,0.044776924,0.121139176,0.11231489,0.30590928,0.02462164,0.0701232,0.114151664,0.31038058,0.042968556,0.04690195,0.12678204,0.25813204,0.19537857,0.047992293,0.03069238,0.061417073
35202514,10.0,10.0,10.0,0.0,0.0,12.326321,10.193652,16.672966,1.1253839,3.483078,0.052175656,0.1567567,0.11098443,0.252176,0.017183986,0.060927268,0.09849119,0.2918742,0.037682172,0.43977818,0.08346995,0.2539467,0.20297953,0.015323179,0.007604846,0.00076977315,0.20610984,0.032568153,0.002117916,0.0020330525
35203243,0.0,0.0,0.0,0.0,0.0,2.9111345,0.7080616,0.59419155,1.6643364,0.5467203,0.24807803,0.12148087,0.15082942,0.057742115,0.21775003,0.07493871,0.021964569,0.05369666,0.1802109,0.12607116,0.00791916,0.05662905,0.21211451,0.0403261,0.03309036,0.002101817,0.19730698,0.0323866,0.022447096,0.056446616
35200688,25.0,10.0,20.0,0.0,0.0,14.565228,6.6476746,3.280163,1.2721297,0.9334681,0.08512446,0.15274565,0.24384333,0.30221394,0.043712623,0.14353567,0.10366825,0.3004652,0.01705842,0.062269628,0.08528031,0.2923091,0.17284867,0.038963467,0.04817278,0.05132023,0.18437518,0.047105674,0.025071675,0.063422754
35200106,655.0,20.0,30.0,0.0,70.0,413.87875,16.387697,17.359476,0.0,36.040855,0.032686044,0.26600248,0.08528074,0.060241666,0.042365547,0.15627965,0.08363501,0.24971113,0.0012671653,0.13303979,0.081685245,0.30018643,0.1686684,0.084860265,0.06060884,0.048077308,0.039132174,0.14214054,0.0022039562,0.24320237
35202882,0.0,0.0,10.0,0.0,0.0,5.5844884,1.8698673,7.2078905,1.1979901,0.9105336,0.22557318,0.16666783,0.056016877,0.021139707,0.22179878,0.049487084,0.006993101,0.003381953,0.031265043,0.18031919,0.10313089,0.30422676,0.17633356,0.124514975,0.055692792,0.05038957,0.20663917,0.034399476,0.003888953,0.0031471786
35204856,105.0,75.0,60.0,0.0,0.0,86.51751,89.17859,62.190506,3.9503703,13.725398,0.040363476,0.20443629,0.0073574367,0.25195667,0.002619052,0.31825617,0.019371742,0.2980121,0.0024445215,0.24383406,0.01737766,0.30001238,0.19976622,0.00440289,0.00049403944,0.00042081182,0.19363302,0.016239645,0.0032602155,0.009700014
35202279,25.0,10.0,90.0,15.0,10.0,18.712566,18.709692,174.72858,3.8089266,10.408723,0.0065159025,0.0145931905,0.11820492,0.30100057,0.011099625,0.047783025,0.097410575,0.2906261,0.040738434,0.6067191,0.0015609912,0.24287072,0.009986601,0.042742256,0.115932554,0.28817964,0.0351786,0.011302669,0.083948836,0.25027505
35204164,0.0,65.0,20.0,10.0,0.0,1.421018,75.670746,7.224475,0.7959946,1.3957483,0.17799084,0.07126895,0.030258916,0.009779359,0.004886791,0.5141222,0.019279653,0.29762486,0.00089751673,0.106644884,0.096224286,0.29957527,0.032429527,0.00876153,0.08426389,0.25154796,0.16818462,0.08163814,0.016207583,0.048124418
35204296,0.0,95.0,75.0,0.0,100.0,1.6178046,61.699722,43.97194,0.0,55.111538,0.20156,0.037435155,0.0049488437,0.002629871,0.004006128,0.32761315,0.019555997,0.29810566,0.0028579065,0.2421006,0.01714821,0.29970163,0.2002639,0.007490419,0.0030414462,0.0001659221,0.040093075,0.16617218,0.00034421065,0.24053197
35204801,0.0,35.0,10.0,10.0,0.0,3.5311003,9.83171,19.910976,1.69726,3.0440493,0.21765414,0.033987164,0.026648546,0.0020412432,0.012033773,0.051226422,0.101018295,0.2991335,0.036296934,0.5923561,0.0863056,0.2536628,0.0410307,0.015619421,0.08844061,0.24275064,0.20493372,0.01746382,0.0025054468,0.0040357653
35203519,30.0,20.0,70.0,0.0,0.0,25.122614,9.182899,68.83522,12.895092,4.7087374,0.03797393,0.19443831,0.090633936,0.25298196,0.048426464,0.07738946,0.08155553,0.24109536,0.04123444,0.41430873,0.008099873,0.2520251,0.1952097,0.03832747,0.015295325,0.009953008,0.20085105,0.020483583,0.0011345274,0.00092188915
35202497,80.0,0.0,10.0,0.0,0.0,39.42417,3.36813,13.115797,0.82956976,1.9990772,0.040949006,0.17960086,0.014988636,0.25220448,0.16618195,0.12500988,0.01960658,0.058043584,0.005423609,0.349379,0.08218663,0.29822302,0.1936828,0.01297022,0.005955319,0.009733594,0.19285439,0.096348375,0.0043604467,0.01178464
35200681,10.0,0.0,10.0,10.0,0.0,10.515519,1.1181463,3.1904838,1.4539278,0.4817567,0.08813701,0.31176716,0.15847847,0.2987733,0.20287545,0.136344,0.0048731426,0.012426378,0.007069559,0.09514901,0.087141424,0.3009468,0.03462455,0.036000736,0.0880892,0.25021935,0.17093806,0.038112085,0.017386215,0.05073443
35203666,0.0,10.0,25.0,0.0,20.0,1.6488655,3.6524215,28.387478,0.0,8.386595,0.21080768,0.14813954,0.015896913,0.0024429753,0.02986227,0.0914143,0.08589254,0.2502037,0.0092140185,0.3574819,0.103026435,0.30077437,0.20001315,0.027646212,0.0068974877,0.0023399428,0.01031338,0.12289556,0.096815415,0.2888084
35200542,0.0,60.0,40.0,0.0,0.0,5.5256963,96.74071,21.27059,0.91452855,4.9088244,0.20380047,0.049367793,0.0049732993,0.0024785735,0.042913347,0.50561875,0.0019349953,0.2522218,0.0070450334,0.10136653,0.10313134,0.30051315,0.19908352,0.0053451294,0.0014867688,0.0022883494,0.19387299,0.107324325,0.003911634,0.012325951
35200533,10.0,0.0,0.0,0.0,0.0,4.296686,0.6430775,0.73798597,1.2255137,0.8548531,0.060646713,0.0960643,0.18648414,0.31474856,0.21624708,0.1453704,0.017804015,0.0675899,0.18354735,0.060205247,0.024504501,0.070129715,0.17497095,0.037667308,0.057036467,0.06376771,0.20374973,0.04629141,0.027291324,0.058948234
35204209,0.0,0.0,20.0,10.0,20.0,2.2815473,0.9694036,5.7089286,3.5703845,2.9774692,0.24116184,0.28169754,0.11704851,0.055035166,0.17630096,0.06728798,0.022622805,0.061600987,0.009748843,0.065699026,0.10392751,0.30249396,0.039698698,0.0813199,0.11869277,0.25107405,0.038232088,0.034286283,0.08621842,0.25371206
35202753,0.0,0.0,0.0,10.0,10.0,2.8006485,1.8914282,0.9183719,0.47995192,5.635467,0.20417179,0.06721235,0.015835939,0.014299666,0.20935577,0.27824947,0.004091803,0.050546523,0.17983595,0.17184573,0.0050041485,0.051225927,0.0019290762,0.0133861825,0.100729816,0.29873168,0.048561513,0.15627724,0.081647135,0.24117562
35200859,15.0,10.0,25.0,0.0,10.0,19.413061,2.4919233,18.808498,0.0,1.5719155,0.043293245,0.40237397,0.09055985,0.25031736,0.0028525875,0.05990453,0.09936562,0.29960424,0.0044557815,0.21698801,0.08498571,0.29971108,0.16163406,0.07264334,0.011452114,0.05802656,0.039053638,0.012779376,0.08011184,0.2420408
35201354,0.0,0.0,0.0,0.0,0.0,2.5542715,1.0945451,1.0746101,1.5290391,0.5286093,0.20352048,0.049239118,0.073349476,0.06696712,0.2695647,0.06736703,0.021449525,0.0137279015,0.19836421,0.13707572,0.04173198,0.06427425,0.18577276,0.046668176,0.070587546,0.057547364,0.24014361,0.046599343,0.020620165,0.022325613
35201044,10.0,10.0,0.0,0.0,0.0,5.8738194,4.2612996,3.190747,1.6989295,0.67385083,0.0631083,0.15656826,0.18203484,0.26535857,0.05905839,0.10802826,0.09111112,0.2971744,0.18642974,0.036449093,0.013632767,0.06042047,0.22311416,0.062344596,0.060556818,0.0046019116,0.2216314,0.040393498,0.014044951,0.014314911
35203296,0.0,0.0,20.0,0.0,10.0,3.295179,1.3062186,9.61097,0.722454,4.992468,0.24563438,0.13899891,0.0954585,0.014908468,0.19263756,0.14718513,0.006470071,0.05979826,0.012733566,0.13596071,0.08555256,0.30008066,0.20017907,0.052194137,0.037324347,0.010647917,0.018443689,0.12510702,0.08376117,0.24343255
35203235,0.0,0.0,0.0,0.0,0.0,3.0414064,0.8985975,1.4668392,1.8114645,0.48347044,0.26357934,0.12357935,0.10369156,0.02347875,0.25278187,0.11545224,0.012277371,0.008326317,0.18689746,0.06465534,0.03174993,0.07000901,0.21275719,0.039303027,0.02485096,0.0050234376,0.2295187,0.045190915,0.010453299,0.024878334
35202311,0.0,0.0,155.0,10.0,0.0,1.3397815,4.326058,135.63525,1.3325772,1.0795215,0.2010103,0.043056715,0.0017334272,0.000618465,0.17326291,0.22942084,0.00037419543,0.04810742,0.06418827,0.49281234,0.055201434,0.28904942,0.03991961,0.01789353,0.08041911,0.24046873,0.16828313,0.054786354,0.016262442,0.04813801
35202439,140.0,0.0,0.0,0.0,0.0,121.89804,2.2004826,2.072176,0.40387678,1.2072079,0.102792084,0.34219757,0.123458005,0.29846808,0.16382173,0.13116062,0.020133415,0.060087018,0.16180705,0.18554232,0.0015098329,0.06014936,0.19904736,0.015199088,0.0018555871,0.0020415506,0.16054457,0.07023648,0.020139543,0.060150966
35201753,0.0,0.0,10.0,10.0,20.0,2.9113894,1.8964254,8.144902,1.3586683,6.873661,0.19610965,0.062350493,0.060311653,0.064889364,0.21131776,0.14815997,0.029670343,0.061521996,0.0670733,0.19199908,0.10687613,0.25597122,0.044345945,0.031011125,0.09839607,0.24309506,0.04954633,0.09989681,0.0928293,0.25447878
35203098,0.0,55.0,20.0,10.0,15.0,16.527845,49.595837,15.517549,2.120177,13.827213,0.17084041,0.016289882,0.02915894,0.048745174,0.016209116,0.27308068,0.016949352,0.29009804,0.010164528,0.16159773,0.09686138,0.28852245,0.008535927,0.044642456,0.14253646,0.2880587,0.008604142,0.21052228,0.09628479,0.2882511
35201693,0.0,0.0,0.0,0.0,0.0,1.707191,0.7751311,0.56623363,1.6874766,0.49588537,0.23224837,0.10580676,0.059803482,0.007872351,0.2660601,0.18244341,0.021202184,0.053716928,0.17569733,0.10751267,0.025763858,0.061506968,0.1986586,0.046595246,0.029367436,0.01043331,0.22223088,0.06257358,0.004401033,0.0074516945
35201393,0.0,0.0,45.0,85.0,15.0,0.0,1.2510164,5.159813,100.22465,1.5709679,0.21367174,0.036143318,0.044421405,0.002547846,0.20487618,0.032266185,0.0059225177,0.012996373,0.0052947076,0.0456988,0.01950344,0.30145276,0.035291083,0.33834332,0.2412161,0.25257003,0.045678776,0.010550397,0.081784025,0.2424535
35202990,0.0,0.0,0.0,35.0,0.0,0.106678806,1.4600416,8.968746,37.005093,0.0051666233,0.17278928,0.024731878,0.05346041,0.06013466,0.17758939,0.041204445,0.017397257,0.04939007,0.16523144,0.18695265,0.023129363,0.060152475,0.0370253,0.25802022,0.24550357,0.25226435,0.16947655,0.049886685,0.001292981,0.04906768
35201792,25.0,30.0,0.0,0.0,0.0,6.744919,46.0829,3.453714,1.060375,1.0863574,0.0038099848,0.06703936,0.10341628,0.29979855,0.0082415985,0.4765624,0.08358197,0.2981071,0.16321506,0.1599756,0.020843932,0.0601337,0.16780148,0.0049365424,0.016369866,0.048434213,0.16082215,0.07154526,0.02008208,0.059727557
35203378,40.0,30.0,10.0,0.0,40.0,25.749458,21.813572,26.30242,27.722582,47.119205,0.044033278,0.03157615,0.09739324,0.2524825,0.009787371,0.07931773,0.10246788,0.3011821,0.0052314224,0.4311667,0.102906495,0.3020768,0.16859394,0.0097989,0.02536303,0.051626507,0.039078966,0.17142822,0.08614015,0.25228357
35204995,0.0,0.0,0.0,0.0,0.0,59.65384,49.460022,24.9094,3.619754,9.043615,0.17735498,0.3679629,0.024361817,0.050465863,0.1645879,0.19162236,0.019740267,0.05838119,0.17032619,0.18693273,0.017127624,0.050822806,0.200616,0.009902739,0.0015535591,0.00017773041,0.20136034,0.010824274,0.0004428659,0.00042646483
35203502,15.0,0.0,10.0,0.0,0.0,23.808378,29.04226,7.5158043,0.97242916,3.1688082,0.110464856,0.28646037,0.19295849,0.2525695,0.21781123,0.14440998,0.005044942,0.011011179,0.038555104,0.04993427,0.082331896,0.25162113,0.20325033,0.020295562,0.010145663,0.0005714784,0.20344532,0.044895582,0.005023392,0.011905962
35200323,145.0,35.0,0.0,0.0,0.0,193.24368,21.669682,10.166305,2.215522,18.263357,0.11841242,0.34730238,0.16942202,0.30072916,0.012496474,0.1494457,0.10091855,0.3001708,0.16464499,0.08239079,0.017601652,0.058619417,0.194827,0.026638191,0.010442508,0.0103626875,0.19746938,0.052701842,0.005247389,0.012858149
35201760,0.0,10.0,0.0,0.0,0.0,9.677064,7.873005,0.8540716,1.3075938,0.63445646,0.20371646,0.11035861,0.10559282,0.016856503,0.069056064,0.18118198,0.10109131,0.29303825,0.16963862,0.051508553,0.021540578,0.06377581,0.19907403,0.06315254,0.060875714,0.010597229,0.19631706,0.07550901,0.0065274728,0.056846377
35201110,0.0,0.0,25.0,0.0,0.0,13.095259,4.5759244,8.201208,1.5904999,0.6270051,0.24006997,0.10171135,0.10695833,0.0076546893,0.23082776,0.09760557,0.0034618087,0.0024588339,0.014220732,0.06191431,0.10425064,0.30284116,0.20058057,0.17059103,0.09643098,0.010476742,0.21024846,0.034722865,0.0035772463,0.00439826
35200568,15.0,0.0,10.0,10.0,0.0,10.966814,0.804489,3.803181,2.029587,0.7041599,0.10490764,0.1995394,0.19372234,0.2967921,0.18071398,0.0989299,0.008262154,0.062904984,0.012610976,0.10122204,0.09201883,0.30466402,0.047433745,0.05184624,0.09992386,0.24208175,0.20687464,0.03307248,0.004137698,0.0051330207
35201257,0.0,0.0,0.0,50.0,0.0,1.1682289,1.139595,0.76220095,27.391888,0.44173452,0.17775771,0.020555282,0.090544485,0.062962875,0.17208408,0.023168594,0.020646045,0.059381884,0.17206599,0.1801843,0.0038775597,0.049001984,0.0105724,0.16028288,0.2891358,0.29786703,0.16863826,0.015942063,0.01804861,0.05061608
35201215,0.0,0.0,35.0,30.0,0.0,1.2599803,2.1552327,15.978736,20.775003,0.43915778,0.20875743,0.062412452,0.039220814,0.0075080935,0.1778943,0.16976973,0.0078164395,0.061483853,0.022935413,0.15579078,0.11338082,0.30184945,0.0118578095,0.17774226,0.1481521,0.29169205,0.19712557,0.050672896,0.006476038,0.011404008
35201906,0.0,0.0,20.0,0.0,15.0,2.2872176,1.2193474,8.07118,6.3972807,3.6426935,0.20986778,0.03621047,0.030620249,0.0015187833,0.16676503,0.07782832,0.0042363713,0.059984777,0.0039253877,0.09951041,0.085981205,0.30015054,0.20298916,0.36997902,0.11701436,0.00010679017,0.008470159,0.039199412,0.08043878,0.28835624
35202385,15.0,0.0,0.0,0.0,0.0,21.879082,3.498176,28.70155,1.0127281,2.3049035,0.053033665,0.249962,0.09480285,0.2409931,0.16701227,0.04612506,0.020670218,0.059935078,0.17512833,0.39121443,0.019320495,0.050893035,0.16851202,0.03301611,0.019657964,0.048641723,0.20139827,0.02403027,0.0006001513,0.0008819453
35202057,0.0,0.0,50.0,20.0,15.0,3.3146148,10.717696,73.54645,3.6453211,4.1933517,0.16804996,0.061622806,0.01858003,0.05071439,0.1750801,0.15912502,0.016521491,0.048231672,0.014094766,0.46814653,0.003726291,0.29046515,0.03908011,0.020702805,0.08320821,0.24200347,0.040253833,0.06435517,0.080304615,0.24020153
35203191,0.0,0.0,15.0,0.0,0.0,3.599459,1.614005,5.263388,1.5292175,0.48235303,0.19942337,0.07269399,0.06347008,0.063881546,0.2432659,0.068208,0.016071655,0.022197653,0.023686748,0.10993864,0.11876769,0.30908284,0.21675009,0.08368918,0.10349808,0.006137955,0.21664377,0.05683553,0.015190793,0.014463948
35200733,15.0,0.0,0.0,0.0,0.0,9.057189,0.549266,0.4699846,1.3784605,0.65648454,0.06780436,0.15982994,0.21095884,0.30367142,0.24973397,0.2076828,0.0058225133,0.004383795,0.17094173,0.046740487,0.022737933,0.06258495,0.17024514,0.023113485,0.030243125,0.051410303,0.22444826,0.042819522,0.008183256,0.014661469
35202337,20.0,0.0,0.0,0.0,0.0,22.88763,0.6869522,1.3454533,1.6169578,0.90907145,0.15943293,0.2492725,0.20040542,0.24231151,0.17859404,0.08426459,0.018905804,0.051040787,0.16845231,0.10719423,0.024341363,0.061684962,0.2021644,0.026534978,0.005095427,0.001313595,0.16720687,0.04422109,0.020717116,0.059023418
35204114,95.0,15.0,0.0,0.0,0.0,121.46383,9.399236,2.81314,0.83377653,0.7600053,0.16000326,0.33758265,0.10498325,0.24053577,0.0092008915,0.14205341,0.08040798,0.29045245,0.16177398,0.05098723,0.020712802,0.060119063,0.19985513,0.0090462975,0.0005027674,0.00046599173,0.19886154,0.029381115,0.0007984512,0.0024767793
35203211,0.0,15.0,0.0,0.0,0.0,22.527266,8.541916,3.7565818,1.277331,1.5174962,0.24762268,0.42113388,0.08850062,0.063308276,0.045822345,0.061645426,0.08376755,0.25362605,0.19864568,0.055541378,0.0053971447,0.014179558,0.19529504,0.02625031,0.012479541,0.01284938,0.20136227,0.017746136,0.0055533694,0.011886536
35200611,10.0,0.0,20.0,0.0,0.0,4.1661506,0.5263608,3.5097651,1.2514316,0.6658907,0.07276154,0.09768127,0.15012357,0.26027596,0.2652585,0.12323699,0.015469747,0.017155217,0.022572177,0.07024756,0.11591712,0.30703956,0.1755884,0.053267315,0.060001224,0.05325028,0.19286083,0.1012885,0.027697027,0.059879173
35201558,0.0,10.0,20.0,0.0,0.0,6.0926695,5.0851684,2.3346155,1.1428317,0.62302256,0.26174352,0.14226976,0.12563232,0.0076379823,0.068650104,0.09591649,0.08411582,0.2521522,0.04461649,0.07279132,0.085293904,0.2527944,0.16763578,0.08904453,0.06197184,0.060466312,0.17847505,0.077461556,0.01883008,0.05132329
35203835,0.0,0.0,0.0,0.0,0.0,1.4406885,0.9918077,0.97899073,1.7624846,0.7230259,0.19696431,0.1184926,0.06150226,0.068302825,0.23717424,0.111190535,0.038725194,0.07057435,0.18941788,0.08309766,0.040921766,0.07193303,0.20243292,0.041144464,0.03462592,0.020292979,0.22385015,0.036193326,0.031861126,0.067733265
35204762,15.0,45.0,30.0,25.0,0.0,8.2388315,16.28694,6.780327,25.964304,1.3463172,0.06652484,0.06477993,0.14048591,0.2548464,0.07053113,0.07761873,0.0054231184,0.24349351,0.04508455,0.06715944,0.09126521,0.25352025,0.040448777,0.27194154,0.192598,0.25183463,0.21090555,0.020084776,0.0051213405,0.0057116686
35204131,20.0,45.0,45.0,0.0,35.0,14.645094,70.68203,23.373293,0.0,22.305454,0.012862676,0.06251192,0.11659494,0.29307622,0.012557329,0.48800728,0.018225154,0.29943523,0.03743048,0.07095221,0.0027506617,0.2520856,0.20462331,0.01269554,0.012113461,0.0009206857,0.044350017,0.085204184,0.08281342,0.24286509
35201555,0.0,0.0,10.0,0.0,0.0,2.0896232,1.5302404,4.323603,1.5040317,0.33370346,0.23895152,0.075013936,0.068778306,0.019224042,0.24553207,0.085255645,0.020446211,0.021627327,0.032916903,0.11472998,0.12795644,0.31112918,0.21465915,0.051837705,0.040762525,0.009779249,0.18501388,0.09051615,0.029568065,0.05760349
35204166,0.0,0.0,10.0,20.0,0.0,4.7089543,13.920333,6.357097,3.3458602,0.38734725,0.22902597,0.13596642,0.035293177,0.0056694597,0.22530782,0.24762762,0.0038395883,0.0019989782,0.050190255,0.18430185,0.092586935,0.25474083,0.043116193,0.037152614,0.08661359,0.24145927,0.20794299,0.03828431,0.0030082879,0.0055648396
35203251,0.0,10.0,80.0,0.0,10.0,4.126279,7.0532336,81.25506,0.528909,4.1634774,0.2004213,0.052883614,0.00055378024,0.00013151346,0.035213057,0.13795367,0.08009401,0.24962257,0.016225925,0.5533142,0.012635698,0.29782423,0.16798644,0.005375578,0.016090618,0.048094995,0.03366915,0.052025594,0.08325689,0.24962856
35200640,60.0,15.0,60.0,0.0,20.0,45.477676,4.715392,5.783162,0.0,4.7506433,0.1210644,0.22777702,0.21265453,0.30064142,0.043894514,0.07741604,0.084600866,0.2525032,0.034535136,0.05317937,0.0011138313,0.25266895,0.20191118,0.057786714,0.014216838,0.00057101535,0.0351454,0.046478614,0.08479513,0.25311437
35201170,0.0,0.0,0.0,85.0,0.0,3.3827884,3.149277,3.500055,85.48801,0.4383804,0.20876136,0.025807334,0.06616451,0.013483284,0.20531116,0.03750986,0.00610734,0.012460531,0.17457396,0.06963676,0.02199437,0.051249135,0.011262834,0.22875357,0.30853197,0.2886425,0.17026953,0.023779426,0.018698322,0.050972365
35203538,10.0,0.0,65.0,0.0,35.0,5.128088,31.59694,25.489902,0.09897399,24.435686,0.038890615,0.03698631,0.093940124,0.250658,0.18281038,0.34487468,0.00423143,0.058230903,0.008659449,0.120052,0.023696234,0.29832676,0.16206749,0.017010491,0.030812498,0.05780639,0.00489098,0.20774122,0.100872025,0.29863274
35200173,135.0,30.0,15.0,0.0,0.0,121.4327,8.3988285,3.283952,1.2591445,1.2642658,0.19569737,0.2881724,0.15940678,0.24163216,0.05406767,0.067474455,0.08426387,0.25075272,0.035418533,0.04638552,0.08522469,0.25231785,0.19979449,0.01924779,0.0062375935,0.0020948048,0.20455611,0.021121895,0.00089875015,0.0015039521
35201468,10.0,0.0,0.0,0.0,0.0,3.4433115,0.6543293,2.0606055,1.4044554,0.51879513,0.0906908,0.059065122,0.14677466,0.25497168,0.2557375,0.049710285,0.019647643,0.013801221,0.18582791,0.06575526,0.026767546,0.071215235,0.18592414,0.11265041,0.09732659,0.057901707,0.19926843,0.049286656,0.031570345,0.060643345
35203861,0.0,0.0,35.0,0.0,0.0,2.5681758,2.2389848,18.396902,1.4615873,0.69414485,0.23787993,0.07637526,0.06327096,0.022696396,0.21853933,0.089258544,0.013630213,0.016675824,0.066069685,0.14038654,0.117271475,0.26294082,0.1764668,0.09802681,0.07400316,0.056809008,0.20484012,0.057122968,0.011420554,0.015255797
35203545,0.0,45.0,85.0,0.0,10.0,32.772377,64.80037,30.114805,1.5869945,8.120382,0.16182876,0.044928566,0.021587973,0.060043246,0.00652557,0.40715003,0.01680616,0.29963073,0.034635823,0.16086982,0.004955475,0.2520806,0.19357413,0.0025410373,0.0033203945,0.009697709,0.03237545,0.17026402,0.084093906,0.25197965
35204626,0.0,0.0,10.0,85.0,0.0,1.2330449,1.3276271,4.0655265,92.46024,0.7446308,0.17290252,0.012534274,0.054313272,0.050608642,0.16298603,0.018693073,0.020517768,0.06026389,0.001340836,0.101730034,0.100757316,0.3004232,0.034532405,0.25289026,0.32638893,0.25032693,0.16787374,0.035982184,0.01725289,0.050468843
35201421,0.0,0.0,0.0,30.0,0.0,3.915352,1.496391,0.75784934,17.13696,0.4193991,0.24806431,0.13242745,0.11106436,0.014306858,0.21259254,0.070140734,0.0073682433,0.014626526,0.20285657,0.07404436,0.0079841735,0.012701802,0.050696783,0.13248438,0.20847152,0.24131145,0.20685852,0.025637444,0.003940445,0.003419675
35201702,0.0,15.0,0.0,20.0,0.0,4.1407213,10.925103,1.2144134,3.8379543,1.0736759,0.19959784,0.09804567,0.065592706,0.058790173,0.11942355,0.16265771,0.094715886,0.24593553,0.19298628,0.10381678,0.031430542,0.055692,0.045575682,0.04877405,0.10772593,0.24346356,0.22061163,0.074086644,0.009396976,0.010222217
35204377,0.0,35.0,15.0,0.0,0.0,2.0591958,24.663256,5.3127537,1.463744,0.6828883,0.19936764,0.12595235,0.06252767,0.06515108,0.045046296,0.214669,0.10676538,0.30205137,0.049183298,0.11132378,0.091540374,0.25561118,0.20191734,0.033476874,0.016835717,0.0037964415,0.2102379,0.11567807,0.0080920495,0.007316525
35204687,10.0,0.0,20.0,0.0,0.0,4.187791,1.6999357,3.78689,1.50786,0.92617023,0.09221476,0.074590534,0.20053859,0.25377372,0.23574005,0.112064496,0.027935535,0.06576784,0.048023958,0.033262216,0.0964503,0.260908,0.21217236,0.059565604,0.06958921,0.0048756553,0.23493126,0.056387346,0.009965092,0.022494586
35201787,10.0,15.0,0.0,20.0,0.0,3.417256,12.02641,22.08987,3.563895,4.4386353,0.04904251,0.036823742,0.10311738,0.24201635,0.05964233,0.14078356,0.08150814,0.2405681,0.16808958,0.32161087,0.02289995,0.06071587,0.04025128,0.045105375,0.10140744,0.24216047,0.20261712,0.16039819,0.001249321,0.0009928236
35202572,35.0,10.0,0.0,10.0,0.0,61.064625,2.876494,1.4664582,1.5198781,0.21516097,0.086308055,0.5115373,0.15105154,0.29940867,0.037072785,0.05707258,0.08168197,0.25259304,0.1632161,0.037969954,0.018507922,0.06096094,0.0095420685,0.02135452,0.10016238,0.28843343,0.20155701,0.009035378,0.0008428436,0.0010499436
35203246,15.0,0.0,0.0,0.0,0.0,3.2653909,0.16432731,0.36698037,1.3508283,0.6769047,0.07083127,0.041792773,0.15797529,0.2693932,0.26075763,0.0741217,0.020913955,0.025258176,0.21796845,0.072701745,0.024293544,0.024446525,0.17626208,0.06903979,0.10412213,0.067706764,0.23584187,0.04608415,0.020926293,0.028229553
35203052,0.0,20.0,10.0,0.0,0.0,0.9605431,4.672769,2.551846,0.8741005,0.90880644,0.27509305,0.12569752,0.10835437,0.009230882,0.05960413,0.056492522,0.08550468,0.25591302,0.015919922,0.07973942,0.109470926,0.3048008,0.17507766,0.13093492,0.09163087,0.059891578,0.20764254,0.042174608,0.0055746958,0.006040359
35204137,545.0,15.0,25.0,0.0,10.0,468.28745,10.990105,11.2403555,0.92268467,4.942633,0.065484025,0.25004733,0.04924015,0.00091537833,0.043492198,0.19425532,0.08138465,0.25205344,0.0022133554,0.14636524,0.09816995,0.30028895,0.20090485,0.10008478,0.02528873,0.00010383458,0.0022741521,0.14744617,0.09797661,0.29864162
35200769,15.0,0.0,20.0,0.0,0.0,4.932393,4.2147365,38.877296,1.028174,0.9053887,0.010636469,0.062864915,0.09897695,0.28820115,0.19391085,0.08993231,0.0041392324,0.011987235,0.035911158,0.58867615,0.08407,0.25018057,0.19370274,0.0070971563,0.003932717,0.00972857,0.20028256,0.038637284,0.000121291996,0.00017658473
35202172,20.0,15.0,95.0,10.0,10.0,3.6578867,4.5823483,188.60341,1.3009943,1.0893887,0.033639263,0.02116727,0.08373877,0.25014538,0.035766095,0.0762881,0.0833129,0.24964646,0.004904,0.6663755,0.0011566076,0.29809436,0.007818184,0.011786556,0.09665455,0.288401,0.00805359,0.015843088,0.09606147,0.2880405
35204773,10.0,25.0,105.0,0.0,0.0,8.999941,31.390867,69.39127,0.6583343,5.215797,0.040130798,0.04650899,0.09280737,0.2527845,0.049919587,0.3053399,0.083228685,0.24444102,0.007785105,0.26878098,0.024983577,0.3018367,0.20335189,0.017707016,0.020701684,0.0012290963,0.20334765,0.07394936,0.0030500207,0.0028956248
35201413,20.0,0.0,10.0,110.0,0.0,9.261164,0.0,2.2595172,76.19335,0.53515697,0.039694108,0.058242142,0.2116992,0.30136,0.21419507,0.051158324,0.0014557901,0.0011903383,0.03558509,0.036106892,0.085142806,0.2526458,0.03742251,0.18054046,0.27456862,0.25034124,0.20569344,0.01356128,0.0019125196,0.0030879795
35200956,0.0,0.0,10.0,80.0,0.0,3.1291525,4.8193173,2.9591846,52.079185,0.70082074,0.23498175,0.09489404,0.15149677,0.050347645,0.20562719,0.037201583,0.0050142477,0.011637401,0.038114283,0.059364244,0.08683653,0.25301176,0.046919137,0.15511842,0.1883796,0.24066755,0.19624974,0.020536065,0.005433336,0.012604284
35200863,90.0,0.0,0.0,0.0,0.0,82.59911,2.1918273,2.7104912,1.8483415,1.0325053,0.21745381,0.2807951,0.20774496,0.28819445,0.16306111,0.04857861,0.016111042,0.058112457,0.19258212,0.020705944,0.0042029712,0.012053436,0.20009427,0.018412638,0.0010057251,0.000104710125,0.20000744,0.010095749,0.00019746253,0.00052623986
35202983,0.0,0.0,0.0,25.0,0.0,1.4828954,5.6753435,29.559206,23.053175,0.6471113,0.21928135,0.11835699,0.05160843,0.014685991,0.18830311,0.0923769,0.01835667,0.05158615,0.20654894,0.07971224,0.0047239037,0.0034004839,0.042046595,0.22550377,0.21339196,0.24279295,0.20314483,0.022006297,0.002946593,0.0037485184
35204486,25.0,10.0,0.0,0.0,0.0,13.3461075,4.7680364,0.42331725,1.4155582,0.7810663,0.07061004,0.093087606,0.20697707,0.29971337,0.09398541,0.12066543,0.09234957,0.2479664,0.17940423,0.07003825,0.032703638,0.06733,0.20166562,0.04849156,0.036281735,0.013852097,0.22147433,0.07977007,0.01303484,0.018913217
35203865,30.0,10.0,20.0,0.0,0.0,17.290031,4.607989,2.902411,1.3863046,0.87397015,0.11919562,0.1121774,0.20371005,0.24871986,0.046557143,0.12441345,0.10422273,0.29537195,0.023513507,0.066131905,0.11070819,0.29841825,0.2005203,0.05121886,0.029605884,0.016269783,0.21405347,0.06556712,0.012336995,0.017052181
35200514,0.0,0.0,0.0,10.0,0.0,9.649575,3.311212,1.2679888,3.3846836,0.7688311,0.26881453,0.15970583,0.12135456,0.019065738,0.23190168,0.06385125,0.011345971,0.016751427,0.2069451,0.061711542,0.012188212,0.0169166,0.04768387,0.096910395,0.1339398,0.24514885,0.21362768,0.035419267,0.009497891,0.01650602
35201997,25.0,20.0,0.0,30.0,0.0,9.235828,5.430528,6.917121,33.60865,0.21856268,0.03320176,0.0753608,0.15970536,0.29210663,0.02331867,0.05364256,0.081760615,0.28912476,0.17223205,0.082091,0.01945629,0.05103948,0.010120323,0.33232167,0.20572875,0.2905304,0.20334807,0.01750648,0.0016658532,0.0016144022
35203350,40.0,65.0,45.0,0.0,115.0,27.683884,95.4262,37.132866,16.975122,122.40203,0.002813817,0.021144249,0.10373395,0.29862985,0.0052932263,0.38516957,0.0036543184,0.29988858,0.0076951967,0.07740507,0.0005938583,0.29042217,0.20092848,0.0041492926,0.0025119302,0.00018471046,0.008924495,0.29209358,0.016593935,0.288585
35200218,315.0,20.0,0.0,0.0,15.0,227.59169,10.44067,3.3187742,1.6700712,7.769981,0.14420888,0.2618212,0.15519133,0.004585231,0.054103468,0.10992814,0.08440378,0.2444185,0.16758479,0.11333537,0.026433587,0.062454626,0.20338985,0.032208446,0.009797169,0.0020916127,0.037608076,0.11621712,0.08662277,0.25185648
35204213,40.0,110.0,45.0,0.0,70.0,26.375124,111.291626,44.819935,12.532941,87.04901,0.046185236,0.036478695,0.087312944,0.24116035,0.052510787,0.26304784,0.00079535233,0.2404017,0.010395892,0.13749062,0.018561017,0.29095453,0.1686276,0.008686593,0.017368501,0.04829305,0.041659407,0.31426188,0.00062633073,0.24112004
35203816,10.0,0.0,10.0,0.0,0.0,4.320658,0.5714213,5.043022,1.7271166,0.8368988,0.09219343,0.07278163,0.18436989,0.25179452,0.22878762,0.08731528,0.026579387,0.055424944,0.023704946,0.13711776,0.09707174,0.30932373,0.20840546,0.036769297,0.049351603,0.013392291,0.19498895,0.057172894,0.029266516,0.06278852
35200009,0.0,10.0,35.0,0.0,25.0,2.018366,3.0835388,64.57297,0.0,7.38489,0.18423066,0.05143679,0.04256269,0.060131487,0.009185856,0.04655505,0.096925974,0.29050094,0.007643493,0.5855731,0.080432676,0.29053515,0.20038301,0.013316718,0.00285469,0.00011433084,0.007030783,0.034216587,0.09696088,0.290623
35204767,20.0,370.0,345.0,0.0,70.0,9.606626,278.35013,302.4096,2.2641985,17.478937,0.042179495,0.06884471,0.09340725,0.24270517,0.042705137,0.4237002,0.0012495688,0.0024943445,0.041885138,0.42790923,0.008851634,0.0102708,0.16225502,0.04711228,0.061707575,0.057730168,0.034082234,0.0557606,0.0037454849,0.2501981
35203292,0.0,15.0,30.0,0.0,15.0,8.768081,11.927198,63.73285,4.5887375,15.944702,0.16777949,0.01020827,0.01878948,0.05013179,0.036639642,0.08211562,0.08084668,0.2516462,0.0018520138,0.6289184,0.08476539,0.29966545,0.19241351,0.0035756298,0.0061628744,0.011561282,0.0009783092,0.060287125,0.100174464,0.29972655
35201806,0.0,10.0,0.0,0.0,0.0,0.49459827,5.098113,0.44781432,1.6391985,0.037174553,0.243343,0.13217574,0.08646056,0.056543168,0.07535546,0.13612854,0.1045638,0.2975117,0.18114361,0.04950161,0.028881945,0.05744803,0.20837685,0.05626619,0.03192553,0.004204575,0.23132013,0.043159593,0.008995013,0.009948904
35204502,15.0,0.0,10.0,0.0,0.0,6.5385704,2.2706988,7.305197,1.4302216,1.0119963,0.040957663,0.103824444,0.13879387,0.297539,0.2450796,0.06723339,0.011465582,0.0049564363,0.05943583,0.21213123,0.10267458,0.25727925,0.20080839,0.043547302,0.029625785,0.013650402,0.20715575,0.10806105,0.008965788,0.013722043
35201165,0.0,20.0,15.0,85.0,0.0,3.153878,5.904211,4.249253,81.48689,0.5735654,0.2215819,0.034497183,0.08184514,0.005806135,0.050145943,0.035004806,0.08337357,0.2439179,0.01623081,0.07296234,0.105077185,0.29287088,0.03957484,0.22601187,0.25067037,0.25146767,0.20220847,0.024186358,0.0029398154,0.0034149115
35204163,25.0,10.0,10.0,0.0,0.0,30.76972,7.1930647,4.059239,5.5913897,3.2678337,0.09535894,0.3263855,0.14287566,0.25250468,0.0052171494,0.1654348,0.08379809,0.30010384,0.010753747,0.1053388,0.082239956,0.29083046,0.19907132,0.017086523,0.0014118764,0.0021519754,0.16757697,0.04793437,0.017066954,0.050636295
35203290,0.0,40.0,65.0,0.0,20.0,0.9742179,28.681793,38.78239,1.661338,5.525633,0.21112466,0.15283257,0.018691264,0.010556831,0.04093615,0.19690551,0.08452602,0.25217196,0.0059498493,0.19754502,0.023966057,0.30045825,0.1670889,0.056735687,0.065424815,0.05019653,0.034474924,0.07507203,0.083608456,0.25029206
35201726,25.0,30.0,0.0,0.0,20.0,27.042051,6.7397966,65.35685,3.108502,13.315088,0.06260819,0.26689237,0.11560407,0.24345377,0.045129456,0.02521274,0.08167221,0.24300109,0.20294765,0.30773193,0.0022886347,0.0026061116,0.17036869,0.06663329,0.04594683,0.048305817,0.041529715,0.022713041,0.08083271,0.24072133
35202079,10.0,0.0,10.0,10.0,0.0,2.872033,3.7032108,11.136194,6.8640413,0.7359795,0.043605153,0.040613644,0.10323371,0.2535167,0.1945183,0.06353827,0.020149682,0.049658902,0.047731157,0.293782,0.09201442,0.25147748,0.011758534,0.21844591,0.14194986,0.28891137,0.20479248,0.032952193,0.002766535,0.0022920927
35204019,220.0,25.0,145.0,0.0,10.0,97.82795,31.143967,154.24077,7.7654924,15.571481,0.040990505,0.2537749,0.013054609,0.2530549,0.010618988,0.325301,0.10138525,0.3004151,0.0132413525,0.38294977,0.020203901,0.29117033,0.20039183,0.008367092,0.0033729356,0.0007647417,0.04209393,0.10102373,0.08165446,0.24147886
35200411,35.0,0.0,90.0,0.0,0.0,9.034128,2.8580644,49.992752,0.6276004,1.5098692,0.019014873,0.05543286,0.120510384,0.29079276,0.20969608,0.21497497,0.0056759478,0.013160635,0.015434451,0.29640874,0.022053298,0.29225832,0.20244634,0.014682259,0.013938123,0.0009833948,0.20705861,0.11318668,0.0020322262,0.0045092776
35200211,135.0,10.0,10.0,0.0,0.0,117.64528,5.3249397,7.076441,0.6883634,2.3862343,0.14858787,0.25025222,0.16586687,0.28847516,0.012858965,0.07066424,0.09633942,0.2881267,0.034057092,0.109621614,0.084727034,0.25216576,0.16811924,0.019849166,0.020655071,0.048445147,0.20064408,0.04425075,0.00027829478,0.0002154354
35202224,0.0,10.0,55.0,20.0,0.0,1.7869513,5.039291,20.096697,2.3317664,0.78285617,0.20335872,0.1896079,0.07020917,0.065725565,0.024858518,0.10562247,0.103024215,0.29264736,0.062361896,0.15020402,0.022982547,0.25688928,0.0053074965,0.037093606,0.11064568,0.30013478,0.20676398,0.103624605,0.004408879,0.0024010877
35204057,45.0,85.0,95.0,0.0,45.0,9.542986,92.39938,32.086292,0.0,17.669046,0.015646677,0.051594287,0.032980934,0.29393938,0.058123905,0.41612872,0.0042389263,0.24506134,0.044673774,0.09460375,0.0052683637,0.24492054,0.19526857,0.016564805,0.020887906,0.013547465,0.047599006,0.1106987,0.0042664576,0.24571998
35202657,20.0,0.0,75.0,0.0,0.0,12.91712,2.1748977,12.821138,1.2318767,0.66270083,0.08247224,0.12797205,0.1359775,0.24304053,0.18577093,0.2556551,0.01812155,0.051687032,0.013308753,0.09503434,0.02993211,0.30268696,0.1959303,0.046060592,0.02114391,0.012562909,0.20549127,0.09204545,0.0033662603,0.0026980347
35204570,75.0,10.0,0.0,0.0,0.0,74.04218,3.3350854,0.9791298,1.1103051,0.6937088,0.16782518,0.22018525,0.17569055,0.24076223,0.013682564,0.09246002,0.09660021,0.2906422,0.16200225,0.051665105,0.020198533,0.06047194,0.20107855,0.05954679,0.00861237,0.00020218235,0.16208497,0.047400143,0.020037517,0.06017767
35204447,0.0,0.0,30.0,15.0,15.0,2.9762228,3.5125005,14.997558,10.4250965,5.869632,0.17780638,0.04547082,0.07543586,0.061985295,0.22571376,0.08024415,0.0034135215,0.0047409716,0.01742492,0.18233186,0.10307293,0.29200715,0.044175856,0.17200938,0.18474804,0.24247243,0.045450695,0.06940941,0.08388536,0.24283452
35203002,10.0,10.0,0.0,10.0,0.0,2.6493196,2.849038,3.9886708,7.4503527,0.448376,0.02001742,0.04444444,0.12811118,0.29435143,0.02888944,0.059507947,0.09914586,0.29192796,0.17068373,0.23330116,0.007103975,0.0609674,0.0071224226,0.23878108,0.1898341,0.29829413,0.16470021,0.024879029,0.021966003,0.05934984
35203131,0.0,0.0,10.0,10.0,0.0,0.15343082,10.579424,5.060914,12.310069,0.02249078,0.18518174,0.046088636,0.07091746,0.05121492,0.17781936,0.08372612,0.01695395,0.04927545,0.003562917,0.082984835,0.08565141,0.3004735,0.042452708,0.3182812,0.23173343,0.24028088,0.20152263,0.019215096,0.00083760003,0.0007821103
35204384,10.0,0.0,10.0,0.0,0.0,9.988657,21.312223,4.5609603,1.1722711,0.5474998,0.021115866,0.13419512,0.14554124,0.30060345,0.23146594,0.35671985,0.0005652801,0.00036916844,0.009919411,0.022817053,0.09770997,0.29073146,0.16794072,0.09005551,0.069688596,0.050108872,0.20573677,0.013370046,0.00090563635,0.0015608591
35203201,95.0,0.0,0.0,0.0,0.0,84.03931,1.4286363,1.8180186,0.96933883,0.97148305,0.18875778,0.20865324,0.17450483,0.25035325,0.20442268,0.07987702,0.0012005981,0.0024282269,0.16897756,0.05117546,0.017846968,0.05077329,0.16972722,0.05498811,0.038970638,0.0482285,0.19992718,0.02409371,0.0012885743,0.0026922908
35203257,10.0,0.0,0.0,0.0,10.0,7.83692,2.6294327,2.6727796,0.75616336,2.3047833,0.073536396,0.124592684,0.20418882,0.30174553,0.20841472,0.037108984,0.005325851,0.013864196,0.20633587,0.060064945,0.0059275324,0.0038718572,0.20749511,0.19053203,0.10265556,0.00042173715,0.04408979,0.033655576,0.08229004,0.24189085
35204034,0.0,10.0,120.0,0.0,10.0,30.084219,13.567846,113.78754,16.01665,4.349234,0.2039952,0.051211268,0.010450875,0.0029457337,0.03870241,0.18009609,0.08369504,0.25031888,0.04951393,0.41542256,0.005071491,0.24070133,0.16841368,0.048430305,0.042687755,0.048560236,0.040644877,0.038693774,0.080598146,0.24075107
35201835,0.0,45.0,35.0,0.0,55.0,1.5906583,25.90731,45.691086,0.0,17.515808,0.174236,0.03451045,0.041488845,0.059970327,0.021869017,0.17420718,0.018512208,0.2895967,0.038231112,0.40782118,0.087210186,0.25347936,0.20033853,0.013166602,0.007282289,0.0027728297,0.04432333,0.08623406,0.002625603,0.24378714
35203541,15.0,20.0,60.0,0.0,80.0,13.1152315,17.620174,86.63661,6.1753764,56.99479,0.023853896,0.029166069,0.1207555,0.28974617,0.010036914,0.13291499,0.100848585,0.29907456,0.005104926,0.39512953,0.02225589,0.29968452,0.2001042,0.0104927225,0.0059223627,0.003254036,0.04281379,0.15491493,0.0024687434,0.24341065
35200123,335.0,35.0,10.0,0.0,40.0,373.67227,17.428102,8.424848,0.0,21.948967,0.12036662,0.28659135,0.13858783,0.004624273,0.051650677,0.1122414,0.0826828,0.24346434,0.042499915,0.124158576,0.08326133,0.24366358,0.1699791,0.047499638,0.028855482,0.049151678,0.04341316,0.1186327,0.08273524,0.24379767
35200797,0.0,0.0,0.0,0.0,0.0,3.0386431,1.0570836,1.6633022,1.6173937,0.469657,0.19770417,0.05245458,0.0783937,0.07789718,0.21456237,0.062088314,0.03646578,0.07080578,0.22702083,0.069158405,0.03262562,0.023695849,0.1813997,0.12490046,0.09921745,0.068665996,0.22871482,0.03572484,0.020191282,0.017488087
35201298,0.0,0.0,0.0,0.0,0.0,2.9221911,8.044021,3.0453002,5.7564883,1.832099,0.19204338,0.3682801,0.03096456,0.060038716,0.16603616,0.20448294,0.0010031061,0.06012148,0.16937265,0.07785162,0.0018878871,0.058394786,0.2004722,0.022101838,0.0011291398,0.00029822427,0.16294011,0.0632523,0.0035053634,0.057906542
35200127,280.0,15.0,10.0,0.0,55.0,323.2832,7.4533014,8.57492,0.0,27.770521,0.09495161,0.30886266,0.1326112,0.0019931558,0.017534042,0.12594494,0.097477145,0.28905183,0.035003025,0.13454062,0.08640287,0.25289956,0.20125046,0.0350583,0.0042517837,0.0006232429,0.008610117,0.13702592,0.018441498,0.2911182
35202167,0.0,0.0,80.0,10.0,0.0,1.6964562,3.4590435,40.501247,1.833242,0.8677264,0.17047715,0.03281215,0.020175403,0.04882239,0.17912869,0.19590378,0.00095804187,0.048290957,0.023414351,0.29721734,0.016217817,0.2986736,0.03413405,0.04973005,0.08684809,0.24977809,0.16890903,0.16222297,0.001084201,0.04838952
35202573,15.0,10.0,15.0,10.0,0.0,28.392729,7.502913,5.440761,1.7161151,1.8597033,0.06628542,0.54154795,0.1330418,0.29039216,0.046969865,0.05006367,0.08533925,0.25109807,0.0054541635,0.032945123,0.09947852,0.30188853,0.041742064,0.014526391,0.09001472,0.24269013,0.19926786,0.012523776,0.0058679883,0.012582628
35200578,10.0,0.0,0.0,0.0,0.0,3.1996489,0.5181048,0.7279341,1.6866004,0.72626925,0.08410632,0.051956356,0.15530676,0.2659911,0.22249375,0.06187835,0.038289476,0.06978514,0.18674546,0.15770112,0.040068254,0.07324318,0.2162277,0.037544575,0.0417728,0.008481536,0.19940816,0.05502248,0.037982613,0.074237704
35200812,15.0,0.0,30.0,0.0,0.0,2.70039,1.0485965,25.687807,1.3333701,0.43139243,0.01825141,0.04013166,0.1144684,0.2978257,0.2085311,0.15851843,0.010017084,0.004647187,0.038660545,0.26381454,0.11000355,0.24652252,0.1990936,0.08018828,0.048841108,0.014274879,0.17538528,0.084615745,0.008905578,0.053062305
35201858,0.0,195.0,10.0,0.0,0.0,3.3478384,88.09878,8.033611,1.1418666,1.5029283,0.2276963,0.07228903,0.044103898,0.015073163,0.06673506,0.27395144,0.029181033,0.29215676,0.018608063,0.21994118,0.10676258,0.30433604,0.20468608,0.038473617,0.018466623,0.004998488,0.17679256,0.113459684,0.02416303,0.06577313
35200436,20.0,55.0,55.0,0.0,65.0,7.617595,19.613684,56.733974,1.9377713,47.83476,0.048731845,0.041275136,0.09736013,0.2513176,0.01602197,0.18840401,0.020924253,0.2995031,0.03684836,0.29136375,0.005960563,0.25149533,0.20167625,0.012019232,0.0063907444,0.00084147777,0.04627731,0.18844129,0.0018067502,0.24199185
35204028,240.0,80.0,540.0,15.0,20.0,119.021835,103.71373,614.82513,2.2727363,15.973121,0.008256559,0.21960083,0.027767416,0.29950806,0.04947709,0.3341106,0.0022946675,0.24099156,0.03371477,0.4094161,0.032619033,0.051459633,0.0401619,0.008894522,0.08592519,0.24273032,0.04143385,0.06048072,0.08179423,0.24274452
35201652,0.0,10.0,0.0,10.0,0.0,5.050374,9.176512,1.5312246,1.6938643,0.55784345,0.207243,0.029881673,0.019827237,0.0031031352,0.05657704,0.24117458,0.09982637,0.28924885,0.17817347,0.19757211,0.026730686,0.059396308,0.008306998,0.053698953,0.13264969,0.2906989,0.20486644,0.10578545,0.0023519387,0.0016448885
35200746,10.0,0.0,0.0,0.0,0.0,12.941083,1.4083309,1.0966736,1.7163248,0.9019939,0.07587458,0.37732694,0.15942071,0.29132837,0.17361817,0.14704372,0.017604258,0.060466476,0.1687444,0.04584643,0.017846249,0.058821205,0.2008988,0.041486446,0.0046456177,0.0007211879,0.19788875,0.018199347,0.0040150303,0.010958934
35203572,15.0,20.0,25.0,0.0,10.0,9.324873,19.18192,32.890343,4.786067,16.447382,0.042820603,0.054883443,0.08463486,0.24226496,0.013452414,0.17743671,0.09711983,0.29045048,0.0038509998,0.32137373,0.08557378,0.30015162,0.19344473,0.014245949,0.013283836,0.0100554535,0.007096439,0.19667388,0.096813366,0.2900844
35201996,0.0,20.0,70.0,10.0,10.0,1.9666376,18.132696,42.963886,0.8449545,3.8963149,0.17296503,0.0737183,0.02351456,0.048776686,0.014065209,0.25309274,0.09647784,0.2886154,0.046503007,0.32579604,0.0028898122,0.24061799,0.034092363,0.01680103,0.08925451,0.24967429,0.008455174,0.093461774,0.09629868,0.28816956
35204174,20.0,20.0,65.0,0.0,0.0,4.4979744,9.805079,61.193176,0.9261026,0.65596807,0.008930965,0.030614339,0.10080248,0.29072726,0.041166574,0.14137635,0.084088,0.24993625,0.0143945385,0.49144498,0.019918682,0.2903246,0.16235948,0.047060993,0.028413769,0.05778674,0.20099328,0.05016384,0.00057641516,0.00046222052
35203844,55.0,15.0,0.0,35.0,0.0,48.698265,8.614244,16.214357,12.70231,1.8102427,0.12217574,0.23378196,0.14618658,0.2912413,0.007138433,0.113126606,0.10071092,0.30029324,0.16444571,0.11390601,0.0045831073,0.058557734,0.041016318,0.07691392,0.09124288,0.240378,0.16984709,0.035937887,0.016782526,0.0487958
35200125,255.0,10.0,10.0,0.0,15.0,246.7253,12.338853,11.273722,1.8134784,11.265894,0.08521728,0.2575232,0.15252109,0.29909623,0.048160546,0.1392724,0.081551656,0.24276248,0.0041126246,0.15097411,0.08529213,0.29879978,0.2010253,0.031902745,0.0053404933,0.00036025897,0.042251077,0.13371454,0.08149042,0.24148181
35204484,10.0,10.0,0.0,0.0,0.0,3.9344716,3.6736393,0.30247512,1.4777609,0.6210676,0.085422814,0.106083244,0.20561913,0.30724552,0.06450021,0.097368255,0.11024104,0.30575955,0.18301442,0.05178293,0.029795926,0.059170052,0.20439395,0.04111363,0.04410508,0.013839019,0.24070963,0.049515504,0.010208861,0.010951307
35200903,15.0,10.0,10.0,0.0,0.0,22.98362,6.011075,5.145107,1.7018323,2.5719142,0.16136834,0.37497333,0.19542298,0.25394568,0.010171078,0.03932649,0.100913085,0.29875502,0.014018046,0.047437653,0.0850754,0.29165494,0.16205353,0.028839706,0.02609668,0.06015495,0.2026826,0.028838646,0.0011372683,0.0007090471
35202016,10.0,10.0,35.0,0.0,20.0,1.0660841,7.1835003,25.088644,0.0,6.8616233,0.0043679574,0.019758373,0.08926349,0.29989105,0.03474544,0.21433201,0.08162042,0.28927144,0.013607163,0.25725842,0.083016135,0.28916025,0.1995154,0.1458934,0.028643535,0.002765332,0.010103695,0.07781159,0.081884064,0.28943762
35204937,0.0,0.0,0.0,0.0,0.0,46.95015,97.99228,96.12077,8.752312,21.819836,0.1766121,0.042694468,0.027271297,0.048628617,0.19914399,0.19013125,0.0036530183,0.010339723,0.16443022,0.45304757,0.00654161,0.060549375,0.19918975,0.01071337,0.004240382,0.0025143977,0.20111674,0.062144384,0.00068716373,0.0005421946
35204406,15.0,30.0,15.0,10.0,0.0,4.491076,5.810387,25.215038,1.5828342,0.907475,0.034337327,0.06809592,0.11608052,0.28841713,0.0076714866,0.055675633,0.09969976,0.2981652,0.036582075,0.51604384,0.0856218,0.25216287,0.04031138,0.026533881,0.08259679,0.24007338,0.19253983,0.053519484,0.00408264,0.012054412
35200181,105.0,0.0,15.0,0.0,15.0,113.01095,10.464914,4.1694145,0.0,2.135591,0.16456662,0.34916884,0.11465205,0.25242168,0.20562425,0.052276492,0.00069550436,0.0009540317,0.0037481466,0.056451507,0.10066793,0.29841518,0.16886427,0.044137493,0.037111092,0.04849996,0.009166963,0.01813784,0.096789986,0.28857687
35201267,10.0,0.0,15.0,30.0,0.0,2.275476,1.6714951,3.9114735,40.97562,0.70802754,0.012533655,0.028254759,0.14651962,0.2996672,0.1733686,0.034873247,0.020171909,0.058729973,0.036588587,0.08127347,0.082643785,0.25238922,0.0034112693,0.36186832,0.28773132,0.29970086,0.19363701,0.01826941,0.004831681,0.012211906
35204500,25.0,50.0,20.0,0.0,0.0,42.441883,14.832578,11.621356,1.1768034,4.1866145,0.12316744,0.44026622,0.15615885,0.25051016,0.037098352,0.03439066,0.0034726674,0.24990886,0.0014999221,0.037533708,0.097313836,0.30016068,0.1686751,0.0756047,0.04718413,0.04809315,0.20067419,0.00966922,0.0002033049,0.00020613254
35201435,25.0,0.0,10.0,45.0,0.0,14.394799,0.0,1.8093683,23.58311,0.36836213,0.06337309,0.09199221,0.22092193,0.30482274,0.23197836,0.11961971,0.0049395585,0.0038285009,0.013007207,0.04079923,0.10579694,0.3020296,0.04367472,0.124870464,0.10831581,0.25209954,0.21260893,0.027296891,0.0053215106,0.0049272557
35203899,160.0,105.0,160.0,0.0,20.0,90.59687,135.67288,104.133,4.7991242,17.543056,0.037916303,0.24377286,0.034947947,0.29007173,0.041166548,0.3774728,0.00024118513,0.24048576,0.03435282,0.35167196,0.0037522253,0.25015703,0.19394563,0.011185758,0.007794253,0.00964586,0.039988868,0.05840914,0.08025967,0.24053918
35202884,0.0,0.0,0.0,0.0,0.0,4.785197,1.5044672,3.127997,1.8167895,0.88941664,0.2258081,0.1208055,0.1347169,0.0715876,0.26621157,0.07327748,0.0116505595,0.0099660065,0.21980715,0.03816663,0.010453754,0.008130951,0.21334037,0.08223814,0.053503923,0.003080341,0.20364022,0.035432935,0.026008617,0.061774917
35203008,0.0,0.0,0.0,30.0,0.0,25.867056,6.0589867,0.90318304,5.4953027,0.69227916,0.2998392,0.096414946,0.15322031,0.005958882,0.19356464,0.10368633,0.020938803,0.05248739,0.17883813,0.11582591,0.007352236,0.052009918,0.040901463,0.0474251,0.1253831,0.25176966,0.18361504,0.045469254,0.02097576,0.052504927
35203220,10.0,25.0,0.0,0.0,0.0,5.839968,13.127102,1.8955132,1.414635,1.0599042,0.10642653,0.105343945,0.16963558,0.2594702,0.04275123,0.110480234,0.09349739,0.30209938,0.18601237,0.16410041,0.032293268,0.057075627,0.20569511,0.025152318,0.011726756,0.0042440956,0.18506475,0.08132341,0.0048251143,0.053114995
35204508,0.0,0.0,10.0,0.0,0.0,0.47447312,5.1224194,4.517512,0.76169395,0.35852993,0.19331881,0.20322676,0.046451442,0.058306612,0.17287293,0.3372401,0.020794492,0.060037944,0.0086134095,0.11279961,0.08619839,0.30029017,0.20034555,0.008244712,0.0018167743,0.000898657,0.17515473,0.04151344,0.0010719076,0.049194153
35204540,0.0,0.0,55.0,0.0,0.0,2.201197,1.3844994,16.211273,1.3800738,0.83504796,0.19277811,0.101202786,0.040302157,0.0044576856,0.20514911,0.21652827,0.020550907,0.049860552,0.029553816,0.12660106,0.032744125,0.29134575,0.19572775,0.022680845,0.011449022,0.01097504,0.17694533,0.18312709,0.020666862,0.05092528
35204511,0.0,0.0,0.0,0.0,0.0,3.6599298,2.281428,5.5847516,1.6623919,1.0527977,0.23267168,0.05726934,0.07841726,0.03253518,0.24735007,0.050584648,0.0204038,0.024552923,0.2290517,0.0818618,0.025603699,0.011993865,0.21598586,0.10507857,0.09398892,0.017988238,0.22280282,0.044614222,0.016462177,0.014618327
35200387,80.0,0.0,10.0,0.0,15.0,109.050835,1.9846044,2.845259,0.0,2.283854,0.126145,0.5112481,0.05591172,0.2520249,0.19359906,0.078272976,0.00021031899,0.012028354,0.034177367,0.033137623,0.08042709,0.25168923,0.20011383,0.009629952,0.00028561187,6.39055e-05,0.032653593,0.016502136,0.08070757,0.2515884
35204435,25.0,25.0,140.0,75.0,25.0,16.354752,14.178995,100.583626,67.4427,13.856779,0.025321515,0.092681475,0.13208345,0.24306832,0.013111289,0.08500762,0.10090877,0.29834956,0.02734746,0.32106435,0.02802826,0.2913351,0.04315324,0.27021307,0.045453154,0.2405746,0.0030212374,0.050281823,0.084827766,0.29889855
35202122,0.0,0.0,25.0,0.0,0.0,1.4129245,0.7058512,27.642218,0.9777318,0.47895503,0.19580697,0.03968224,0.005946026,0.0107214935,0.21607043,0.19856197,0.0015874048,0.009958463,0.023134852,0.35410783,0.092086986,0.3003044,0.16726302,0.03803726,0.019953059,0.050194845,0.19512434,0.09693575,0.0011261228,0.010034209
35203927,295.0,0.0,20.0,0.0,10.0,269.17023,29.52658,18.847393,3.3354023,7.9392533,0.04962798,0.36705288,0.07806205,0.058954712,0.17620324,0.13343672,0.017789584,0.050352294,0.004130422,0.19006912,0.10204066,0.30073634,0.16877094,0.024384197,0.01969141,0.048685785,0.040462814,0.10924198,0.08208252,0.24296845
35203355,0.0,25.0,55.0,0.0,95.0,7.621267,32.09851,34.396248,0.0,58.25093,0.1771701,0.026277237,0.03145406,0.05322529,0.04703218,0.33066595,0.08767849,0.25395942,0.038110506,0.17100288,0.008305034,0.25466624,0.20324907,0.0087792715,0.008378713,0.0016982086,0.039947458,0.17153823,0.007643924,0.2548664
35204590,0.0,0.0,10.0,0.0,10.0,4.74198,3.2603135,6.5459423,2.1098104,1.7482605,0.1653115,0.016588202,0.030076167,0.06026984,0.20732246,0.055056684,0.0021735171,0.0010824951,0.009900315,0.13000305,0.10304375,0.28936988,0.20063172,0.43656334,0.09371491,0.0028761048,0.035320953,0.023038788,0.08205925,0.25074896
35200744,20.0,10.0,10.0,0.0,0.0,14.491021,4.979491,8.659395,1.5173059,0.95216405,0.052778702,0.22458015,0.09801206,0.24336301,0.016277034,0.13818052,0.086019784,0.2984904,0.006817414,0.2708731,0.10245419,0.3009668,0.20111561,0.08487516,0.0058413483,0.0010545682,0.19559443,0.03805499,0.0049436283,0.0132367825
35201464,15.0,60.0,15.0,0.0,0.0,5.5818768,50.023514,20.653593,0.8393946,2.336843,0.00994124,0.041872878,0.09957052,0.290281,0.005197485,0.2614729,0.0042189844,0.29990193,0.009275445,0.39105925,0.08156299,0.29031017,0.20033793,0.00415911,0.0012853115,0.00017092259,0.1692829,0.08105476,0.00037141188,0.048403155
35203872,10.0,0.0,0.0,0.0,0.0,4.2599325,0.8541861,0.96032834,1.2328813,0.8198545,0.05019318,0.09679198,0.14794144,0.31630975,0.23894525,0.122174725,0.020419233,0.057217717,0.1959249,0.13496728,0.033159904,0.021418054,0.1817957,0.02499734,0.04196643,0.056284674,0.20818463,0.065324076,0.028391903,0.06026817
35204009,20.0,10.0,45.0,0.0,0.0,11.865793,16.042807,47.979836,1.7599008,3.5456085,0.041836906,0.04183246,0.08416679,0.240639,0.012672814,0.3482276,0.09998932,0.29785252,0.03872653,0.2882054,0.0066076536,0.25191328,0.16166627,0.012355116,0.026538976,0.05814372,0.20101282,0.06853004,0.0004980037,0.00033645917
35202807,20.0,10.0,0.0,0.0,10.0,21.169199,4.151332,2.7048452,0.0,1.2126471,0.07410033,0.32231653,0.16527295,0.29903433,0.046599947,0.113848105,0.084192395,0.252386,0.19861287,0.033500373,0.0047063697,0.012235794,0.20180638,0.1310942,0.017368885,0.00039775483,0.042561803,0.010137819,0.081319205,0.24305911
35200866,0.0,0.0,0.0,0.0,0.0,26.676586,5.9645634,3.7125049,1.2240117,1.4043443,0.22809242,0.46930754,0.04871405,0.048671134,0.16372825,0.053126857,0.019527745,0.05813817,0.16240536,0.10556844,0.017456645,0.060111802,0.1988729,0.026632646,0.0035272264,0.0020786764,0.1616444,0.04206548,0.019406762,0.05806584
35204480,0.0,0.0,0.0,0.0,0.0,8.517885,48.694996,16.667269,1.1835155,10.263124,0.20122525,0.06923436,0.012518086,0.011922292,0.20536727,0.39137694,0.020698098,0.0585167,0.17555772,0.15296216,0.0021167218,0.04860542,0.16736212,0.024981922,0.022562088,0.050365552,0.16728166,0.06949456,0.021254055,0.05924511
35201576,0.0,0.0,0.0,15.0,0.0,24.689047,86.2701,4.81313,3.1307776,1.6113948,0.18488441,0.2633023,0.03187705,0.05833999,0.1721399,0.23263876,0.01708979,0.050061807,0.16731013,0.20064424,0.005073185,0.05822489,0.032645367,0.030132044,0.08617768,0.25171497,0.2010668,0.01848508,0.00027242192,0.00022759559
35202089,0.0,0.0,90.0,15.0,0.0,0.95840347,9.770915,80.187256,3.3951354,1.6951815,0.18609121,0.08620484,0.030930225,0.058585178,0.17122474,0.20713417,0.021200364,0.06014966,0.07346952,0.30522057,0.018235184,0.2522896,0.008567646,0.045568455,0.098984525,0.28825444,0.19456142,0.03514793,0.0037277373,0.009864943
35205039,0.0,0.0,0.0,0.0,0.0,59.24549,46.19091,183.60382,9.664863,12.471766,0.17713416,0.07632853,0.030530509,0.059823424,0.1704072,0.17030801,0.016316056,0.048553243,0.16312502,0.48016798,0.01776551,0.059764925,0.20020656,0.0073381467,0.0010697244,7.266336e-05,0.16845627,0.044604182,0.016301097,0.048296865
35200440,15.0,0.0,10.0,0.0,45.0,4.4809713,2.4914079,10.01807,0.0,36.822166,0.020628333,0.045604914,0.12466541,0.30255172,0.19403005,0.15238912,0.023901293,0.06133826,0.044778645,0.20145273,0.089690246,0.25233126,0.20120984,0.016749946,0.011791144,0.0030720013,0.050431166,0.24174264,0.0031986749,0.24261071
35202352,0.0,0.0,0.0,0.0,0.0,1.2855482,1.0074664,0.79636455,1.7551932,0.721061,0.22084129,0.110764824,0.078707814,0.06872707,0.24834496,0.08034758,0.040415846,0.070760384,0.19139048,0.052911162,0.0408727,0.07057381,0.20477875,0.04908556,0.051769897,0.019483969,0.2444733,0.039801694,0.014144238,0.018519612
35202653,10.0,10.0,0.0,0.0,0.0,2.726617,3.5702703,0.3461649,1.4014126,0.6573107,0.069359004,0.069780946,0.20240587,0.31288233,0.05961787,0.091687754,0.10637835,0.30779624,0.18013823,0.07947773,0.030146565,0.06884582,0.21550307,0.07225309,0.049014505,0.0051582893,0.19503072,0.05191385,0.026795862,0.06828333
35204922,0.0,0.0,0.0,0.0,0.0,89.63257,126.74446,130.81224,5.701768,30.67695,0.21425402,0.20673387,0.00956307,0.00997766,0.20823568,0.29406923,0.0009845146,0.0021612954,0.201725,0.20594724,0.005181205,0.01243481,0.2002465,0.010797368,0.0010433669,0.0009380112,0.20169017,0.02625775,0.0003382435,0.00025930954
35204076,55.0,20.0,95.0,10.0,0.0,2.0416934,7.917955,188.0538,0.33761525,0.0,0.006869668,0.018470751,0.023216544,0.29768357,0.0018392577,0.07283655,0.0999407,0.29963306,0.00766351,0.65866804,0.017175583,0.2904327,0.008062294,0.0054265284,0.096519426,0.28801468,0.19850823,0.02786471,0.000816565,0.0024108887
35200906,15.0,0.0,10.0,65.0,0.0,18.921076,2.792263,3.843447,12.556544,1.3606414,0.10960747,0.306126,0.17089246,0.29077974,0.20687188,0.14286733,0.00044401578,0.00031026933,0.003286745,0.06137395,0.10082241,0.29995492,0.034202788,0.05100853,0.010123642,0.24985757,0.16320473,0.022589315,0.01977885,0.058082752
35204730,10.0,35.0,80.0,0.0,110.0,9.150462,38.1,36.45671,0.0,88.77412,0.002782818,0.017412676,0.10964263,0.2999824,0.039635893,0.24586864,0.08408844,0.25175065,0.00845511,0.16807733,0.016879164,0.29050043,0.16068934,0.07422259,0.05762148,0.05994351,0.03883657,0.23184691,0.0010363754,0.24246234
35202675,0.0,10.0,15.0,0.0,0.0,3.5761635,7.1913095,2.2621393,1.1238809,0.6743756,0.2285409,0.17966358,0.08863597,0.056597244,0.064449854,0.18424033,0.086544536,0.2937593,0.015786503,0.05076193,0.10952014,0.30501652,0.19862033,0.040546652,0.026235852,0.012015705,0.22331238,0.03783396,0.007232884,0.007043715
35201350,15.0,0.0,0.0,0.0,0.0,6.344453,1.0887816,0.86566013,1.2795913,0.7564809,0.027981345,0.104555234,0.14620766,0.3034928,0.2382147,0.2629977,0.0034906566,0.0019243299,0.17283879,0.09524789,0.024723778,0.061727922,0.17050974,0.09732097,0.038968533,0.051148064,0.20882288,0.03842468,0.0044035143,0.0034437533
35200606,25.0,10.0,25.0,15.0,0.0,9.206424,5.288838,12.308967,2.908822,0.5809886,0.0504558,0.13600162,0.1419759,0.30621615,0.028165605,0.1428532,0.0894312,0.29219323,0.031566046,0.22197494,0.104931906,0.29581127,0.04569915,0.049407657,0.09884305,0.24631934,0.17518333,0.059526082,0.02140662,0.051593546
35204356,20.0,10.0,125.0,0.0,0.0,27.097006,31.49978,170.53375,2.5181828,23.406115,0.045226168,0.050626114,0.10696325,0.25431854,0.053686142,0.24207647,0.08233385,0.24199337,0.048786934,0.36596295,0.003778147,0.2416293,0.20266855,0.017173864,0.010701162,0.0006163361,0.20073137,0.027090073,0.005202673,0.01235516
35204397,0.0,30.0,220.0,75.0,0.0,1.6279225,17.574194,192.71355,22.80652,0.9769883,0.22147772,0.058974117,0.033023246,0.0016788354,0.045864794,0.16920446,0.0851528,0.25069278,0.10567877,0.3760298,0.056679524,0.25152546,0.008743549,0.089553304,0.026719026,0.29061577,0.19755,0.044797536,0.0049929842,0.010681806
35200054,0.0,25.0,20.0,0.0,80.0,2.9396029,20.025726,12.62019,0.0,67.22579,0.1865748,0.058870208,0.04144508,0.052468665,0.024071611,0.20891191,0.099379584,0.3005883,0.040899217,0.14776398,0.08801354,0.25183687,0.20148239,0.020165114,0.005403676,0.0009840048,0.0389077,0.2587273,0.002319227,0.25125346
35200725,25.0,20.0,0.0,0.0,0.0,29.540958,21.452147,4.962674,0.8974364,2.5788283,0.0990078,0.25868642,0.16462761,0.25243345,0.041962463,0.23587428,0.08487998,0.25228253,0.16489384,0.08048242,0.018577114,0.060673263,0.20052916,0.013476022,0.0013687548,0.000473774,0.19719565,0.03689911,0.00091704994,0.010437515
35203803,10.0,0.0,0.0,0.0,0.0,4.5151367,0.3203642,0.32115448,1.8138891,0.48991972,0.1092838,0.09995242,0.2008133,0.25333267,0.24733834,0.09773973,0.016033946,0.019996451,0.18334484,0.053980924,0.020352894,0.06879766,0.21401668,0.040521376,0.03195316,0.007378487,0.22757669,0.06946704,0.014982538,0.01985145
35201834,0.0,20.0,30.0,0.0,15.0,4.187762,27.7436,8.336719,2.532557,7.268589,0.20827529,0.04436561,0.0179222,0.006668506,0.059130892,0.40747768,0.08422667,0.24494062,0.04732048,0.09740457,0.0855922,0.24246201,0.20323157,0.023211656,0.019002626,0.0036161186,0.04518538,0.11820542,0.083490595,0.24303697
35204678,0.0,10.0,0.0,10.0,0.0,5.921852,12.374951,6.0633507,1.6341125,1.2589124,0.21322978,0.18163924,0.05306058,0.053931136,0.08689178,0.2509423,0.084563956,0.24447884,0.17746954,0.05362358,0.020328451,0.05302645,0.042110097,0.040402457,0.09833014,0.2413093,0.1868619,0.043772552,0.022025522,0.056085903
35201872,0.0,45.0,20.0,0.0,0.0,1.3642826,77.30186,7.9377184,0.4493746,1.7466203,0.16511054,0.023605982,0.02645609,0.048616536,0.0043338304,0.5600601,0.020184524,0.29967016,0.0055876616,0.1093304,0.08561934,0.2982679,0.16863084,0.054228637,0.009095463,0.04811502,0.16062911,0.054650392,0.016971909,0.059781745
35202656,20.0,15.0,40.0,0.0,0.0,7.6252933,18.604841,58.2978,1.0101792,2.289939,0.03917376,0.029244762,0.08119237,0.2421444,0.043296024,0.28984055,0.08031767,0.2419917,0.0049451683,0.42993015,0.09846332,0.30006108,0.19345261,0.0077432264,0.003990635,0.010038982,0.19902515,0.028243853,0.00022533898,0.0020068607
35203193,15.0,0.0,0.0,0.0,0.0,20.602917,2.8824294,2.5022542,1.508683,0.6855997,0.13154058,0.31293494,0.21572825,0.25368655,0.20365275,0.067439124,0.004678241,0.01109651,0.1654882,0.070516475,0.022675434,0.06135116,0.19601211,0.042913534,0.010685308,0.010386885,0.17192233,0.033224527,0.017447993,0.049567934
35204844,70.0,45.0,35.0,0.0,0.0,98.59043,67.145905,29.072254,2.6112776,11.304406,0.03817331,0.35327312,0.0066716103,0.2506451,0.009433611,0.33280504,0.017535813,0.2907919,0.007693372,0.055624686,0.08166395,0.29093334,0.20064989,0.0019926205,0.0016758082,0.00033971507,0.16799167,0.034733146,0.0015288367,0.05097332
35203911,110.0,15.0,25.0,0.0,40.0,104.59969,17.38364,19.241735,0.0,8.9866085,0.08777425,0.24920285,0.05079432,0.25213912,0.042596884,0.17003478,0.080483116,0.24023446,0.003037765,0.12089723,0.10097942,0.29794136,0.2001766,0.0927806,0.01882579,0.00060073286,0.007232721,0.036640376,0.09646972,0.29018837
35202568,15.0,50.0,55.0,15.0,0.0,8.933424,20.387829,11.414294,3.639675,0.51463646,0.053358834,0.11573915,0.17659032,0.29805177,0.04250112,0.12240897,0.027923182,0.30446324,0.021978453,0.105715185,0.038973436,0.3095168,0.04933222,0.058379322,0.10687721,0.24493843,0.21829379,0.07750764,0.011741374,0.012415543
35203683,0.0,15.0,0.0,10.0,0.0,3.2486067,11.483287,1.2749342,1.2399981,1.1007293,0.18635085,0.052764215,0.051416017,0.0649974,0.07064535,0.20223123,0.09111294,0.30240217,0.18106276,0.15760636,0.026906172,0.06204165,0.042990416,0.017657187,0.09253638,0.24280262,0.21786994,0.13373351,0.005682697,0.015136317
35204509,0.0,0.0,0.0,0.0,0.0,12.461295,2.0080326,1.3380477,1.87859,0.2886175,0.21213676,0.055388514,0.10213565,0.07930881,0.29263392,0.08583742,0.017229468,0.020516803,0.22021806,0.05492574,0.028870415,0.015267807,0.21058866,0.03328889,0.051707245,0.016794395,0.25719222,0.06187847,0.017182492,0.027433585
35202356,10.0,0.0,0.0,0.0,0.0,4.2493844,1.035264,1.6121086,1.4884754,0.9336253,0.034493938,0.039042912,0.15057057,0.29359138,0.23672923,0.22793034,0.02545228,0.06180695,0.1786721,0.10430478,0.0104274405,0.054026134,0.19561316,0.028337274,0.03859229,0.012804167,0.2231704,0.12671888,0.0066520507,0.007414115
35201128,0.0,10.0,10.0,95.0,0.0,0.9969625,2.3491676,2.9782794,122.67924,0.635932,0.17672117,0.06961912,0.0532638,0.059974957,0.010334939,0.026553208,0.09686959,0.2905072,0.04012511,0.05003489,0.08123359,0.24245323,0.041070674,0.3298999,0.26078677,0.24008182,0.16855057,0.0039159767,0.016293937,0.048619896
35203842,15.0,0.0,10.0,65.0,0.0,13.395088,3.850246,4.89232,55.767597,1.4878248,0.08006134,0.1456187,0.18274097,0.25070775,0.19833124,0.028127678,0.0044431672,0.012150342,0.035238303,0.05670754,0.08470734,0.2522712,0.043627635,0.22933644,0.15968098,0.24055979,0.19348228,0.015308229,0.00435221,0.011975426
35204291,0.0,10.0,55.0,0.0,15.0,9.045818,15.506568,79.508125,3.6406095,22.713818,0.20026346,0.019414678,0.002532163,0.0023922513,0.04231674,0.15193123,0.08415103,0.25170392,0.0357099,0.38729894,0.00056338,0.2497231,0.19347328,0.006494879,0.004542715,0.010073401,0.033463456,0.214374,0.08425745,0.25184974
35205029,0.0,0.0,0.0,0.0,0.0,2.0220294,6.750707,5.957097,1.3197912,1.6073854,0.2037291,0.11667094,0.010575684,0.0131426975,0.21617225,0.24206676,0.005409466,0.010430489,0.20968838,0.28214416,0.0072630895,0.012363373,0.1674219,0.050046034,0.01904993,0.05091694,0.20180118,0.03194294,0.0010794351,0.000546981
35203342,10.0,10.0,20.0,0.0,10.0,3.0451627,4.679395,40.985073,6.190876,3.283227,0.037223376,0.024198703,0.08618952,0.25171798,0.03450693,0.0880015,0.08424131,0.25203001,0.015036498,0.62571675,0.08372778,0.29045832,0.16171366,0.009837772,0.019798761,0.057650927,0.038912997,0.027400643,0.08074614,0.24197304
35200482,25.0,0.0,15.0,0.0,10.0,21.446547,4.2450256,19.555437,0.25839776,6.0508666,0.05365241,0.19067447,0.104539976,0.2530514,0.2035813,0.12613966,0.0044037965,0.00990545,0.03959749,0.31613722,0.08667767,0.25243965,0.20041713,0.010076101,0.001082206,0.00028247756,0.034827396,0.090309,0.083610125,0.24990912
35202237,0.0,10.0,45.0,20.0,0.0,20.930067,16.073591,87.2211,2.9034681,4.26272,0.16414008,0.018022362,0.024953334,0.060512543,0.03910515,0.0730595,0.08478349,0.2522678,0.010044406,0.6123953,0.01825354,0.29046744,0.04024271,0.0075681917,0.082367346,0.24061453,0.1700875,0.058785297,0.0006409387,0.048522245
35201732,15.0,35.0,20.0,10.0,0.0,3.8207867,31.855095,5.243532,1.9569856,0.44069794,0.05764853,0.05599141,0.124668054,0.2592771,0.11549482,0.2307809,0.09443393,0.2560516,0.049158864,0.073059745,0.09396095,0.25709325,0.043129306,0.050870385,0.12643375,0.245063,0.225948,0.080828086,0.010946254,0.012505116
35204653,125.0,100.0,35.0,15.0,15.0,108.997925,125.71709,36.19418,2.6384935,11.767468,0.01715964,0.2108715,0.04140639,0.30257913,0.012290529,0.34522587,0.021280902,0.30155975,0.036613993,0.11629069,0.08611876,0.2537726,0.043102473,0.015282649,0.089803904,0.24103475,0.03902948,0.020049114,0.08536232,0.25365952
35202733,115.0,70.0,50.0,0.0,125.0,79.70757,102.00368,55.058254,11.000988,65.36712,0.046527673,0.13036367,0.0046405243,0.24204013,0.04394969,0.37707278,0.00023202869,0.24043857,0.041281354,0.16165295,0.0014597955,0.24252702,0.20006338,0.004820787,0.00022493313,0.0001947639,0.040533185,0.10431193,0.0001255841,0.24010701
35204740,660.0,30.0,65.0,0.0,30.0,494.15668,36.926987,78.56456,1.4136705,32.77062,0.022793908,0.25148898,0.042157575,0.059964262,0.008372213,0.18389021,0.10035818,0.2999662,0.0027375277,0.28502673,0.00421473,0.2982301,0.1618193,0.02680243,0.020492043,0.057641994,0.040128436,0.1361508,0.08121891,0.24095614
35204905,230.0,65.0,25.0,0.0,10.0,228.70346,110.93733,29.020275,0.8107275,11.703665,0.021930702,0.27266574,0.034179494,0.29815596,0.04137748,0.52181643,8.880412e-05,0.24006206,0.0006702252,0.10458377,0.10016572,0.29999098,0.16684057,0.010205058,0.0020247286,0.049971517,0.032640956,0.007494549,0.08395577,0.25161657
35204711,70.0,125.0,160.0,0.0,620.0,31.275494,174.05081,155.33224,0.0,518.2707,0.00081538234,0.04068858,0.022078417,0.29999694,0.008618192,0.41178572,0.016818108,0.2903502,0.0021015794,0.3785923,0.0035590078,0.29810062,0.19213791,0.015138754,0.011524468,0.011988754,0.007770412,0.2595788,0.00020920727,0.048493765
35201960,0.0,10.0,265.0,10.0,10.0,0.0,8.305522,244.53743,1.6724344,3.2078617,0.20618638,0.073844165,0.018081898,0.011343607,0.015242268,0.24726772,0.097409576,0.29877022,0.070146695,0.38272944,0.08277095,0.30118594,0.039759494,0.014621446,0.08528256,0.24242435,0.04478051,0.048506096,0.081501156,0.24141732
35202276,0.0,0.0,10.0,0.0,0.0,0.54027736,0.5960114,12.700197,1.5086368,0.448076,0.16646181,0.031435493,0.030445343,0.061162263,0.22906388,0.1962213,0.0015101951,0.0005487909,0.046790916,0.36803737,0.090574026,0.2524992,0.1943245,0.045045894,0.010970884,0.010273806,0.2026327,0.07105678,0.0014089916,0.0008248688
35200418,0.0,40.0,115.0,0.0,35.0,19.396008,33.828346,68.75645,3.0381804,12.738028,0.17018677,0.058019757,0.028437354,0.061245136,0.006117006,0.27452457,0.09788938,0.2984389,0.007671361,0.3406625,0.021481942,0.29916683,0.16914017,0.010256426,0.019768944,0.049264148,0.035041023,0.075996146,0.084283605,0.25031927
35204302,0.0,0.0,50.0,0.0,40.0,10.226234,17.856688,61.909374,6.3439837,45.530964,0.16954908,0.026156459,0.022154527,0.051012717,0.17590049,0.19702366,0.016667875,0.048418935,0.0127598485,0.28848246,0.0019644964,0.28840125,0.20057172,0.008344666,0.002620459,0.00014184852,0.040359147,0.2484867,0.081252106,0.2425157
35202294,0.0,0.0,15.0,45.0,0.0,3.2346213,2.6331048,16.06067,9.946248,0.89230704,0.20954007,0.047251914,0.020813014,0.0022649614,0.18685825,0.14938648,0.019190531,0.050550275,0.03213857,0.30201867,0.097264156,0.29090527,0.0032094882,0.072033696,0.030981453,0.29849944,0.20138447,0.12524952,0.0035318162,0.002855261
35200451,30.0,10.0,25.0,0.0,0.0,12.386801,6.3223643,4.3351316,1.4390514,1.1587286,0.07653054,0.061597474,0.15298535,0.26078397,0.07760234,0.13047507,0.1122064,0.30535686,0.030927217,0.068683386,0.11408715,0.29902473,0.21032803,0.032448784,0.035112705,0.0047364784,0.1952879,0.13370599,0.01301247,0.061120562
35203039,0.0,80.0,10.0,10.0,55.0,0.45156038,65.40564,3.9668043,0.6399013,40.851765,0.18027158,0.06282875,0.033688508,0.050552547,0.016592685,0.32666385,0.017050719,0.29046524,0.033927266,0.113459975,0.083929315,0.2521641,0.040120803,0.006710111,0.08055575,0.24009861,0.039667293,0.24396975,0.00028667337,0.24213213
35202842,10.0,0.0,0.0,0.0,0.0,4.4617577,1.1708639,3.7104287,1.4062063,0.8997319,0.07467547,0.08175185,0.20940134,0.30411288,0.26943657,0.06296951,0.0126499375,0.013822135,0.21497963,0.036995474,0.017633412,0.025261618,0.22158194,0.069615096,0.06792274,0.005363539,0.23185825,0.047378704,0.015729459,0.016203389
35200453,10.0,10.0,0.0,0.0,0.0,11.6521845,8.753823,0.8247703,1.4617537,0.70631063,0.07070537,0.31727225,0.10819196,0.2421563,0.025340065,0.23369962,0.09761818,0.2892856,0.174595,0.07624087,0.018282209,0.04883518,0.2010324,0.014432158,0.0048060194,0.0009507719,0.17204599,0.055160582,0.017111849,0.049191143
35203462,0.0,0.0,105.0,0.0,65.0,11.51233,21.15184,104.66961,0.0,36.34043,0.20285322,0.0604778,0.010806751,0.0107946815,0.17843638,0.23810855,0.016929006,0.048897233,0.0383691,0.31854883,0.0055791843,0.25062007,0.16842411,0.008908427,0.019670958,0.048263233,0.03739063,0.1221021,0.0044175126,0.2512191
35201868,0.0,65.0,30.0,0.0,20.0,2.9514904,32.85523,55.98282,1.9959134,5.5538087,0.1930267,0.01252153,0.005293717,0.0097235665,0.0010411353,0.16569263,0.0040374994,0.29993406,0.0013714429,0.58294743,0.09717986,0.29965377,0.19372621,0.011070041,0.0018192204,0.009623015,0.032126073,0.027650505,0.08339446,0.2519564
35204332,0.0,0.0,105.0,0.0,110.0,7.6406555,24.629944,153.7212,0.0,44.608837,0.16785014,0.016431693,0.016255133,0.048429355,0.16886657,0.18705441,0.016064491,0.04839838,0.0014803233,0.48603022,0.019919455,0.30001286,0.1986906,0.001679983,0.00079834164,0.002007821,0.03980598,0.10484279,4.5590827e-05,0.24040143
35204675,25.0,40.0,10.0,0.0,0.0,15.620351,40.831345,8.461952,6.9557233,3.1118803,0.028139515,0.15714124,0.12378228,0.2907953,0.04395348,0.29704818,0.08101291,0.24222818,0.036360238,0.23451877,0.08548127,0.25231746,0.19922347,0.013184326,0.0021701232,0.0021006889,0.19450516,0.033159632,0.0035271225,0.009940447
35202374,10.0,0.0,10.0,0.0,0.0,14.986643,1.0542053,1.79808,1.4864902,0.8773326,0.10292162,0.39544022,0.14908175,0.29047847,0.1671678,0.16430633,0.0037642822,0.05834191,0.004378248,0.031210523,0.09723333,0.29851538,0.20054771,0.014944056,0.0013084963,0.00020312221,0.19558902,0.012605275,0.0005424491,0.01044607
35200584,30.0,40.0,0.0,0.0,0.0,13.410133,19.444231,0.8617265,1.4875777,0.83864427,0.0846721,0.11467707,0.17413087,0.29916027,0.05166028,0.106928274,0.10633343,0.2943541,0.17623538,0.07375853,0.035981916,0.069829725,0.21167128,0.0648413,0.029661458,0.0063376557,0.18207961,0.06686718,0.030726634,0.067899086
35203580,25.0,45.0,85.0,0.0,70.0,9.508998,12.864006,168.24133,0.0,9.648141,0.010672251,0.026362734,0.11531828,0.29961038,0.008508856,0.033981893,0.0055846507,0.30089265,0.0044869147,0.6465092,0.00782094,0.30190337,0.16986646,0.01177282,0.021375457,0.048987687,0.043658767,0.017196637,0.002348276,0.24248312
35201417,0.0,0.0,0.0,50.0,0.0,4.2653894,2.02672,1.0374333,43.693886,0.39546645,0.2180138,0.032847915,0.081528656,0.014158804,0.1802571,0.051201604,0.018668039,0.06099985,0.19861966,0.06250185,0.007015025,0.012605086,0.013420967,0.19268057,0.28801417,0.28864908,0.2045956,0.03292764,0.0015724371,0.00331149
35201054,15.0,0.0,0.0,0.0,0.0,24.815468,35.44056,6.107223,1.7575303,0.85138726,0.15898249,0.28357425,0.21472895,0.25662267,0.22838195,0.066156425,0.003923733,0.004545157,0.20694974,0.022303643,0.006564466,0.003635169,0.20351735,0.049231287,0.016379505,0.0035781886,0.21590889,0.01695948,0.0039837025,0.006180075
35204252,0.0,0.0,85.0,0.0,15.0,24.323133,83.177055,152.35123,6.038035,6.813893,0.16692427,0.019905744,0.030133026,0.058719486,0.20786281,0.16731577,0.005094904,0.012361502,0.03731381,0.49813285,0.0024932974,0.2508069,0.19912302,0.0065599,0.007719409,0.0025609406,0.044636667,0.050791644,0.08133128,0.24148296
35203232,0.0,0.0,0.0,0.0,0.0,4.2417126,1.6577356,1.9734714,1.5513096,0.81062394,0.2717209,0.13148415,0.10940089,0.019127984,0.21335444,0.095090926,0.024449226,0.06391044,0.18160613,0.031827334,0.023948379,0.053516522,0.17589606,0.10378976,0.07944036,0.050247595,0.22525609,0.021705814,0.009074195,0.016534923
35203943,15.0,50.0,25.0,0.0,100.0,4.481959,24.393705,6.336752,1.5096395,100.88686,0.016421117,0.03883341,0.11708161,0.2901903,0.047349766,0.2063035,0.0009604419,0.24243516,0.007771705,0.10926683,0.09711966,0.29047072,0.16873863,0.050008833,0.032297157,0.048115425,0.03885377,0.3202971,0.00095078425,0.2424198
35205065,0.0,0.0,0.0,0.0,0.0,12.274292,26.894241,9.05615,5.2161603,5.099375,0.20389774,0.20458245,0.001889686,0.00048975734,0.16946982,0.38562444,0.016855607,0.050343264,0.16854978,0.14603728,0.000307474,0.049957603,0.19870254,0.0057347384,0.00093438994,0.002028893,0.16682766,0.045822747,0.01686728,0.050382823
35203113,10.0,0.0,0.0,0.0,0.0,8.550729,0.52986366,1.0721872,1.3595811,0.83766437,0.091830075,0.23127869,0.11770048,0.24375398,0.21677716,0.25403696,0.0023195106,0.0028201095,0.21349098,0.12213904,0.0060935663,0.0036122533,0.19440567,0.023481036,0.005161911,0.010836916,0.20555009,0.023317445,0.0010653947,0.00082119595
35203699,25.0,0.0,50.0,0.0,40.0,6.855881,9.423311,57.26108,4.3051186,45.36239,0.007501982,0.010030132,0.09731831,0.29036245,0.16940492,0.20596576,0.016872756,0.05040741,0.0037804698,0.2951975,0.016950132,0.29809827,0.19234511,0.0032180985,0.004026777,0.01153124,0.00781576,0.27680647,0.09618306,0.28840002
35201647,40.0,0.0,15.0,15.0,0.0,16.948917,0.63049376,2.9890606,9.061299,0.12430416,0.04036213,0.07194768,0.19460826,0.29579735,0.23475778,0.07752681,0.0052498514,0.005683326,0.0181739,0.10030016,0.10540774,0.29418984,0.048736867,0.11512618,0.21322165,0.24077974,0.17734091,0.06581817,0.021569977,0.05566457
35202457,55.0,0.0,0.0,0.0,0.0,33.021675,1.012144,1.1319396,1.1911117,1.0937978,0.19457634,0.14437263,0.20387779,0.25335428,0.17483707,0.050885987,0.017557794,0.05094909,0.1640987,0.14576441,0.004734569,0.058754236,0.16973743,0.032782037,0.024238637,0.048433546,0.19649693,0.032630067,0.0009973566,0.0102878995
35204771,10.0,10.0,60.0,10.0,30.0,8.138004,13.947072,88.12548,1.6633128,30.00801,0.011756044,0.026680764,0.10531627,0.29199183,0.027018938,0.113013715,0.09905032,0.29122847,0.013210497,0.43666562,0.020065345,0.29146484,0.008648027,0.017117243,0.105544075,0.28902125,0.045275968,0.13484924,0.08223846,0.24251184
35204787,240.0,10.0,15.0,0.0,20.0,192.99858,14.611523,27.672386,1.8628463,22.367311,0.04097017,0.3129926,0.057253823,0.30128998,0.007655565,0.17137867,0.084831424,0.30041364,0.009652666,0.2278957,0.09886695,0.2909971,0.16891064,0.021212367,0.019265309,0.04831985,0.008294226,0.10770863,0.09755407,0.29103556
35200585,30.0,0.0,0.0,0.0,0.0,27.369415,0.97150534,0.6638159,1.4910845,0.8639039,0.13907385,0.16614144,0.25230694,0.29064134,0.18296444,0.15155736,0.0019581926,0.049102824,0.17302632,0.063643366,0.0038955822,0.050006203,0.20217834,0.01647167,0.0044443784,0.0007799775,0.17518735,0.05046121,0.0014190174,0.049253866
35204274,250.0,25.0,20.0,0.0,15.0,203.52347,10.136191,9.292277,0.4879431,6.377813,0.09570672,0.28994292,0.16827773,0.2529514,0.0069980114,0.11930874,0.10045104,0.3001537,0.0017353363,0.14073834,0.0818586,0.30001658,0.1930232,0.03347774,0.007929893,0.011714827,0.008804485,0.12573604,0.0973924,0.28866455
35205051,0.0,0.0,0.0,0.0,0.0,7.503719,12.00577,117.52685,10.179245,5.1201363,0.16452578,0.06672552,0.007054712,0.059672367,0.16981094,0.12473177,6.921025e-05,0.048015475,0.16248028,0.5869804,0.020631725,0.06000508,0.19340058,0.033616092,0.0008095079,0.009997939,0.16653904,0.0058941096,0.01680171,0.050325256
35202257,20.0,0.0,15.0,0.0,0.0,2.7089276,0.9101147,18.757538,1.5915215,0.6951877,0.003720502,0.030234601,0.08943168,0.3022727,0.19299863,0.1985819,0.007347225,0.05902772,0.026130872,0.36642313,0.098353446,0.30091926,0.19971055,0.03351513,0.010777243,0.0028811397,0.16512907,0.12319367,0.0029042715,0.010516693
35200262,115.0,35.0,25.0,0.0,0.0,114.826324,10.918972,12.965341,0.95912474,1.4784727,0.11905748,0.44561145,0.056993403,0.24230126,0.003497499,0.07966692,0.09949751,0.2997589,0.0144011695,0.11077036,0.096639186,0.30024952,0.16797344,0.008430645,0.017148416,0.04849011,0.16901363,0.016556766,0.016306264,0.0482905
35204178,25.0,0.0,95.0,0.0,90.0,11.5605755,12.519775,58.48371,2.3816183,78.27201,0.033779692,0.024345502,0.08654731,0.25230443,0.20938659,0.2535667,0.0003626336,0.00011783179,0.010917126,0.24987455,0.018757867,0.29053357,0.1988769,0.011865733,0.0022706324,0.0020631994,0.04061231,0.23550205,0.0003787271,0.24019447
35203526,10.0,0.0,15.0,10.0,0.0,3.9398758,4.1263003,23.62515,2.165198,1.4282637,0.035398304,0.032633573,0.08860664,0.25290248,0.1686903,0.09302208,0.020392643,0.059842486,0.0095872,0.5298224,0.08945267,0.30007303,0.034313276,0.04826442,0.08942775,0.24995159,0.16734326,0.05446003,0.01726728,0.050130926
35203851,0.0,0.0,0.0,0.0,0.0,3.3693182,2.2706494,2.2159176,2.1097548,1.1493573,0.2600496,0.078776956,0.090619154,0.023734743,0.24202743,0.07068394,0.010848325,0.018797804,0.17869231,0.09181216,0.011414355,0.06736112,0.2198999,0.07563927,0.06578742,0.0035735383,0.1869065,0.082855955,0.02684991,0.05822644
35201059,0.0,0.0,0.0,0.0,0.0,5.648366,1.4266107,1.263221,1.6153226,0.5070613,0.24271458,0.063590325,0.06760128,0.017860526,0.25630802,0.10570694,0.02283537,0.021801602,0.19370197,0.09367637,0.040909074,0.07100371,0.17451316,0.048327934,0.041114483,0.0694331,0.24824333,0.05429206,0.017163048,0.018388625
35200236,55.0,0.0,10.0,10.0,45.0,51.698074,11.489275,10.820862,0.0,15.249488,0.061477844,0.32300466,0.06507041,0.29227886,0.17726132,0.14127198,0.02254319,0.06109067,0.0072143013,0.09478068,0.10308229,0.29985696,0.04211824,0.010858148,0.08714427,0.24098021,0.039387792,0.07084504,0.0026576675,0.25227824
35202177,0.0,0.0,10.0,10.0,0.0,2.4347153,8.8708935,13.212384,1.9631448,8.063476,0.19669488,0.022555199,0.008555319,0.010794553,0.17806509,0.19040203,0.0039862813,0.05823116,0.0119438,0.34183604,0.09934977,0.29057926,0.008254166,0.05395839,0.10591555,0.28806427,0.16841346,0.14376554,0.0010539286,0.048608508
35202022,0.0,10.0,10.0,10.0,0.0,1.0136749,1.8232131,1.4124528,10.105692,1.2690587,0.1939853,0.047382835,0.10228273,0.061934195,0.064427085,0.03100112,0.08297743,0.24344859,0.045404617,0.035010584,0.08485834,0.24542974,0.047736764,0.30687338,0.2458188,0.24113731,0.20768662,0.024893854,0.0037678098,0.0038115652
35204414,0.0,0.0,15.0,65.0,20.0,0.319813,5.810361,17.476469,65.56,5.700396,0.17494765,0.07411437,0.026033543,0.049372237,0.16899776,0.066082515,0.019842353,0.057937566,0.038546704,0.25117907,0.08522832,0.24982145,0.04135441,0.3079034,0.04366882,0.2402285,0.034521554,0.020070968,0.08363848,0.24990113
35203511,0.0,15.0,15.0,0.0,0.0,5.0722322,11.086672,23.597637,0.81468,5.64836,0.20075867,0.03577736,0.0023194314,0.0021931888,0.038159396,0.0965354,0.083424024,0.24978171,0.008693002,0.44438398,0.08139356,0.29013062,0.19368854,0.0028347122,0.003984184,0.009655168,0.1675055,0.20580682,0.0008923671,0.05024577
35200536,30.0,0.0,30.0,10.0,10.0,9.024383,18.106361,63.72835,1.2886212,1.5045099,0.038643703,0.018252462,0.081094176,0.24195158,0.16099328,0.09288085,0.0008195697,0.05998737,0.0012403652,0.6347223,0.099716894,0.29993397,0.03874619,0.0035170577,0.080369465,0.241925,0.0064312206,0.048459545,0.09668116,0.29039177
35203047,0.0,110.0,80.0,0.0,0.0,5.6304083,183.6475,51.364166,0.8540677,14.937803,0.19361386,0.015979499,0.0032767176,0.009687531,0.034428537,0.5344427,0.0032150235,0.2496798,0.0005603363,0.18866012,0.0040181195,0.3000038,0.19973825,0.0005432259,0.00016034789,0.00040168216,0.16796967,0.05854059,1.2073671e-05,0.04808129
35201360,0.0,0.0,10.0,0.0,0.0,4.3376303,1.3347396,4.1090827,1.7892972,0.49281517,0.19551364,0.061904453,0.081156634,0.07464676,0.23280498,0.11613454,0.035623018,0.060258314,0.032251295,0.09099688,0.121951625,0.301445,0.21739879,0.05543755,0.06310823,0.0064843628,0.2338566,0.050375532,0.016240401,0.018529426
35203953,0.0,85.0,310.0,0.0,175.0,14.47693,94.76084,247.2306,1.6785469,143.99327,0.18082228,0.12341833,0.02993202,0.058099,0.034285765,0.31381103,0.0007584208,0.25166947,0.0055527273,0.4058565,0.022567892,0.059712797,0.20011055,0.0036655087,0.00026218864,4.146494e-05,0.0391289,0.22790569,0.00011399338,0.24209078
35201152,10.0,0.0,10.0,0.0,0.0,3.2962592,0.6933356,3.008356,1.827448,0.7895805,0.055732977,0.06315839,0.17738646,0.31401318,0.21986842,0.0736102,0.034640286,0.071005225,0.061055668,0.060124755,0.11182021,0.26685834,0.21925806,0.06903541,0.07659811,0.007946863,0.22012056,0.052315846,0.026192503,0.028819824
35201051,10.0,20.0,15.0,0.0,0.0,3.3953419,11.648558,21.40623,1.6617237,0.57104903,0.0037048373,0.10120998,0.1039757,0.3000149,0.0046164785,0.18850106,0.081265576,0.30019397,0.0053370637,0.44329774,0.08320976,0.30046466,0.19399607,0.006501062,0.0043148315,0.009823875,0.16887087,0.035532266,0.00051648234,0.04852117
35204012,0.0,0.0,0.0,115.0,0.0,1.2493564,2.143303,2.9359784,121.52223,0.8795573,0.21306138,0.017416578,0.071047425,0.0032586213,0.19930999,0.017080104,0.0039023715,0.012338388,0.20068716,0.034359187,0.001890499,0.0025706962,0.0051036775,0.2156587,0.40465787,0.29774788,0.20133908,0.010114817,0.00043070875,0.0007428045
35200950,10.0,0.0,0.0,110.0,0.0,9.081466,3.6308281,4.315458,51.30758,1.3840346,0.100565955,0.1056416,0.24571235,0.29348764,0.21774048,0.03508254,0.00241009,0.0024502468,0.20578441,0.05040394,0.0034924708,0.0016208279,0.049789585,0.107891925,0.17777559,0.24139526,0.20664325,0.021313766,0.0029954622,0.0022241245
35200423,0.0,0.0,0.0,0.0,0.0,0.82363886,0.40075088,0.79554904,2.0568743,0.12640467,0.21747945,0.17384294,0.01626863,0.012998734,0.2163192,0.2655052,0.0020050905,0.0033960827,0.18349496,0.20854741,0.008585097,0.051728405,0.20088102,0.020878825,0.0030685137,0.0016057233,0.17241469,0.03249238,0.017515691,0.04922605
35202669,30.0,30.0,0.0,0.0,0.0,49.13201,50.746857,45.33941,1.2566701,10.3366995,0.054571886,0.19835553,0.1018995,0.2438256,0.04268455,0.45131287,0.08488987,0.2527821,0.19636144,0.041237473,0.0047925957,0.010703321,0.19517922,0.020786602,0.015888074,0.010049534,0.20505163,0.0047828173,0.0018148544,0.0033069921
35204532,0.0,0.0,60.0,0.0,0.0,6.958691,5.351255,116.21229,2.0934327,2.3037755,0.16329584,0.017357485,0.023432614,0.058038704,0.16956428,0.061981462,0.00019371303,0.048487086,0.0024933363,0.62122405,0.019790443,0.29809478,0.19374798,0.011380724,0.0064621978,0.009623126,0.16777126,0.07156375,0.0001904167,0.04848398
35204148,10.0,85.0,25.0,0.0,130.0,14.570576,86.71065,41.602,2.3563142,113.8606,0.040889826,0.05024676,0.08049125,0.24011678,0.036116656,0.27781433,0.0033896647,0.25007012,0.034204785,0.23167315,0.08018265,0.24999659,0.1997419,0.0023474363,0.00020245746,0.00040657414,0.03339349,0.23230371,0.003391123,0.25008202
35204559,0.0,0.0,0.0,0.0,0.0,3.3917556,1.0727472,1.1025456,1.9556264,0.39915428,0.21850795,0.101936325,0.0938508,0.063301876,0.25382292,0.10495759,0.012129357,0.009345601,0.22419116,0.06228721,0.01836278,0.009779006,0.21567658,0.08301983,0.07627293,0.007053406,0.22465774,0.03155158,0.01148718,0.011906759
35201397,0.0,0.0,20.0,130.0,0.0,3.812635,4.46036,12.655341,132.82314,2.1475747,0.16582622,0.011373209,0.05582465,0.058503274,0.19562799,0.04713569,0.0034823073,0.010162704,0.0015971761,0.121142656,0.08394695,0.29963863,0.040250678,0.23358962,0.28071016,0.24231799,0.1616948,0.05860077,0.01931424,0.05770372
35200498,25.0,0.0,0.0,15.0,0.0,11.487604,0.43786502,0.44992363,3.768266,0.48118094,0.06977493,0.076040715,0.19332914,0.31003332,0.25384614,0.06489422,0.01525183,0.008325323,0.18521601,0.0899581,0.040084258,0.0660568,0.021526784,0.058756,0.16137515,0.29442856,0.22021538,0.07698933,0.012349948,0.018000664
35200165,100.0,10.0,10.0,0.0,0.0,83.9324,6.5392294,7.687133,2.17528,17.749054,0.15926048,0.20604719,0.17729926,0.2909527,0.037410468,0.09211114,0.08368349,0.25026298,0.034128252,0.100978024,0.08152425,0.2518928,0.19415525,0.019547809,0.005487592,0.009756111,0.19970849,0.039169088,0.00035046024,0.0021475332
35204674,10.0,30.0,10.0,0.0,0.0,1.904502,11.257138,5.1801987,1.335822,0.81041723,0.03033056,0.036311585,0.1430561,0.31432503,0.0800412,0.093241945,0.1253163,0.3099271,0.035496343,0.13985014,0.110325284,0.31213644,0.1732212,0.036399752,0.059894525,0.06673588,0.21299605,0.068478264,0.03387579,0.06857437
35201127,20.0,0.0,20.0,50.0,20.0,5.8841877,2.0388591,6.2818127,84.3867,4.3094363,0.008987658,0.06729532,0.09842723,0.30028903,0.16191478,0.036131836,0.016970817,0.06008739,0.0020836543,0.064672895,0.099848,0.29820073,0.033926755,0.5203855,0.0928358,0.24966422,0.0016646368,0.022189217,0.09951506,0.29820937
35201145,10.0,0.0,65.0,135.0,0.0,6.555861,3.3722725,43.673786,85.83754,2.6992965,0.03281481,0.054181077,0.16371992,0.30089927,0.20210195,0.05594974,0.0016535518,0.010296661,0.044497307,0.1916059,0.0065226182,0.25027862,0.045550346,0.21911322,0.1121635,0.24038935,0.19574314,0.026166838,0.0011749475,0.010080051
35203830,80.0,10.0,0.0,0.0,0.0,100.320076,2.4519777,0.9718371,0.9858764,0.7072735,0.1966113,0.2879483,0.20571545,0.29066908,0.0026410306,0.04687445,0.10012137,0.3000487,0.1605914,0.0398721,0.016435955,0.060030133,0.1987195,0.024184398,0.0026459722,0.0023550524,0.16197993,0.030249074,0.019517044,0.057766274
35202446,45.0,0.0,0.0,0.0,0.0,47.607986,4.676752,4.676837,1.2425619,1.5405413,0.09328616,0.27324063,0.06583676,0.25204998,0.19704174,0.21446764,0.00015141805,0.0096466,0.19400156,0.15274228,0.0045484137,0.012108715,0.19878902,0.012372676,0.0004131832,0.0020427343,0.19420211,0.019038016,0.0034789708,0.010158937
35204091,10.0,0.0,10.0,10.0,0.0,7.398259,4.0539436,10.380463,8.790951,0.7266364,0.0064580822,0.1572658,0.10520998,0.3007197,0.20058663,0.06672993,0.0015609899,0.01183547,0.0086204,0.26222163,0.10032803,0.30021584,0.040212166,0.24999633,0.08902554,0.24060245,0.19312797,0.02733459,0.0006268281,0.0021356007
35201993,0.0,35.0,240.0,0.0,30.0,7.6684103,38.311806,290.77136,1.4983176,10.706603,0.18393975,0.11648593,0.011512795,0.04846408,0.0017032323,0.2437624,0.0999188,0.2999541,0.035784453,0.46648508,0.047086045,0.30008632,0.1936,0.0037009327,0.0034344515,0.009699917,0.033821184,0.039764255,0.0832683,0.24965894
35203198,10.0,0.0,0.0,0.0,0.0,3.8804603,1.3091623,0.79826456,1.8000182,0.55892926,0.04211496,0.047750063,0.16342679,0.30537632,0.26842615,0.10876637,0.014725943,0.012098114,0.18355969,0.09485818,0.02141742,0.067469135,0.21407515,0.06027329,0.064020775,0.0051579997,0.2024954,0.082477644,0.013440156,0.06052202
35203857,25.0,25.0,70.0,10.0,0.0,12.877659,17.942299,152.45395,1.2628553,6.275041,0.00707991,0.008402943,0.09772137,0.2905805,0.033820253,0.04928938,0.084078595,0.2519685,0.001986785,0.70838034,0.017895544,0.30001462,0.006862656,0.00968991,0.09788556,0.28999034,0.19346868,0.015721034,0.0034534573,0.010026186
35201571,10.0,0.0,0.0,0.0,0.0,3.7163928,0.3384824,0.5305119,1.551714,0.63793176,0.10833888,0.075266115,0.1932701,0.25518,0.26133817,0.115271844,0.013465311,0.010672852,0.21347062,0.058953345,0.01867923,0.021694623,0.21241584,0.03706769,0.04015429,0.0051777763,0.23954214,0.054551132,0.016476361,0.021925122
35204583,15.0,0.0,10.0,0.0,10.0,6.268834,7.1074023,11.252247,0.0,2.8191516,0.04983048,0.057287727,0.09415891,0.2436657,0.21553707,0.27470663,0.004687669,0.004377898,0.044227723,0.30269206,0.09059177,0.25430682,0.19492847,0.011937737,0.008262811,0.013913395,0.049835157,0.051648825,0.083527505,0.24371277
35200250,60.0,0.0,40.0,0.0,15.0,105.27654,4.848355,16.1866,0.0,3.7237995,0.055041492,0.5411113,0.038457274,0.29850143,0.19591653,0.050178643,0.004535923,0.012224818,0.002244232,0.0790177,0.10080602,0.29999,0.16844806,0.006983406,0.017508741,0.04820634,0.007935095,0.020931002,0.08053895,0.2904636
35200470,0.0,10.0,40.0,0.0,10.0,2.0947304,4.9288063,63.64866,0.7291909,3.4949157,0.1996211,0.055392135,0.0019377285,0.0021741341,0.03615175,0.10549629,0.08081118,0.2516477,0.0047834967,0.5629073,0.10060083,0.2981256,0.16165538,0.01538146,0.021201558,0.05761474,0.033694427,0.0470698,0.08021597,0.249723
35200179,155.0,0.0,0.0,0.0,0.0,218.3682,1.8504772,1.5283061,0.47822297,0.76247627,0.20258972,0.32171834,0.2335823,0.25251478,0.17414004,0.04982651,0.01664809,0.048713557,0.16947757,0.04015362,0.017153535,0.049123496,0.16968258,0.07574079,0.050283622,0.048251484,0.20173502,0.02100452,0.00083568116,0.00079857424
35201893,0.0,60.0,35.0,0.0,0.0,0.6658332,31.423521,51.95195,2.6489205,0.6066848,0.19536297,0.05245156,0.0054044104,0.009897412,0.036244746,0.15800425,0.0040310337,0.25158966,0.012260168,0.47673166,0.098062344,0.2899864,0.16828051,0.06661227,0.008750719,0.048051223,0.16692998,0.021304904,0.016737333,0.049984615
35204978,0.0,0.0,0.0,0.0,0.0,1.9478251,5.315662,9.645103,23.80144,1.6665015,0.23568198,0.097921185,0.07258425,0.0012867552,0.17176583,0.029229116,0.01688653,0.05028136,0.1636399,0.11361274,0.01706072,0.05818155,0.20115778,0.29090554,0.102011085,0.0019715175,0.19411819,0.04475194,0.0003604539,0.010224361
35201572,10.0,0.0,10.0,0.0,0.0,6.1378517,3.1128395,4.3701816,0.956203,1.1204543,0.06374721,0.076642506,0.1956893,0.2988787,0.2366737,0.07128227,0.007878137,0.020073399,0.016845578,0.1551112,0.111846626,0.30846888,0.18263036,0.0749567,0.076472715,0.051037103,0.1841679,0.039858013,0.027319606,0.06777181
35204867,10.0,25.0,0.0,0.0,0.0,7.4514275,17.090475,12.163813,1.0976961,1.6452878,0.04072856,0.13463156,0.08184477,0.24203268,0.008912419,0.18743527,0.08077107,0.2899543,0.16579938,0.42786747,0.0028698724,0.06006646,0.19998616,0.008128394,0.0001133124,0.000107668384,0.19368471,0.02800647,3.1643696e-05,0.009630621
35200939,25.0,0.0,0.0,65.0,0.0,11.524853,0.0003604889,3.2123632,44.455837,0.73603314,0.07687644,0.05139896,0.18870401,0.25820133,0.22029023,0.044173677,0.0093254065,0.014405271,0.17350197,0.066570394,0.029680384,0.061464068,0.054063693,0.1651475,0.18983759,0.24201505,0.21069656,0.026351996,0.005312005,0.005207142
35203028,0.0,80.0,0.0,10.0,0.0,0.896171,89.45825,21.471678,0.594948,16.454992,0.19683275,0.038788542,0.006645811,0.011740188,0.022441668,0.34488437,0.00039356883,0.29034722,0.16323581,0.21553174,0.0048489585,0.011995318,0.040046435,0.0032110957,0.08027088,0.24002086,0.1682182,0.23187524,0.00015851148,0.04847406
35204539,10.0,0.0,50.0,0.0,0.0,2.598053,0.47683066,30.795774,1.5315641,0.60179514,0.014418838,0.05981525,0.11869416,0.30341786,0.21586931,0.2672332,0.007865562,0.014365537,0.029915728,0.19348165,0.034615576,0.29434985,0.20409171,0.02042985,0.01577894,0.0018154144,0.20525616,0.108286284,0.006137534,0.0060738972
35201323,0.0,0.0,0.0,0.0,0.0,5.567833,1.6039745,1.4530106,1.6982895,0.79029226,0.17514537,0.05851928,0.040584676,0.071787626,0.21713845,0.1692557,0.027366519,0.0658141,0.19064574,0.19391605,0.039299328,0.06566046,0.20642863,0.07067614,0.03600397,0.00646629,0.20908251,0.045189112,0.010863453,0.016930293
35200481,10.0,0.0,10.0,0.0,0.0,3.1646798,0.8695981,4.042767,0.95050967,1.256001,0.067110114,0.041011713,0.12754259,0.25180095,0.27762198,0.07792236,0.018051872,0.0077713924,0.0702431,0.0876634,0.10154645,0.24769627,0.16964708,0.07361374,0.11333792,0.065282196,0.22449258,0.099994995,0.011747352,0.008445652
35203324,0.0,50.0,10.0,10.0,10.0,26.094213,6.933444,1.2781413,3.6453862,1.0227408,0.30031788,0.26341584,0.15818298,0.061334353,0.05849656,0.03794908,0.0014896544,0.2417106,0.045152355,0.02756253,0.081534885,0.24138525,0.01427433,0.06959765,0.13521703,0.288667,0.046556607,0.01918593,0.08140063,0.24145333
35204858,105.0,55.0,10.0,0.0,45.0,66.53021,95.89517,25.20696,3.306831,18.104736,0.043871704,0.11459684,0.0034117303,0.24260007,0.043356664,0.53108907,0.0004014494,0.24067925,0.036788918,0.110166214,0.0817307,0.25034615,0.20017627,0.0042960974,0.0006137877,0.00032122442,0.03448662,0.019368604,0.0035039044,0.24984562
35200562,0.0,0.0,10.0,0.0,0.0,4.3685865,1.4911559,4.2039514,1.3143985,0.94353324,0.21830997,0.17715222,0.09610638,0.058039144,0.19765836,0.12759161,0.023106873,0.053486735,0.056403317,0.09676878,0.091870815,0.24572662,0.20723955,0.056569092,0.034101587,0.0039039631,0.20999867,0.06578823,0.004226052,0.0040073944
35202183,0.0,0.0,20.0,10.0,0.0,2.049708,4.591594,40.383755,4.7485337,3.1366205,0.19271912,0.009311382,0.0050005848,0.011642618,0.19461912,0.025427178,5.4363227e-05,0.009700641,0.0017270548,0.61844134,0.08468978,0.2996229,0.038785275,0.11813345,0.08389309,0.24192558,0.19356056,0.019630907,5.2495143e-05,0.009698109
35201255,0.0,0.0,15.0,40.0,0.0,1.9835383,2.0456004,4.849724,24.832096,0.5352901,0.18911856,0.03654367,0.08954953,0.050795767,0.1801611,0.07751723,0.0020805665,0.05151718,0.012345646,0.095025904,0.099812016,0.29089504,0.04729457,0.18905629,0.27404168,0.24038464,0.16913383,0.070422515,0.0025331553,0.05118347
35202135,10.0,0.0,75.0,30.0,0.0,5.9634557,4.692216,135.60397,9.183997,4.0148783,0.043739833,0.028571408,0.09893231,0.25267246,0.21114747,0.040623218,0.0024368714,0.0018700864,0.047476098,0.57379055,0.0049220296,0.2419601,0.043143716,0.05596105,0.095578276,0.24141121,0.20493495,0.012963631,0.0023029197,0.0023816864
35203588,110.0,15.0,10.0,0.0,15.0,102.56271,1.8655005,1.3630192,0.0,2.8420117,0.2555918,0.16498475,0.21884663,0.25178722,0.040203262,0.024253005,0.080717444,0.24206579,0.00043274427,0.029209424,0.09681819,0.29996282,0.16819884,0.06770108,0.058278516,0.048472136,0.032742348,0.013967373,0.08389212,0.25156334
35203331,0.0,15.0,30.0,0.0,20.0,1.8964031,24.05677,13.134276,0.0,10.030815,0.17407109,0.024253156,0.03878774,0.06202724,0.053369015,0.47876585,0.08306424,0.24166699,0.037446704,0.0983018,0.08809438,0.2532167,0.16430703,0.012746941,0.032299086,0.05888662,0.04410495,0.09577287,0.08249743,0.24361078
35202362,0.0,0.0,15.0,0.0,0.0,1.8007141,2.1960928,17.312496,1.5077716,0.7264904,0.20409705,0.0973071,0.052307,0.06234623,0.18507876,0.06930535,0.022576902,0.05179523,0.02956874,0.32922524,0.11552793,0.29252392,0.20265563,0.049889617,0.01481685,0.0033212805,0.20321643,0.05780884,0.0024606897,0.0013460184
35200811,30.0,25.0,0.0,0.0,0.0,39.894527,6.2810984,3.9310734,3.9001462,29.239363,0.08761647,0.3334121,0.20590907,0.30389485,0.025497654,0.06768668,0.105607696,0.302264,0.16935347,0.049415953,0.022712423,0.06269165,0.19564082,0.02199183,0.014809978,0.013508378,0.20489931,0.042017817,0.0070585343,0.014118164
35204195,270.0,45.0,35.0,0.0,10.0,247.73914,67.88451,24.505388,0.89816976,6.7224774,0.0021730657,0.27947316,0.019820135,0.3000581,0.03250013,0.43051973,0.003394693,0.25201753,0.00065030187,0.10978276,0.099995136,0.29964086,0.16678545,0.10430086,0.018567244,0.049932986,0.00033577014,0.017165877,0.09990388,0.29964247
35204668,10.0,40.0,20.0,10.0,0.0,7.567066,50.290314,19.110003,2.3522055,2.408647,0.008187122,0.05386492,0.11371218,0.30039048,0.04920695,0.35331365,0.080564156,0.24210681,0.013805205,0.20767568,0.08315561,0.290219,0.009151634,0.046841517,0.102523424,0.28811106,0.19960655,0.067962125,0.00044360492,0.0021389977
35204489,15.0,0.0,190.0,10.0,15.0,6.990103,4.5141106,152.8654,1.5622467,6.1061087,0.04015431,0.09742962,0.12183708,0.29818994,0.16367316,0.22898234,0.020171657,0.060043573,0.07377769,0.4007242,0.039474726,0.2522728,0.039798874,0.0123810135,0.08058778,0.24050283,0.032560863,0.06286006,0.08400172,0.2515711
35200492,10.0,0.0,30.0,0.0,0.0,6.0338607,2.1535897,6.146892,1.4121275,1.0155791,0.07666435,0.15191689,0.1902945,0.2982077,0.22512543,0.0751452,0.005423492,0.0061686514,0.05486826,0.07607761,0.09100002,0.24789558,0.21304208,0.09273851,0.061179545,0.0024796983,0.2084809,0.05084872,0.0069370186,0.0074294107
35201694,10.0,20.0,10.0,0.0,0.0,2.2294912,27.184618,7.7151318,1.278183,0.76363206,0.0014850533,0.055452757,0.1011343,0.30015367,0.042308517,0.4113471,0.0803311,0.24236806,0.0029080263,0.23119621,0.100230895,0.30004996,0.16804336,0.05034234,0.017807825,0.048122052,0.19867094,0.040443435,0.00013622269,0.00043100963
35204303,0.0,10.0,140.0,0.0,30.0,22.614597,16.392744,158.35907,2.2494917,25.769682,0.19714686,0.049795136,0.0025372945,0.009713963,0.0023665847,0.28018603,0.100022025,0.29999617,0.012527658,0.50614923,0.012550771,0.30005568,0.19872573,0.0024239796,0.0006941406,0.001943672,0.0068130824,0.124163374,0.09667748,0.28993744
35204534,0.0,0.0,75.0,0.0,0.0,4.4274597,2.7428439,31.107874,1.6016688,1.0093172,0.1793605,0.07463289,0.04608346,0.06331684,0.23477577,0.1968053,0.0073539754,0.0034412406,0.07588385,0.15888631,0.037666887,0.25769922,0.20430681,0.03271537,0.01539858,0.0026612706,0.2047477,0.11087766,0.006131863,0.013744837
35201950,0.0,0.0,0.0,50.0,0.0,1.212477,0.98485595,1.8095887,26.162884,0.2872449,0.18183228,0.033264346,0.09720596,0.061427508,0.18799074,0.060653336,0.019818768,0.051994618,0.16873369,0.21155262,0.008067349,0.061666917,0.008434379,0.110681355,0.19022274,0.29869485,0.20429634,0.049310707,0.005247158,0.0045677684
35202712,30.0,10.0,180.0,0.0,10.0,12.484296,10.107895,178.50456,1.194518,5.5198684,0.022705186,0.060636304,0.11949588,0.29109323,0.056062102,0.22470206,0.082900226,0.24217908,0.0980828,0.39255744,0.05428742,0.24463166,0.20256346,0.014427755,0.008106797,0.0010784626,0.04811669,0.06314723,0.08340271,0.24440594
35204362,0.0,0.0,0.0,0.0,0.0,3.629235,2.3563795,2.286075,1.7773489,1.2640281,0.20689104,0.047776505,0.06545423,0.06644529,0.26073125,0.105059296,0.027496262,0.014262077,0.20292218,0.11054413,0.04627844,0.06664594,0.21572886,0.03925678,0.042038552,0.014605684,0.21328248,0.05016698,0.03409993,0.06908153
35202324,10.0,0.0,20.0,0.0,0.0,6.8117104,1.1797415,19.11815,1.2070446,1.2473044,0.019640353,0.17754301,0.098132834,0.30377048,0.22272357,0.08244218,0.0067813485,0.0039680763,0.030398676,0.29202703,0.11896593,0.3025657,0.19602789,0.039194934,0.011395441,0.011000099,0.1655077,0.06388107,0.018589308,0.05925259
35203713,10.0,15.0,10.0,0.0,45.0,13.825161,25.551802,26.666603,3.4568539,44.245846,0.039986588,0.018021312,0.08045954,0.24044286,0.008694068,0.33548906,0.096168056,0.29032996,0.0012039321,0.22670345,0.10016844,0.29962742,0.19233167,0.0035236448,0.0042485525,0.01152326,0.006758024,0.2115597,0.016053911,0.28994778
35200043,0.0,20.0,35.0,0.0,25.0,9.2135105,12.566412,72.94879,6.086521,17.157318,0.20052378,0.07079353,0.04672247,0.050503667,0.034982093,0.034999475,0.08333082,0.24974275,0.034196824,0.59962547,0.083509065,0.24982494,0.19393662,0.015793543,0.010057898,0.009650319,0.040347356,0.019927094,0.080167346,0.24015975
35201142,0.0,0.0,10.0,40.0,0.0,0.8379338,1.0147203,5.644509,35.33875,0.19373143,0.21618235,0.042671442,0.0572455,0.005440077,0.18962711,0.081056654,0.0032020202,0.05219147,0.012119508,0.14451918,0.10575586,0.299005,0.03976438,0.20103927,0.25203145,0.25011325,0.19760357,0.020264892,0.0056366394,0.011865988
35205036,0.0,0.0,0.0,0.0,0.0,17.928808,67.07455,32.09059,4.6991854,12.316976,0.21612449,0.19694649,0.016690956,0.00031253404,0.1974956,0.33670378,0.0034925898,0.010084454,0.1982062,0.12298543,0.0046663675,0.011719221,0.20027746,0.061405517,0.020442294,0.0005069814,0.19938593,0.015033631,0.0001545017,0.0020921472
35201203,0.0,90.0,20.0,140.0,0.0,9.149513,27.719666,22.530231,115.11937,10.083945,0.18783973,0.03730435,0.1184694,0.062396623,0.058805138,0.037941337,0.0032801186,0.24502212,0.009009679,0.11677274,0.104760446,0.30237725,0.043150928,0.32979047,0.21347359,0.25056198,0.1992982,0.032092184,0.006878467,0.014245733
35201153,0.0,10.0,0.0,15.0,0.0,2.3600802,5.363795,0.61310476,7.304455,0.4626148,0.1846281,0.05888733,0.053309955,0.05711772,0.04896212,0.13261883,0.10600706,0.30320114,0.21200177,0.17203945,0.016880427,0.016441513,0.04812902,0.09816432,0.15459973,0.24248606,0.21125178,0.05718804,0.009909523,0.008696694
35200394,80.0,10.0,0.0,0.0,0.0,67.78113,2.537085,0.70635223,0.9552847,0.7166431,0.16183007,0.2808156,0.17153272,0.29178,0.045694724,0.050168823,0.08193408,0.24291956,0.19534895,0.033451553,0.0061214296,0.012360712,0.17096904,0.04710719,0.038626555,0.048430547,0.20252171,0.01479798,0.0011292782,0.001104241
35200865,355.0,0.0,0.0,0.0,0.0,218.67554,4.398098,1.376839,0.5739242,0.6155679,0.12165344,0.25326136,0.12050497,0.003344185,0.17094818,0.16914445,0.00057355774,0.058184613,0.19398277,0.14513962,0.0020635512,0.0027112665,0.16861828,0.030761693,0.01923806,0.04819662,0.19430152,0.1496997,0.001354364,0.0103101125
35204646,20.0,0.0,10.0,10.0,0.0,5.1904597,1.2156966,9.70402,2.244232,0.633178,0.020708878,0.06672533,0.1320397,0.3066949,0.2289125,0.1241305,0.010446744,0.0056855245,0.034554392,0.25889882,0.108524255,0.30258465,0.046162598,0.059194904,0.105514035,0.2427683,0.20719288,0.07419554,0.006172617,0.003275514
35204594,140.0,20.0,25.0,0.0,0.0,147.5486,37.572838,22.462029,2.0900605,7.236369,0.03560151,0.29824206,0.008278351,0.2543576,0.043468464,0.50426984,0.08547347,0.25316286,0.038205355,0.077858716,0.087866604,0.25313225,0.20128576,0.014234235,0.0072008264,0.0012933298,0.20181896,0.01204546,0.0021729532,0.0033861932
35203718,45.0,55.0,245.0,10.0,165.0,11.479582,60.65195,115.49552,0.0,119.87888,0.014246147,0.07291038,0.025799662,0.2903684,0.057025746,0.33735627,0.0036198567,0.24155648,0.017359879,0.37310272,0.022113778,0.28955433,0.033931803,0.016137833,0.10266989,0.25305957,0.044915732,0.22871768,0.0023656255,0.24169704
35201375,0.0,10.0,0.0,10.0,0.0,5.4386387,3.6250582,0.85685456,5.0723953,0.11735299,0.26293486,0.12643701,0.11384683,0.018597055,0.03804469,0.06581447,0.08524465,0.29230547,0.18196535,0.04868635,0.024836276,0.052175254,0.012930759,0.15700728,0.18371175,0.29969665,0.17938139,0.025359562,0.021293825,0.052707464
35205069,0.0,0.0,0.0,0.0,0.0,10.380682,92.68659,23.95493,4.6796875,16.669895,0.17233036,0.13790289,0.0020374982,0.04858083,0.17252372,0.4997223,0.00020912322,0.04815146,0.1717475,0.12501793,0.017019868,0.05011895,0.20007342,0.009313333,0.00028790435,0.00013288617,0.16747211,0.008848462,0.0007980029,0.050041683
35203679,0.0,15.0,0.0,0.0,20.0,5.688105,6.9693923,1.481165,0.0,8.166845,0.23351805,0.07440267,0.07168308,0.019667191,0.0946363,0.11870193,0.09315629,0.2557896,0.18656763,0.06809053,0.029966626,0.05624642,0.21045284,0.06796019,0.06369076,0.0036484038,0.0659829,0.10730234,0.09159897,0.25254846
35203231,0.0,0.0,15.0,10.0,0.0,2.0490673,12.355495,10.712539,8.610725,0.12832968,0.20713809,0.029836485,0.03610372,0.003813853,0.22897334,0.154691,0.0009627312,0.002492635,0.0054991096,0.15018223,0.100253336,0.30072471,0.009427144,0.20380266,0.2315626,0.28848165,0.20350385,0.028178632,0.0017714915,0.0043279137
35204760,30.0,60.0,25.0,10.0,0.0,16.00918,64.856865,5.306333,2.426154,0.12342253,0.05325485,0.1502034,0.11111429,0.25045678,0.045902763,0.34440148,0.00083027803,0.2503867,0.005578287,0.100287504,0.101198,0.2984089,0.009580662,0.04620915,0.13519064,0.28822356,0.19528918,0.045926277,0.00087389664,0.010565918
35203719,15.0,0.0,0.0,0.0,15.0,11.4799595,31.8718,3.8575678,1.5571861,6.568716,0.043622583,0.08092027,0.16459355,0.29682907,0.24652123,0.12230183,0.006543548,0.0028588502,0.18233764,0.17005916,0.008390747,0.051655583,0.17374605,0.052937012,0.054417,0.04976462,0.05919321,0.10180647,0.08605665,0.24680898
35203792,10.0,10.0,55.0,0.0,0.0,8.584516,11.811868,19.29955,2.031651,2.0519772,0.05804318,0.14063995,0.13141727,0.29083127,0.017899528,0.30197036,0.09651606,0.28855222,0.0049508982,0.10815275,0.021205718,0.30031106,0.19387947,0.045497604,0.013171204,0.009810043,0.1679046,0.067115895,0.017264105,0.050804563
35202088,15.0,10.0,120.0,0.0,0.0,6.3603573,9.892723,137.72156,3.1520624,1.7255051,0.03507163,0.043748237,0.08792403,0.25241917,0.012121376,0.30119997,0.096649006,0.28833592,0.017657567,0.36435556,0.022344736,0.29068187,0.192869,0.007321342,0.0064708036,0.011781247,0.16884564,0.04842119,0.016514644,0.0487253
35201214,0.0,0.0,0.0,20.0,0.0,3.4698699,1.5572941,1.098546,13.868682,0.48125884,0.25538546,0.07644757,0.11099071,0.016762014,0.2188614,0.039186925,0.006746649,0.012850167,0.17292288,0.09614674,0.026690219,0.060433853,0.050979607,0.14533867,0.23518024,0.24134652,0.20656492,0.030788032,0.003070619,0.0027418733
35202234,15.0,15.0,55.0,45.0,0.0,5.564195,2.2352345,16.954048,63.38325,0.93973875,0.019225385,0.075192995,0.13033447,0.30139711,0.008360178,0.026027292,0.10125472,0.30056086,0.03596035,0.09399555,0.0058909,0.25258568,0.040060665,0.4263471,0.09061601,0.24271919,0.20108531,0.013981285,0.0015492057,0.0028772177
35200383,60.0,20.0,10.0,10.0,0.0,58.890915,24.989695,4.58962,1.7111564,0.0,0.022876168,0.30282444,0.0190639,0.30004793,0.007696258,0.35333738,0.08071489,0.29041353,0.0010420466,0.09067123,0.10026743,0.2999646,0.033374116,0.02386594,0.08374573,0.2500003,0.16024648,0.017208893,0.020015385,0.059955418
35203421,20.0,30.0,120.0,0.0,20.0,15.422712,44.748238,103.28024,2.6374276,26.472582,0.0016932347,0.025612488,0.102771394,0.30008146,0.010635142,0.3163379,0.0961171,0.28842175,0.003751665,0.29046756,0.016962277,0.29804802,0.16183071,0.009705459,0.020505495,0.0576225,0.03992913,0.14158188,0.08009251,0.24042848
35202936,0.0,0.0,0.0,0.0,0.0,3.8079689,1.1239103,0.8220955,1.3642968,0.7610032,0.24093938,0.1032089,0.14966813,0.07050834,0.24632087,0.10898721,0.010876557,0.019324342,0.18800692,0.09923293,0.01681703,0.057278533,0.17979045,0.03908004,0.049566515,0.0504831,0.2069614,0.040908538,0.02302244,0.059217487
35204311,185.0,10.0,20.0,0.0,0.0,200.5156,13.122971,8.315833,0.96441007,0.6715635,0.019085083,0.34228277,0.04006854,0.2996477,0.045609232,0.37335974,0.0810984,0.24123515,0.012062953,0.117302366,0.09839089,0.2895908,0.20261192,0.020012284,0.012239936,0.0005014867,0.20173672,0.02864854,0.0014039573,0.0014963252
35203483,20.0,10.0,80.0,15.0,0.0,3.997706,9.042702,58.578823,1.3322039,7.1384683,0.00084361725,0.037411336,0.10097253,0.30017236,0.013274666,0.22872406,0.09634635,0.28849813,0.007088395,0.30539978,0.02270792,0.30014253,0.03364995,0.017141562,0.08382282,0.24964981,0.19996206,0.19247831,0.00018277296,0.00012374479
35203847,0.0,0.0,15.0,0.0,100.0,1.3775452,6.0897064,10.591864,0.0,59.482513,0.21792188,0.07707336,0.027004486,0.0030685395,0.17854674,0.22952569,0.02109758,0.060495716,0.0072502266,0.21494026,0.08598161,0.30119824,0.20066008,0.03309235,0.0055381535,0.00075480016,0.0050587314,0.18690616,0.0226163,0.30015442
35204065,15.0,90.0,75.0,25.0,0.0,4.212778,64.38483,74.033066,4.3863173,3.9032764,0.037436344,0.0612885,0.09030223,0.25301483,0.058932,0.22347794,0.0020629722,0.24074553,0.022206403,0.31577295,0.009904452,0.29172796,0.040959474,0.019524429,0.08328163,0.24058749,0.20131591,0.10849012,0.0013973184,0.0028696947
35201001,65.0,0.0,10.0,140.0,0.0,21.392244,0.0,4.4573593,102.195526,1.2788855,0.08872613,0.050266072,0.13929994,0.25425842,0.20773691,0.030508466,0.0054755686,0.011804728,0.03820689,0.084974095,0.08340203,0.25304833,0.01013885,0.3138247,0.21945778,0.30026174,0.20395267,0.023549601,0.0024178815,0.0018219552
35202302,10.0,0.0,10.0,10.0,0.0,8.3794985,1.897903,15.037079,3.2686837,1.3030943,0.010385022,0.17474909,0.11385271,0.29874983,0.17357284,0.067645505,0.016828353,0.048505593,0.024799049,0.42448813,0.09259938,0.28901774,0.04079213,0.06729124,0.0854107,0.24026795,0.16978005,0.026509836,0.01675437,0.04891712
35202007,0.0,25.0,60.0,0.0,20.0,0.85462177,10.495175,49.641514,0.7466284,11.515478,0.20252776,0.041091688,0.015344961,0.013787271,0.058668967,0.115741335,0.08608326,0.2429742,0.048170928,0.34846258,0.013344577,0.25353745,0.2033525,0.036588714,0.010812922,0.0029869557,0.04308204,0.1420735,0.08719204,0.2539299
35204894,40.0,50.0,35.0,10.0,0.0,80.91432,46.36743,39.713234,1.4562624,15.932845,0.006580322,0.5693157,0.09977495,0.3007541,0.04455605,0.11106771,0.0013562992,0.24079363,0.006119158,0.06681726,0.103793815,0.30051318,0.039205603,0.0081483,0.08227915,0.24220006,0.19310203,0.012816064,0.0037178665,0.011850523
35200946,0.0,0.0,0.0,100.0,0.0,1.5637335,1.4633176,0.83600986,51.226135,0.26009503,0.20192721,0.03294224,0.10600765,0.051869515,0.17919047,0.091254145,0.021782804,0.05998399,0.16710897,0.10168247,0.02371105,0.061113767,0.049641635,0.10306366,0.22627805,0.24305168,0.1655796,0.06282698,0.006055283,0.059577152
35201160,0.0,0.0,0.0,70.0,0.0,0.59706444,0.6237827,0.8181594,69.15813,0.32284528,0.2065535,0.022222172,0.048793957,0.010493355,0.16928717,0.012266517,0.016763506,0.05008193,0.16760993,0.14975432,0.017302573,0.04999472,0.040580094,0.20183724,0.3440061,0.24194013,0.16828692,0.0077607716,0.01614563,0.048078448
35200687,15.0,0.0,10.0,0.0,0.0,11.017962,5.6865544,2.8303692,1.236777,1.1294074,0.14568287,0.1629165,0.2696603,0.24441057,0.22388339,0.06317769,0.0027571092,0.012573969,0.007873215,0.042180363,0.103373654,0.30230218,0.17363493,0.077856585,0.07243524,0.05066784,0.21275504,0.020290913,0.00384652,0.005188328
35205003,0.0,0.0,0.0,0.0,0.0,25.807104,109.40879,28.581778,5.0544243,21.277672,0.20372505,0.09588658,0.003518312,6.941707e-05,0.2004914,0.5090662,0.00071126176,0.0020180845,0.20089746,0.15263483,0.0011262373,0.0023516065,0.20005718,0.01319328,0.0040920605,0.000104488165,0.19992402,0.012612331,4.238091e-05,0.0004232371
35202297,10.0,10.0,0.0,40.0,0.0,2.16668,0.5293571,5.6755676,29.425303,0.33230075,0.061205946,0.040925946,0.17532828,0.2571525,0.028096437,0.033914585,0.08392958,0.2918619,0.17235829,0.10080105,0.0296515,0.0619301,0.020129109,0.23116732,0.2699249,0.290928,0.20348053,0.03285216,0.0044053867,0.0046506734
35201654,0.0,0.0,10.0,0.0,0.0,2.5707705,1.8996134,3.5800796,1.1536307,0.7378154,0.22382551,0.06359702,0.07107878,0.018613826,0.23410888,0.19748223,0.029259872,0.06470008,0.055212747,0.0721201,0.09220727,0.24804047,0.17455946,0.05468695,0.069429465,0.050598532,0.23399347,0.061210882,0.011414804,0.012363825
35200278,20.0,10.0,0.0,10.0,0.0,21.551636,3.0414526,1.2236513,1.9397664,0.9838358,0.15013239,0.22876182,0.27930653,0.30120072,0.027503032,0.056842092,0.09818232,0.29009357,0.20366204,0.024030479,0.0031330783,0.004255471,0.03859623,0.041170314,0.10099111,0.25040355,0.20930988,0.02769478,0.002156552,0.002303044
35204954,0.0,0.0,0.0,0.0,0.0,43.19345,47.42096,285.73096,74.73092,17.677664,0.1844926,0.0590365,0.02431643,0.0007385476,0.19997573,0.06323207,0.00023609286,0.011639964,0.20131999,0.51858366,0.0010607358,0.00054869574,0.19382921,0.10380716,0.005820566,0.009643943,0.19888136,0.03328758,0.0002815094,0.0020661769
35203300,0.0,25.0,10.0,10.0,75.0,1.3150538,21.32023,9.990463,0.0,56.20742,0.16432828,0.027883386,0.026620418,0.061367873,0.04792571,0.21211728,0.08212117,0.24113981,0.0077489433,0.26480407,0.1019854,0.30053118,0.00923632,0.013318329,0.10113267,0.28855598,0.04148646,0.23463921,0.0012690173,0.24066503
35202627,30.0,15.0,10.0,0.0,0.0,58.243977,11.141962,7.100155,1.1021919,2.954483,0.06414063,0.57913667,0.10653139,0.2908844,0.008889839,0.11769428,0.097101025,0.29063496,0.007879006,0.03216389,0.09760704,0.29063183,0.200269,0.0059020747,0.0014781045,0.00026156873,0.20039473,0.0039533377,0.0004373298,0.000679845
35200665,0.0,0.0,0.0,0.0,0.0,2.9980867,1.1383332,0.6030343,1.5466377,0.42126793,0.21218044,0.09648925,0.104308836,0.0665866,0.23121774,0.17190187,0.008380519,0.05434134,0.17635408,0.09794696,0.013211273,0.06253581,0.17727059,0.039939333,0.050764024,0.052989267,0.20580997,0.086454466,0.007383048,0.05763642
35204862,215.0,35.0,60.0,0.0,40.0,179.87549,54.446102,45.003483,0.4407072,17.85627,0.05266051,0.22729251,0.022797277,0.24371952,0.007663675,0.44042018,0.09704904,0.2984611,0.036505084,0.15196267,0.0049955393,0.25043538,0.16258617,0.031445112,0.036742367,0.059939343,0.035876743,0.03324266,0.08425904,0.2505416
35200576,15.0,10.0,10.0,0.0,0.0,12.196533,9.869215,2.8984478,1.1441404,0.9070324,0.070102274,0.19253756,0.12711672,0.25199187,0.060883097,0.28803334,0.08201417,0.250494,0.040146854,0.080638185,0.08533511,0.2511221,0.20136403,0.03214019,0.007052264,0.0006401079,0.19957867,0.06095598,0.0022624447,0.012057167
35204859,120.0,60.0,80.0,0.0,60.0,50.887604,64.24066,82.46961,5.30752,44.787636,0.047410153,0.074043036,0.014720441,0.24395114,0.02007615,0.25388002,0.01864955,0.29115927,0.038200658,0.2387851,0.0063630003,0.25126237,0.20209332,0.014299135,0.012741839,0.0007318874,0.013226348,0.14268087,0.018331464,0.29051653
35200710,10.0,10.0,20.0,0.0,0.0,2.0533433,3.4595425,1.3792168,1.5076019,0.5747838,0.0776761,0.053980913,0.17241143,0.24683781,0.08655379,0.07885617,0.08472034,0.24436371,0.012660241,0.054344244,0.10850616,0.30491185,0.17372006,0.1686225,0.16575707,0.05872023,0.21287152,0.038734317,0.006016834,0.00808029
35205034,0.0,0.0,0.0,0.0,0.0,6.111856,33.55168,11.283751,12.566058,10.44199,0.17264125,0.07205057,0.024413433,0.050711185,0.1843569,0.35749683,0.00064127636,0.050263654,0.16713092,0.21904837,0.022072703,0.059877068,0.16211091,0.032769255,0.029652616,0.05773404,0.20031044,0.06212743,0.00093900255,0.002428709
35203135,0.0,0.0,0.0,10.0,0.0,4.136556,1.7846631,1.3749493,5.1742215,0.6635051,0.21671797,0.1525886,0.11063646,0.06602387,0.23527843,0.06569059,0.0054169837,0.003736093,0.20797503,0.098445944,0.0068848403,0.0128903985,0.041946635,0.12625483,0.13823055,0.2511279,0.17998056,0.047579158,0.020465234,0.05240282
35204003,0.0,40.0,30.0,0.0,0.0,16.960157,55.24348,21.084595,1.017286,2.923904,0.17449948,0.23030525,0.027492078,0.058181744,0.00448927,0.3565075,0.09932979,0.29771265,0.0022575944,0.13923445,0.08446562,0.30007628,0.19877894,0.010681822,0.0026395621,0.0019676506,0.1936419,0.029293027,0.003463187,0.010169759
35204445,0.0,15.0,45.0,15.0,0.0,1.2372817,3.9730415,7.182558,21.405529,0.5049473,0.1724061,0.025298622,0.04410168,0.051152945,0.005853881,0.06917381,0.09945879,0.29782447,0.0057575935,0.11782904,0.0060935146,0.2982265,0.040299375,0.39282244,0.2114388,0.2423795,0.19399807,0.015254248,0.0034656192,0.009856685
35202813,0.0,0.0,0.0,0.0,0.0,2.7300532,0.93387127,0.8100127,1.6950537,0.46649206,0.2525859,0.07119838,0.1037296,0.017629676,0.2803393,0.08847077,0.0147999665,0.012005573,0.2143748,0.042369105,0.020268768,0.021756355,0.1820123,0.0609776,0.08679828,0.05280456,0.2587614,0.033870146,0.011981457,0.015153067
35200333,30.0,10.0,0.0,0.0,0.0,54.0578,2.6502538,1.2229338,0.9319295,0.93479264,0.049035545,0.5512274,0.12556837,0.3002946,0.001919062,0.023211401,0.10025806,0.30011496,0.16743797,0.03485255,0.0012167906,0.05052317,0.16802341,0.087489106,0.0181466,0.048546545,0.20025548,0.004992299,0.00031258605,0.0005785074
35200042,25.0,80.0,10.0,0.0,40.0,16.2559,83.79854,20.917597,0.0,25.387487,0.004661385,0.07975106,0.08385597,0.30001488,0.002682868,0.30330843,0.016150896,0.29808307,0.00094183255,0.32772225,0.10018699,0.29999673,0.16667536,0.0052233743,0.016750108,0.050000515,0.03205758,0.07940476,0.084006295,0.25199217
35202706,15.0,10.0,55.0,0.0,0.0,4.2908196,5.5417747,107.37998,0.80796546,2.7593272,0.0003431561,0.012906333,0.100557774,0.30001646,0.0021924907,0.09634748,0.099223845,0.29768437,0.0011302668,0.6477133,0.003506267,0.29960975,0.19236618,0.002227636,0.004101262,0.011524508,0.16798599,0.036977954,0.016018556,0.0480857
35202127,30.0,0.0,25.0,0.0,0.0,7.8781734,1.5960854,43.75633,0.90312755,1.6024969,0.048403077,0.051559716,0.11011182,0.25411883,0.21023364,0.07410835,0.0022161705,0.0038668767,0.04052406,0.544838,0.08430213,0.25146887,0.195964,0.010436827,0.009935328,0.010099462,0.2014078,0.03198857,0.0046114665,0.011844852
35200121,330.0,0.0,0.0,0.0,0.0,284.44238,2.965395,1.5959644,1.6608387,1.9347988,0.11241369,0.30976647,0.15826245,0.060731754,0.17459689,0.15553032,0.016542554,0.0483496,0.16332401,0.10978469,0.020572204,0.05815937,0.20105095,0.03006557,0.00509431,0.0002373986,0.20096484,0.09848202,0.0010984449,0.0006494699
35201025,0.0,0.0,0.0,10.0,0.0,11.018871,3.3492281,1.4269607,1.7814535,0.66854024,0.19326489,0.21286535,0.051260076,0.06294253,0.17810716,0.16469315,0.022393294,0.05867786,0.17812446,0.1690075,0.010205921,0.061798565,0.00874194,0.05422348,0.1027588,0.29147005,0.20470831,0.066933885,0.0017755438,0.0017658189
35201056,20.0,0.0,0.0,10.0,10.0,10.48354,6.3996806,3.0885603,1.5030748,2.5192034,0.0899843,0.093223855,0.1806386,0.24536324,0.2482625,0.2008878,0.009438636,0.015790539,0.1722362,0.07415423,0.024154302,0.06445248,0.044696704,0.035892524,0.106607035,0.24199831,0.034265094,0.074576795,0.09194856,0.30720547
35203177,20.0,0.0,25.0,0.0,0.0,32.96981,11.947995,11.327629,4.7015033,2.3175116,0.018252404,0.44222587,0.099361725,0.29060408,0.17210041,0.22242764,0.00041480295,0.048149433,0.004916069,0.07936412,0.08201508,0.29834786,0.16819428,0.0065777563,0.016661003,0.04811977,0.20029011,0.022181358,0.00028090802,0.0005750583
35205037,0.0,0.0,0.0,0.0,0.0,70.64082,510.60245,157.10257,8.312163,304.00937,0.18730825,0.04633677,0.03362547,0.05552834,0.42313012,0.177617,0.0069195493,0.0052236384,0.18359153,0.07906373,0.021594362,0.051869143,0.16302572,0.0725181,0.047838643,0.060995128,0.23564062,0.045889128,0.0024408465,0.0044705374
35204821,30.0,25.0,25.0,0.0,0.0,29.362381,50.91448,28.594503,5.031365,9.380217,0.0021034773,0.068626106,0.10277641,0.29974997,0.03473835,0.5666657,0.08336569,0.24970113,0.00498294,0.13406354,0.09852179,0.29780358,0.16815844,0.013468647,0.017082142,0.048053592,0.19395626,0.009231294,0.0033509035,0.009783434
35204453,10.0,10.0,120.0,60.0,0.0,4.1223373,4.7996607,99.85939,50.53335,2.9609027,0.042579666,0.02975772,0.092723146,0.24473871,0.01850352,0.08496391,0.09834451,0.28891215,0.03051622,0.27110547,0.013221774,0.29119247,0.042439066,0.25730515,0.02792188,0.24081571,0.16920333,0.05035874,0.018321687,0.05102594
35203677,10.0,0.0,0.0,0.0,10.0,7.820693,0.6051988,0.95259714,0.022899985,4.3963704,0.03516895,0.22348289,0.14139016,0.30465493,0.21736717,0.17157811,0.0055209366,0.049719587,0.17483988,0.08474673,0.027223557,0.06184673,0.17017771,0.014568122,0.023817997,0.04969918,0.05632195,0.108065486,0.08353068,0.24523161
35203933,345.0,0.0,10.0,0.0,10.0,361.76154,38.354744,5.480911,1.4839308,5.038662,0.11768514,0.25443745,0.1427426,0.011343371,0.20153974,0.11551326,0.004778415,0.012100497,0.034542643,0.124743566,0.08562568,0.2524885,0.17043549,0.048917,0.047686268,0.04876376,0.033748664,0.121232376,0.08217825,0.2524271
35205055,0.0,0.0,0.0,0.0,0.0,4.358744,3.0891726,9.488923,1.4759015,1.2278848,0.26032436,0.09042544,0.09299226,0.017635856,0.23433726,0.046782304,0.015263821,0.019559471,0.21425918,0.0887985,0.018164024,0.019334503,0.18285455,0.08903727,0.10290314,0.053680915,0.21927612,0.039578926,0.013530969,0.01921305
35204452,0.0,0.0,0.0,45.0,0.0,0.36857098,2.0653152,6.1162076,49.299755,0.14918055,0.20673127,0.061767705,0.1171945,0.049689204,0.20994453,0.02650021,0.00089629134,0.0028410924,0.1638036,0.04067689,0.021759083,0.06060868,0.03774796,0.28310436,0.2108711,0.25019574,0.2032606,0.009561188,0.0010669813,0.0012725227
35204310,490.0,15.0,50.0,0.0,0.0,396.78647,22.845425,31.103569,0.14119068,0.8776648,0.04248824,0.25428703,0.0024376558,7.7188306e-05,0.04455282,0.40876248,0.08025683,0.24041283,0.04365093,0.17360099,0.001485669,0.24055514,0.20003851,0.00788781,0.0008672042,3.3086075e-05,0.20013016,0.09870543,0.00015780152,0.00020129612
35202265,10.0,0.0,275.0,15.0,0.0,4.1867323,11.381804,252.05118,4.3334837,2.8583772,0.012802293,0.044308607,0.11539468,0.29145005,0.16780859,0.21224637,0.016888544,0.05839345,0.11127269,0.37322402,0.07480479,0.2525562,0.0040544034,0.050899934,0.13401063,0.2982079,0.20082796,0.057907656,0.0009413985,0.0009387322
35204319,25.0,0.0,0.0,0.0,0.0,29.170618,0.8688828,0.8859698,1.1550968,0.9540922,0.15888195,0.2496274,0.23543718,0.24529363,0.2151444,0.061188783,0.00656888,0.013524917,0.17414449,0.03162531,0.01930121,0.0504402,0.19761854,0.07063926,0.028489146,0.010365615,0.20981726,0.023255683,0.0029810197,0.0033560514
35202643,0.0,0.0,0.0,0.0,0.0,1.6806421,0.43855292,0.43183023,1.5340098,0.4862629,0.22818488,0.097986795,0.12662382,0.07455751,0.24021912,0.07390353,0.032883026,0.06687896,0.22183706,0.03923785,0.015646027,0.010176487,0.18117934,0.056654744,0.06703937,0.05377841,0.23878014,0.053812157,0.011992033,0.01657459
35204383,0.0,0.0,10.0,0.0,0.0,3.058654,1.9305342,5.6479874,1.3991741,0.58494484,0.24025398,0.2806649,0.03968991,0.0013140759,0.21166414,0.19961938,0.00077101495,0.0027301102,0.045665145,0.1404601,0.08200528,0.24081837,0.19951901,0.033077583,0.0027010497,0.0022746148,0.20437157,0.03288239,0.0007665508,0.0013105943
35204391,0.0,0.0,35.0,30.0,0.0,1.5751176,1.8344318,68.98225,4.3293614,0.72550935,0.1929057,0.01192179,0.0054415893,0.012291017,0.17053263,0.07141405,0.016449105,0.048229735,0.0032691183,0.617199,0.10106241,0.30011144,0.0018537724,0.015769865,0.10045354,0.29771197,0.16830486,0.07045349,0.00026636742,0.04813389
35204142,35.0,25.0,20.0,10.0,0.0,52.576176,37.385036,32.409557,1.2836018,8.779647,0.014429513,0.29378164,0.10167045,0.2981818,0.0023788575,0.24389921,0.09942688,0.29812777,0.0034327637,0.23414405,0.100095764,0.29813558,0.040058818,0.0026827466,0.08029825,0.24005605,0.20010136,0.008204771,8.964926e-05,0.00013844257
35201600,10.0,0.0,15.0,15.0,0.0,7.908676,49.961903,11.599474,14.496669,2.976161,0.05292746,0.038766224,0.14749786,0.25446102,0.2145875,0.0504625,0.002097321,0.011503064,0.038161557,0.05280958,0.08493796,0.25282168,0.038441353,0.3060502,0.27094895,0.25064802,0.20212537,0.031361334,0.002129632,0.012001891
35202403,10.0,0.0,160.0,10.0,20.0,4.862081,9.983159,198.86314,1.2376175,5.8066797,0.013678763,0.12546036,0.08598798,0.28886807,0.16626434,0.3172119,0.019661756,0.059775773,0.032441344,0.3906812,0.021861413,0.2904873,0.032624334,0.0129630435,0.08741258,0.2520799,0.007496315,0.07352185,0.09705217,0.29018876
35201353,0.0,0.0,10.0,0.0,0.0,0.5073306,1.0694563,7.212776,0.72365355,1.3613529,0.21175472,0.18815777,0.048776858,0.052139327,0.19708219,0.18050188,0.018567847,0.05059089,0.020224022,0.17576247,0.10536678,0.29128304,0.20149451,0.018552277,0.0021861913,0.00073905615,0.2029116,0.08933069,0.0008925196,0.0029786853
35201712,0.0,10.0,10.0,10.0,0.0,14.720231,8.261002,2.7066345,4.267605,0.18864168,0.18463255,0.046290245,0.048436526,0.05263374,0.060727537,0.17028177,0.086817786,0.30043,0.016025087,0.08620973,0.086247444,0.29237834,0.04486953,0.12271344,0.16901483,0.2404715,0.17265764,0.105563715,0.0083854925,0.0638376
35204941,0.0,0.0,0.0,0.0,0.0,11.573194,4.592698,7.288872,1.695947,1.1864593,0.17986964,0.1502671,0.035878282,0.049510878,0.18092373,0.23468842,0.017122338,0.0489116,0.1707466,0.24874483,0.025561891,0.061145686,0.19481346,0.039134223,0.033208057,0.011837963,0.202905,0.023427391,0.0012928866,0.0016792027
35201185,0.0,0.0,0.0,115.0,0.0,0.32639363,0.2598593,0.31551993,61.503693,0.044651482,0.22255777,0.03952668,0.08924626,0.013384496,0.21136954,0.090858504,0.0019906121,0.01156169,0.19880594,0.09916383,0.007188035,0.012765697,0.042317573,0.117127135,0.26022175,0.25203943,0.20324098,0.028699577,0.002093802,0.0015960224
35200306,145.0,25.0,20.0,0.0,0.0,122.63,14.8788395,6.6637564,0.6762933,1.0730275,0.15343432,0.36521924,0.13639621,0.25333163,0.04888256,0.14074397,0.081167616,0.24078509,0.042478807,0.08678516,0.081765264,0.24266635,0.16850242,0.036634415,0.028023303,0.050269697,0.19625044,0.039962217,0.004215318,0.010540662
35202494,40.0,0.0,10.0,0.0,0.0,74.79768,2.6039894,3.9151754,1.103261,1.3829752,0.07655822,0.55776924,0.10385536,0.25165984,0.16116972,0.09276176,0.019878818,0.05954634,0.0010211411,0.06642161,0.09699798,0.30002692,0.19977178,0.0069212625,0.00057732506,0.00040008308,0.1987635,0.008201285,0.000696966,0.002038439
35203801,0.0,0.0,0.0,0.0,0.0,1.5240458,0.3959251,0.37034187,1.678183,0.38909262,0.23860015,0.050414406,0.08515939,0.029487565,0.23467249,0.06680831,0.032482717,0.0715819,0.18120497,0.048704255,0.020505825,0.073535584,0.1863105,0.11566721,0.08713462,0.05427243,0.24540837,0.04582531,0.013624626,0.019137748
35204278,45.0,15.0,0.0,0.0,0.0,19.536379,8.45143,0.77695906,1.4650518,0.8504849,0.14103061,0.102305025,0.14628217,0.2481145,0.088222526,0.122248545,0.08753981,0.24533479,0.21239048,0.049381096,0.012112783,0.008638695,0.20149143,0.04349121,0.029896606,0.013033761,0.22715753,0.055277783,0.007300142,0.0071279835
35202066,10.0,10.0,10.0,15.0,15.0,6.4488916,5.0874,10.651822,3.0396116,1.9789766,0.0154417325,0.18487468,0.10845412,0.3008153,0.013601862,0.132666,0.101047985,0.30008832,0.043014467,0.34083003,0.08418839,0.25034758,0.034037177,0.05110935,0.08436943,0.24991003,0.040543795,0.030936046,0.0802242,0.24030048
35203269,10.0,0.0,65.0,0.0,10.0,1.9387546,7.302645,18.292301,0.760345,5.4212637,0.0030398453,0.049832635,0.09916934,0.3002363,0.16803296,0.3835189,0.003443196,0.059663825,0.0042812717,0.17507929,0.022344789,0.30019557,0.19341107,0.005318409,0.003635759,0.010048044,0.007088332,0.16457823,0.09720031,0.2905753
35201067,10.0,0.0,0.0,0.0,0.0,4.311797,0.5447266,0.6838641,1.7885467,0.50997275,0.03929873,0.07413688,0.17919286,0.30530715,0.19695589,0.08481204,0.023984678,0.0631405,0.17111875,0.15760688,0.0076509113,0.0631245,0.20691961,0.14037101,0.10020856,0.0034673545,0.20574991,0.023135431,0.0074430527,0.014479307
35204423,0.0,0.0,15.0,0.0,0.0,2.0991378,4.344195,31.66495,13.640342,1.5131271,0.16994338,0.028694976,0.022658722,0.050905727,0.20317261,0.03199475,0.00050185167,0.0007809668,0.011444235,0.6364437,0.09832432,0.29030997,0.19926016,0.06511545,0.0033342908,0.0020264082,0.20029937,0.011880301,0.0009444085,0.0023724642
35202478,140.0,20.0,10.0,0.0,15.0,166.34969,19.183182,7.2286363,0.0,6.9463043,0.04482919,0.360593,0.057402715,0.25241962,0.039838687,0.25437874,0.08357169,0.24974501,0.035010777,0.15344244,0.085105866,0.25187823,0.20035972,0.017483493,0.0013673453,0.00015584091,0.04079352,0.09561793,0.080701776,0.24043988
35200563,15.0,10.0,0.0,0.0,0.0,12.338412,3.3050609,3.5087967,1.2399583,1.0920627,0.12634218,0.21413448,0.1878033,0.26031083,0.062876426,0.06528437,0.08991342,0.25477123,0.2081311,0.08716115,0.010639476,0.01608218,0.17016053,0.04650793,0.041371137,0.060409416,0.21214572,0.058205027,0.0034178062,0.0034760425
35202149,0.0,0.0,95.0,15.0,0.0,1.8271285,3.5096912,41.43597,8.184544,1.5953436,0.18815845,0.046573043,0.07701905,0.055865273,0.22890691,0.10263711,0.008746881,0.007849913,0.07162647,0.120375745,0.04510796,0.25598982,0.018613512,0.15456809,0.16166005,0.29026392,0.1710905,0.055709146,0.025761163,0.0646324
35204321,180.0,65.0,35.0,0.0,0.0,254.38582,90.610016,28.362625,0.12749548,5.589181,0.004955077,0.43516907,0.020070497,0.29812127,0.034568753,0.38811272,8.373313e-05,0.24962997,0.0014168458,0.11910397,0.096471384,0.29967058,0.19363913,0.0016347211,0.0033323097,0.0096246395,0.2000635,0.008371594,5.6892e-05,0.00011542846
35200480,20.0,0.0,0.0,15.0,10.0,9.427881,15.616286,10.185029,7.8040233,3.5553489,0.06736434,0.051540554,0.14961042,0.2587671,0.28254056,0.09705775,0.009528843,0.005699964,0.21282932,0.07673347,0.015398571,0.016259363,0.0437151,0.10688455,0.16434065,0.25461584,0.059892196,0.09079572,0.089262776,0.24808836
35203947,370.0,135.0,100.0,0.0,110.0,368.828,138.54376,86.021545,32.45149,87.72409,0.020796634,0.28510126,0.054449342,0.06056405,0.014661793,0.29090896,0.017095054,0.29007453,0.0030482505,0.14755797,0.021219661,0.30004713,0.19392431,0.01573842,0.003940314,0.00973404,0.039962642,0.1481904,0.0014994559,0.24272254
35203348,0.0,190.0,50.0,0.0,45.0,3.1747284,175.01465,32.244167,0.7677207,38.938324,0.16951253,0.032569166,0.019477636,0.04912007,0.016724892,0.38231742,0.019959424,0.297815,0.0085557755,0.19045435,0.0031642495,0.2983156,0.16853622,0.056271426,0.0057965782,0.048181154,0.034249175,0.25768065,0.003814068,0.25027493
35201544,0.0,15.0,10.0,0.0,0.0,19.24276,18.4563,19.697744,1.0306423,4.190487,0.16729121,0.08666399,0.028424814,0.06094602,0.044404294,0.1069386,0.08112728,0.24994522,0.03695809,0.5206512,0.08598136,0.2523778,0.19403927,0.0058110803,0.0047746925,0.009942167,0.1712756,0.036479104,0.016710993,0.049047705
35201588,0.0,45.0,45.0,10.0,0.0,1.5807135,29.3637,13.6781025,4.990805,0.7314429,0.18941256,0.09637417,0.042806398,0.0041058203,0.059632,0.1912217,0.002900237,0.24314812,0.017730061,0.18085174,0.022606378,0.2917205,0.03533661,0.1180129,0.110730514,0.25014463,0.1693732,0.09561308,0.019061448,0.051803917
35200918,10.0,0.0,0.0,25.0,0.0,3.922871,0.0,2.7387998,20.32975,0.27622882,0.10294707,0.08672102,0.18655269,0.24733435,0.21954212,0.02510579,0.0044684075,0.0056901528,0.20973402,0.06061802,0.0075710365,0.0051295897,0.045827035,0.19104701,0.24179362,0.25135237,0.2067037,0.019926887,0.004406732,0.0051188343
35202217,0.0,0.0,110.0,55.0,0.0,1.9548649,2.7618923,50.79503,51.88936,1.2034769,0.2024686,0.028092887,0.030538999,0.010799635,0.20726666,0.060226373,0.00080398755,0.0007494194,0.05104711,0.2504055,0.016092014,0.25237447,0.008534256,0.29076472,0.06323336,0.29011488,0.20093183,0.026306782,0.00079718034,0.00035017086
35200092,200.0,0.0,75.0,0.0,20.0,154.7407,22.404942,81.92275,6.9433203,20.655613,0.014385435,0.3117045,0.007106057,0.24013206,0.17141892,0.2382648,0.016176848,0.04809757,0.011146574,0.29772824,0.002197695,0.28818968,0.20005256,0.0055632982,0.00025581146,2.1605047e-05,0.040135898,0.1153368,0.08012184,0.24008174
35203976,45.0,20.0,55.0,0.0,0.0,28.191853,29.379396,51.97891,1.1083155,3.56154,0.0039686826,0.13139199,0.023355667,0.2982976,0.034524255,0.36398518,0.08339342,0.25168088,0.025433823,0.2481778,0.015850496,0.29053044,0.1608148,0.011252039,0.026803993,0.059647895,0.2002084,0.026078548,0.00019873629,0.00019320087
35204398,0.0,30.0,50.0,15.0,0.0,3.94245,17.861967,63.898857,2.065636,32.880848,0.19184443,0.06635912,0.047152612,0.049071744,0.044544045,0.10796707,0.08134244,0.24270657,0.036698867,0.47651646,0.00434865,0.2500977,0.039526276,0.016471853,0.08571217,0.24207447,0.20197706,0.055850293,0.0006055336,0.0006728951
35204483,20.0,0.0,0.0,0.0,0.0,14.818308,1.0349749,0.506971,1.6672556,0.55706286,0.12079771,0.12114516,0.24317043,0.2607875,0.24181104,0.11922672,0.011754302,0.016547145,0.2145494,0.035550714,0.010677441,0.006475001,0.20276801,0.033078246,0.029662296,0.013012314,0.23206834,0.052397132,0.0080317585,0.008078521
35200414,0.0,20.0,100.0,0.0,0.0,4.84568,18.596985,59.723965,0.9812563,0.7644856,0.21448061,0.14617494,0.010768881,0.0006590687,0.05198982,0.27444136,0.08069306,0.24075857,0.03678497,0.20488328,0.038088463,0.28881523,0.20019938,0.025270294,0.00091229996,0.00081221294,0.2014991,0.05399372,0.00071804365,0.00056869537
35203285,0.0,0.0,0.0,0.0,15.0,1.027789,2.0705664,1.6310097,0.0,7.4473605,0.21792501,0.025254682,0.042001568,0.010055013,0.25840294,0.15604663,0.0097777955,0.013146774,0.17245494,0.17399624,0.02797812,0.063959524,0.16596402,0.06141305,0.074638896,0.06079608,0.054403327,0.11442199,0.08891192,0.25920662
35202940,0.0,0.0,60.0,0.0,0.0,1.8840485,2.716919,114.01567,0.3378448,0.9782505,0.1629095,0.07017502,0.020365462,0.059637725,0.16066979,0.08848537,0.019888839,0.0596257,0.0024640826,0.6185558,0.020736665,0.2996288,0.16801234,0.0023624727,0.016063951,0.048011325,0.20002154,0.014206053,1.873547e-05,2.774402e-05
35204450,0.0,10.0,10.0,50.0,0.0,1.6873713,2.1912827,6.363514,51.72983,1.1089312,0.17623495,0.02452627,0.061664708,0.053161852,0.05017754,0.029576477,0.08156913,0.24298446,0.013749585,0.15714754,0.101641096,0.29081705,0.012178613,0.2785052,0.20590618,0.2902938,0.20122015,0.027520902,0.0013813074,0.0026913506
35204776,0.0,10.0,140.0,0.0,0.0,3.064375,7.722484,285.68903,1.0807844,1.2502961,0.16280502,0.042335365,0.017272344,0.057777595,0.03406016,0.2074847,0.083948694,0.25195614,0.019319601,0.66957086,0.011250213,0.29811105,0.16652818,0.0056307586,0.017490964,0.05041684,0.16150887,0.03822326,0.019415142,0.058038153
35203657,0.0,35.0,35.0,0.0,35.0,7.703866,25.654533,35.900448,4.4294333,43.645054,0.20252603,0.052712753,0.0099599715,0.010466402,0.041934613,0.17174324,0.08375648,0.25012153,0.0050648064,0.26050013,0.10137461,0.29827043,0.20030336,0.005106022,0.00048491033,0.00015069444,0.04063189,0.27594608,0.0802025,0.24060228
35203574,65.0,0.0,60.0,0.0,20.0,53.502464,4.3943696,31.915825,0.0,13.840925,0.09522613,0.20081142,0.06387273,0.25129405,0.17854917,0.16920424,0.017964574,0.060459998,0.009577042,0.120557085,0.0206245,0.29960817,0.16970146,0.047969718,0.035006355,0.048513766,0.035920043,0.0710001,0.08252852,0.2533359
35203264,20.0,0.0,10.0,0.0,0.0,14.235173,1.6375579,4.7075567,1.015624,1.7007374,0.110279165,0.11504332,0.21677513,0.2569085,0.23363411,0.12314077,0.008841796,0.013124406,0.045185678,0.078605086,0.0921584,0.2563312,0.20858535,0.048942797,0.041058045,0.0038801855,0.21981066,0.05928921,0.004799382,0.0059406976
35200711,20.0,0.0,0.0,0.0,0.0,10.839305,0.86741906,1.1644127,1.1705813,1.1076444,0.12173256,0.12538448,0.21957764,0.24985486,0.22590561,0.06607883,0.006744836,0.006540531,0.21149513,0.0696163,0.0096375495,0.007510964,0.17713384,0.081809625,0.08460818,0.052979156,0.21400434,0.040284097,0.005849868,0.004402687
35200717,100.0,0.0,10.0,0.0,0.0,81.47741,3.2517757,9.739927,0.7253763,1.6531048,0.056849055,0.23967734,0.05831532,0.29097757,0.17213657,0.12866311,0.016532483,0.048209984,0.012904543,0.25981513,0.098828964,0.28872353,0.19383895,0.019785553,0.0059752176,0.010122415,0.19947904,0.05760958,0.0009781474,0.0021885477
35204466,30.0,85.0,95.0,10.0,10.0,27.002855,139.91411,39.007763,0.95427823,3.6476626,0.015359179,0.15727618,0.10078281,0.29033205,0.032287497,0.5229687,0.003975875,0.2519093,0.00029821086,0.09598943,0.019411208,0.30000553,0.039954364,0.0014383186,0.080115475,0.24008006,0.039753266,0.008522953,0.08013956,0.24040776
35202305,0.0,10.0,40.0,10.0,0.0,4.6990337,4.0874014,78.668,1.3807244,1.6425524,0.20772435,0.014973914,0.01703754,0.0058979187,0.04704051,0.03048805,0.0864975,0.25431642,0.0367674,0.619471,0.08424826,0.25470737,0.037262227,0.02408993,0.09742893,0.25085452,0.20908198,0.015667254,0.0027250901,0.0038275588
35204863,315.0,80.0,70.0,0.0,90.0,251.0031,110.31464,60.598785,0.0,29.290005,0.028288685,0.22377308,0.029292038,0.049623087,0.017719569,0.3953196,0.017508138,0.289067,0.04263929,0.19136055,0.0024715725,0.24172835,0.20029832,0.0087642865,0.0059793424,0.0026067693,0.045432143,0.05491752,0.001460414,0.24142575
35203043,0.0,155.0,0.0,0.0,35.0,0.5587421,124.64787,6.0809956,1.0057422,25.734747,0.16402364,0.05829198,0.02254307,0.060254436,0.01570313,0.43441755,0.0203675,0.30003414,0.17012967,0.18989271,0.017095726,0.0501279,0.16683657,0.0136833545,0.017042994,0.049990635,0.008451173,0.23420638,0.09615881,0.2881089
35204054,35.0,45.0,55.0,0.0,35.0,67.44532,29.700077,28.21411,8.916971,16.656483,0.02231729,0.5378881,0.10785752,0.30007324,0.03399226,0.11050485,0.00070349866,0.25193703,0.0013851123,0.07480556,0.004549965,0.3000507,0.19869432,0.0040308232,0.0007597542,0.0020168484,0.0014745737,0.037530616,0.09944467,0.29812214
35200893,20.0,0.0,0.0,0.0,0.0,25.686502,1.3632544,2.3012044,1.5140189,0.86079645,0.103623934,0.31238675,0.21679248,0.3031315,0.20602947,0.028392602,0.0053453976,0.01318263,0.19713482,0.056968026,0.0026669241,0.013288169,0.20407923,0.09006799,0.03824589,0.00088705536,0.20307514,0.0130607225,0.0019155069,0.0033466194
35204322,100.0,10.0,0.0,0.0,0.0,137.72925,3.28145,1.5252131,1.0737897,1.1447133,0.15864453,0.3707707,0.11040535,0.25019252,0.040852156,0.024824407,0.080105364,0.24015804,0.16244364,0.14259017,0.019686282,0.058066227,0.19986752,0.021421682,0.0008152545,0.00040762356,0.20008907,0.004071247,0.00019296135,0.0004770301
35204478,0.0,210.0,15.0,0.0,10.0,0.22359264,251.70328,10.798271,0.6932121,6.1637645,0.1725243,0.121803835,0.01474521,0.051076777,0.040888652,0.38083977,0.018381406,0.29005662,0.012748173,0.2325709,0.09859341,0.29064208,0.20030536,0.012731808,0.0008160794,0.00010695246,0.0094960565,0.17609903,0.09630234,0.2882984
35203612,185.0,10.0,10.0,0.0,25.0,165.94885,3.3880322,3.9805965,0.0,6.843339,0.16608822,0.30363488,0.23451844,0.2925496,0.016055075,0.07976881,0.0981889,0.29107252,0.042530097,0.07508074,0.08277553,0.24340387,0.19445847,0.0315151,0.010042312,0.012186782,0.043071516,0.056959096,0.08104878,0.24088003
35204006,0.0,0.0,40.0,10.0,15.0,28.552069,6.993968,44.705776,7.386348,2.4194791,0.19942765,0.063550256,0.019306004,0.011780347,0.21110371,0.06752269,0.0020599088,0.0016660405,0.019516991,0.32121667,0.09067101,0.29130554,0.0041183927,0.21724398,0.122596055,0.29811594,0.03447778,0.036140896,0.08537012,0.2530412
35201467,10.0,10.0,0.0,0.0,10.0,5.8306136,4.2753243,0.6161568,0.2636118,1.9756974,0.073722534,0.17186767,0.22120763,0.304833,0.047418837,0.12061879,0.084043205,0.2936231,0.16902173,0.040698808,0.023606941,0.06467744,0.21109378,0.08435645,0.060846955,0.0029760334,0.05511756,0.031306177,0.08519915,0.24660674
35205021,0.0,0.0,0.0,0.0,0.0,20.221518,32.57097,366.37985,12.646674,7.742845,0.17354664,0.021926438,0.02998616,0.051760383,0.21755913,0.043538284,0.001926166,0.0011407768,0.20587014,0.6009832,0.0039401976,0.0032546325,0.16875215,0.0315702,0.032948308,0.050924428,0.17198513,0.021099396,0.017855356,0.049618073
35201440,90.0,0.0,10.0,50.0,0.0,35.121227,2.7522485,3.7243857,51.30037,0.78295594,0.028039627,0.0869775,0.093192115,0.25249308,0.16729529,0.06800537,0.003647889,0.058240637,0.0021583235,0.049290694,0.08497195,0.30015513,0.041226737,0.26321504,0.19826274,0.24198349,0.1685243,0.035290167,0.00055705145,0.04872028
35200254,125.0,10.0,0.0,0.0,30.0,124.93905,10.904578,10.720797,1.6261117,11.68581,0.11709532,0.24981804,0.086973846,0.24993338,0.0049959896,0.18647046,0.08407689,0.2995872,0.16260451,0.11632567,0.0009275493,0.059724297,0.19378367,0.019944511,0.00137936,0.0096638985,0.0070824036,0.081231266,0.08083532,0.29010454
35201002,0.0,20.0,0.0,100.0,0.0,25.88297,8.52943,1.4003882,76.03251,0.50052077,0.2165218,0.0438576,0.09474077,0.013083962,0.014806662,0.03642253,0.09681906,0.2905262,0.16954675,0.13594344,0.018165082,0.05071168,0.042851467,0.18242624,0.24938495,0.24210232,0.1956249,0.014532976,0.003803519,0.0100862915
35202384,10.0,0.0,0.0,0.0,0.0,4.9568024,0.34924558,0.49546084,1.321349,0.7607931,0.07361266,0.116087794,0.13577303,0.247843,0.23365961,0.21165605,0.00919313,0.052574754,0.18154913,0.08602108,0.01377712,0.062071003,0.17115003,0.044727072,0.034371097,0.05284737,0.22212857,0.06237003,0.009841194,0.017263507
35201545,0.0,10.0,15.0,20.0,0.0,2.8062577,7.327254,3.8337307,6.419652,0.87939763,0.21251194,0.057930484,0.10682757,0.057632707,0.12018715,0.111882165,0.09056293,0.24697267,0.056581885,0.042246822,0.09117681,0.24735954,0.016244696,0.1015801,0.20015775,0.292385,0.2361693,0.03682256,0.008513179,0.011772914
35203212,15.0,0.0,0.0,0.0,0.0,4.033062,0.78850704,0.83482224,1.2424585,0.7847749,0.05963126,0.05226773,0.11879054,0.24839708,0.26245207,0.1548701,0.007678567,0.0029751651,0.18554269,0.1328101,0.011986666,0.053695302,0.16515303,0.08737156,0.035853866,0.05988752,0.2185368,0.12860622,0.007029746,0.0048439037
35203758,10.0,0.0,10.0,0.0,25.0,6.141156,14.656684,5.602563,0.19309235,13.48902,0.025049927,0.11519053,0.118979745,0.29097843,0.23550838,0.22698121,0.0049906583,0.011019978,0.0076730736,0.11706605,0.083972685,0.29904985,0.20259216,0.060169145,0.02359354,0.0004720606,0.014460685,0.15716045,0.0994299,0.29128516
35202341,0.0,0.0,0.0,0.0,0.0,0.87669635,0.53180426,0.55620897,1.8382585,0.5106701,0.19443657,0.0736118,0.072054416,0.07329196,0.25171718,0.1593543,0.031054191,0.059202008,0.18750858,0.078725815,0.01799199,0.0673136,0.20241867,0.04066075,0.048702687,0.01580819,0.24977337,0.037909266,0.012055055,0.01756725
35202348,40.0,0.0,0.0,0.0,10.0,10.801639,1.6908001,0.6404251,0.05521381,3.0925434,0.084290825,0.053184725,0.17418487,0.26167968,0.225277,0.07202089,0.026874807,0.05906909,0.18221693,0.124744475,0.012816353,0.060515255,0.18519199,0.074080914,0.08578735,0.052223664,0.06971759,0.060906034,0.09073842,0.2527873
35203340,0.0,45.0,45.0,10.0,135.0,23.668009,42.948154,47.16722,0.0,77.488335,0.1847908,0.052519426,0.04911726,0.05222069,0.052967213,0.24410214,0.0024119632,0.24331738,0.04484325,0.24748221,0.0030244235,0.24132575,0.040561553,0.008983035,0.08595408,0.24260929,0.046498463,0.15030171,0.0016484535,0.24163884
35201047,10.0,0.0,0.0,0.0,0.0,6.874204,1.5176923,3.0402055,1.6724031,0.802045,0.11591994,0.14178157,0.18057767,0.25051197,0.19620101,0.0995744,0.02476738,0.05541525,0.18529701,0.101558626,0.021998351,0.06535136,0.21242306,0.060467664,0.029214226,0.0044332673,0.21423146,0.040651526,0.0077368314,0.006389905
35204522,0.0,0.0,0.0,15.0,0.0,4.5162625,2.7792854,1.9323405,13.968425,0.6215,0.23209761,0.05363379,0.076406635,0.0045584487,0.22981085,0.07341006,0.003606123,0.004134013,0.20110315,0.068817586,0.008884279,0.0138320485,0.039227974,0.22750962,0.23483504,0.25255206,0.17475927,0.037866037,0.019527446,0.053579025
35200802,15.0,0.0,10.0,0.0,65.0,7.3276005,2.527663,5.7480154,0.0,22.301191,0.10527733,0.10887834,0.19440079,0.25442645,0.21132958,0.12827733,0.005717929,0.013192808,0.005531254,0.17355026,0.08742855,0.30194157,0.19709983,0.040793855,0.017108262,0.010485481,0.047528546,0.09623908,0.004001584,0.24316458
35201426,10.0,10.0,0.0,75.0,0.0,2.382102,0.0,1.2683744,109.4653,0.5210075,0.038819067,0.012094438,0.117799714,0.25067976,0.010723217,0.008038956,0.096323974,0.2886095,0.1629278,0.04161314,0.020423338,0.05816651,0.0028497572,0.38630122,0.2998349,0.2980594,0.20027205,0.0062243636,0.00028445097,0.0005441722
35203886,10.0,0.0,10.0,10.0,0.0,3.5727222,0.52006435,6.389741,1.8371521,0.6437059,0.08566475,0.07070418,0.16307749,0.26655343,0.21384405,0.08643632,0.031478956,0.059842624,0.027065925,0.18688512,0.10413646,0.31015563,0.049525574,0.044747658,0.12886986,0.2562381,0.21691713,0.05443379,0.016607815,0.021443935
35201704,0.0,10.0,10.0,0.0,0.0,6.2200513,8.169653,3.704875,1.5376568,0.7160471,0.23505199,0.12742096,0.048305336,0.009372688,0.0748387,0.16369197,0.10575363,0.29281613,0.020165069,0.10631411,0.108641125,0.30229992,0.20355257,0.016041212,0.009731175,0.0023125894,0.19396518,0.13209142,0.020215882,0.053790253
35202046,0.0,0.0,10.0,0.0,20.0,1.8403666,2.7185268,17.800232,0.0,4.866593,0.17921206,0.05208197,0.012930331,0.050336257,0.20083329,0.08908784,0.0037432942,0.012097129,0.004024186,0.54753196,0.084594846,0.29993635,0.19396076,0.021211449,0.0071892724,0.0097081065,0.0072207274,0.043444082,0.096527524,0.2906736
35200535,0.0,0.0,30.0,0.0,10.0,2.33915,2.1049001,5.753812,0.7641397,3.087885,0.25064856,0.110169396,0.1296733,0.062068194,0.24210338,0.11382051,0.009857084,0.008682224,0.02846501,0.06839113,0.11534394,0.3002846,0.2102374,0.04439214,0.02780151,0.0060208156,0.066133134,0.054887656,0.08951427,0.2499726
35202132,50.0,40.0,245.0,40.0,10.0,17.25311,38.8348,165.2856,7.7277546,3.6502016,0.025559828,0.08409439,0.044321027,0.29000595,0.047599692,0.27202338,0.081424914,0.24132766,0.071720734,0.38755625,0.022546588,0.2416535,0.035449665,0.020417267,0.09693694,0.25062343,0.04290722,0.057929154,0.081236444,0.24089628
35203892,0.0,0.0,0.0,0.0,0.0,1.1991132,1.4141016,0.5853458,1.4686388,0.6864364,0.26830873,0.18869402,0.1378542,0.062264178,0.21067871,0.06499912,0.00601324,0.012257454,0.1704687,0.08950198,0.0231916,0.06024852,0.20488748,0.08696723,0.040825196,0.003285373,0.2075117,0.028759643,0.002999272,0.002605981
35201504,0.0,20.0,0.0,0.0,0.0,4.378569,10.58718,0.47324526,1.285386,0.4487368,0.23026595,0.16352801,0.1127964,0.06908845,0.04894579,0.1487429,0.0903932,0.2962637,0.17827366,0.057344586,0.013224995,0.067038685,0.17906871,0.048238225,0.04286143,0.051301695,0.1898875,0.037738662,0.022189155,0.057009973
35200810,10.0,10.0,0.0,0.0,0.0,15.760235,2.7469556,8.40287,0.8302264,1.9822098,0.12335885,0.39724907,0.14933158,0.24152733,0.015851011,0.05298681,0.09755359,0.29100055,0.16897398,0.13310798,0.017144706,0.051114324,0.16809243,0.02503252,0.022256957,0.0502501,0.2039835,0.009403695,0.00073131465,0.0010712815
35202699,45.0,0.0,0.0,0.0,0.0,16.776276,1.7628359,1.3187909,1.5043266,1.2868519,0.057144675,0.09674232,0.079383336,0.2646401,0.19798695,0.12218572,0.017244436,0.06981635,0.19156429,0.103186324,0.01990183,0.058504183,0.21646926,0.06583473,0.051998004,0.008640339,0.18896918,0.057708804,0.012828162,0.057186235
35204517,10.0,0.0,0.0,15.0,0.0,2.5746932,0.3022943,8.353396,18.135435,0.33326724,0.037714105,0.030147113,0.10235046,0.25353393,0.17139392,0.111883454,0.004745679,0.060498577,0.19840886,0.14434776,0.006743527,0.01032513,0.03586313,0.33284837,0.18184666,0.25011423,0.16241513,0.062414315,0.019942539,0.057935227
35200219,150.0,15.0,0.0,0.0,0.0,164.18474,5.787194,2.5352302,0.71413887,1.4940898,0.17911439,0.42773518,0.22282022,0.3001146,0.008199807,0.06852621,0.08018529,0.29040942,0.16062666,0.042780273,0.0010544857,0.060042985,0.19986075,0.014174719,0.00085684034,0.00042279734,0.1605174,0.02058132,0.019947482,0.059657082
35204682,0.0,0.0,10.0,0.0,0.0,14.429814,6.737604,8.917819,1.5873492,0.85263056,0.20377874,0.1841175,0.08932471,0.0647203,0.22076346,0.085105516,0.0028405206,0.0041776663,0.048031475,0.14137216,0.08464684,0.24368915,0.20330271,0.10942156,0.04435744,0.00068564515,0.20476085,0.06336626,0.0023625018,0.001899282
35203471,10.0,45.0,15.0,0.0,70.0,10.83332,56.11775,18.730635,0.0,34.406307,0.031862777,0.08526065,0.10222565,0.29005203,0.009860442,0.35082737,0.0160314,0.28803262,0.03303502,0.18177405,0.08410749,0.2516227,0.19997486,0.005022905,0.00017195048,8.215623e-05,0.040046398,0.12706548,5.8274145e-05,0.24010222
35201500,25.0,0.0,0.0,10.0,0.0,9.357943,0.121120974,0.09089496,1.7996715,0.19726345,0.09234747,0.09315583,0.189702,0.25966603,0.22876248,0.1526702,0.012398241,0.06479156,0.17775759,0.069281675,0.030522399,0.06679512,0.051100094,0.040505018,0.11893616,0.24357638,0.19993265,0.07263091,0.02859886,0.06867475
35203377,10.0,10.0,40.0,10.0,60.0,12.006149,19.640532,51.985294,0.0,29.60468,0.0332498,0.07399429,0.12692405,0.29851106,0.0035627754,0.2286941,0.09963944,0.29821455,0.008890102,0.3320004,0.096633755,0.28868213,0.038891792,0.006463292,0.082008824,0.24243747,0.008616914,0.107363604,0.016211236,0.28817624
35200288,80.0,0.0,0.0,0.0,0.0,63.625336,0.4995608,1.0609975,1.1797545,0.45276472,0.15648614,0.16914976,0.12387654,0.24310303,0.20924777,0.14809248,0.0010005371,0.00076272734,0.167311,0.10906342,0.019940404,0.05882347,0.1616712,0.061881665,0.026397651,0.060014497,0.16952735,0.034861136,0.017827207,0.05100836
35201039,30.0,25.0,0.0,0.0,0.0,54.651382,8.819003,1.7257516,3.8955905,1.3125603,0.059768043,0.548162,0.13547106,0.30097997,0.009930096,0.07107489,0.096819945,0.2987282,0.19437364,0.023018284,0.0047907694,0.012949317,0.2022382,0.02244324,0.01221539,0.00060495647,0.17109816,0.0075277654,0.017045548,0.04932901
35201734,10.0,0.0,30.0,10.0,0.0,10.906503,4.2762876,22.258848,2.9891558,1.8893635,0.05822137,0.24123484,0.11477684,0.25162464,0.20936826,0.062851235,0.00128759,0.00052389235,0.05123983,0.3046528,0.08472686,0.24125755,0.034540787,0.065066665,0.0908285,0.25059474,0.19526565,0.02777889,0.003990904,0.010205236
35204573,120.0,0.0,0.0,0.0,0.0,63.528996,17.260498,2.495952,0.7457003,0.99687606,0.10310957,0.1384356,0.15127394,0.291847,0.20093378,0.10849612,0.0016224281,0.012091047,0.16340128,0.08956453,0.018696286,0.06082877,0.16934116,0.09230761,0.043626085,0.048906934,0.19547892,0.056415476,0.0013982395,0.010674813
35201599,0.0,40.0,0.0,10.0,0.0,2.824142,14.383365,1.2456049,2.6564395,0.37451333,0.22362408,0.08816929,0.09387016,0.06002947,0.061230358,0.093273014,0.109667085,0.3077269,0.2093676,0.05403141,0.01255779,0.025059842,0.05259248,0.07101986,0.15404305,0.24584751,0.18969955,0.06652104,0.029235287,0.07294592
35203469,10.0,25.0,50.0,10.0,95.0,3.2664342,9.807242,60.43918,0.0,29.086727,0.043388084,0.03274823,0.09905558,0.2426205,0.0033847357,0.09280392,0.09936969,0.29810563,0.034687757,0.4777007,0.004003127,0.2501454,0.0085709235,0.03729251,0.12988093,0.28842074,0.03912913,0.080302455,0.00076393795,0.24201775
35201348,0.0,0.0,0.0,10.0,0.0,1.5937306,0.75122714,0.37252086,2.08267,0.34011436,0.22335915,0.07528715,0.13457942,0.0576405,0.26703802,0.13077785,0.010092388,0.015634565,0.20903757,0.03949153,0.012500559,0.019248182,0.044453047,0.05459977,0.14569394,0.2529649,0.23832767,0.053530462,0.0098267775,0.01362005
35204294,10.0,150.0,15.0,0.0,60.0,6.5573044,135.32956,18.195225,1.0394515,57.603207,0.04663512,0.05233951,0.105611004,0.25197017,0.041866377,0.37369382,0.018909287,0.2895035,0.015520599,0.13246216,0.09941898,0.28981498,0.16346183,0.029991064,0.04098478,0.05855703,0.048641033,0.2447131,0.0023305467,0.24267879
35201028,25.0,0.0,15.0,15.0,0.0,40.75399,1.4977897,2.9354599,4.0226464,0.5401984,0.10087604,0.4490289,0.15966323,0.28974116,0.21327142,0.042929403,0.0015570853,0.00060991227,0.037444413,0.033493895,0.08243965,0.25076315,0.03314497,0.051042657,0.08855216,0.2519885,0.20392428,0.026786003,0.0014228817,0.0009962704
35200110,305.0,15.0,55.0,0.0,10.0,230.20161,9.381459,26.663887,1.1021395,5.9436607,0.07717342,0.2840823,0.13588142,0.05888845,0.051560447,0.14421915,0.08134283,0.24229874,0.0029020295,0.14765275,0.017780157,0.30004808,0.2008999,0.0332037,0.006525764,0.00021347601,0.0033166716,0.13004982,0.10051645,0.29856926
35201297,0.0,10.0,10.0,0.0,0.0,4.603173,11.994793,3.262784,1.6092497,0.29915926,0.21705526,0.1623259,0.035136305,0.015921252,0.07027932,0.32074392,0.087564245,0.25236076,0.04436355,0.08356979,0.08604241,0.25431564,0.2012527,0.03347947,0.013124578,0.0036906125,0.21505481,0.0330584,0.0039115585,0.0049811383
35204579,40.0,20.0,25.0,0.0,0.0,63.0331,21.394192,14.59328,2.3204181,3.81015,0.0266964,0.45073873,0.11729172,0.29233757,0.045225725,0.17173454,0.08537752,0.25181416,0.03684574,0.05126892,0.08260184,0.2521064,0.19704026,0.01696605,0.01716146,0.010446687,0.17396499,0.01333391,0.018149696,0.050559394
35203866,0.0,10.0,105.0,0.0,15.0,1.0452869,6.1930904,158.84088,0.9725226,5.3183637,0.1969946,0.024200983,0.009855373,0.010445775,0.011056371,0.17771128,0.080488145,0.28866372,0.011501903,0.50071305,0.0017755858,0.2882689,0.16811286,0.0026104786,0.017192263,0.04852203,0.009303299,0.07118777,0.0803313,0.28832793
35204552,0.0,0.0,35.0,155.0,0.0,2.9165585,4.752096,21.123556,116.5892,2.3024166,0.20236057,0.054871313,0.12147425,0.053946573,0.20765135,0.041434538,0.0069894954,0.012239763,0.044484925,0.12732926,0.08874642,0.25363278,0.054576986,0.29904342,0.19698289,0.2415394,0.20487988,0.025784511,0.0030526402,0.0018795787
35201063,15.0,10.0,10.0,15.0,0.0,10.807834,5.7712793,11.725082,2.391862,1.0308182,0.04826128,0.19749397,0.09614208,0.24094312,0.047122635,0.13602175,0.08077637,0.24083099,0.04334493,0.3207812,0.08248314,0.24279206,0.007855983,0.05053568,0.12699078,0.29052338,0.19501117,0.019478783,0.003917032,0.010723958
35203278,10.0,0.0,0.0,10.0,0.0,4.2350044,2.3416183,2.2942522,2.0539196,0.72952586,0.05763974,0.079431,0.21329041,0.294344,0.25630972,0.1946888,0.0058937757,0.005169387,0.16847768,0.05917019,0.021105183,0.063168585,0.043101646,0.054071642,0.12903225,0.24293825,0.20064817,0.059074365,0.0059307585,0.055789176
35201567,20.0,10.0,15.0,20.0,0.0,3.6342714,6.599291,4.755688,8.771394,1.002594,0.029980127,0.033055417,0.15943548,0.2981716,0.06657549,0.103192545,0.10812879,0.30205995,0.046461653,0.05636596,0.095623575,0.25778717,0.008018475,0.14351742,0.22438559,0.30148426,0.22157201,0.06233268,0.009962071,0.01200782
35204977,0.0,0.0,0.0,0.0,0.0,5.9369698,24.262077,15.033506,20.38312,7.1728344,0.18467836,0.23665787,0.036706682,0.05345398,0.20585972,0.16291279,0.006413519,0.011999962,0.16923973,0.20667018,0.021649238,0.06208056,0.17003983,0.08485819,0.027054504,0.051291604,0.20361334,0.016005995,0.003391808,0.004347988
35201171,0.0,10.0,0.0,50.0,0.0,5.819238,4.1133633,5.04757,18.574017,0.8461738,0.25582737,0.06977847,0.10928981,0.007952216,0.043089204,0.06884271,0.106843114,0.30279744,0.1761297,0.068749614,0.029357255,0.06417058,0.055026952,0.09322437,0.1386708,0.24258699,0.20857127,0.058416296,0.010604975,0.015345348
35200484,0.0,10.0,45.0,0.0,90.0,1.6113833,8.754633,40.75976,0.0,58.843994,0.19605678,0.022531778,0.0028381364,0.010106518,0.04325213,0.25107637,0.08078554,0.24242389,0.0019779704,0.29752076,0.017413944,0.30000755,0.19879776,0.0064003533,0.0014971917,0.0019444771,0.0015072861,0.20760782,0.01936959,0.29815325
35200992,15.0,0.0,0.0,40.0,0.0,6.5932283,0.35811663,1.6324123,52.773045,0.8068295,0.06363106,0.04818075,0.16009042,0.25279278,0.2110016,0.029136335,0.0020583554,0.0018694642,0.16670343,0.03880847,0.023591947,0.060106974,0.043640144,0.34252375,0.2564352,0.24122025,0.17345023,0.014379879,0.018002074,0.050070394
35200531,0.0,10.0,0.0,0.0,0.0,0.8617409,3.795844,0.74529386,1.1907842,0.0,0.17627259,0.04877522,0.03213531,0.06564067,0.04171555,0.10344496,0.103501946,0.29211646,0.19467418,0.25454092,0.020149756,0.050987158,0.17514664,0.13522476,0.07446403,0.052065153,0.17454576,0.059000388,0.021990694,0.05085391
35204405,10.0,10.0,50.0,30.0,10.0,4.7272115,2.6515965,93.95395,7.1307173,3.8652973,0.053677034,0.043933652,0.10761946,0.25245735,0.042353693,0.024992157,0.08120635,0.24245174,0.03492197,0.6149921,0.004950899,0.25205067,0.0409796,0.0361768,0.08827278,0.24065724,0.041503396,0.01014517,0.08060119,0.24052131
35200057,10.0,30.0,0.0,0.0,15.0,3.57651,11.376767,18.473568,0.0,10.889538,0.051257942,0.083802804,0.10735445,0.25462267,0.02332779,0.14672625,0.09913143,0.29944208,0.20215566,0.25980785,0.0056268857,0.01385264,0.19607921,0.015857171,0.009532147,0.010445176,0.03923872,0.18612501,0.084863454,0.25159106
35201355,20.0,0.0,0.0,0.0,15.0,14.962165,0.42671546,0.7526903,0.0,2.42601,0.04243937,0.22353138,0.12597293,0.28854313,0.1694235,0.3711885,0.019759817,0.058269106,0.19612572,0.08569004,0.004279253,0.010379771,0.19371077,0.0087297885,0.004649464,0.01013464,0.04238509,0.027936716,0.0804211,0.24043423
35201804,15.0,0.0,0.0,25.0,0.0,4.1862073,0.0,0.39183828,14.486326,0.36654013,0.045400232,0.06476763,0.17345044,0.2988264,0.24159527,0.089655206,0.010163644,0.019419353,0.20987847,0.062095247,0.012476351,0.016726265,0.05306504,0.11100129,0.1998387,0.24344143,0.2136451,0.053042494,0.010051933,0.0190466
35201494,15.0,10.0,15.0,10.0,0.0,3.9331772,4.846156,2.0650978,4.3699703,0.5861884,0.056793608,0.07821474,0.2188601,0.2956879,0.0831489,0.11916852,0.085597314,0.2558033,0.048235655,0.04599206,0.08613764,0.24591775,0.015626717,0.14050402,0.18060888,0.29103917,0.21505997,0.03698048,0.008906642,0.018811205
35201888,0.0,30.0,10.0,10.0,0.0,1.8945589,55.502174,3.383669,0.49373394,2.0660465,0.19594479,0.102307096,0.044658393,0.060024876,0.0022009928,0.5830173,0.09603931,0.29808214,0.032256734,0.04716669,0.08022889,0.2520098,0.03997236,0.003121867,0.080173805,0.24008477,0.19212587,0.01818221,0.003994069,0.011933757
35200080,70.0,0.0,40.0,0.0,10.0,83.519005,6.7463984,11.617632,0.67083985,3.1931043,0.09292236,0.39838713,0.051447842,0.2529809,0.20488988,0.1250057,0.00059551414,0.0008459764,0.010377068,0.09084634,0.09712525,0.2887743,0.20069174,0.02650777,0.008925223,0.00015084831,0.04106856,0.02810454,0.080499604,0.24039842
35201312,15.0,25.0,25.0,0.0,0.0,16.387295,39.845886,22.114168,1.0682862,3.9887965,0.0074801813,0.14168616,0.10082122,0.2980153,0.002599752,0.45912343,0.08321587,0.29760736,0.007560141,0.1523976,0.097029075,0.29033035,0.19999671,0.0029269783,3.8570666e-05,1.9939975e-05,0.16804129,0.030509906,1.8685601e-05,0.048024904
35201480,10.0,10.0,10.0,0.0,0.0,7.9440465,3.6515522,1.5542227,1.2161094,0.847955,0.120592594,0.16396831,0.2507166,0.2970809,0.06823999,0.087208144,0.08677418,0.2565556,0.045149684,0.044776205,0.09155632,0.25764692,0.17681769,0.05411497,0.042258006,0.05085378,0.213304,0.03742281,0.009846412,0.01747804
35201134,10.0,0.0,10.0,85.0,0.0,2.6094468,13.356689,4.605513,22.019129,0.40067422,0.05000858,0.054220486,0.20043257,0.30602932,0.18437661,0.08384916,0.025494328,0.06376286,0.014659626,0.13550119,0.10850918,0.30081862,0.022059321,0.07970147,0.15915403,0.29096407,0.17017587,0.055400908,0.009559257,0.061155785
35202994,10.0,10.0,0.0,10.0,0.0,6.1544967,4.908411,0.8063471,2.7219565,0.9574405,0.09307483,0.11924277,0.20695019,0.2999159,0.091394976,0.07675556,0.09034935,0.24537733,0.21321419,0.056163996,0.015948415,0.019867294,0.046335258,0.05743836,0.12684627,0.25565845,0.21622097,0.054699596,0.012440394,0.020115301
35200683,55.0,0.0,15.0,0.0,0.0,39.04223,17.922716,7.15733,1.0521275,1.2332345,0.032181896,0.23025085,0.04595552,0.3009912,0.17238984,0.22277123,0.020172242,0.059918173,0.04350775,0.13413851,0.08397186,0.24315444,0.20082055,0.010843089,0.0028943208,0.0003721458,0.19588606,0.11320766,0.00395988,0.010326553
35204246,25.0,0.0,20.0,10.0,20.0,54.028175,9.887252,11.4516115,0.0,5.7909017,0.023472026,0.65621454,0.10428421,0.29032597,0.20191444,0.022457553,0.00025785848,0.000104956125,0.0103039015,0.068982944,0.09695153,0.28825194,0.0069086696,0.013648278,0.0981667,0.29011917,0.039056093,0.0057472824,0.08079827,0.24204122
35200641,10.0,85.0,15.0,15.0,0.0,5.697649,70.04698,14.19882,2.8749266,20.030396,0.021837158,0.07606438,0.11118614,0.298643,0.04939061,0.24970244,0.0007708225,0.24247149,0.037983898,0.21452232,0.08491717,0.2523407,0.033942472,0.02308009,0.088902585,0.24984339,0.1996139,0.15366215,0.0005228288,0.0022924887
35204503,10.0,0.0,20.0,0.0,0.0,4.202857,2.621713,5.897413,1.656457,0.6876961,0.07675583,0.064667895,0.159075,0.26730642,0.22748564,0.097779766,0.03694927,0.07105483,0.07049469,0.054919854,0.10450462,0.25931484,0.1843869,0.05871564,0.08011507,0.055869326,0.22737539,0.047676604,0.02711897,0.032535866
35204527,0.0,0.0,0.0,20.0,0.0,4.7307515,1.2061957,0.28584298,3.4983497,0.32488286,0.23287481,0.07996835,0.13584533,0.05717407,0.21261361,0.08423063,0.028009612,0.06528131,0.18085058,0.1173765,0.009698357,0.057693377,0.013699081,0.052786008,0.15468709,0.30070812,0.19896178,0.051052988,0.0093254745,0.05804132
35200734,0.0,10.0,0.0,0.0,0.0,4.7095413,4.1591187,0.52442485,1.1849513,0.2770861,0.2485715,0.06799671,0.10183951,0.02467305,0.118701994,0.069526754,0.09414004,0.25222173,0.22139458,0.045026988,0.015863461,0.014578588,0.18415625,0.07790972,0.09195016,0.05430967,0.23370525,0.05382506,0.01439199,0.01675768
35204014,85.0,120.0,95.0,25.0,305.0,20.89439,130.48984,73.35825,0.0,230.19331,0.00983946,0.0851369,0.021329306,0.2903976,0.009931432,0.3551271,0.0037917865,0.29790148,0.006150353,0.26016092,0.021645913,0.29796997,0.032693554,0.0067710425,0.08819767,0.2517121,0.009748305,0.25230747,0.00046923565,0.048539173
35204631,10.0,0.0,0.0,180.0,10.0,4.790889,1.2073455,3.2648978,119.97544,1.6811798,0.05425752,0.1161266,0.2210227,0.30029845,0.21206808,0.02623967,0.0016139228,0.0010944122,0.17147718,0.077137806,0.018478995,0.05062689,0.015914518,0.2704396,0.25071642,0.29084772,0.042891655,0.020213155,0.081697755,0.24077234
35202000,15.0,10.0,35.0,0.0,10.0,6.7490287,3.4706445,72.93128,4.760581,7.1492114,0.015435509,0.058647007,0.10717734,0.2517778,0.010353528,0.035913453,0.09626871,0.28845975,0.0006623204,0.6563783,0.08357758,0.30000967,0.20018,0.0071217255,0.00130569,4.2696596e-05,0.000663366,0.029633386,0.10010331,0.29971385
35203461,15.0,45.0,170.0,10.0,15.0,8.563667,39.275974,129.6405,1.3358303,22.20153,0.043472722,0.043076754,0.08707411,0.24319394,0.016018001,0.24431877,0.017534664,0.29047367,0.01165965,0.44068184,0.018282363,0.29087353,0.040251818,0.007387929,0.082629375,0.24073909,0.043034296,0.18515435,0.08079184,0.24099767
35204153,100.0,15.0,0.0,0.0,10.0,93.87103,10.438163,3.1755223,0.64611816,2.3091626,0.099734165,0.33320272,0.11762162,0.2985581,0.01065705,0.15501802,0.09714593,0.29038835,0.16814251,0.06337362,0.016748395,0.050482918,0.19949545,0.013132217,0.003688422,0.0021173088,0.03507269,0.023886612,0.083706595,0.2501598
35202586,45.0,0.0,10.0,0.0,0.0,22.472456,2.1222477,4.057715,1.4715295,0.5454965,0.13744411,0.119351886,0.14083736,0.24431163,0.18791072,0.13138598,0.018086562,0.059333533,0.008587257,0.12048607,0.083220884,0.3004276,0.19787036,0.058124848,0.024271345,0.010773894,0.17132802,0.041726828,0.020265913,0.06170799
35203591,95.0,30.0,195.0,0.0,75.0,42.44921,20.572168,263.53705,4.3788195,18.780994,0.04277816,0.12056686,0.025771469,0.250839,0.043984994,0.21144557,0.08150617,0.24246813,0.021614224,0.4318945,0.026669756,0.2908959,0.17095405,0.06296586,0.03941294,0.04833296,0.041120797,0.054299094,0.0006604922,0.2403992
35200755,25.0,15.0,0.0,0.0,0.0,7.642152,4.08966,1.0588024,1.4787126,0.7154944,0.0613491,0.096332856,0.19623528,0.30048445,0.05075859,0.065451026,0.105191775,0.2965178,0.18562998,0.09823844,0.02825344,0.057753637,0.17959884,0.08315193,0.10331979,0.06165237,0.2186429,0.043676168,0.01215999,0.0120078195
35202975,0.0,0.0,0.0,0.0,0.0,2.2537577,1.4410942,2.1881442,1.6629232,0.8373428,0.19899446,0.06511528,0.0829173,0.070688024,0.24181172,0.07708907,0.009861739,0.007369604,0.21781957,0.10452682,0.021381134,0.017278487,0.18375933,0.15555799,0.10517945,0.05213002,0.20900598,0.035799537,0.008662868,0.016906565
35204472,0.0,290.0,15.0,0.0,20.0,5.906655e-05,345.70438,6.8850675,0.38504034,13.247155,0.17429133,0.06557517,0.040626574,0.06042406,0.04871939,0.375234,0.02325934,0.06064072,0.015182954,0.14794052,0.10114112,0.29233918,0.16198024,0.039794642,0.045872767,0.060426712,0.047594503,0.18138056,0.08262819,0.24297166
35202401,10.0,0.0,50.0,0.0,0.0,3.3436463,1.0340478,57.98907,0.85123193,0.88366413,0.03828534,0.07727773,0.08926672,0.2510791,0.20896977,0.14303482,0.0022698697,0.002522749,0.053612407,0.40192425,0.014229231,0.25285366,0.19421856,0.029363677,0.0062325383,0.01035676,0.20121324,0.08510242,0.0010309753,0.0009414707
35202628,170.0,45.0,20.0,0.0,0.0,206.79128,50.538456,11.442036,1.7010543,2.8032491,0.06014393,0.37246868,0.02569001,0.24160355,0.009460989,0.33747885,0.021390155,0.30056247,0.036165744,0.10106768,0.08605003,0.25284913,0.17101398,0.02113795,0.027743913,0.048529953,0.20179954,0.024675881,0.0021401793,0.0030823532
35202461,120.0,25.0,0.0,0.0,15.0,81.87728,15.213366,5.03832,0.0,4.76541,0.20005025,0.14564204,0.1861935,0.2422737,0.011660705,0.12035521,0.09631494,0.28857985,0.16134836,0.09478829,0.0039104535,0.060143907,0.2000849,0.019183248,0.0014633524,0.00046544825,0.000977997,0.0630077,0.08406048,0.29974958
35202467,215.0,20.0,10.0,0.0,10.0,141.23012,11.947759,5.62534,0.99223506,4.8346963,0.048295356,0.2772076,0.0884626,0.29129335,0.04897054,0.16163623,0.08093304,0.2404976,0.035796292,0.14164592,0.08605133,0.25244254,0.16911381,0.08932348,0.05269249,0.04843036,0.035414215,0.11582707,0.084814385,0.25069064
35201449,0.0,0.0,10.0,75.0,0.0,0.28708234,1.4821091,2.9953096,69.944984,0.25537562,0.20966002,0.023125974,0.06659528,0.014266398,0.17460924,0.028738935,0.021164503,0.058943953,0.04095976,0.085143,0.085826084,0.2503647,0.04032324,0.19015566,0.33411315,0.25047684,0.19563438,0.01993862,0.004989489,0.010420158
35200976,60.0,0.0,10.0,55.0,0.0,29.846666,8.4417715,6.008287,22.098265,0.569352,0.055746365,0.116349906,0.10531111,0.2921861,0.1886973,0.13378426,0.018235642,0.049365338,0.013171053,0.1807108,0.08404826,0.29149804,0.010677654,0.11592669,0.047801845,0.28880042,0.17377561,0.032088466,0.018310077,0.050408
35204685,0.0,0.0,35.0,0.0,0.0,0.7708007,0.5012423,8.003728,1.7391186,0.22634716,0.19548012,0.04850448,0.070751384,0.06562036,0.22852637,0.10795473,0.036551792,0.07020971,0.06962415,0.09615193,0.112703405,0.25566918,0.21040751,0.04717563,0.06047769,0.008663986,0.19821596,0.08270912,0.034495838,0.068274826
35202269,0.0,0.0,10.0,0.0,0.0,2.5307207,1.0772086,3.1302116,1.5041528,0.3041521,0.19420311,0.15650429,0.07219277,0.06303243,0.23681313,0.13793656,0.006843739,0.013925466,0.051998615,0.07082539,0.08570154,0.24371567,0.20481631,0.16465987,0.053635534,0.0025105374,0.1760772,0.03407668,0.018812569,0.052519474
35201578,0.0,0.0,0.0,0.0,0.0,1.8730067,2.118515,3.5211406,1.3145732,0.96607566,0.19848947,0.04140611,0.08739452,0.073794946,0.29019207,0.095859624,0.015712049,0.012519782,0.22502351,0.04891475,0.024415903,0.013762264,0.18123314,0.06619214,0.11002578,0.052759893,0.24272056,0.05181495,0.014806139,0.022479942
35201843,0.0,30.0,15.0,10.0,0.0,5.1976295,15.530946,28.03305,1.0959392,4.3546524,0.1713936,0.025211073,0.043800566,0.059142668,0.017608488,0.07757877,0.09713286,0.29116112,0.010725798,0.5575076,0.09746409,0.28918594,0.0031264818,0.029606132,0.116129905,0.29820824,0.2030161,0.03187351,0.0017835685,0.0037625744
35204768,10.0,0.0,80.0,0.0,0.0,2.583173,27.09284,29.62903,0.35052228,3.7952857,0.040553026,0.04421597,0.09031196,0.2524048,0.17545408,0.34942776,0.01978567,0.059711497,0.014699136,0.17284891,0.02036983,0.29069477,0.1681207,0.011711537,0.016592922,0.048079893,0.19910042,0.17878196,0.0012881315,0.0025522623
35200913,10.0,0.0,0.0,45.0,0.0,8.886021,4.926492,1.369942,19.02496,0.43862313,0.09137479,0.17965993,0.22282316,0.29299617,0.21748376,0.07736388,0.0026326114,0.0019275136,0.16885766,0.04767144,0.02237336,0.059897624,0.04636089,0.11606145,0.0666794,0.2410201,0.17468047,0.027835798,0.019308023,0.051101048
35200701,40.0,0.0,15.0,0.0,0.0,57.263874,0.9373041,3.7980046,1.1288635,0.8048086,0.10075159,0.384584,0.16597512,0.29980916,0.1624959,0.1406955,0.016769929,0.059595063,0.0032629876,0.069602296,0.09996958,0.29822096,0.20019925,0.01719776,0.000590473,7.93066e-05,0.1940627,0.0138384085,9.684675e-05,0.009691967
35200704,100.0,0.0,15.0,0.0,0.0,107.425415,2.2090607,2.6826046,1.0789236,0.7293678,0.1687107,0.23250103,0.22452015,0.29964158,0.17575479,0.060581088,0.017457575,0.05136241,0.009840305,0.04048287,0.09860406,0.29163072,0.1956092,0.03523223,0.010461972,0.010218934,0.20304036,0.02312619,0.0021000977,0.0035960327
35203045,0.0,120.0,10.0,10.0,10.0,0.73384446,142.00066,4.142232,0.60623693,6.171553,0.17022045,0.019331496,0.040324382,0.06123144,0.044466425,0.37975827,0.0051348964,0.25275496,0.003547699,0.11807759,0.10177756,0.30017355,0.00441509,0.016824475,0.111876115,0.29819405,0.03417245,0.17868608,0.08195232,0.25224748
35201857,0.0,200.0,0.0,0.0,0.0,0.91480577,116.07306,9.462445,1.0972527,1.8012271,0.19602686,0.14197895,0.06131473,0.061648387,0.040607125,0.3117941,0.02125978,0.2895279,0.21399266,0.20205815,0.009319164,0.004885958,0.170612,0.025388628,0.026785748,0.0517111,0.20636533,0.10040802,0.0029141712,0.0050032265
35200735,0.0,15.0,0.0,0.0,0.0,0.38742653,5.9661856,0.7678861,1.7890966,0.0,0.20253368,0.07807941,0.06342222,0.07447784,0.10367894,0.094705574,0.10333823,0.264939,0.19387633,0.06940312,0.038943406,0.0621868,0.21544708,0.05416358,0.061835997,0.0067057656,0.23534437,0.06628674,0.01726089,0.018913833
35204458,0.0,105.0,190.0,15.0,45.0,14.059898,140.71294,141.01569,1.6543688,11.792963,0.1648123,0.17609204,0.020885255,0.058065966,0.04066413,0.39357835,5.257654e-05,0.24002111,0.0031128358,0.35616922,0.019653803,0.29765224,0.0013818651,0.0031067196,0.099633485,0.298024,0.007813818,0.022711879,0.01616116,0.2884088
35204997,0.0,0.0,0.0,0.0,0.0,43.870396,37.435474,30.403894,4.4260263,7.6798244,0.18498997,0.46400434,0.025735127,0.05974286,0.17066504,0.15588756,0.00017387261,0.04849824,0.16901216,0.09523984,0.017211732,0.050483137,0.16680281,0.009383561,0.01780078,0.049984295,0.20000356,0.032143712,0.00011001359,0.0004654145
35201657,0.0,20.0,40.0,20.0,0.0,3.0046952,20.067612,14.28356,4.8061495,1.4680394,0.18432371,0.041467402,0.052614197,0.058419045,0.095016636,0.22927071,0.093354575,0.25607842,0.031146828,0.09915829,0.110730484,0.29538688,0.03900521,0.050731894,0.119201854,0.25243366,0.21792063,0.10679536,0.014909321,0.0128554385
35204676,155.0,75.0,55.0,95.0,10.0,245.16003,105.24004,50.893,6.357301,22.221638,0.04784221,0.4575563,0.027319802,0.25143492,0.042572197,0.30972797,0.0056022643,0.25305626,0.036365792,0.08639264,0.00195409,0.2515389,0.0027399757,0.011083771,0.030937588,0.30014193,0.039795425,0.010640123,0.08186519,0.25160834
35205026,0.0,0.0,0.0,0.0,0.0,14.177351,48.01465,53.822636,4.7818327,41.9444,0.2102357,0.03763509,0.020696385,0.005061975,0.19229284,0.29807165,0.018996872,0.05047105,0.20799527,0.2621137,0.004034853,0.0029747926,0.19684926,0.017905725,0.0184651,0.010881722,0.20706727,0.07219826,0.0029744317,0.0033863143
35200102,310.0,15.0,15.0,0.0,0.0,292.00427,9.011278,9.113798,2.3404295,28.994858,0.057649765,0.26842782,0.083441444,0.05926111,0.0106384335,0.1794361,0.08156701,0.29973692,0.003116035,0.18499288,0.08569804,0.30000043,0.16711898,0.03442293,0.02103672,0.050559208,0.1629611,0.16767684,0.0016080891,0.010614358
35204770,10.0,70.0,50.0,0.0,15.0,3.601447,27.413977,76.44569,2.67355,6.8515635,0.0108766435,0.038922425,0.12421719,0.30006218,0.04319539,0.10699773,0.00032843562,0.24021909,0.035051264,0.48970085,0.003851484,0.25012693,0.16318315,0.054547153,0.05014402,0.058169726,0.008581531,0.05011688,0.09634036,0.28815472
35204882,25.0,10.0,15.0,0.0,0.0,31.590513,19.80866,23.578316,1.5404301,7.248633,0.0033215848,0.17024834,0.10146808,0.29035556,0.0020823288,0.45395914,0.09925378,0.29769197,0.00018901016,0.16493066,0.0967197,0.30000198,0.20003602,0.0014592868,0.00026114166,8.55293e-06,0.16013327,0.0066012423,0.020020695,0.059942786
35201663,65.0,275.0,70.0,45.0,0.0,49.860584,381.97498,103.733376,1.5248159,17.350845,0.009538047,0.14002417,0.017692301,0.28865007,0.005009837,0.40458387,0.003530513,0.29809555,0.0042587076,0.36749986,0.0044808155,0.29818052,0.008056356,0.0031027794,0.01652844,0.28814983,0.16864455,0.06313924,0.016159596,0.048204277
35204438,15.0,0.0,15.0,35.0,35.0,12.936518,3.186472,13.248117,5.310587,8.272134,0.030184556,0.22060257,0.110435635,0.29984337,0.16496152,0.22983943,0.019628892,0.058100972,0.037346862,0.23128997,0.08479099,0.25021225,0.03995556,0.010341885,0.08084766,0.24047858,0.00725384,0.039428663,0.09683377,0.2900895
35204442,0.0,0.0,75.0,25.0,0.0,1.9762248,5.386574,51.099846,15.945812,1.9253083,0.18849945,0.049476728,0.032307804,0.04942632,0.20185122,0.06593286,0.004093026,0.011947155,0.013762247,0.37689662,0.023059359,0.3002611,0.040040612,0.16786113,0.09507685,0.24220918,0.19446461,0.03359724,0.004331651,0.012395355
35201483,30.0,0.0,0.0,0.0,0.0,13.446366,1.1485201,0.9149091,1.4912559,1.0323834,0.08560282,0.10831906,0.21686701,0.29655075,0.20820844,0.12669674,0.022484256,0.053585224,0.17479295,0.11090797,0.0125650875,0.064174145,0.20331722,0.054229792,0.035881855,0.0127734095,0.19356175,0.045642234,0.008298718,0.055256672
35200862,60.0,0.0,0.0,0.0,0.0,34.734764,1.6294723,1.4283097,1.5207103,0.87705207,0.15583743,0.14481927,0.2259705,0.3020002,0.18337698,0.059822805,0.02217373,0.060414407,0.20047775,0.041453175,0.0076095005,0.0129336985,0.19898589,0.059633315,0.034322947,0.012948695,0.20847902,0.031820334,0.0043421425,0.003859519
35200117,405.0,0.0,20.0,0.0,15.0,413.3544,7.6838617,12.354011,2.9301746,8.792226,0.110221416,0.2584707,0.13070674,0.014956307,0.21377099,0.11164827,0.00237615,0.0015598264,0.044558935,0.13837667,0.08507019,0.24367067,0.19717701,0.06300211,0.023946254,0.010532927,0.04228351,0.11750099,0.08269987,0.24384151
35204592,265.0,25.0,45.0,10.0,10.0,182.43326,35.676712,28.171185,1.1526681,1.2919916,0.03496987,0.21833342,0.0081856,0.25208515,0.009880419,0.441211,0.08465228,0.25212818,0.0032757772,0.20499116,0.02030999,0.29846892,0.032396134,0.008068199,0.08917461,0.2520854,0.0095200725,0.08874762,0.096526384,0.2885947
35202270,0.0,10.0,45.0,15.0,10.0,2.613015,3.578065,93.65359,1.7030013,3.0531719,0.16765983,0.020700939,0.01785779,0.05021599,0.041834913,0.042844795,0.08045432,0.24050456,0.011023482,0.6947351,0.0029380154,0.29057086,0.03884376,0.006599512,0.0812473,0.24207136,0.04024275,0.022017267,0.08020626,0.2401883
35204451,10.0,0.0,30.0,30.0,0.0,3.7096267,1.4468023,45.983646,14.509383,1.7410939,0.012506941,0.09168347,0.086887285,0.2885338,0.16376704,0.08445203,0.0044023474,0.060131624,0.011083755,0.46559477,0.09891706,0.290598,0.034399554,0.13962053,0.091878764,0.24972077,0.20040207,0.013313128,0.000491375,0.0006267474
35200271,45.0,120.0,95.0,10.0,30.0,26.200172,217.55997,49.315475,1.3161472,17.723858,0.040012196,0.043674737,0.037239008,0.28845474,0.0023375829,0.5796368,0.01926299,0.297716,0.03227946,0.08397278,0.0007830514,0.2520288,0.04001698,0.0038391498,0.08029268,0.2400931,0.0001956133,0.017453166,0.0968121,0.2999499
35201521,10.0,0.0,0.0,20.0,0.0,4.2569275,0.14140385,1.1434075,9.265558,0.38100675,0.033957984,0.11326238,0.14425126,0.30338746,0.21137537,0.16225676,0.021375367,0.051035926,0.18051344,0.08844194,0.023314152,0.052566733,0.038720768,0.14151901,0.16074856,0.2510097,0.17876811,0.04666637,0.022405338,0.054331258
35200149,155.0,10.0,0.0,0.0,10.0,154.49821,2.461213,1.6203928,1.0527564,1.8541638,0.21457544,0.38183,0.20089325,0.24289532,0.03559721,0.02988789,0.08424917,0.25179636,0.16837133,0.033249415,0.017206214,0.050085332,0.168125,0.05354133,0.06740322,0.050101552,0.03922579,0.008943504,0.08101626,0.24209635
35200917,0.0,0.0,0.0,50.0,0.0,0.8187776,1.1980919,0.86795574,22.99075,0.29922605,0.19761561,0.049725354,0.09425034,0.06239479,0.21381721,0.04798989,0.0059697116,0.011887922,0.16896558,0.085515395,0.021335738,0.059360825,0.012916241,0.14796472,0.25412616,0.29832262,0.19856486,0.024738789,0.006240979,0.011675968
35201217,0.0,0.0,50.0,0.0,0.0,1.0326262,1.1775494,23.252058,1.0877422,0.6966964,0.20772727,0.053594947,0.03169904,0.016785216,0.23015988,0.14083454,0.01205496,0.015835062,0.046324056,0.15292072,0.04732131,0.29468596,0.2059264,0.123809844,0.03647497,0.003149561,0.20484217,0.08164017,0.01184095,0.016006617
35203929,375.0,10.0,30.0,0.0,0.0,403.87192,5.329562,10.994339,1.3798732,1.2791234,0.11634322,0.2785731,0.13581418,0.013524602,0.05340649,0.13008387,0.08182544,0.24289386,0.011771936,0.11414421,0.09823432,0.28904778,0.20155191,0.061186425,0.0134799015,0.00068378024,0.19584876,0.113760695,0.004912712,0.011073074
35204409,0.0,0.0,0.0,15.0,40.0,0.70016676,1.4718884,1.4336976,2.9778488,9.72636,0.23997152,0.046111714,0.086360365,0.022141669,0.26768482,0.09595217,0.012881443,0.008110467,0.22170743,0.063606985,0.01798592,0.009752721,0.046057213,0.06968472,0.17307404,0.25390464,0.0775972,0.07063494,0.09408301,0.25660065
35200095,215.0,15.0,35.0,0.0,0.0,276.59784,7.017502,17.130415,1.0260297,1.337835,0.1961066,0.29475868,0.22613287,0.2519513,0.0049829967,0.07560801,0.09949088,0.29826978,0.002603749,0.14379106,0.09969372,0.29789317,0.16077468,0.021598222,0.023996292,0.059673034,0.20088686,0.025610872,0.0004620377,0.0007990446
35203383,0.0,10.0,35.0,0.0,60.0,4.216072,11.447285,9.506908,0.0,36.233288,0.19094366,0.095045395,0.067259364,0.051528387,0.05343431,0.26955318,0.08464825,0.25238344,0.0068397764,0.08597056,0.085752875,0.29907435,0.19494697,0.043255392,0.017556468,0.009836491,0.044066537,0.17370069,0.0028915075,0.24265353
35200114,425.0,45.0,0.0,0.0,10.0,454.231,18.698093,17.017315,0.92606825,5.4116416,0.08140442,0.28163347,0.14569192,0.059615325,0.05079236,0.11903523,0.0010554774,0.24049953,0.19478357,0.12009911,0.0053165695,0.012275295,0.16980588,0.059785485,0.017040294,0.048340786,0.03574463,0.1264787,0.085218206,0.2510056
35204285,105.0,10.0,25.0,0.0,40.0,101.78253,12.260832,23.489084,0.0,13.544482,0.0757812,0.38464615,0.07578709,0.30007997,0.033665817,0.085937396,0.08345344,0.25194097,0.0026213946,0.15496822,0.10068406,0.2997071,0.2001024,0.009513734,0.00024000139,5.4309145e-05,0.038954716,0.02734488,0.08005213,0.24196288
35200511,10.0,30.0,0.0,0.0,0.0,10.970133,11.12294,0.99474955,1.4547373,0.8845548,0.16221721,0.20799102,0.285538,0.30145675,0.04961613,0.09672755,0.08469291,0.25108847,0.1658385,0.028719299,0.021709224,0.05958972,0.20099518,0.02648089,0.0076531083,0.0025250784,0.20794757,0.026300317,0.0018473223,0.001960304
35200905,10.0,10.0,0.0,15.0,0.0,6.3070583,8.96254,2.190452,1.3147112,1.351199,0.08843374,0.10050195,0.16742887,0.25858304,0.043512676,0.22153643,0.08899923,0.29468617,0.17907529,0.07326641,0.031757474,0.065677494,0.005927674,0.027246127,0.11699758,0.30357644,0.19184801,0.075098276,0.024133414,0.056747105
35202550,0.0,20.0,285.0,0.0,0.0,1.8118737,18.407545,276.946,0.35922122,1.4180558,0.19951269,0.059794758,0.012530771,0.012338764,0.009687874,0.26797873,0.08431149,0.29791442,0.1127754,0.41569945,0.07140405,0.00109983,0.19414045,0.00900993,0.005375204,0.010350987,0.2013465,0.061836965,0.0006082542,0.0010039649
35203691,10.0,35.0,20.0,0.0,75.0,15.683114,43.199898,29.97864,7.766758,93.351494,0.04085126,0.024097268,0.09314448,0.25494665,0.026390474,0.22876194,0.10072932,0.29299197,0.039418526,0.11750526,0.087929256,0.25245127,0.20309919,0.0141689535,0.012632476,0.0013443823,0.047186006,0.32012528,0.0035278415,0.2438069
35200281,35.0,15.0,115.0,0.0,10.0,21.011244,23.549822,121.66991,1.7025503,9.799067,0.033119626,0.069161594,0.08428452,0.25161725,0.008741624,0.26372668,0.08002049,0.2880048,0.0027863488,0.39877754,0.004966893,0.2995402,0.16027722,0.0012134762,0.019927913,0.05960541,0.0015726029,0.09333805,0.083235614,0.2976826
35203417,15.0,20.0,45.0,0.0,50.0,19.045977,29.896244,40.391262,2.1280217,46.32867,0.038151916,0.13501178,0.08620109,0.25202143,0.037027664,0.23820616,0.08009758,0.24970505,0.03505441,0.19438922,0.0038885032,0.25013116,0.19337124,0.0031879717,0.0036004824,0.010005703,0.040120255,0.21330939,7.253449e-05,0.24011423
35204227,110.0,60.0,65.0,0.0,35.0,39.110577,64.65939,89.355644,4.5358315,29.238266,0.037277956,0.050519507,0.010728217,0.25170526,0.020689962,0.25123334,0.018703708,0.2912174,0.008206278,0.33610126,0.023097621,0.29909408,0.16780414,0.011623072,0.02384519,0.050489046,0.043608453,0.09065292,0.082991205,0.24257563
35200682,30.0,0.0,0.0,0.0,0.0,15.24033,0.52238935,0.46783736,1.3650774,0.7504178,0.061321694,0.14176,0.17410307,0.30046397,0.23095794,0.14512315,0.012778951,0.05831696,0.1832993,0.051210903,0.015987597,0.059422653,0.17098965,0.034509867,0.04135148,0.06532737,0.20921944,0.05499465,0.027793333,0.061103195
35204237,20.0,40.0,40.0,0.0,35.0,13.944776,38.035385,71.00098,4.656953,22.925962,0.042062685,0.019241307,0.08414602,0.24101304,0.038750596,0.18451169,0.08380054,0.25009423,0.04190884,0.4996967,0.08086682,0.24059556,0.1993699,0.0037044324,0.0036931434,0.0021763868,0.041414484,0.06974272,0.08059523,0.24067734
35204149,10.0,45.0,95.0,0.0,135.0,18.627777,42.10759,95.31404,22.853691,147.26216,0.011551815,0.058340237,0.096711196,0.25185764,0.003542967,0.20498665,0.016319888,0.29994774,0.0010090072,0.23773843,0.017218582,0.30000165,0.19342412,0.007268738,0.004213389,0.010112055,0.032601796,0.29669562,0.0003276608,0.24212384
35204750,0.0,10.0,0.0,0.0,0.0,1.5455077,3.2397468,0.14174151,1.7346467,0.0,0.19865066,0.058654588,0.1042029,0.0728291,0.062444866,0.07544924,0.08984289,0.29608154,0.1851203,0.14021534,0.0152536845,0.057187747,0.20768829,0.08660114,0.08874328,0.014375277,0.18419859,0.046396356,0.030164927,0.068456806
35204718,0.0,95.0,70.0,0.0,425.0,9.060085,67.95487,63.183235,0.0,327.48462,0.1614563,0.08126081,0.021021487,0.058076657,0.0021579308,0.39590445,0.019856097,0.29953912,0.000928251,0.24136226,0.019854747,0.30000523,0.20000784,0.0012644116,5.4582877e-05,2.2924298e-06,0.03205069,0.23491855,0.0040176096,0.011997803
35201691,0.0,15.0,0.0,15.0,0.0,2.1781492,6.979315,0.7479256,17.28283,0.34833822,0.17169452,0.046938814,0.04059613,0.059267532,0.014335953,0.10573916,0.08138037,0.30042687,0.16421302,0.113066,0.0029583075,0.06005887,0.0048638936,0.30068517,0.24683969,0.2977076,0.19491851,0.030507475,0.0041582305,0.010349853
35204892,0.0,0.0,10.0,0.0,0.0,3.543244,1.0907633,4.133236,1.0185279,0.7968735,0.25245804,0.37091184,0.09286139,0.061440986,0.19780712,0.07517606,0.004675286,0.012137861,0.012857527,0.103553,0.09931185,0.29080337,0.16947593,0.03555497,0.020723924,0.04851964,0.16305761,0.018890962,0.01986413,0.05841185
35204512,0.0,0.0,35.0,25.0,0.0,2.515349,0.81339365,6.731395,11.003113,0.17080258,0.21848787,0.0406177,0.060432225,0.019568011,0.23955464,0.09253908,0.010793051,0.009381665,0.026025118,0.12265372,0.10978311,0.30795136,0.019207533,0.11757418,0.19344991,0.2916452,0.21286811,0.05926071,0.0151538905,0.014551119
35203071,10.0,10.0,70.0,0.0,10.0,3.9983249,5.0159516,89.09062,2.438431,4.96286,0.017227937,0.037488226,0.12352699,0.29932374,0.04249764,0.086820625,0.08451828,0.2507187,0.03699436,0.5315893,0.0033368587,0.2528437,0.20066714,0.013993321,0.007203219,0.0025557014,0.03872164,0.05519595,0.081667714,0.2510522
35200412,0.0,45.0,65.0,10.0,20.0,13.924706,47.616936,48.003815,1.4464657,7.681239,0.19130436,0.044265144,0.04528781,0.060421243,0.039354168,0.3216163,0.004459742,0.25208583,0.04215306,0.2309523,0.0021499114,0.24260701,0.039800078,0.013763325,0.086876236,0.24259146,0.04173705,0.09115468,0.08089693,0.24077967
35200594,0.0,0.0,10.0,0.0,0.0,2.8363554,1.8296728,4.913795,1.3310843,0.70096713,0.20085503,0.14864667,0.043295927,0.0046959626,0.2292819,0.32406956,0.0027526172,0.0010833641,0.020638198,0.121181816,0.102145754,0.29002166,0.20010163,0.021902785,0.0063866666,0.0028110517,0.1761248,0.06309833,0.018159416,0.050021227
35202344,40.0,0.0,10.0,10.0,0.0,35.987934,2.0560622,3.2223368,1.2279919,0.0,0.03464916,0.26001278,0.10987662,0.2907193,0.17024912,0.37761554,0.017228168,0.050533805,0.0032541524,0.07665164,0.08456206,0.29986084,0.00664475,0.009017171,0.09845358,0.29050395,0.16417307,0.037118524,0.01957729,0.05801959
35203447,0.0,0.0,95.0,0.0,50.0,13.396541,22.296867,91.220055,2.4727733,38.798866,0.19361,0.017317574,0.0036444915,0.010052014,0.16954927,0.1711309,0.016104396,0.048101652,0.003258381,0.39473456,0.0009563685,0.2981218,0.16776983,0.0018339665,0.01625493,0.04841505,0.00806618,0.20954111,0.016049752,0.28803912
35202124,10.0,10.0,0.0,10.0,0.0,2.1116927,6.62146,2.9417136,2.5211322,0.68705094,0.019421102,0.051824518,0.12760057,0.30658504,0.12635699,0.15762807,0.09249799,0.25681067,0.18107504,0.15836778,0.029628415,0.062151663,0.01162179,0.07720137,0.13743784,0.2919481,0.22383502,0.06582901,0.010021648,0.009959666
35203524,10.0,0.0,65.0,0.0,0.0,3.0944963,0.529619,12.838127,1.1333739,0.8030706,0.035778143,0.06842767,0.1322078,0.30392358,0.19376084,0.24102095,0.011402107,0.06353818,0.037297487,0.09169334,0.037018906,0.29874885,0.17385127,0.04016076,0.030736912,0.05246731,0.17310023,0.08849241,0.03019082,0.067392655
35203263,25.0,0.0,10.0,0.0,0.0,7.9286766,2.0808275,5.0670743,1.2760429,1.1118102,0.04511896,0.0746228,0.1787145,0.3105251,0.23847151,0.08233526,0.015237641,0.016481996,0.057913274,0.11787731,0.10420577,0.25712034,0.17952922,0.088237494,0.08258668,0.05415176,0.21037462,0.07254622,0.013643015,0.016288178
35203868,15.0,0.0,20.0,0.0,0.0,7.0777698,0.5627432,3.6390214,1.5500189,0.6801876,0.07308979,0.119865865,0.1747104,0.30121553,0.22322029,0.075126536,0.0311473,0.057828326,0.05791361,0.060392108,0.10423883,0.26101744,0.20682351,0.064835556,0.06121391,0.015371259,0.19241695,0.0747583,0.029747639,0.059284996
35200601,15.0,0.0,20.0,0.0,0.0,9.47228,1.0773684,16.08483,1.111442,1.0821418,0.055879213,0.17046015,0.121588916,0.2542791,0.20957108,0.049558584,0.002866543,0.0027852354,0.045770437,0.3100145,0.09226935,0.25280204,0.16369322,0.06459452,0.0549749,0.060135566,0.20060205,0.038447145,0.0017518356,0.0026314247
35200284,120.0,55.0,105.0,0.0,25.0,35.767273,56.36051,67.91674,0.0,8.635593,0.04195482,0.07602454,0.0064826594,0.24336049,0.04654849,0.31216457,0.0024149418,0.24316761,0.01105415,0.2743244,0.010554661,0.29894674,0.20118645,0.025144694,0.0072954907,0.0006307195,0.04097661,0.05891969,0.08237238,0.24320279
35200934,20.0,0.0,0.0,80.0,10.0,6.1181526,0.0,3.080482,103.66197,2.2746174,0.02755079,0.06516871,0.14071316,0.24282919,0.1718442,0.030459024,0.016402422,0.04861475,0.16281599,0.045411594,0.019877357,0.057821084,0.041090745,0.33974907,0.23546998,0.24013944,0.039239332,0.025184343,0.0810172,0.2422337
35203192,20.0,10.0,10.0,10.0,0.0,9.489568,11.461306,5.253211,0.87102044,0.35694778,0.06005398,0.12638965,0.10675247,0.2450934,0.06562582,0.35267383,0.08349876,0.24186942,0.050915085,0.1152993,0.086104736,0.24243987,0.009475771,0.025888124,0.11537197,0.29119375,0.17829041,0.03828091,0.019634038,0.051929567
35202123,10.0,10.0,65.0,0.0,0.0,5.2861667,5.750557,30.047108,0.8605325,1.0557421,0.046979826,0.12869816,0.13420148,0.29176813,0.013229379,0.17214587,0.10257441,0.30013907,0.026030974,0.23825839,0.038892373,0.30188927,0.19284146,0.017314434,0.005948202,0.012560749,0.20239337,0.10922071,0.0012615706,0.0006690206
35203571,50.0,10.0,15.0,20.0,20.0,8.148686,10.145182,31.197195,0.9300553,16.226494,0.00016746942,0.016671244,0.0002470856,0.3000285,0.0016996032,0.07263768,0.100052334,0.3000021,0.0011733057,0.5757031,0.10037872,0.30000898,4.3830373e-06,0.0020749753,0.10005354,0.3000016,1.9686095e-05,0.1290562,0.10001735,0.30000222
35203611,0.0,30.0,15.0,0.0,45.0,5.377698,36.822636,9.789985,0.5495584,32.915794,0.20422219,0.04878708,0.0051362277,0.00036514812,0.012312633,0.35078147,0.10034144,0.30006823,0.0031581006,0.14073955,0.10126318,0.3002408,0.2001064,0.0055507775,0.00049696665,6.521321e-05,0.0011081436,0.22450344,0.00047059124,0.30028242
35202067,0.0,10.0,0.0,0.0,0.0,0.6320045,1.7051048,5.3447895,1.8123565,0.0,0.26120642,0.12155189,0.07830841,0.006489792,0.02204646,0.02559782,0.103177726,0.30333158,0.21248749,0.0979602,0.006496419,0.0024984705,0.21190894,0.23092933,0.090477526,0.0016159406,0.20485008,0.01376881,0.0029829703,0.0023137934
35201875,0.0,45.0,0.0,10.0,0.0,5.1784644,102.927055,47.92991,0.07643277,2.8601453,0.20013592,0.025135726,8.045487e-05,2.005762e-06,0.0007489856,0.679504,3.1452557e-06,0.30000013,0.20025401,0.08123894,2.3953862e-05,1.2801461e-06,1.3618904e-07,0.0002678781,0.10000095,0.30000025,0.20001775,0.012578643,3.6238669e-06,2.281872e-06
35201201,0.0,20.0,15.0,50.0,15.0,0.22485632,1.1505932,2.618873,82.68293,0.5602766,0.20454824,0.016257552,0.02636601,0.00025341933,0.0019387354,0.0067356895,0.10005112,0.3000566,0.00075182685,0.047781926,0.10039123,0.3000204,0.0008897131,0.5210721,0.1684138,0.3000053,7.560549e-05,0.004306717,0.10005636,0.30002773
35200163,155.0,45.0,0.0,10.0,125.0,148.54707,32.401352,3.6691117,0.0,39.380833,0.0869476,0.36774558,0.09329017,0.30047223,0.00579314,0.2100091,0.00023747724,0.30008906,0.2013936,0.11104248,0.00079813984,0.00027633476,0.0002663462,0.014519659,0.100602694,0.30014244,0.0011611151,0.10425466,0.00052529026,0.30043295
35201423,25.0,0.0,0.0,45.0,0.0,4.5607824,0.0,1.1160827,46.71762,0.13614857,0.031738833,0.03944255,0.19694206,0.30204824,0.21059428,0.016556442,0.0010792003,0.001125085,0.20509073,0.050011534,0.0038055112,0.00053917244,0.008236991,0.26031396,0.25669608,0.30024117,0.2016555,0.012056188,0.0011353092,0.00069115264
35203746,0.0,75.0,25.0,0.0,200.0,3.2172372,68.89489,17.862043,8.333576,230.21303,0.20371689,0.05026881,0.004049744,0.00036886949,0.013043634,0.29993585,0.00030599622,0.3000736,0.003541745,0.22563155,0.10215221,0.300191,0.20007996,0.012792579,0.00036055667,4.0029125e-05,0.0006086678,0.3820301,0.00046287384,0.30034548
35201602,0.0,10.0,0.0,0.0,0.0,3.0672731,2.5368829,1.363595,1.8105989,0.0,0.24358469,0.051603217,0.075186335,0.011698122,0.06112312,0.041538607,0.10870472,0.3094924,0.21877861,0.07383819,0.015639152,0.005507793,0.21814203,0.15732542,0.14278862,0.002590001,0.215686,0.03152204,0.0078487275,0.00740222
35200954,0.0,10.0,0.0,25.0,0.0,2.441111,1.1348705,1.5189996,52.579414,0.49661872,0.20187186,0.008139117,0.012978256,2.6947226e-05,0.00050069625,0.0023163508,0.10000335,0.30000556,0.20013636,0.010445755,5.808457e-05,1.7419997e-06,0.00015932447,0.62049276,0.24222752,0.30000025,0.20001072,0.0006172999,4.508688e-06,3.6852573e-06
35204616,160.0,20.0,40.0,0.0,15.0,131.80258,34.209816,39.068478,1.5654422,7.516098,9.130995e-05,0.25246236,2.9632778e-05,0.30000022,8.1444654e-05,0.48677054,0.1000002,0.3,0.0002086471,0.22418557,0.100061566,0.3000006,0.20000003,6.797322e-05,1.9106732e-08,2.3260332e-08,6.4786866e-07,0.036038782,0.100000374,0.30000013
35204586,60.0,10.0,0.0,0.0,0.0,47.35986,21.03835,37.355957,2.37021,4.5328984,0.0007668871,0.15726246,0.00025333196,0.30000055,0.0001513941,0.5581479,0.100001216,0.3000001,0.2002387,0.07718312,3.242887e-05,9.927539e-07,0.20000017,0.00031769826,2.196462e-07,4.4193445e-07,0.20000832,0.005632024,1.218197e-06,8.3267025e-07
35204734,10.0,15.0,15.0,10.0,0.0,16.380136,5.0035524,7.504949,0.6397125,0.70999545,0.0274424,0.51808125,0.11172305,0.30011523,0.0015522927,0.0893015,0.10012308,0.30003294,0.004707209,0.11929595,0.101135604,0.30010894,9.814273e-05,0.021411035,0.10024834,0.3000811,0.20020397,0.0042478177,4.8162296e-05,4.203435e-05
35200265,80.0,0.0,25.0,15.0,10.0,51.97472,4.7641478,5.379154,1.5077577,0.0,0.17558548,0.18697599,0.23270047,0.30076373,0.20610546,0.07392257,0.000518041,0.00029820472,0.002632205,0.050600924,0.1013169,0.30054247,0.0009502711,0.030858407,0.10407919,0.30024454,0.0015168678,0.029288465,0.100674786,0.30042514
35203738,0.0,0.0,0.0,0.0,10.0,0.86682874,0.81823343,1.6036829,0.619455,3.7897463,0.2236051,0.026098406,0.058852445,0.0097427415,0.2623881,0.0851333,0.008523836,0.0063681933,0.2165704,0.07621743,0.013373573,0.0039262725,0.21014445,0.14280306,0.14784588,0.0012083758,0.018347334,0.0722368,0.1085311,0.30808327
35200193,55.0,0.0,0.0,0.0,0.0,59.44896,7.430022,28.489573,3.186675,2.1196036,0.068794064,0.25965202,0.07516892,0.3009228,0.20479216,0.06965385,0.00071284897,0.00023235625,0.20676512,0.23334663,0.00434379,0.0004107657,0.20065428,0.029820178,0.0023572154,0.0003029306,0.20081137,0.04072405,0.00032274346,0.00021199528
35200007,15.0,30.0,20.0,0.0,65.0,11.755634,39.427933,25.64183,9.281103,90.274605,0.000104046594,0.005197884,0.10021023,0.30001748,0.0029816132,0.28664085,0.100019075,0.3000011,0.0003825181,0.11146038,0.100057855,0.3000044,0.2000027,0.0024244045,0.00017896044,8.2825983e-07,4.1880845e-05,0.39022204,4.163608e-05,0.30001017
35203151,0.0,10.0,0.0,0.0,10.0,0.3451593,2.6548944,0.33065274,0.8024416,1.7854127,0.27420646,0.0868104,0.12732291,0.015913019,0.07634512,0.05981509,0.11141574,0.3111142,0.21954519,0.025044853,0.011222409,0.013619996,0.22282998,0.07337337,0.064870946,0.0043910905,0.036359876,0.036104366,0.11420495,0.3154901
35201708,10.0,10.0,0.0,15.0,0.0,3.2373724,3.785883,0.5778561,3.3945131,0.47681406,0.062307186,0.08787648,0.22418119,0.31021273,0.06327789,0.09923562,0.11162308,0.30773672,0.21900162,0.033120465,0.011423021,0.009077872,0.0141959265,0.07057943,0.16072252,0.30330998,0.23591435,0.048818182,0.012373406,0.015012413
35202970,0.0,0.0,0.0,0.0,0.0,0.856189,1.1012319,1.1360729,1.4587514,1.0054567,0.24810717,0.08201428,0.10895516,0.0037971735,0.22525927,0.040092513,0.0015503102,0.0022088515,0.2071179,0.03748338,0.0038165802,0.0012636385,0.20777024,0.24525586,0.154202,0.00034870135,0.20527716,0.021562353,0.0018542797,0.002063208
35201703,10.0,30.0,0.0,0.0,0.0,5.4647107,15.496465,0.474609,1.425721,0.7356533,0.063130096,0.15400586,0.19499946,0.3072867,0.07361201,0.14499927,0.10859954,0.3045676,0.21653423,0.039538067,0.007887263,0.0041444474,0.20761631,0.0357231,0.020110628,0.002667693,0.22945644,0.0709471,0.0060580126,0.008116133
35200190,85.0,0.0,0.0,10.0,0.0,77.24804,1.336596,1.095099,1.9834275,0.0,0.21448569,0.22043346,0.2423977,0.30029967,0.20270821,0.036805738,0.00011965597,7.022408e-05,0.20080777,0.026325652,0.00026654656,0.00011361161,0.00043721404,0.03578894,0.10412198,0.30005822,0.20059691,0.013875166,0.00016621398,0.0001215171
35201337,40.0,55.0,35.0,10.0,0.0,42.775856,44.922127,18.078112,1.4211205,0.25797486,0.042178463,0.29182455,0.12777743,0.30034417,0.004365354,0.25630566,0.00040789126,0.30010292,0.006224438,0.12210264,0.10257085,0.30038828,0.00022074474,0.014403216,0.10036797,0.30023882,0.20097165,0.028686741,0.0002683269,0.00024992626
35202986,0.0,0.0,0.0,15.0,0.0,1.0409238,0.7211429,0.76912755,4.860477,0.48352867,0.21737683,0.035681088,0.05175503,0.00793362,0.25669646,0.1542661,0.0063653677,0.003773131,0.21537748,0.088156395,0.010060269,0.0036668468,0.006539891,0.105513886,0.20891988,0.30125442,0.2168645,0.08911717,0.011083639,0.009598013
35200196,50.0,20.0,0.0,0.0,0.0,105.840355,8.948967,6.528588,1.9129959,3.0596862,0.06036913,0.66802925,0.029456353,0.30001086,0.00022143226,0.02077618,0.10000511,0.30000186,0.20016795,0.0158414,2.399972e-05,3.897752e-06,0.20000783,0.0027521302,2.5752777e-05,1.6332684e-06,0.20003138,0.002269491,1.9944919e-06,2.3794325e-06
35201133,0.0,0.0,0.0,145.0,0.0,0.758272,1.1071599,2.7582834,128.29619,0.49638647,0.22805637,0.025960242,0.11476984,0.0025200523,0.20872548,0.015395485,0.0011071815,0.00090355566,0.20376799,0.08695375,0.0021360132,0.0003638009,0.009597656,0.3537491,0.3286975,0.30030566,0.2017169,0.013843439,0.0010199639,0.00041002556
35201735,10.0,0.0,0.0,0.0,0.0,18.256071,0.8596638,1.1414148,0.7405708,1.6392825,0.13950436,0.4780068,0.19310561,0.3002256,0.20217451,0.03593713,0.00010826621,8.914387e-05,0.20101583,0.019792274,0.00020822979,0.0001261753,0.20027517,0.02177037,0.0010554282,5.649575e-05,0.20073494,0.0056244326,9.398468e-05,9.527882e-05
35200714,10.0,10.0,0.0,0.0,0.0,3.0130672,8.552732,4.7702723,1.2317833,0.86460435,0.020281319,0.057842355,0.12212161,0.30638066,0.068486534,0.2337716,0.11071991,0.30236062,0.22843052,0.17959906,0.01697313,0.0050101816,0.20239493,0.01607461,0.0055771247,0.0026181506,0.21464849,0.09716653,0.0054690684,0.0040735747
